#pragma once

#include <Arduino.h>

// Generated from assets/bowser.png by tools/encode_banner.py.
const uint16_t BOWSER_LOGO_WIDTH = 240;
const uint16_t BOWSER_LOGO_HEIGHT = 60;
const uint16_t BOWSER_LOGO_PIXELS[14400] PROGMEM = {
  0x0000, 0x0000, 0x0000, 0x0000, 0x0000, 0x0000, 0x0000, 0x0000, 0x0000, 0x0000, 0x0000, 0x0000,
  0x0000, 0x0000, 0x0000, 0x0000, 0x0000, 0x0000, 0x0000, 0x0000, 0x0000, 0x0000, 0x0000, 0x0000,
  0x0000, 0x0000, 0x0000, 0x0000, 0x0000, 0x0000, 0x0000, 0x0000, 0x0000, 0x0000, 0x0000, 0x0000,
  0x0000, 0x0000, 0x0000, 0x0000, 0x0000, 0x0000, 0x0000, 0x0000, 0x0000, 0x0000, 0x0000, 0x0000,
  0x0000, 0x0000, 0x0000, 0x0000, 0x0000, 0x0000, 0x0000, 0x0000, 0x0000, 0x0000, 0x0000, 0x0000,
  0x0000, 0x0000, 0x0000, 0x0000, 0x0000, 0x0000, 0x0000, 0x0000, 0x0000, 0x0000, 0x0000, 0x0000,
  0x0000, 0x0000, 0x0000, 0x0000, 0x0000, 0x0000, 0x0000, 0x0000, 0x0000, 0x0000, 0x0000, 0x0000,
  0x0000, 0x0000, 0x0000, 0x0000, 0x0000, 0x0000, 0x0000, 0x0000, 0x0000, 0x0000, 0x0000, 0x0000,
  0x0000, 0x0000, 0x0000, 0x0000, 0x0000, 0x0000, 0x0000, 0x0000, 0x0000, 0x0000, 0x0000, 0x0000,
  0x0000, 0x0000, 0x0000, 0x0000, 0x0000, 0x0000, 0x0000, 0x0000, 0x0000, 0x0000, 0x0000, 0x0000,
  0x0000, 0x0000, 0x0000, 0x0000, 0x0000, 0x0000, 0x0000, 0x0000, 0x0000, 0x0000, 0x0000, 0x0000,
  0x0000, 0x0000, 0x0000, 0x0000, 0x0000, 0x0000, 0x0000, 0x0000, 0x0000, 0x0000, 0x0000, 0x0000,
  0x0000, 0x0000, 0x0000, 0x0000, 0x0000, 0x0000, 0x0000, 0x0000, 0x0000, 0x0000, 0x0000, 0x0000,
  0x0000, 0x0000, 0x0000, 0x0000, 0x0000, 0x0000, 0x0000, 0x0000, 0x0000, 0x0000, 0x0000, 0x0000,
  0x0000, 0x0000, 0x0000, 0x0000, 0x0000, 0x0000, 0x0000, 0x0000, 0x0000, 0x0000, 0x0000, 0x0000,
  0x0000, 0x0000, 0x0000, 0x0000, 0x0000, 0x0000, 0x0000, 0x0000, 0x0000, 0x0000, 0x0000, 0x0000,
  0x0000, 0x0000, 0x0000, 0x0000, 0x0000, 0x0000, 0x0000, 0x0000, 0x0000, 0x0000, 0x0000, 0x0000,
  0x0000, 0x0000, 0x0000, 0x0000, 0x0000, 0x0000, 0x0000, 0x0000, 0x0000, 0x0000, 0x0000, 0x0000,
  0x0000, 0x0000, 0x0000, 0x0000, 0x0000, 0x0000, 0x0000, 0x0000, 0x0000, 0x0000, 0x0000, 0x0000,
  0x0000, 0x0000, 0x0000, 0x0000, 0x0000, 0x0000, 0x0000, 0x0000, 0x0000, 0x0000, 0x0000, 0x0000,
  0x0000, 0x0000, 0x0000, 0x0000, 0x0000, 0x0000, 0x0000, 0x0000, 0x0000, 0x0000, 0x0000, 0x0000,
  0x0000, 0x0000, 0x0000, 0x0000, 0x0000, 0x0000, 0x0000, 0x0000, 0x0000, 0x0000, 0x0000, 0x0000,
  0x0000, 0x0000, 0x0000, 0x0000, 0x0000, 0x0000, 0x0000, 0x0000, 0x0000, 0x0000, 0x0000, 0x0000,
  0x0000, 0x0000, 0x0000, 0x0000, 0x0000, 0x0000, 0x0000, 0x0000, 0x0000, 0x0000, 0x0000, 0x0000,
  0x0000, 0x0000, 0x0000, 0x0000, 0x0000, 0x0000, 0x0000, 0x0000, 0x0000, 0x0000, 0x0000, 0x0000,
  0x0000, 0x0000, 0x0000, 0x0000, 0x0000, 0x0000, 0x0000, 0x0000, 0x0000, 0x0000, 0x0000, 0x0000,
  0x0000, 0x0000, 0x0000, 0x0000, 0x0000, 0x0000, 0x0000, 0x0000, 0x0000, 0x0000, 0x0000, 0x0000,
  0x0000, 0x0000, 0x0000, 0x0000, 0x0000, 0x0000, 0x0000, 0x0000, 0x0000, 0x0000, 0x0000, 0x0000,
  0x0000, 0x0000, 0x0000, 0x0000, 0x0000, 0x0000, 0x0000, 0x0000, 0x0000, 0x0000, 0x0000, 0x0000,
  0x0000, 0x0000, 0x0000, 0x0000, 0x0000, 0x0000, 0x0000, 0x0000, 0x0000, 0x0000, 0x0000, 0x0000,
  0x0000, 0x0000, 0x0000, 0x0000, 0x0000, 0x0000, 0x0000, 0x0000, 0x0000, 0x0000, 0x0000, 0x0000,
  0x0000, 0x0000, 0x0000, 0x0000, 0x0000, 0x0000, 0x0000, 0x0000, 0x0000, 0x0000, 0x0000, 0x0000,
  0x0000, 0x0000, 0x0000, 0x0000, 0x0000, 0x0000, 0x0000, 0x0000, 0x0000, 0x0000, 0x0000, 0x0000,
  0x0000, 0x0000, 0x0000, 0x0000, 0x0000, 0x0000, 0x0000, 0x0000, 0x0000, 0x0000, 0x0000, 0x0000,
  0x0000, 0x0000, 0x0000, 0x0000, 0x0000, 0x0000, 0x0000, 0x0000, 0x0000, 0x0000, 0x0000, 0x0000,
  0x0000, 0x0000, 0x0000, 0x0000, 0x0000, 0x0000, 0x0000, 0x0000, 0x0000, 0x0000, 0x0000, 0x0000,
  0x0000, 0x0000, 0x0000, 0x0000, 0x0000, 0x0000, 0x0000, 0x0000, 0x0000, 0x0000, 0x0000, 0x0000,
  0x0000, 0x0000, 0x0000, 0x0000, 0x0000, 0x0000, 0x0000, 0x0000, 0x0000, 0x0000, 0x0000, 0x0000,
  0x0000, 0x0000, 0x0000, 0x0000, 0x0000, 0x0000, 0x0000, 0x0000, 0x0000, 0x0000, 0x0000, 0x0000,
  0x0000, 0x0000, 0x0000, 0x0000, 0x0000, 0x0000, 0x0000, 0x0000, 0x0000, 0x0000, 0x0000, 0x0000,
  0x0000, 0x0000, 0x0000, 0x0000, 0x0000, 0x0000, 0x0000, 0x0000, 0x0000, 0x0000, 0x0000, 0x0000,
  0x0000, 0x0000, 0x0000, 0x0000, 0x0000, 0x0000, 0x0000, 0x0000, 0x0000, 0x0000, 0x0000, 0x0000,
  0x0000, 0x0000, 0x0000, 0x0000, 0x0000, 0x0000, 0x0000, 0x0000, 0x0000, 0x0000, 0x0000, 0x0000,
  0x0000, 0x0000, 0x0000, 0x0000, 0x0000, 0x0000, 0x0000, 0x0000, 0x0000, 0x0000, 0x0000, 0x0000,
  0x0000, 0x0000, 0x0000, 0x0000, 0x0000, 0x0000, 0x0000, 0x0000, 0x0000, 0x0000, 0x0000, 0x0000,
  0x0000, 0x0000, 0x0000, 0x0000, 0x0000, 0x0000, 0x0000, 0x0000, 0x0000, 0x0000, 0x0000, 0x0000,
  0x0000, 0x0000, 0x0000, 0x0000, 0x0000, 0x0000, 0x0000, 0x0000, 0x0000, 0x0000, 0x0000, 0x0000,
  0x0000, 0x0000, 0x0000, 0x0000, 0x0000, 0x0000, 0x0000, 0x0000, 0x0000, 0x0000, 0x0000, 0x0000,
  0x0000, 0x0000, 0x0000, 0x0000, 0x0000, 0x0000, 0x0000, 0x0000, 0x0000, 0x0000, 0x0000, 0x0000,
  0x0000, 0x0000, 0x0000, 0x0000, 0x0000, 0x0000, 0x0000, 0x0000, 0x0000, 0x0000, 0x0000, 0x0000,
  0x0000, 0x0000, 0x0000, 0x0000, 0x0000, 0x0000, 0x0000, 0x0000, 0x0000, 0x0000, 0x0000, 0x0000,
  0x0000, 0x0000, 0x0000, 0x0000, 0x0000, 0x0000, 0x0000, 0x0000, 0x0000, 0x0000, 0x0000, 0x0000,
  0x0000, 0x0000, 0x0000, 0x0000, 0x0000, 0x0000, 0x0000, 0x0000, 0x0000, 0x0000, 0x0000, 0x0000,
  0x0000, 0x0000, 0x0000, 0x0000, 0x0000, 0x0000, 0x0000, 0x0000, 0x0000, 0x0000, 0x0000, 0x0000,
  0x0000, 0x0000, 0x0000, 0x0000, 0x0000, 0x0000, 0x0000, 0x0000, 0x0000, 0x0000, 0x0000, 0x0000,
  0x0000, 0x0000, 0x0000, 0x0000, 0x0000, 0x0000, 0x0000, 0x0000, 0xFFFF, 0xFFFF, 0xFFFF, 0xFFFF,
  0xFFFF, 0x0000, 0x0000, 0x0000, 0x0000, 0x0000, 0x0000, 0x0000, 0x0000, 0x0000, 0x0000, 0x0000,
  0x0000, 0x0000, 0x0000, 0x0000, 0x0000, 0x0000, 0x0000, 0x0000, 0x0000, 0x0000, 0x0000, 0x0000,
  0x0000, 0x0000, 0x0000, 0x0000, 0x0000, 0x0000, 0x0000, 0x0000, 0x0000, 0x0000, 0x0000, 0x0000,
  0x0000, 0x0000, 0x0000, 0x0000, 0x0000, 0x0000, 0x0000, 0x0000, 0x0000, 0x0000, 0x0000, 0x0000,
  0x0000, 0x0000, 0x0000, 0x0000, 0x0000, 0x0000, 0x0000, 0x0000, 0x0000, 0x0000, 0x0000, 0x0000,
  0x0000, 0x0000, 0x0000, 0x0000, 0x0000, 0x0000, 0x0000, 0x0000, 0x0000, 0x0000, 0x0000, 0x0000,
  0x0000, 0x0000, 0x0000, 0x0000, 0x0000, 0x0000, 0x0000, 0x0000, 0x0000, 0x0000, 0x0000, 0x0000,
  0x0000, 0x0000, 0x0000, 0x0000, 0x0000, 0x0000, 0x0000, 0x0000, 0x0000, 0x0000, 0x0000, 0x0000,
  0x0000, 0x0000, 0x0000, 0x0000, 0x0000, 0x0000, 0x0000, 0x0000, 0x0000, 0x0000, 0x0000, 0x0000,
  0x0000, 0x0000, 0x0000, 0x0000, 0x0000, 0x0000, 0x0000, 0x0000, 0x0000, 0x0000, 0x0000, 0x0000,
  0x0000, 0x0000, 0x0000, 0x0000, 0x0000, 0x0000, 0x0000, 0x0000, 0x0000, 0x0000, 0x0000, 0x0000,
  0x0000, 0x0000, 0x0000, 0x0000, 0x0000, 0x0000, 0x0000, 0x0000, 0x0000, 0x0000, 0x0000, 0x0000,
  0x0000, 0x0000, 0x0000, 0x0000, 0x0000, 0x0000, 0x0000, 0x0000, 0x0000, 0x0000, 0x0000, 0x0000,
  0x0000, 0x0000, 0x0000, 0x0000, 0x0000, 0x0000, 0x0000, 0x0000, 0x0000, 0x0000, 0x0000, 0x0000,
  0x0000, 0x0000, 0x0000, 0x0000, 0x0000, 0x0000, 0x0000, 0x0000, 0x0000, 0x0000, 0x0000, 0x0000,
  0x0000, 0x0000, 0x0000, 0x0000, 0x0000, 0x0000, 0x0000, 0x0000, 0x0000, 0x0000, 0x0000, 0x0000,
  0x0000, 0x0000, 0x0000, 0x0000, 0x0000, 0x0000, 0x0000, 0x0000, 0x0000, 0x0000, 0x0000, 0x0000,
  0x0000, 0x0000, 0x0000, 0x0000, 0x0000, 0x0000, 0x0000, 0x0000, 0x0000, 0x0000, 0x0000, 0x0000,
  0x0000, 0x0000, 0x0000, 0x0000, 0x0000, 0x0000, 0x0000, 0x0000, 0x0000, 0x0000, 0x0000, 0x0000,
  0x0000, 0x0000, 0x0000, 0x0000, 0x0000, 0x0000, 0x0000, 0x0000, 0xFFFF, 0xFFFF, 0xFFFF, 0xFFFF,
  0xFFFF, 0x0000, 0x0000, 0x0000, 0x0000, 0x0000, 0x0000, 0x0000, 0x0000, 0x0000, 0x0000, 0x0000,
  0x0000, 0x0000, 0x0000, 0x0000, 0x0000, 0x0000, 0x0000, 0x0000, 0x0000, 0x0000, 0x0000, 0x0000,
  0x0000, 0x0000, 0x0000, 0x0000, 0x0000, 0x0000, 0x0000, 0x0000, 0x0000, 0x0000, 0x0000, 0x0000,
  0x0000, 0x0000, 0x0000, 0x0000, 0x0000, 0x0000, 0x0000, 0x0000, 0x0000, 0x0000, 0x0000, 0x0000,
  0x0000, 0x1564, 0x1564, 0x1564, 0x1564, 0x1564, 0x1564, 0x1564, 0x1564, 0x1564, 0x1564, 0x1564,
  0x1564, 0x1564, 0x1564, 0x1564, 0x1564, 0x1564, 0x1564, 0x0000, 0x0000, 0x0000, 0x0000, 0x0000,
  0x0000, 0x0000, 0x0000, 0x0000, 0x1564, 0x1564, 0x1564, 0x1564, 0x1564, 0x1564, 0x1564, 0x1564,
  0x1564, 0x1564, 0x1564, 0x1564, 0x1564, 0x1564, 0x1564, 0x1564, 0x1564, 0x1564, 0x1564, 0x1564,
  0x1564, 0x1564, 0x0000, 0x0000, 0x0000, 0x0000, 0x0000, 0x1564, 0x1564, 0x1564, 0x1564, 0x0000,
  0x0000, 0x0000, 0x0000, 0x0000, 0x0000, 0x0000, 0x0000, 0x0000, 0x0000, 0x0000, 0x0000, 0x0000,
  0x1564, 0x1564, 0x1564, 0x1564, 0x8E31, 0x0000, 0x0000, 0x0000, 0x0000, 0x1564, 0x1564, 0x1564,
  0x1564, 0x1564, 0x1564, 0x1564, 0x1564, 0x1564, 0x1564, 0x1564, 0x1564, 0x1564, 0x1564, 0x1564,
  0x1564, 0x1564, 0x1564, 0x1564, 0x1564, 0x1564, 0x1564, 0x8E31, 0x0000, 0x0000, 0x0000, 0x0000,
  0x1564, 0x1564, 0x1564, 0x1564, 0x1564, 0x1564, 0x1564, 0x1564, 0x1564, 0x1564, 0x1564, 0x1564,
  0x1564, 0x1564, 0x1564, 0x1564, 0x1564, 0x1564, 0x1564, 0x1564, 0x1564, 0x1564, 0x0000, 0x0000,
  0x0000, 0x0000, 0x0000, 0x1564, 0x1564, 0x1564, 0x1564, 0x1564, 0x1564, 0x1564, 0x1564, 0x1564,
  0x1564, 0x1564, 0x1564, 0x1564, 0x1564, 0x1564, 0x1564, 0x1564, 0x1564, 0x1564, 0x1564, 0x1564,
  0x1564, 0x0000, 0x0000, 0x0000, 0x0000, 0x0000, 0x0000, 0x0000, 0x0000, 0x0000, 0x0000, 0x0000,
  0x0000, 0x0000, 0x0000, 0x0000, 0x0000, 0x0000, 0x0000, 0x0000, 0x0000, 0x0000, 0x0000, 0x0000,
  0x0000, 0x0000, 0x0000, 0x0000, 0x0000, 0x0000, 0x0000, 0x0000, 0x0000, 0x0000, 0xF548, 0xF694,
  0xFFFF, 0xFFFF, 0xFFFF, 0xFFFF, 0xFFFF, 0x3D80, 0x3D80, 0x3D80, 0x8DD0, 0x0000, 0x0000, 0x0000,
  0x0000, 0x0000, 0x0000, 0x0000, 0x0000, 0x0000, 0x0000, 0x0000, 0x0000, 0x0000, 0x0000, 0x0000,
  0x0000, 0x0000, 0x0000, 0x0000, 0x0000, 0x0000, 0x0000, 0x0000, 0x0000, 0x0000, 0x0000, 0x0000,
  0x0000, 0x0000, 0x0000, 0x0000, 0x0000, 0x0000, 0x0000, 0x0000, 0x0000, 0x0000, 0x0000, 0x0000,
  0x0000, 0x1564, 0x1564, 0x1564, 0x1564, 0x1564, 0x1564, 0x1564, 0x1564, 0x1564, 0x1564, 0x1564,
  0x1564, 0x1564, 0x1564, 0x1564, 0x1564, 0x1564, 0x1564, 0x0000, 0x0000, 0x0000, 0x0000, 0x0000,
  0x0000, 0x0000, 0x0000, 0x0000, 0x1564, 0x1564, 0x1564, 0x1564, 0x1564, 0x1564, 0x1564, 0x1564,
  0x1564, 0x1564, 0x1564, 0x1564, 0x1564, 0x1564, 0x1564, 0x1564, 0x1564, 0x1564, 0x1564, 0x1564,
  0x1564, 0x1564, 0x0000, 0x0000, 0x0000, 0x0000, 0x0000, 0x1564, 0x1564, 0x1564, 0x1564, 0x0000,
  0x0000, 0x0000, 0x0000, 0x0000, 0x0000, 0x0000, 0x0000, 0x0000, 0x0000, 0x0000, 0x0000, 0x0000,
  0x1564, 0x1564, 0x1564, 0x1564, 0x8E31, 0x0000, 0x0000, 0x0000, 0x0000, 0x1564, 0x1564, 0x1564,
  0x1564, 0x1564, 0x1564, 0x1564, 0x1564, 0x1564, 0x1564, 0x1564, 0x1564, 0x1564, 0x1564, 0x1564,
  0x1564, 0x1564, 0x1564, 0x1564, 0x1564, 0x1564, 0x1564, 0x8E31, 0x0000, 0x0000, 0x0000, 0x0000,
  0x1564, 0x1564, 0x1564, 0x1564, 0x1564, 0x1564, 0x1564, 0x1564, 0x1564, 0x1564, 0x1564, 0x1564,
  0x1564, 0x1564, 0x1564, 0x1564, 0x1564, 0x1564, 0x1564, 0x1564, 0x1564, 0x1564, 0x0000, 0x0000,
  0x0000, 0x0000, 0x0000, 0x1564, 0x1564, 0x1564, 0x1564, 0x1564, 0x1564, 0x1564, 0x1564, 0x1564,
  0x1564, 0x1564, 0x1564, 0x1564, 0x1564, 0x1564, 0x1564, 0x1564, 0x1564, 0x1564, 0x1564, 0x1564,
  0x1564, 0x0000, 0x0000, 0x0000, 0x0000, 0x0000, 0x0000, 0x0000, 0x0000, 0x0000, 0x0000, 0x0000,
  0x0000, 0x0000, 0x0000, 0x0000, 0x0000, 0x0000, 0x0000, 0x0000, 0x0000, 0x0000, 0x0000, 0x0000,
  0x0000, 0x0000, 0x0000, 0x0000, 0x0000, 0x0000, 0x0000, 0x0000, 0x0000, 0x0000, 0xF548, 0xF694,
  0xFFFF, 0xFFFF, 0xFFFF, 0xFFFF, 0xFFFF, 0x3D80, 0x3D80, 0x3D80, 0x8DD0, 0x0000, 0x0000, 0x0000,
  0x0000, 0x0000, 0x0000, 0x0000, 0x0000, 0x0000, 0x0000, 0x0000, 0x0000, 0x0000, 0x0000, 0x0000,
  0x0000, 0x0000, 0x0000, 0x0000, 0x0000, 0x0000, 0x0000, 0x0000, 0x0000, 0x0000, 0x0000, 0x0000,
  0x0000, 0x0000, 0x0000, 0x0000, 0x0000, 0x0000, 0x0000, 0x0000, 0x0000, 0x0000, 0x0000, 0x0000,
  0x0000, 0x1564, 0x1564, 0x1564, 0x1564, 0x1564, 0x1564, 0x1564, 0x1564, 0x1564, 0x1564, 0x1564,
  0x1564, 0x1564, 0x1564, 0x1564, 0x1564, 0x1564, 0x1564, 0x0000, 0x0000, 0x0000, 0x0000, 0x0000,
  0x0000, 0x0000, 0x0000, 0x0000, 0x1564, 0x1564, 0x1564, 0x1564, 0x1564, 0x1564, 0x1564, 0x1564,
  0x1564, 0x1564, 0x1564, 0x1564, 0x1564, 0x1564, 0x1564, 0x1564, 0x1564, 0x1564, 0x1564, 0x1564,
  0x1564, 0x1564, 0x0000, 0x0000, 0x0000, 0x0000, 0x0000, 0x1564, 0x1564, 0x1564, 0x1564, 0x0000,
  0x0000, 0x0000, 0x0000, 0x0000, 0x0000, 0x0000, 0x0000, 0x0000, 0x0000, 0x0000, 0x0000, 0x0000,
  0x1564, 0x1564, 0x1564, 0x1564, 0x8E31, 0x0000, 0x0000, 0x0000, 0x0000, 0x1564, 0x1564, 0x1564,
  0x1564, 0x1564, 0x1564, 0x1564, 0x1564, 0x1564, 0x1564, 0x1564, 0x1564, 0x1564, 0x1564, 0x1564,
  0x1564, 0x1564, 0x1564, 0x1564, 0x1564, 0x1564, 0x1564, 0x8E31, 0x0000, 0x0000, 0x0000, 0x0000,
  0x1564, 0x1564, 0x1564, 0x1564, 0x1564, 0x1564, 0x1564, 0x1564, 0x1564, 0x1564, 0x1564, 0x1564,
  0x1564, 0x1564, 0x1564, 0x1564, 0x1564, 0x1564, 0x1564, 0x1564, 0x1564, 0x1564, 0x0000, 0x0000,
  0x0000, 0x0000, 0x0000, 0x1564, 0x1564, 0x1564, 0x1564, 0x1564, 0x1564, 0x1564, 0x1564, 0x1564,
  0x1564, 0x1564, 0x1564, 0x1564, 0x1564, 0x1564, 0x1564, 0x1564, 0x1564, 0x1564, 0x1564, 0x1564,
  0x1564, 0x0000, 0x0000, 0x0000, 0x0000, 0x0000, 0x0000, 0x0000, 0x0000, 0x0000, 0x0000, 0x0000,
  0x0000, 0x0000, 0x0000, 0x0000, 0x0000, 0x0000, 0x0000, 0x0000, 0x0000, 0x0000, 0x0000, 0x0000,
  0x0000, 0x0000, 0x0000, 0x0000, 0x0000, 0x0000, 0x0000, 0x0000, 0x0000, 0x0000, 0xF548, 0xF548,
  0xF548, 0xFFDF, 0xFFFF, 0xFFFF, 0xFFFF, 0x3D80, 0x3D80, 0x3D80, 0x3D80, 0x3D80, 0x0000, 0x0000,
  0x0000, 0x0000, 0x0000, 0x0000, 0x0000, 0x0000, 0x0000, 0x0000, 0x0000, 0x0000, 0x0000, 0x0000,
  0x0000, 0x0000, 0x0000, 0x0000, 0x0000, 0x0000, 0x0000, 0x0000, 0x0000, 0x0000, 0x0000, 0x0000,
  0x0000, 0x0000, 0x0000, 0x0000, 0x0000, 0x0000, 0x0000, 0x0000, 0x0000, 0x0000, 0x0000, 0x0000,
  0x0000, 0x1564, 0x1564, 0x1564, 0x1564, 0x1564, 0x1564, 0x1564, 0x1564, 0x1564, 0x1564, 0x1564,
  0x1564, 0x1564, 0x1564, 0x1564, 0x1564, 0x1564, 0x1564, 0x0000, 0x0000, 0x0000, 0x0000, 0x0000,
  0x0000, 0x0000, 0x0000, 0x0000, 0x1564, 0x1564, 0x1564, 0x1564, 0x1564, 0x1564, 0x1564, 0x1564,
  0x1564, 0x1564, 0x1564, 0x1564, 0x1564, 0x1564, 0x1564, 0x1564, 0x1564, 0x1564, 0x1564, 0x1564,
  0x1564, 0x1564, 0x0000, 0x0000, 0x0000, 0x0000, 0x0000, 0x1564, 0x1564, 0x1564, 0x1564, 0x0000,
  0x0000, 0x0000, 0x0000, 0x0000, 0x0000, 0x0000, 0x0000, 0x0000, 0x0000, 0x0000, 0x0000, 0x0000,
  0x1564, 0x1564, 0x1564, 0x1564, 0x8E31, 0x0000, 0x0000, 0x0000, 0x0000, 0x1564, 0x1564, 0x1564,
  0x1564, 0x1564, 0x1564, 0x1564, 0x1564, 0x1564, 0x1564, 0x1564, 0x1564, 0x1564, 0x1564, 0x1564,
  0x1564, 0x1564, 0x1564, 0x1564, 0x1564, 0x1564, 0x1564, 0x8E31, 0x0000, 0x0000, 0x0000, 0x0000,
  0x1564, 0x1564, 0x1564, 0x1564, 0x1564, 0x1564, 0x1564, 0x1564, 0x1564, 0x1564, 0x1564, 0x1564,
  0x1564, 0x1564, 0x1564, 0x1564, 0x1564, 0x1564, 0x1564, 0x1564, 0x1564, 0x1564, 0x0000, 0x0000,
  0x0000, 0x0000, 0x0000, 0x1564, 0x1564, 0x1564, 0x1564, 0x1564, 0x1564, 0x1564, 0x1564, 0x1564,
  0x1564, 0x1564, 0x1564, 0x1564, 0x1564, 0x1564, 0x1564, 0x1564, 0x1564, 0x1564, 0x1564, 0x1564,
  0x1564, 0x0000, 0x0000, 0x0000, 0x0000, 0x0000, 0x0000, 0x0000, 0x0000, 0x0000, 0x0000, 0x0000,
  0x0000, 0x0000, 0x0000, 0x0000, 0x0000, 0x0000, 0x0000, 0x0000, 0x0000, 0x0000, 0x0000, 0x0000,
  0x0000, 0x0000, 0x0000, 0x0000, 0x0000, 0x0000, 0x0000, 0x0000, 0x0000, 0x0000, 0x9D64, 0xB565,
  0xF548, 0xF694, 0xF694, 0x9EB1, 0x9EB1, 0x3D80, 0x3D80, 0x3D80, 0x3D80, 0x3D80, 0xCE78, 0xFFDF,
  0xFFFF, 0xDEFB, 0x0000, 0x0000, 0x0000, 0x0000, 0x0000, 0x0000, 0x0000, 0x0000, 0x0000, 0x0000,
  0x0000, 0x0000, 0x0000, 0x0000, 0x0000, 0x0000, 0x0000, 0x0000, 0x0000, 0x0000, 0x0000, 0x0000,
  0x0000, 0x0000, 0x0000, 0x0000, 0x0000, 0x0000, 0x0000, 0x0000, 0x0000, 0x0000, 0x0000, 0x0000,
  0x0000, 0x1564, 0x1564, 0x1564, 0x1564, 0x1564, 0x1564, 0x1564, 0x1564, 0x1564, 0x1564, 0x1564,
  0x1564, 0x1564, 0x1564, 0x1564, 0x1564, 0x1564, 0x1564, 0x0000, 0x0000, 0x0000, 0x0000, 0x0000,
  0x0000, 0x0000, 0x0000, 0x0000, 0x1564, 0x1564, 0x1564, 0x1564, 0x1564, 0x1564, 0x1564, 0x1564,
  0x1564, 0x1564, 0x1564, 0x1564, 0x1564, 0x1564, 0x1564, 0x1564, 0x1564, 0x1564, 0x1564, 0x1564,
  0x1564, 0x1564, 0x0000, 0x0000, 0x0000, 0x0000, 0x0000, 0x1564, 0x1564, 0x1564, 0x1564, 0x0000,
  0x0000, 0x0000, 0x0000, 0x0000, 0xE77C, 0xE77C, 0xE77C, 0xE77C, 0x0000, 0x0000, 0x0000, 0x0000,
  0x1564, 0x1564, 0x1564, 0x1564, 0x8E31, 0x0000, 0x0000, 0x0000, 0x0000, 0x1564, 0x1564, 0x1564,
  0x1564, 0x1564, 0x1564, 0x1564, 0x1564, 0x1564, 0x1564, 0x1564, 0x1564, 0x1564, 0x1564, 0x1564,
  0x1564, 0x1564, 0x1564, 0x1564, 0x1564, 0x1564, 0x1564, 0x8E31, 0x0000, 0x0000, 0x0000, 0x0000,
  0x1564, 0x1564, 0x1564, 0x1564, 0x1564, 0x1564, 0x1564, 0x1564, 0x1564, 0x1564, 0x1564, 0x1564,
  0x1564, 0x1564, 0x1564, 0x1564, 0x1564, 0x1564, 0x1564, 0x1564, 0x1564, 0x1564, 0x0000, 0x0000,
  0x0000, 0x0000, 0x0000, 0x1564, 0x1564, 0x1564, 0x1564, 0x1564, 0x1564, 0x1564, 0x1564, 0x1564,
  0x1564, 0x1564, 0x1564, 0x1564, 0x1564, 0x1564, 0x1564, 0x1564, 0x1564, 0x1564, 0x1564, 0x1564,
  0x1564, 0x0000, 0x0000, 0x0000, 0x0000, 0x0000, 0x0000, 0x0000, 0x0000, 0x0000, 0x0000, 0x0000,
  0x0000, 0x0000, 0x0000, 0x0000, 0x0000, 0x0000, 0x0000, 0x0000, 0x0000, 0x0000, 0x0000, 0x0000,
  0x0000, 0x0000, 0x0000, 0x0000, 0x0000, 0x0000, 0x0000, 0x0000, 0x0000, 0x0000, 0x3D80, 0x9D64,
  0xF548, 0xF548, 0xF548, 0x1D80, 0x3D80, 0x3D80, 0x3D80, 0x3D80, 0x3D80, 0x3D80, 0xFFFF, 0xFFFF,
  0xFFFF, 0xEF5D, 0x0000, 0x0000, 0x0000, 0x0000, 0x0000, 0x0000, 0x0000, 0x0000, 0x0000, 0x0000,
  0x0000, 0x0000, 0x0000, 0x0000, 0x0000, 0x0000, 0x0000, 0x0000, 0x0000, 0x0000, 0x0000, 0x0000,
  0x0000, 0x0000, 0x0000, 0x0000, 0x0000, 0x0000, 0x0000, 0x0000, 0x0000, 0x0000, 0x0000, 0x0000,
  0x0000, 0x1564, 0x1564, 0x1564, 0x1564, 0x8E31, 0x0000, 0x0000, 0x0000, 0x0000, 0x0000, 0x0000,
  0x0000, 0x0000, 0x0000, 0x0000, 0x0000, 0x0000, 0x0000, 0x1564, 0x1564, 0x1564, 0x1564, 0x0000,
  0x0000, 0x0000, 0x0000, 0x0000, 0x1564, 0x1564, 0x1564, 0x1564, 0x0000, 0x0000, 0x0000, 0x0000,
  0x0000, 0x0000, 0x0000, 0x0000, 0x0000, 0x0000, 0x0000, 0x0000, 0x0000, 0x0000, 0x1564, 0x1564,
  0x1564, 0x1564, 0x0000, 0x0000, 0x0000, 0x0000, 0x0000, 0x1564, 0x1564, 0x1564, 0x1564, 0x0000,
  0x0000, 0x0000, 0x0000, 0xBED7, 0x1564, 0x1564, 0x1564, 0x1564, 0x0000, 0x0000, 0x0000, 0x0000,
  0x1564, 0x1564, 0x1564, 0x1564, 0x8E31, 0x0000, 0x0000, 0x0000, 0x0000, 0x1564, 0x1564, 0x1564,
  0x1564, 0x8E31, 0x0000, 0x0000, 0x0000, 0x0000, 0x0000, 0x0000, 0x0000, 0x0000, 0x0000, 0x0000,
  0x0000, 0x0000, 0x0000, 0x0000, 0x0000, 0x0000, 0x0000, 0x0000, 0x0000, 0x0000, 0x0000, 0x0000,
  0x1564, 0x1564, 0x1564, 0x1564, 0x8E31, 0x0000, 0x0000, 0x0000, 0x0000, 0x0000, 0x0000, 0x0000,
  0x0000, 0x0000, 0x0000, 0x0000, 0x0000, 0x0000, 0x0000, 0x0000, 0x0000, 0x0000, 0x0000, 0x0000,
  0x0000, 0x0000, 0x0000, 0x1564, 0x1564, 0x1564, 0x1564, 0x0000, 0x0000, 0x0000, 0x0000, 0x0000,
  0x0000, 0x0000, 0x0000, 0x0000, 0x0000, 0x0000, 0x0000, 0x0000, 0x1564, 0x1564, 0x1564, 0x1564,
  0x1564, 0x0000, 0x0000, 0x0000, 0x0000, 0x0000, 0x0000, 0x0000, 0x0000, 0x0000, 0x0000, 0x0000,
  0x0000, 0x0000, 0x0000, 0x0000, 0x0000, 0x0000, 0x0000, 0x0000, 0x0000, 0x0000, 0x0000, 0x0000,
  0x0000, 0x0000, 0x0000, 0x0000, 0x0000, 0x0000, 0x0000, 0x0000, 0xB636, 0xB636, 0x3D80, 0x6562,
  0xB565, 0xB565, 0xB565, 0x3580, 0x3D80, 0x3D80, 0x3D80, 0x3D80, 0x3D80, 0x3D80, 0xFFFF, 0xFFFF,
  0xFFFF, 0xEF5D, 0xB636, 0xB636, 0x0000, 0x0000, 0x0000, 0xD615, 0xD615, 0x0000, 0x0000, 0x0000,
  0x0000, 0x0000, 0x0000, 0x0000, 0x0000, 0x0000, 0x0000, 0x0000, 0x0000, 0x0000, 0x0000, 0x0000,
  0x0000, 0x0000, 0x0000, 0x0000, 0x0000, 0x0000, 0x0000, 0x0000, 0x0000, 0x0000, 0x0000, 0x0000,
  0x0000, 0x1564, 0x1564, 0x1564, 0x1564, 0x8E31, 0x0000, 0x0000, 0x0000, 0x0000, 0x0000, 0x0000,
  0x0000, 0x0000, 0x0000, 0x0000, 0x0000, 0x0000, 0x0000, 0x1564, 0x1564, 0x1564, 0x1564, 0x0000,
  0x0000, 0x0000, 0x0000, 0x0000, 0x1564, 0x1564, 0x1564, 0x1564, 0x0000, 0x0000, 0x0000, 0x0000,
  0x0000, 0x0000, 0x0000, 0x0000, 0x0000, 0x0000, 0x0000, 0x0000, 0x0000, 0x0000, 0x1564, 0x1564,
  0x1564, 0x1564, 0x0000, 0x0000, 0x0000, 0x0000, 0x0000, 0x1564, 0x1564, 0x1564, 0x1564, 0x0000,
  0x0000, 0x0000, 0x0000, 0xBED7, 0x1564, 0x1564, 0x1564, 0x1564, 0x0000, 0x0000, 0x0000, 0x0000,
  0x1564, 0x1564, 0x1564, 0x1564, 0x8E31, 0x0000, 0x0000, 0x0000, 0x0000, 0x1564, 0x1564, 0x1564,
  0x1564, 0x8E31, 0x0000, 0x0000, 0x0000, 0x0000, 0x0000, 0x0000, 0x0000, 0x0000, 0x0000, 0x0000,
  0x0000, 0x0000, 0x0000, 0x0000, 0x0000, 0x0000, 0x0000, 0x0000, 0x0000, 0x0000, 0x0000, 0x0000,
  0x1564, 0x1564, 0x1564, 0x1564, 0x8E31, 0x0000, 0x0000, 0x0000, 0x0000, 0x0000, 0x0000, 0x0000,
  0x0000, 0x0000, 0x0000, 0x0000, 0x0000, 0x0000, 0x0000, 0x0000, 0x0000, 0x0000, 0x0000, 0x0000,
  0x0000, 0x0000, 0x0000, 0x1564, 0x1564, 0x1564, 0x1564, 0x0000, 0x0000, 0x0000, 0x0000, 0x0000,
  0x0000, 0x0000, 0x0000, 0x0000, 0x0000, 0x0000, 0x0000, 0x0000, 0x1564, 0x1564, 0x1564, 0x1564,
  0x1564, 0x0000, 0x0000, 0x0000, 0x0000, 0x0000, 0x0000, 0x0000, 0x0000, 0x0000, 0x0000, 0x0000,
  0x0000, 0x0000, 0x0000, 0x0000, 0x0000, 0x0000, 0x0000, 0x0000, 0x0000, 0x0000, 0x0000, 0x0000,
  0x0000, 0x0000, 0x0000, 0x0000, 0x0000, 0x0000, 0x0000, 0x0000, 0x3D80, 0x3D80, 0x3D80, 0x3D80,
  0x3D80, 0x3D80, 0x3D80, 0x3D80, 0x3D80, 0x3D80, 0x3D80, 0x3D80, 0x3D80, 0x3D80, 0xFFFF, 0xFFFF,
  0xFFFF, 0xFFFF, 0x3580, 0x3D80, 0x0000, 0x0000, 0x0000, 0xE529, 0xF548, 0x0000, 0x0000, 0x0000,
  0x0000, 0x0000, 0x0000, 0x0000, 0x0000, 0x0000, 0x0000, 0x0000, 0x0000, 0x0000, 0x0000, 0x0000,
  0x0000, 0x0000, 0x0000, 0x0000, 0x0000, 0x0000, 0x0000, 0x0000, 0x0000, 0x0000, 0x0000, 0x0000,
  0x0000, 0x1564, 0x1564, 0x1564, 0x1564, 0x8E31, 0x0000, 0x0000, 0x0000, 0x0000, 0x0000, 0x0000,
  0x0000, 0x0000, 0x0000, 0x0000, 0x0000, 0x0000, 0x0000, 0x1564, 0x1564, 0x1564, 0x1564, 0x0000,
  0x0000, 0x0000, 0x0000, 0x0000, 0x1564, 0x1564, 0x1564, 0x1564, 0x0000, 0x0000, 0x0000, 0x0000,
  0x0000, 0x0000, 0x0000, 0x0000, 0x0000, 0x0000, 0x0000, 0x0000, 0x0000, 0x0000, 0x1564, 0x1564,
  0x1564, 0x1564, 0x0000, 0x0000, 0x0000, 0x0000, 0x0000, 0x1564, 0x1564, 0x1564, 0x1564, 0x0000,
  0x0000, 0x0000, 0x0000, 0xBED7, 0x1564, 0x1564, 0x1564, 0x1564, 0x0000, 0x0000, 0x0000, 0x0000,
  0x1564, 0x1564, 0x1564, 0x1564, 0x8E31, 0x0000, 0x0000, 0x0000, 0x0000, 0x1564, 0x1564, 0x1564,
  0x1564, 0x8E31, 0x0000, 0x0000, 0x0000, 0x0000, 0x0000, 0x0000, 0x0000, 0x0000, 0x0000, 0x0000,
  0x0000, 0x0000, 0x0000, 0x0000, 0x0000, 0x0000, 0x0000, 0x0000, 0x0000, 0x0000, 0x0000, 0x0000,
  0x1564, 0x1564, 0x1564, 0x1564, 0x8E31, 0x0000, 0x0000, 0x0000, 0x0000, 0x0000, 0x0000, 0x0000,
  0x0000, 0x0000, 0x0000, 0x0000, 0x0000, 0x0000, 0x0000, 0x0000, 0x0000, 0x0000, 0x0000, 0x0000,
  0x0000, 0x0000, 0x0000, 0x1564, 0x1564, 0x1564, 0x1564, 0x0000, 0x0000, 0x0000, 0x0000, 0x0000,
  0x0000, 0x0000, 0x0000, 0x0000, 0x0000, 0x0000, 0x0000, 0x0000, 0x1564, 0x1564, 0x1564, 0x1564,
  0x1564, 0x0000, 0x0000, 0x0000, 0x0000, 0x0000, 0x0000, 0x0000, 0x0000, 0x0000, 0x0000, 0x0000,
  0x0000, 0x0000, 0x0000, 0x0000, 0x0000, 0x0000, 0x0000, 0x0000, 0x0000, 0x0000, 0x0000, 0x0000,
  0x0000, 0x0000, 0x0000, 0x0000, 0x0000, 0x0000, 0x0000, 0x0000, 0x3D80, 0x3D80, 0x3D80, 0x3D80,
  0x3D80, 0x3D80, 0x3D80, 0x3D80, 0x3D80, 0x3D80, 0x3D80, 0x3D80, 0x3D80, 0x3D80, 0xFFFF, 0xFFFF,
  0xFFFF, 0xFFFF, 0x3580, 0x3D80, 0x3520, 0x8563, 0xD4A7, 0xD6BA, 0xF79E, 0xD4A7, 0xD4A7, 0x0000,
  0x0000, 0x0000, 0x0000, 0x0000, 0x0000, 0x0000, 0x0000, 0x0000, 0x0000, 0x0000, 0x0000, 0x0000,
  0x0000, 0x0000, 0x0000, 0x0000, 0x0000, 0x0000, 0x0000, 0x0000, 0x0000, 0x0000, 0x0000, 0x0000,
  0x0000, 0x1564, 0x1564, 0x1564, 0x1564, 0x8E31, 0x0000, 0x0000, 0x0000, 0x0000, 0x0000, 0x0000,
  0x0000, 0x0000, 0x0000, 0x0000, 0x0000, 0x0000, 0x0000, 0x1564, 0x1564, 0x1564, 0x1564, 0x0000,
  0x0000, 0x0000, 0x0000, 0x0000, 0x1564, 0x1564, 0x1564, 0x1564, 0x0000, 0x0000, 0x0000, 0x0000,
  0x0000, 0x0000, 0x0000, 0x0000, 0x0000, 0x0000, 0x0000, 0x0000, 0x0000, 0x0000, 0x1564, 0x1564,
  0x1564, 0x1564, 0x0000, 0x0000, 0x0000, 0x0000, 0x0000, 0x1564, 0x1564, 0x1564, 0x1564, 0x0000,
  0x0000, 0x0000, 0x0000, 0xBED7, 0x1564, 0x1564, 0x1564, 0x1564, 0x0000, 0x0000, 0x0000, 0x0000,
  0x1564, 0x1564, 0x1564, 0x1564, 0x8E31, 0x0000, 0x0000, 0x0000, 0x0000, 0x1564, 0x1564, 0x1564,
  0x1564, 0x8E31, 0x0000, 0x0000, 0x0000, 0x0000, 0x0000, 0x0000, 0x0000, 0x0000, 0x0000, 0x0000,
  0x0000, 0x0000, 0x0000, 0x0000, 0x0000, 0x0000, 0x0000, 0x0000, 0x0000, 0x0000, 0x0000, 0x0000,
  0x1564, 0x1564, 0x1564, 0x1564, 0x8E31, 0x0000, 0x0000, 0x0000, 0x0000, 0x0000, 0x0000, 0x0000,
  0x0000, 0x0000, 0x0000, 0x0000, 0x0000, 0x0000, 0x0000, 0x0000, 0x0000, 0x0000, 0x0000, 0x0000,
  0x0000, 0x0000, 0x0000, 0x1564, 0x1564, 0x1564, 0x1564, 0x0000, 0x0000, 0x0000, 0x0000, 0x0000,
  0x0000, 0x0000, 0x0000, 0x0000, 0x0000, 0x0000, 0x0000, 0x0000, 0x1564, 0x1564, 0x1564, 0x1564,
  0x1564, 0x0000, 0x0000, 0x0000, 0x0000, 0x0000, 0x0000, 0x0000, 0x0000, 0x0000, 0x0000, 0x0000,
  0x0000, 0x0000, 0x0000, 0x0000, 0x0000, 0x0000, 0x0000, 0x0000, 0x0000, 0x0000, 0x0000, 0x0000,
  0x0000, 0x0000, 0x0000, 0x0000, 0x0000, 0x0000, 0x0000, 0x0000, 0x3D80, 0x3D80, 0x3D80, 0x3D80,
  0x3D80, 0x3D80, 0x3D80, 0x3D80, 0x3D80, 0x3D80, 0x3D80, 0x3D80, 0x3D80, 0x3D80, 0xEF7D, 0xFFFF,
  0xFFFF, 0xFFFF, 0x3580, 0x3D80, 0x3D80, 0x6562, 0xF548, 0xE73C, 0xFFFF, 0xD4A7, 0xF548, 0x0000,
  0x0000, 0x0000, 0x0000, 0x0000, 0x0000, 0x0000, 0x0000, 0x0000, 0x0000, 0x0000, 0x0000, 0x0000,
  0x0000, 0x0000, 0x0000, 0x0000, 0x0000, 0x0000, 0x0000, 0x0000, 0x0000, 0x0000, 0x0000, 0x0000,
  0x0000, 0x1564, 0x1564, 0x1564, 0x1564, 0x1564, 0x1564, 0x1564, 0x1564, 0x1564, 0x1564, 0x1564,
  0x1564, 0x1564, 0x1564, 0x1564, 0x1564, 0x1564, 0x1564, 0x0000, 0x0000, 0x0000, 0x0000, 0x0000,
  0x0000, 0x0000, 0x0000, 0x0000, 0x1564, 0x1564, 0x1564, 0x1564, 0x1564, 0x1564, 0x1564, 0x1564,
  0x1564, 0x0000, 0x0000, 0x0000, 0x0000, 0x0000, 0x0000, 0x0000, 0x0000, 0x0000, 0x1564, 0x1564,
  0x1564, 0x1564, 0x0000, 0x0000, 0x0000, 0x0000, 0x0000, 0x1564, 0x1564, 0x1564, 0x1564, 0x1564,
  0x1564, 0x1564, 0x1564, 0x1564, 0x1564, 0x1564, 0x1564, 0x1564, 0x0000, 0x0000, 0x0000, 0x0000,
  0x1564, 0x1564, 0x1564, 0x1564, 0x8E31, 0x0000, 0x0000, 0x0000, 0x0000, 0x1564, 0x1564, 0x1564,
  0x1564, 0x1564, 0x1564, 0x1564, 0x1564, 0x1564, 0x1564, 0x1564, 0x1564, 0x1564, 0x1564, 0x1564,
  0x1564, 0x1564, 0x1564, 0x1564, 0x1564, 0x1564, 0x1564, 0x8E31, 0x0000, 0x0000, 0x0000, 0x0000,
  0x1564, 0x1564, 0x1564, 0x1564, 0x1564, 0x1564, 0x1564, 0x1564, 0x1564, 0x1564, 0x1564, 0x1564,
  0x1564, 0x1564, 0x1564, 0x1564, 0x1564, 0x1564, 0x1564, 0x1564, 0x1564, 0x1564, 0x0000, 0x0000,
  0x0000, 0x0000, 0x0000, 0x1564, 0x1564, 0x1564, 0x1564, 0x1564, 0x1564, 0x1564, 0x1564, 0x1564,
  0x1564, 0x1564, 0x1564, 0x1564, 0x1564, 0x1564, 0x1564, 0x1564, 0x1564, 0x1564, 0x1564, 0x1564,
  0x1564, 0x0000, 0x0000, 0x0000, 0x0000, 0x0000, 0x0000, 0x0000, 0x0000, 0x0000, 0x0000, 0x0000,
  0x0000, 0x0000, 0x0000, 0x0000, 0x0000, 0x0000, 0x0000, 0x0000, 0x0000, 0x0000, 0x0000, 0x0000,
  0x0000, 0x0000, 0x0000, 0x0000, 0x0000, 0x0000, 0x0000, 0x0000, 0x3D80, 0x3D80, 0x3D80, 0x3D80,
  0x3D80, 0x3D80, 0x3D80, 0x3D80, 0x1D80, 0xF548, 0xF548, 0x3D80, 0x3D80, 0x3D80, 0x3D80, 0x9E72,
  0xFFFF, 0xFFFF, 0xFFFF, 0xFFFF, 0xFFFF, 0xFFFF, 0xF548, 0xF548, 0xF548, 0xF548, 0xF548, 0x0000,
  0x0000, 0x0000, 0x0000, 0x0000, 0x0000, 0x0000, 0x0000, 0x0000, 0x0000, 0x0000, 0x0000, 0x0000,
  0x0000, 0x0000, 0x0000, 0x0000, 0x0000, 0x0000, 0x0000, 0x0000, 0x0000, 0x0000, 0x0000, 0x0000,
  0x0000, 0x1564, 0x1564, 0x1564, 0x1564, 0x1564, 0x1564, 0x1564, 0x1564, 0x1564, 0x1564, 0x1564,
  0x1564, 0x1564, 0x1564, 0x1564, 0x1564, 0x1564, 0x1564, 0x0000, 0x0000, 0x0000, 0x0000, 0x0000,
  0x0000, 0x0000, 0x0000, 0x0000, 0x1564, 0x1564, 0x1564, 0x1564, 0x1564, 0x1564, 0x1564, 0x1564,
  0x1564, 0x0000, 0x0000, 0x0000, 0x0000, 0x0000, 0x0000, 0x0000, 0x0000, 0x0000, 0x1564, 0x1564,
  0x1564, 0x1564, 0x0000, 0x0000, 0x0000, 0x0000, 0x0000, 0x1564, 0x1564, 0x1564, 0x1564, 0x1564,
  0x1564, 0x1564, 0x1564, 0x1564, 0x1564, 0x1564, 0x1564, 0x1564, 0x0000, 0x0000, 0x0000, 0x0000,
  0x1564, 0x1564, 0x1564, 0x1564, 0x8E31, 0x0000, 0x0000, 0x0000, 0x0000, 0x1564, 0x1564, 0x1564,
  0x1564, 0x1564, 0x1564, 0x1564, 0x1564, 0x1564, 0x1564, 0x1564, 0x1564, 0x1564, 0x1564, 0x1564,
  0x1564, 0x1564, 0x1564, 0x1564, 0x1564, 0x1564, 0x1564, 0x8E31, 0x0000, 0x0000, 0x0000, 0x0000,
  0x1564, 0x1564, 0x1564, 0x1564, 0x1564, 0x1564, 0x1564, 0x1564, 0x1564, 0x1564, 0x1564, 0x1564,
  0x1564, 0x1564, 0x1564, 0x1564, 0x1564, 0x1564, 0x1564, 0x1564, 0x1564, 0x1564, 0x0000, 0x0000,
  0x0000, 0x0000, 0x0000, 0x1564, 0x1564, 0x1564, 0x1564, 0x1564, 0x1564, 0x1564, 0x1564, 0x1564,
  0x1564, 0x1564, 0x1564, 0x1564, 0x1564, 0x1564, 0x1564, 0x1564, 0x1564, 0x1564, 0x1564, 0x1564,
  0x1564, 0x0000, 0x0000, 0x0000, 0x0000, 0x0000, 0x0000, 0x0000, 0x0000, 0x0000, 0x0000, 0x0000,
  0x0000, 0x0000, 0x0000, 0x0000, 0x0000, 0x0000, 0x0000, 0x0000, 0x0000, 0x0000, 0x0000, 0x0000,
  0x0000, 0x0000, 0x0000, 0x0000, 0x0000, 0x0000, 0x0000, 0x0000, 0x3D80, 0x3D80, 0x3D80, 0x3D80,
  0x3D80, 0x3D80, 0x3D80, 0x3580, 0x1D80, 0xF548, 0xF548, 0x3580, 0x3D80, 0x3D80, 0x3D80, 0x3D80,
  0xFFFF, 0xFFFF, 0xFFFF, 0xFFFF, 0xFFFF, 0xC618, 0xF548, 0xF548, 0xF548, 0xF548, 0xF548, 0x0000,
  0x0000, 0x0000, 0x0000, 0x0000, 0x0000, 0x0000, 0x0000, 0x0000, 0x0000, 0x0000, 0x0000, 0x0000,
  0x0000, 0x0000, 0x0000, 0x0000, 0x0000, 0x0000, 0x0000, 0x0000, 0x0000, 0x0000, 0x0000, 0x0000,
  0x0000, 0x1564, 0x1564, 0x1564, 0x1564, 0x1564, 0x1564, 0x1564, 0x1564, 0x1564, 0x1564, 0x1564,
  0x1564, 0x1564, 0x1564, 0x1564, 0x1564, 0x1564, 0x1564, 0x0000, 0x0000, 0x0000, 0x0000, 0x0000,
  0x0000, 0x0000, 0x0000, 0x0000, 0x1564, 0x1564, 0x1564, 0x1564, 0x1564, 0x1564, 0x1564, 0x1564,
  0x1564, 0x0000, 0x0000, 0x0000, 0x0000, 0x0000, 0x0000, 0x0000, 0x0000, 0x0000, 0x1564, 0x1564,
  0x1564, 0x1564, 0x0000, 0x0000, 0x0000, 0x0000, 0x0000, 0x1564, 0x1564, 0x1564, 0x1564, 0x1564,
  0x1564, 0x1564, 0x1564, 0x1564, 0x1564, 0x1564, 0x1564, 0x1564, 0x0000, 0x0000, 0x0000, 0x0000,
  0x1564, 0x1564, 0x1564, 0x1564, 0x8E31, 0x0000, 0x0000, 0x0000, 0x0000, 0x1564, 0x1564, 0x1564,
  0x1564, 0x1564, 0x1564, 0x1564, 0x1564, 0x1564, 0x1564, 0x1564, 0x1564, 0x1564, 0x1564, 0x1564,
  0x1564, 0x1564, 0x1564, 0x1564, 0x1564, 0x1564, 0x1564, 0x8E31, 0x0000, 0x0000, 0x0000, 0x0000,
  0x1564, 0x1564, 0x1564, 0x1564, 0x1564, 0x1564, 0x1564, 0x1564, 0x1564, 0x1564, 0x1564, 0x1564,
  0x1564, 0x1564, 0x1564, 0x1564, 0x1564, 0x1564, 0x1564, 0x1564, 0x1564, 0x1564, 0x0000, 0x0000,
  0x0000, 0x0000, 0x0000, 0x1564, 0x1564, 0x1564, 0x1564, 0x1564, 0x1564, 0x1564, 0x1564, 0x1564,
  0x1564, 0x1564, 0x1564, 0x1564, 0x1564, 0x1564, 0x1564, 0x1564, 0x1564, 0x1564, 0x1564, 0x1564,
  0x1564, 0x0000, 0x0000, 0x0000, 0x0000, 0x0000, 0x0000, 0x0000, 0x0000, 0x0000, 0x0000, 0x0000,
  0x0000, 0x0000, 0x0000, 0x0000, 0x0000, 0x0000, 0x0000, 0x0000, 0x0000, 0x0000, 0x0000, 0x0000,
  0x0000, 0x0000, 0x0000, 0x0000, 0x0000, 0x0000, 0x0000, 0x0000, 0x3D80, 0x3D80, 0x3D80, 0x3D80,
  0x3D80, 0x3D80, 0x3D80, 0xF548, 0xF548, 0xF548, 0xF548, 0xF548, 0xCD66, 0x3D80, 0x3D80, 0x3D80,
  0x3580, 0x2560, 0xFFFF, 0xFFFF, 0xF548, 0xF548, 0xF548, 0xF548, 0xF548, 0xF548, 0xF548, 0x0000,
  0x0000, 0x0000, 0x0000, 0x0000, 0x0000, 0x0000, 0x0000, 0x0000, 0x0000, 0x0000, 0x0000, 0x0000,
  0x0000, 0x0000, 0x0000, 0x0000, 0x0000, 0x0000, 0x0000, 0x0000, 0x0000, 0x0000, 0x0000, 0x0000,
  0x0000, 0x1564, 0x1564, 0x1564, 0x1564, 0x1564, 0x1564, 0x1564, 0x1564, 0x1564, 0x1564, 0x1564,
  0x1564, 0x1564, 0x1564, 0x1564, 0x1564, 0x1564, 0x1564, 0x0000, 0x0000, 0x0000, 0x0000, 0x0000,
  0x0000, 0x0000, 0x0000, 0x0000, 0x1564, 0x1564, 0x1564, 0x1564, 0x1564, 0x1564, 0x1564, 0x1564,
  0x1564, 0x0000, 0x0000, 0x0000, 0x0000, 0x0000, 0x0000, 0x0000, 0x0000, 0x0000, 0x1564, 0x1564,
  0x1564, 0x1564, 0x0000, 0x0000, 0x0000, 0x0000, 0x0000, 0x1564, 0x1564, 0x1564, 0x1564, 0x1564,
  0x1564, 0x1564, 0x1564, 0x1564, 0x1564, 0x1564, 0x1564, 0x1564, 0x0000, 0x0000, 0x0000, 0x0000,
  0x1564, 0x1564, 0x1564, 0x1564, 0x8E31, 0x0000, 0x0000, 0x0000, 0x0000, 0x1564, 0x1564, 0x1564,
  0x1564, 0x1564, 0x1564, 0x1564, 0x1564, 0x1564, 0x1564, 0x1564, 0x1564, 0x1564, 0x1564, 0x1564,
  0x1564, 0x1564, 0x1564, 0x1564, 0x1564, 0x1564, 0x1564, 0x8E31, 0x0000, 0x0000, 0x0000, 0x0000,
  0x1564, 0x1564, 0x1564, 0x1564, 0x1564, 0x1564, 0x1564, 0x1564, 0x1564, 0x1564, 0x1564, 0x1564,
  0x1564, 0x1564, 0x1564, 0x1564, 0x1564, 0x1564, 0x1564, 0x1564, 0x1564, 0x1564, 0x0000, 0x0000,
  0x0000, 0x0000, 0x0000, 0x1564, 0x1564, 0x1564, 0x1564, 0x1564, 0x1564, 0x1564, 0x1564, 0x1564,
  0x1564, 0x1564, 0x1564, 0x1564, 0x1564, 0x1564, 0x1564, 0x1564, 0x1564, 0x1564, 0x1564, 0x1564,
  0x1564, 0x0000, 0x0000, 0x0000, 0x0000, 0x0000, 0x0000, 0x0000, 0x0000, 0x0000, 0x0000, 0x0000,
  0x0000, 0x0000, 0x0000, 0x0000, 0x0000, 0x0000, 0x0000, 0x0000, 0x0000, 0xCE79, 0xCE79, 0xDF1B,
  0xDF1B, 0xDF1B, 0xDF1B, 0xDF1B, 0xCE79, 0xCE79, 0xCE79, 0xCE79, 0x3D80, 0x3D80, 0x3D80, 0x3D80,
  0x3D80, 0x3D80, 0x3D80, 0xF548, 0xF548, 0xCD66, 0xCD66, 0xF60F, 0xD5CC, 0x6562, 0x6562, 0x6562,
  0x3D80, 0x3580, 0xD759, 0xD759, 0xF548, 0xF548, 0xF548, 0xF548, 0xF548, 0xF60F, 0xF60F, 0x0000,
  0x0000, 0x0000, 0x0000, 0x0000, 0x0000, 0x0000, 0x0000, 0x0000, 0x0000, 0x0000, 0x0000, 0x0000,
  0x0000, 0x0000, 0x0000, 0x0000, 0x0000, 0x0000, 0x0000, 0x0000, 0x0000, 0x0000, 0x0000, 0x0000,
  0x0000, 0x1564, 0x1564, 0x1564, 0x1564, 0x1564, 0x1564, 0x1564, 0x1564, 0x1564, 0x0000, 0x0000,
  0x0000, 0x0000, 0x0000, 0x0000, 0x0000, 0x0000, 0x0000, 0x0000, 0xD759, 0xBED7, 0x75EE, 0x0000,
  0x0000, 0x0000, 0x0000, 0x0000, 0x1564, 0x1564, 0x1564, 0x1564, 0x1564, 0x1564, 0x1564, 0x1564,
  0x1564, 0x0000, 0x0000, 0x0000, 0x0000, 0x0000, 0x0000, 0x0000, 0x0000, 0x0000, 0x1564, 0x1564,
  0x1564, 0x1564, 0x0000, 0x0000, 0x0000, 0x0000, 0x0000, 0x1564, 0x1564, 0x1564, 0x1564, 0x1564,
  0x1564, 0x1564, 0x1564, 0x1564, 0x1564, 0x1564, 0x1564, 0x1564, 0x0000, 0x0000, 0x0000, 0x0000,
  0x1564, 0x1564, 0x1564, 0x1564, 0x8E31, 0x0000, 0x0000, 0x0000, 0x0000, 0x1564, 0x1564, 0x1564,
  0x1564, 0x1564, 0x1564, 0x1564, 0x1564, 0x1564, 0x1564, 0x1564, 0x1564, 0x1564, 0x1564, 0x1564,
  0x1564, 0x1564, 0x1564, 0x1564, 0x1564, 0x1564, 0x1564, 0x8E31, 0x0000, 0x0000, 0x0000, 0x0000,
  0x1564, 0x1564, 0x1564, 0x1564, 0x1564, 0x1564, 0x1564, 0x1564, 0x1564, 0x1564, 0x1564, 0x1564,
  0x1564, 0x1564, 0x1564, 0x1564, 0x1564, 0x1564, 0x1564, 0x1564, 0x1564, 0x1564, 0x0000, 0x0000,
  0x0000, 0x0000, 0x0000, 0x1564, 0x1564, 0x1564, 0x1564, 0x1564, 0x1564, 0x1564, 0x1564, 0x1564,
  0x1564, 0x1564, 0x1564, 0x1564, 0x1564, 0x1564, 0x1564, 0x1564, 0x1564, 0x1564, 0x1564, 0x1564,
  0x1564, 0x0000, 0x0000, 0x0000, 0x0000, 0x0000, 0x0000, 0x0000, 0x0000, 0x0000, 0x0000, 0x0000,
  0x0000, 0x0000, 0x0000, 0x0000, 0x0000, 0x0000, 0x0000, 0x0000, 0x0000, 0xFFFF, 0xFFFF, 0x3D80,
  0x3D80, 0x3D80, 0x3D80, 0x3D80, 0xFFFF, 0xFFFF, 0xFFFF, 0xFFFF, 0x3D80, 0x3D80, 0x3D80, 0x3D80,
  0x3D80, 0x3D80, 0x3D80, 0xF548, 0xF548, 0x3580, 0x3580, 0xFFFF, 0xFF5A, 0xF548, 0xF548, 0xF548,
  0x3580, 0x3D80, 0x3D80, 0x3580, 0xF548, 0xF548, 0xF548, 0xF548, 0xF548, 0xCE79, 0xFFFF, 0x0000,
  0x0000, 0x0000, 0x0000, 0x0000, 0x0000, 0x0000, 0x0000, 0x0000, 0x0000, 0x0000, 0x0000, 0x0000,
  0x0000, 0x0000, 0x0000, 0x0000, 0x0000, 0x0000, 0x0000, 0x0000, 0x0000, 0x0000, 0x0000, 0x0000,
  0x0000, 0x1564, 0x1564, 0x1564, 0x1564, 0x1564, 0x1564, 0x1564, 0x1564, 0x1564, 0x0000, 0x0000,
  0x0000, 0x0000, 0x0000, 0x0000, 0x0000, 0x0000, 0x0000, 0x1564, 0x1564, 0x1564, 0x1564, 0x0000,
  0x0000, 0x0000, 0x0000, 0x0000, 0x1564, 0x1564, 0x1564, 0x1564, 0x1564, 0x1564, 0x1564, 0x1564,
  0x1564, 0x0000, 0x0000, 0x0000, 0x0000, 0x0000, 0x0000, 0x0000, 0x0000, 0x0000, 0x1564, 0x1564,
  0x1564, 0x1564, 0x0000, 0x0000, 0x0000, 0x0000, 0x0000, 0x1564, 0x1564, 0x1564, 0x1564, 0x1564,
  0x1564, 0x1564, 0x1564, 0x1564, 0x1564, 0x1564, 0x1564, 0x1564, 0x0000, 0x0000, 0x0000, 0x0000,
  0x1564, 0x1564, 0x1564, 0x1564, 0x8E31, 0x0000, 0x0000, 0x0000, 0x0000, 0x0000, 0x0000, 0x0000,
  0x0000, 0x0000, 0x0000, 0x0000, 0x0000, 0x0000, 0x0000, 0x0000, 0x0000, 0x0000, 0x0000, 0x1564,
  0x1564, 0x1564, 0x1564, 0x1564, 0x1564, 0x1564, 0x1564, 0x8E31, 0x0000, 0x0000, 0x0000, 0x0000,
  0x1564, 0x1564, 0x1564, 0x1564, 0x1564, 0x1564, 0x1564, 0x1564, 0x1564, 0x0000, 0x0000, 0x0000,
  0x0000, 0x0000, 0x0000, 0x0000, 0x0000, 0x0000, 0x0000, 0x0000, 0x0000, 0x0000, 0x0000, 0x0000,
  0x0000, 0x0000, 0x0000, 0x1564, 0x1564, 0x1564, 0x1564, 0x1564, 0x1564, 0x1564, 0x1564, 0xBED7,
  0x0000, 0x0000, 0x0000, 0x0000, 0x1564, 0x1564, 0x1564, 0x1564, 0x0000, 0x0000, 0x0000, 0x0000,
  0x0000, 0x0000, 0x0000, 0x0000, 0x0000, 0x0000, 0x0000, 0x0000, 0x0000, 0x0000, 0x0000, 0x0000,
  0x0000, 0x0000, 0x0000, 0x0000, 0x0000, 0x0000, 0x0000, 0x0000, 0x0000, 0xFFFF, 0xFFFF, 0x3D80,
  0x3D80, 0x3D80, 0x3D80, 0x3D80, 0xFFFF, 0xFFFF, 0xFFFF, 0xFFFF, 0x3D80, 0x3D80, 0x3D80, 0x3D80,
  0x3D80, 0x3D80, 0x3D80, 0xF548, 0xF548, 0x3580, 0x3580, 0xF7DD, 0xEF18, 0xDD47, 0xF548, 0xF548,
  0x3560, 0x3560, 0x3560, 0x3560, 0xF548, 0xED48, 0xD4A7, 0xF58A, 0xF58A, 0xFFDF, 0xFFFF, 0x0000,
  0x0000, 0x0000, 0x0000, 0x0000, 0x0000, 0x0000, 0x0000, 0x0000, 0x0000, 0x0000, 0x0000, 0x0000,
  0x0000, 0x0000, 0x0000, 0x0000, 0x0000, 0x0000, 0x0000, 0x0000, 0x0000, 0x0000, 0x0000, 0x0000,
  0x0000, 0x1564, 0x1564, 0x1564, 0x1564, 0x1564, 0x1564, 0x1564, 0x1564, 0x1564, 0x0000, 0x0000,
  0x0000, 0x0000, 0x0000, 0x0000, 0x0000, 0x0000, 0x0000, 0x1564, 0x1564, 0x1564, 0x1564, 0x0000,
  0x0000, 0x0000, 0x0000, 0x0000, 0x1564, 0x1564, 0x1564, 0x1564, 0x1564, 0x1564, 0x1564, 0x1564,
  0x1564, 0x0000, 0x0000, 0x0000, 0x0000, 0x0000, 0x0000, 0x0000, 0x0000, 0x0000, 0x1564, 0x1564,
  0x1564, 0x1564, 0x0000, 0x0000, 0x0000, 0x0000, 0x0000, 0x1564, 0x1564, 0x1564, 0x1564, 0x1564,
  0x1564, 0x1564, 0x1564, 0x1564, 0x1564, 0x1564, 0x1564, 0x1564, 0x0000, 0x0000, 0x0000, 0x0000,
  0x1564, 0x1564, 0x1564, 0x1564, 0x8E31, 0x0000, 0x0000, 0x0000, 0x0000, 0x0000, 0x0000, 0x0000,
  0x0000, 0x0000, 0x0000, 0x0000, 0x0000, 0x0000, 0x0000, 0x0000, 0x0000, 0x0000, 0x0000, 0x1564,
  0x1564, 0x1564, 0x1564, 0x1564, 0x1564, 0x1564, 0x1564, 0x8E31, 0x0000, 0x0000, 0x0000, 0x0000,
  0x1564, 0x1564, 0x1564, 0x1564, 0x1564, 0x1564, 0x1564, 0x1564, 0x1564, 0x0000, 0x0000, 0x0000,
  0x0000, 0x0000, 0x0000, 0x0000, 0x0000, 0x0000, 0x0000, 0x0000, 0x0000, 0x0000, 0x0000, 0x0000,
  0x0000, 0x0000, 0x0000, 0x1564, 0x1564, 0x1564, 0x1564, 0x1564, 0x1564, 0x1564, 0x1564, 0xBED7,
  0x0000, 0x0000, 0x0000, 0x0000, 0x1564, 0x1564, 0x1564, 0x1564, 0x0000, 0x0000, 0x0000, 0x0000,
  0x0000, 0x0000, 0x0000, 0x0000, 0x0000, 0x0000, 0x0000, 0x0000, 0x0000, 0x0000, 0x0000, 0x0000,
  0x0000, 0x0000, 0x0000, 0x0000, 0x0000, 0x9DF2, 0x3D80, 0xB565, 0xF548, 0xFFFF, 0xFFFF, 0xFFFF,
  0xFFFF, 0x3D80, 0x3D80, 0x3D80, 0xFFFF, 0xFFFF, 0xFFFF, 0xFFFF, 0x3D80, 0x3D80, 0x3D80, 0x3D80,
  0x3D80, 0x3D80, 0x3D80, 0xF548, 0xF548, 0x3580, 0x3D80, 0x3D80, 0x3D80, 0x3D80, 0xED47, 0xF548,
  0xF548, 0xF548, 0xF548, 0xF548, 0xF548, 0xD4EB, 0xFFFF, 0x9CD3, 0x0000, 0x0000, 0x0000, 0x0000,
  0x0000, 0x0000, 0x0000, 0x0000, 0x0000, 0x0000, 0x0000, 0x0000, 0x0000, 0x0000, 0x0000, 0x0000,
  0x0000, 0x0000, 0x0000, 0x0000, 0x0000, 0x0000, 0x0000, 0x0000, 0x0000, 0x0000, 0x0000, 0x0000,
  0x0000, 0x1564, 0x1564, 0x1564, 0x1564, 0x1564, 0x1564, 0x1564, 0x1564, 0x1564, 0x0000, 0x0000,
  0x0000, 0x0000, 0x0000, 0x0000, 0x0000, 0x0000, 0x0000, 0x1564, 0x1564, 0x1564, 0x1564, 0x0000,
  0x0000, 0x0000, 0x0000, 0x0000, 0x1564, 0x1564, 0x1564, 0x1564, 0x1564, 0x1564, 0x1564, 0x1564,
  0x1564, 0x0000, 0x0000, 0x0000, 0x0000, 0x0000, 0x0000, 0x0000, 0x0000, 0x0000, 0x1564, 0x1564,
  0x1564, 0x1564, 0x0000, 0x0000, 0x0000, 0x0000, 0x0000, 0x1564, 0x1564, 0x1564, 0x1564, 0x1564,
  0x1564, 0x1564, 0x1564, 0x1564, 0x1564, 0x1564, 0x1564, 0x1564, 0x0000, 0x0000, 0x0000, 0x0000,
  0x1564, 0x1564, 0x1564, 0x1564, 0x8E31, 0x0000, 0x0000, 0x0000, 0x0000, 0x0000, 0x0000, 0x0000,
  0x0000, 0x0000, 0x0000, 0x0000, 0x0000, 0x0000, 0x0000, 0x0000, 0x0000, 0x0000, 0x0000, 0x1564,
  0x1564, 0x1564, 0x1564, 0x1564, 0x1564, 0x1564, 0x1564, 0x8E31, 0x0000, 0x0000, 0x0000, 0x0000,
  0x1564, 0x1564, 0x1564, 0x1564, 0x1564, 0x1564, 0x1564, 0x1564, 0x1564, 0x0000, 0x0000, 0x0000,
  0x0000, 0x0000, 0x0000, 0x0000, 0x0000, 0x0000, 0x0000, 0x0000, 0x0000, 0x0000, 0x0000, 0x0000,
  0x0000, 0x0000, 0x0000, 0x1564, 0x1564, 0x1564, 0x1564, 0x1564, 0x1564, 0x1564, 0x1564, 0xBED7,
  0x0000, 0x0000, 0x0000, 0x0000, 0x1564, 0x1564, 0x1564, 0x1564, 0x0000, 0x0000, 0x0000, 0x0000,
  0x0000, 0x0000, 0x0000, 0x0000, 0x0000, 0x0000, 0x0000, 0x0000, 0x0000, 0x0000, 0xAD55, 0xC618,
  0xC618, 0xC618, 0xC618, 0xC618, 0x7D4E, 0xAD86, 0xCD66, 0xDD47, 0xF548, 0xFFFF, 0xFFFF, 0xFFFF,
  0xFFFF, 0xD759, 0x968F, 0x3D80, 0xFFFF, 0xFFFF, 0xFFFF, 0xFFFF, 0x3D80, 0x3D80, 0x3D80, 0x3D80,
  0x3D80, 0x3D80, 0x3D80, 0xF548, 0xF546, 0xD759, 0xD759, 0x3D80, 0x3D80, 0x3D80, 0xEF18, 0xFF5A,
  0x6562, 0x6562, 0xFF5A, 0xFF5A, 0xFF5A, 0xFF5A, 0xFFFF, 0xAD75, 0x0000, 0x0000, 0x0000, 0x0000,
  0x0000, 0x0000, 0x0000, 0x0000, 0x0000, 0x0000, 0x0000, 0x0000, 0x0000, 0x0000, 0x0000, 0x0000,
  0x0000, 0x0000, 0x0000, 0x0000, 0x0000, 0x0000, 0x0000, 0x0000, 0x0000, 0x0000, 0x0000, 0x0000,
  0x0000, 0x1564, 0x1564, 0x1564, 0x1564, 0x1564, 0x1564, 0x1564, 0x1564, 0x1564, 0x0000, 0x0000,
  0x0000, 0x0000, 0x0000, 0x0000, 0x0000, 0x0000, 0x0000, 0x1564, 0x1564, 0x1564, 0x1564, 0x0000,
  0x0000, 0x0000, 0x0000, 0x0000, 0x1564, 0x1564, 0x1564, 0x1564, 0x1564, 0x1564, 0x1564, 0x1564,
  0x1564, 0x0000, 0x0000, 0x0000, 0x0000, 0x0000, 0x0000, 0x0000, 0x0000, 0x0000, 0x1564, 0x1564,
  0x1564, 0x1564, 0x0000, 0x0000, 0x0000, 0x0000, 0x0000, 0x1564, 0x1564, 0x1564, 0x1564, 0x1564,
  0x1564, 0x1564, 0x1564, 0x1564, 0x1564, 0x1564, 0x1564, 0x1564, 0x0000, 0x0000, 0x0000, 0x0000,
  0x1564, 0x1564, 0x1564, 0x1564, 0x8E31, 0x0000, 0x0000, 0x0000, 0x0000, 0x0000, 0x0000, 0x0000,
  0x0000, 0x0000, 0x0000, 0x0000, 0x0000, 0x0000, 0x0000, 0x0000, 0x0000, 0x0000, 0x0000, 0x1564,
  0x1564, 0x1564, 0x1564, 0x1564, 0x1564, 0x1564, 0x1564, 0x8E31, 0x0000, 0x0000, 0x0000, 0x0000,
  0x1564, 0x1564, 0x1564, 0x1564, 0x1564, 0x1564, 0x1564, 0x1564, 0x1564, 0x0000, 0x0000, 0x0000,
  0x0000, 0x0000, 0x0000, 0x0000, 0x0000, 0x0000, 0x0000, 0x0000, 0x0000, 0x0000, 0x0000, 0x0000,
  0x0000, 0x0000, 0x0000, 0x1564, 0x1564, 0x1564, 0x1564, 0x1564, 0x1564, 0x1564, 0x1564, 0xBED7,
  0x0000, 0x0000, 0x0000, 0x0000, 0x1564, 0x1564, 0x1564, 0x1564, 0x0000, 0x0000, 0x0000, 0x0000,
  0x0000, 0x0000, 0x0000, 0x0000, 0x0000, 0x0000, 0x0000, 0x0000, 0x0000, 0x0000, 0xCE79, 0xFFFF,
  0xFFFF, 0xFFFF, 0xFFFF, 0xFFFE, 0x3D80, 0xB565, 0xF548, 0xF548, 0xF548, 0xFFFF, 0xFFFF, 0xFFFF,
  0xFFFF, 0xFFFF, 0xB6F4, 0x3D80, 0xFFFF, 0xFFFF, 0xFFFF, 0xFFFF, 0x3D80, 0x3D80, 0x3D80, 0x3D80,
  0x3D80, 0x3D80, 0x3D80, 0xF548, 0xF545, 0xFFFF, 0xFFFF, 0x3D80, 0x3D80, 0x3D80, 0x0000, 0x0000,
  0x3580, 0x2560, 0x0000, 0x0000, 0x0000, 0x0000, 0xFFFF, 0xAD75, 0x0000, 0x0000, 0x0000, 0x0000,
  0x0000, 0x0000, 0x0000, 0x0000, 0x0000, 0x0000, 0x0000, 0x0000, 0x0000, 0x0000, 0x0000, 0x0000,
  0x0000, 0x0000, 0x0000, 0x0000, 0x0000, 0x0000, 0x0000, 0x0000, 0x0000, 0x0000, 0x0000, 0x0000,
  0x0000, 0x1564, 0x1564, 0x1564, 0x1564, 0x1564, 0x1564, 0x1564, 0x1564, 0x1564, 0x1564, 0x1564,
  0x1564, 0x1564, 0x1564, 0x1564, 0x1564, 0x1564, 0x1564, 0x0000, 0x0000, 0x0000, 0x0000, 0x0000,
  0x0000, 0x0000, 0x0000, 0x0000, 0x1564, 0x1564, 0x1564, 0x1564, 0x1564, 0x1564, 0x1564, 0x1564,
  0x1564, 0x1564, 0x1564, 0x1564, 0x1564, 0x1564, 0x1564, 0x1564, 0x1564, 0x1564, 0x1564, 0x1564,
  0x1564, 0x1564, 0x0000, 0x0000, 0x0000, 0x0000, 0x0000, 0x1564, 0x1564, 0x1564, 0x1564, 0x1564,
  0x1564, 0x1564, 0x1564, 0x1564, 0x1564, 0x1564, 0x1564, 0x1564, 0x1564, 0x1564, 0x1564, 0x1564,
  0x1564, 0x1564, 0x1564, 0x1564, 0x8E31, 0x0000, 0x0000, 0x0000, 0x0000, 0x1564, 0x1564, 0x1564,
  0x1564, 0x1564, 0x1564, 0x1564, 0x1564, 0x1564, 0x1564, 0x1564, 0x1564, 0x1564, 0x1564, 0x1564,
  0x1564, 0x1564, 0x1564, 0x1564, 0x1564, 0x1564, 0x1564, 0x8E31, 0x0000, 0x0000, 0x0000, 0x0000,
  0x1564, 0x1564, 0x1564, 0x1564, 0x1564, 0x1564, 0x1564, 0x1564, 0x1564, 0x1564, 0x1564, 0x1564,
  0x1564, 0x1564, 0x1564, 0x1564, 0x1564, 0x1564, 0x1564, 0x1564, 0x1564, 0x1564, 0x0000, 0x0000,
  0x0000, 0x0000, 0x0000, 0x1564, 0x1564, 0x1564, 0x1564, 0x1564, 0x1564, 0x1564, 0x1564, 0xBED7,
  0x0000, 0x0000, 0x0000, 0x0000, 0x0000, 0x0000, 0x0000, 0x0000, 0x1564, 0x1564, 0x1564, 0x1564,
  0x1564, 0x0000, 0x0000, 0x0000, 0x0000, 0x0000, 0x0000, 0x0000, 0x0000, 0x0000, 0xBC26, 0xF545,
  0xFFFF, 0xFFFF, 0xFFFF, 0xFFFE, 0x3D80, 0x3580, 0x1D80, 0xB565, 0xF548, 0xF545, 0xF545, 0xFFFF,
  0xFFFF, 0x2560, 0x3580, 0x3D80, 0xFFFF, 0xFFFF, 0xFFFF, 0xFFFF, 0xFFFF, 0xFFFF, 0x3D80, 0x3D80,
  0x3D80, 0x3D80, 0x3D80, 0xF548, 0xF548, 0xF545, 0xF546, 0x3D80, 0x8DD0, 0x0000, 0x0000, 0x0000,
  0x0000, 0x0000, 0xFFFF, 0xFFFF, 0x0000, 0x0000, 0x0000, 0x0000, 0x0000, 0x0000, 0x0000, 0x0000,
  0x0000, 0x0000, 0x0000, 0x0000, 0x0000, 0x0000, 0x0000, 0x0000, 0x0000, 0x0000, 0x0000, 0x0000,
  0x0000, 0x0000, 0x0000, 0x0000, 0x0000, 0x0000, 0x0000, 0x0000, 0x0000, 0x0000, 0x0000, 0x0000,
  0x0000, 0x1564, 0x1564, 0x1564, 0x1564, 0x1564, 0x1564, 0x1564, 0x1564, 0x1564, 0x1564, 0x1564,
  0x1564, 0x1564, 0x1564, 0x1564, 0x1564, 0x1564, 0x1564, 0x0000, 0x0000, 0x0000, 0x0000, 0x0000,
  0x0000, 0x0000, 0x0000, 0x0000, 0x1564, 0x1564, 0x1564, 0x1564, 0x1564, 0x1564, 0x1564, 0x1564,
  0x1564, 0x1564, 0x1564, 0x1564, 0x1564, 0x1564, 0x1564, 0x1564, 0x1564, 0x1564, 0x1564, 0x1564,
  0x1564, 0x1564, 0x0000, 0x0000, 0x0000, 0x0000, 0x0000, 0x1564, 0x1564, 0x1564, 0x1564, 0x1564,
  0x1564, 0x1564, 0x1564, 0x1564, 0x1564, 0x1564, 0x1564, 0x1564, 0x1564, 0x1564, 0x1564, 0x1564,
  0x1564, 0x1564, 0x1564, 0x1564, 0x8E31, 0x0000, 0x0000, 0x0000, 0x0000, 0x1564, 0x1564, 0x1564,
  0x1564, 0x1564, 0x1564, 0x1564, 0x1564, 0x1564, 0x1564, 0x1564, 0x1564, 0x1564, 0x1564, 0x1564,
  0x1564, 0x1564, 0x1564, 0x1564, 0x1564, 0x1564, 0x1564, 0x8E31, 0x0000, 0x0000, 0x0000, 0x0000,
  0x1564, 0x1564, 0x1564, 0x1564, 0x1564, 0x1564, 0x1564, 0x1564, 0x1564, 0x1564, 0x1564, 0x1564,
  0x1564, 0x1564, 0x1564, 0x1564, 0x1564, 0x1564, 0x1564, 0x1564, 0x1564, 0x1564, 0x0000, 0x0000,
  0x0000, 0x0000, 0x0000, 0x1564, 0x1564, 0x1564, 0x1564, 0x1564, 0x1564, 0x1564, 0x1564, 0xBED7,
  0x0000, 0x0000, 0x0000, 0x0000, 0x0000, 0x0000, 0x0000, 0x0000, 0x1564, 0x1564, 0x1564, 0x1564,
  0x1564, 0x0000, 0x0000, 0x0000, 0x0000, 0x0000, 0x0000, 0x0000, 0x0000, 0x0000, 0xBC26, 0xF548,
  0xFFFF, 0xFFFF, 0xFFFF, 0xFFDF, 0x3D80, 0x3D80, 0x3D80, 0xB565, 0xF548, 0xF548, 0xF548, 0xFFFF,
  0xFFFF, 0x3D80, 0x3D80, 0x3D80, 0xFFFF, 0xFFFF, 0xFFFF, 0xFFFF, 0xFFFF, 0xFFFF, 0x3D80, 0x3D80,
  0x3D80, 0x3D80, 0x3D80, 0xF548, 0xF548, 0xF548, 0xF548, 0x3D80, 0x8DD0, 0x0000, 0x0000, 0x0000,
  0x0000, 0x0000, 0xFFFF, 0xFFFF, 0x0000, 0x0000, 0x0000, 0x0000, 0x0000, 0x0000, 0x0000, 0x0000,
  0x0000, 0x0000, 0x0000, 0x0000, 0x0000, 0x0000, 0x0000, 0x0000, 0x0000, 0x0000, 0x0000, 0x0000,
  0x0000, 0x0000, 0x0000, 0x0000, 0x0000, 0x0000, 0x0000, 0x0000, 0x0000, 0x0000, 0x0000, 0x0000,
  0x0000, 0x1564, 0x1564, 0x1564, 0x1564, 0x1564, 0x1564, 0x1564, 0x1564, 0x1564, 0x1564, 0x1564,
  0x1564, 0x1564, 0x1564, 0x1564, 0x1564, 0x1564, 0x1564, 0x0000, 0x0000, 0x0000, 0x0000, 0x0000,
  0x0000, 0x0000, 0x0000, 0x0000, 0x1564, 0x1564, 0x1564, 0x1564, 0x1564, 0x1564, 0x1564, 0x1564,
  0x1564, 0x1564, 0x1564, 0x1564, 0x1564, 0x1564, 0x1564, 0x1564, 0x1564, 0x1564, 0x1564, 0x1564,
  0x1564, 0x1564, 0x0000, 0x0000, 0x0000, 0x0000, 0x0000, 0x1564, 0x1564, 0x1564, 0x1564, 0x1564,
  0x1564, 0x1564, 0x1564, 0x1564, 0x1564, 0x1564, 0x1564, 0x1564, 0x1564, 0x1564, 0x1564, 0x1564,
  0x1564, 0x1564, 0x1564, 0x1564, 0x8E31, 0x0000, 0x0000, 0x0000, 0x0000, 0x1564, 0x1564, 0x1564,
  0x1564, 0x1564, 0x1564, 0x1564, 0x1564, 0x1564, 0x1564, 0x1564, 0x1564, 0x1564, 0x1564, 0x1564,
  0x1564, 0x1564, 0x1564, 0x1564, 0x1564, 0x1564, 0x1564, 0x8E31, 0x0000, 0x0000, 0x0000, 0x0000,
  0x1564, 0x1564, 0x1564, 0x1564, 0x1564, 0x1564, 0x1564, 0x1564, 0x1564, 0x1564, 0x1564, 0x1564,
  0x1564, 0x1564, 0x1564, 0x1564, 0x1564, 0x1564, 0x1564, 0x1564, 0x1564, 0x1564, 0x0000, 0x0000,
  0x0000, 0x0000, 0x0000, 0x1564, 0x1564, 0x1564, 0x1564, 0x1564, 0x1564, 0x1564, 0x1564, 0xBED7,
  0x0000, 0x0000, 0x0000, 0x0000, 0x0000, 0x0000, 0x0000, 0x0000, 0x1564, 0x1564, 0x1564, 0x1564,
  0x1564, 0x0000, 0x0000, 0x0000, 0x0000, 0x0000, 0x0000, 0xFFFF, 0x9E92, 0x3D80, 0xCD66, 0xF548,
  0xF548, 0xF548, 0x3D80, 0x3D80, 0x3D80, 0x3D80, 0x3D80, 0x3D80, 0x3D80, 0x3D80, 0x3D80, 0x3D80,
  0x3D80, 0x3D80, 0x3D80, 0x3D80, 0x3D80, 0x3D80, 0xFFFF, 0xFFFF, 0xFFFF, 0xFFFF, 0xFFFF, 0xBF16,
  0x3D80, 0x3D80, 0x3D80, 0xF548, 0xF548, 0xF548, 0xF546, 0x0000, 0x0000, 0x0000, 0x0000, 0x0000,
  0x0000, 0x0000, 0x0000, 0x0000, 0x0000, 0x0000, 0x0000, 0x0000, 0x0000, 0x0000, 0x0000, 0x0000,
  0x0000, 0x0000, 0x0000, 0x0000, 0x0000, 0x0000, 0x0000, 0x0000, 0x0000, 0x0000, 0x0000, 0x0000,
  0x0000, 0x0000, 0x0000, 0x0000, 0x0000, 0x0000, 0x0000, 0x0000, 0x0000, 0x0000, 0x0000, 0x0000,
  0x0000, 0x1564, 0x1564, 0x1564, 0x1564, 0x1564, 0x1564, 0x1564, 0x1564, 0x1564, 0x1564, 0x1564,
  0x1564, 0x1564, 0x1564, 0x1564, 0x1564, 0x1564, 0x1564, 0x0000, 0x0000, 0x0000, 0x0000, 0x0000,
  0x0000, 0x0000, 0x0000, 0x0000, 0x1564, 0x1564, 0x1564, 0x1564, 0x1564, 0x1564, 0x1564, 0x1564,
  0x1564, 0x1564, 0x1564, 0x1564, 0x1564, 0x1564, 0x1564, 0x1564, 0x1564, 0x1564, 0x1564, 0x1564,
  0x1564, 0x1564, 0x0000, 0x0000, 0x0000, 0x0000, 0x0000, 0x1564, 0x1564, 0x1564, 0x1564, 0x1564,
  0x1564, 0x1564, 0x1564, 0x1564, 0x1564, 0x1564, 0x1564, 0x1564, 0x1564, 0x1564, 0x1564, 0x1564,
  0x1564, 0x1564, 0x1564, 0x1564, 0x8E31, 0x0000, 0x0000, 0x0000, 0x0000, 0x1564, 0x1564, 0x1564,
  0x1564, 0x1564, 0x1564, 0x1564, 0x1564, 0x1564, 0x1564, 0x1564, 0x1564, 0x1564, 0x1564, 0x1564,
  0x1564, 0x1564, 0x1564, 0x1564, 0x1564, 0x1564, 0x1564, 0x8E31, 0x0000, 0x0000, 0x0000, 0x0000,
  0x1564, 0x1564, 0x1564, 0x1564, 0x1564, 0x1564, 0x1564, 0x1564, 0x1564, 0x1564, 0x1564, 0x1564,
  0x1564, 0x1564, 0x1564, 0x1564, 0x1564, 0x1564, 0x1564, 0x1564, 0x1564, 0x1564, 0x0000, 0x0000,
  0x0000, 0x0000, 0x0000, 0x1564, 0x1564, 0x1564, 0x1564, 0x1564, 0x1564, 0x1564, 0x1564, 0xBED7,
  0x0000, 0x0000, 0x0000, 0x0000, 0x0000, 0x0000, 0x0000, 0x0000, 0x1564, 0x1564, 0x1564, 0x1564,
  0x1564, 0x0000, 0x0000, 0x0000, 0x0000, 0x0000, 0x0000, 0xFFFF, 0x9E92, 0x3D80, 0xCD66, 0xF548,
  0xF548, 0xF548, 0x3D80, 0x3D80, 0x3D80, 0x3D80, 0x3D80, 0x3D80, 0x3D80, 0x3D80, 0x3D80, 0x3D80,
  0x3D80, 0x3D80, 0x3D80, 0x3D80, 0x3D80, 0x3D80, 0xFFFF, 0xFFFF, 0xFFFF, 0xFFFF, 0xFFFF, 0xBF16,
  0x3D80, 0x3D80, 0x3D80, 0xF548, 0xF548, 0xF548, 0xF546, 0x0000, 0x0000, 0x0000, 0x0000, 0x0000,
  0x0000, 0x0000, 0x0000, 0x0000, 0x0000, 0x0000, 0x0000, 0x0000, 0x0000, 0x0000, 0x0000, 0x0000,
  0x0000, 0x0000, 0x0000, 0x0000, 0x0000, 0x0000, 0x0000, 0x0000, 0x0000, 0x0000, 0x0000, 0x0000,
  0x0000, 0x0000, 0x0000, 0x0000, 0x0000, 0x0000, 0x0000, 0x0000, 0x0000, 0x0000, 0x0000, 0x0000,
  0x0000, 0x0000, 0x0000, 0x0000, 0x0000, 0x0000, 0x0000, 0x0000, 0x0000, 0x0000, 0x0000, 0x0000,
  0x0000, 0x0000, 0x0000, 0x0000, 0x0000, 0x0000, 0x0000, 0x0000, 0x0000, 0x0000, 0x0000, 0x0000,
  0x0000, 0x0000, 0x0000, 0x0000, 0x0000, 0x0000, 0x0000, 0x0000, 0x0000, 0x0000, 0x0000, 0x0000,
  0x0000, 0x0000, 0x0000, 0x0000, 0x0000, 0x0000, 0x0000, 0x0000, 0x0000, 0x0000, 0x0000, 0x0000,
  0x0000, 0x0000, 0x0000, 0x0000, 0x0000, 0x0000, 0x0000, 0x0000, 0x0000, 0x0000, 0x0000, 0x0000,
  0x0000, 0x0000, 0x0000, 0x0000, 0x0000, 0x0000, 0x0000, 0x0000, 0x0000, 0x0000, 0x0000, 0x0000,
  0x0000, 0x0000, 0x0000, 0x0000, 0x0000, 0x0000, 0x0000, 0x0000, 0x0000, 0x0000, 0x0000, 0x0000,
  0x0000, 0x0000, 0x0000, 0x0000, 0x0000, 0x0000, 0x0000, 0x0000, 0x0000, 0x0000, 0x0000, 0x0000,
  0x0000, 0x0000, 0x0000, 0x0000, 0x0000, 0x0000, 0x0000, 0x0000, 0x0000, 0x0000, 0x0000, 0x0000,
  0x0000, 0x0000, 0x0000, 0x0000, 0x0000, 0x0000, 0x0000, 0x0000, 0x0000, 0x0000, 0x0000, 0x0000,
  0x0000, 0x0000, 0x0000, 0x0000, 0x0000, 0x0000, 0x0000, 0x0000, 0x0000, 0x0000, 0x0000, 0x0000,
  0x0000, 0x0000, 0x0000, 0x0000, 0x0000, 0x0000, 0x0000, 0x0000, 0x0000, 0x0000, 0x0000, 0x0000,
  0x0000, 0x0000, 0x0000, 0x0000, 0x0000, 0x0000, 0x0000, 0x0000, 0x0000, 0x0000, 0x0000, 0x0000,
  0x0000, 0x0000, 0x0000, 0x0000, 0x0000, 0x0000, 0x0000, 0xFFFF, 0x9E92, 0x3D80, 0x3D80, 0x3D80,
  0x3D80, 0x3D80, 0x3D80, 0x3D80, 0x3D80, 0x3D80, 0x3D80, 0x3D80, 0x3D80, 0x3D80, 0x3D80, 0x3D80,
  0x3D80, 0x3D80, 0x3D80, 0x3D80, 0x3D80, 0x3D80, 0x3D80, 0x1D80, 0xFFFF, 0xFFFF, 0xFFFF, 0xFFFF,
  0xFFFF, 0x45A4, 0x3D80, 0x3D80, 0x1D80, 0xF548, 0xF548, 0xF548, 0xDD6F, 0x0000, 0x0000, 0x0000,
  0x0000, 0x0000, 0x0000, 0x0000, 0x0000, 0x0000, 0x0000, 0x0000, 0x0000, 0x0000, 0x0000, 0x0000,
  0x0000, 0x0000, 0x0000, 0x0000, 0x0000, 0x0000, 0x0000, 0x0000, 0x0000, 0x0000, 0x0000, 0x0000,
  0x0000, 0x0000, 0x0000, 0x0000, 0x0000, 0x0000, 0x0000, 0x0000, 0x0000, 0x0000, 0x0000, 0x0000,
  0x0000, 0x0000, 0x0000, 0x0000, 0x0000, 0x0000, 0x0000, 0x0000, 0x0000, 0x0000, 0x0000, 0x0000,
  0x0000, 0x0000, 0x0000, 0x0000, 0x0000, 0x0000, 0x0000, 0x0000, 0x0000, 0x0000, 0x0000, 0x0000,
  0x0000, 0x0000, 0x0000, 0x0000, 0x0000, 0x0000, 0x0000, 0x0000, 0x0000, 0x0000, 0x0000, 0x0000,
  0x0000, 0x0000, 0x0000, 0x0000, 0x0000, 0x0000, 0x0000, 0x0000, 0x0000, 0x0000, 0x0000, 0x0000,
  0x0000, 0x0000, 0x0000, 0x0000, 0x0000, 0x0000, 0x0000, 0x0000, 0x0000, 0x0000, 0x0000, 0x0000,
  0x0000, 0x0000, 0x0000, 0x0000, 0x0000, 0x0000, 0x0000, 0x0000, 0x0000, 0x0000, 0x0000, 0x0000,
  0x0000, 0x0000, 0x0000, 0x0000, 0x0000, 0x0000, 0x0000, 0x0000, 0x0000, 0x0000, 0x0000, 0x0000,
  0x0000, 0x0000, 0x0000, 0x0000, 0x0000, 0x0000, 0x0000, 0x0000, 0x0000, 0x0000, 0x0000, 0x0000,
  0x0000, 0x0000, 0x0000, 0x0000, 0x0000, 0x0000, 0x0000, 0x0000, 0x0000, 0x0000, 0x0000, 0x0000,
  0x0000, 0x0000, 0x0000, 0x0000, 0x0000, 0x0000, 0x0000, 0x0000, 0x0000, 0x0000, 0x0000, 0x0000,
  0x0000, 0x0000, 0x0000, 0x0000, 0x0000, 0x0000, 0x0000, 0x0000, 0x0000, 0x0000, 0x0000, 0x0000,
  0x0000, 0x0000, 0x0000, 0x0000, 0x0000, 0x0000, 0x0000, 0x0000, 0x0000, 0x0000, 0x0000, 0x0000,
  0x0000, 0x0000, 0x0000, 0x0000, 0x0000, 0x0000, 0x0000, 0x0000, 0x0000, 0x0000, 0x0000, 0x0000,
  0x0000, 0x0000, 0x0000, 0x0000, 0x0000, 0x0000, 0x0000, 0xFFFE, 0x968F, 0x3D80, 0x3D80, 0x3D80,
  0x3D80, 0x3D80, 0x3D80, 0x3D80, 0x2560, 0x2560, 0x2560, 0x2560, 0x2560, 0x3D80, 0x3D80, 0x3D80,
  0x3D80, 0x3D80, 0x3D80, 0x3D80, 0x3D80, 0x3D80, 0x3D80, 0x1D80, 0xFFFF, 0xFFFF, 0xFFFF, 0xFFFF,
  0xFFFF, 0x45A4, 0x3D80, 0x3D80, 0x1D80, 0xF548, 0xF548, 0xF548, 0xDD6F, 0x0000, 0x0000, 0x0000,
  0x0000, 0x0000, 0x0000, 0x0000, 0x0000, 0x0000, 0x0000, 0x0000, 0x0000, 0x0000, 0x0000, 0x0000,
  0x0000, 0x0000, 0x0000, 0x0000, 0x0000, 0x0000, 0x0000, 0x0000, 0x0000, 0x0000, 0x0000, 0x0000,
  0x0000, 0x0000, 0x0000, 0x0000, 0x0000, 0x0000, 0x0000, 0x0000, 0x0000, 0x0000, 0x0000, 0x0000,
  0x0000, 0x0000, 0x0000, 0x0000, 0x0000, 0x0000, 0x0000, 0x0000, 0x0000, 0x0000, 0x0000, 0x0000,
  0x0000, 0x0000, 0x0000, 0x0000, 0x0000, 0x0000, 0x0000, 0x0000, 0x0000, 0x0000, 0x0000, 0x0000,
  0x0000, 0x0000, 0x0000, 0x0000, 0x0000, 0x0000, 0x0000, 0x0000, 0x0000, 0x0000, 0x0000, 0x0000,
  0x0000, 0x0000, 0x0000, 0x0000, 0x0000, 0x0000, 0x0000, 0x0000, 0x0000, 0x0000, 0x0000, 0x0000,
  0x0000, 0x0000, 0x0000, 0x0000, 0x0000, 0x0000, 0x0000, 0x0000, 0x0000, 0x0000, 0x0000, 0x0000,
  0x0000, 0x0000, 0x0000, 0x0000, 0x0000, 0x0000, 0x0000, 0x0000, 0x0000, 0x0000, 0x0000, 0x0000,
  0x0000, 0x0000, 0x0000, 0x0000, 0x0000, 0x0000, 0x0000, 0x0000, 0x0000, 0x0000, 0x0000, 0x0000,
  0x0000, 0x0000, 0x0000, 0x0000, 0x0000, 0x0000, 0x0000, 0x0000, 0x0000, 0x0000, 0x0000, 0x0000,
  0x0000, 0x0000, 0x0000, 0x0000, 0x0000, 0x0000, 0x0000, 0x0000, 0x0000, 0x0000, 0x0000, 0x0000,
  0x0000, 0x0000, 0x0000, 0x0000, 0x0000, 0x0000, 0x0000, 0x0000, 0x0000, 0x0000, 0x0000, 0x0000,
  0x0000, 0x0000, 0x0000, 0x0000, 0x0000, 0x0000, 0x0000, 0x0000, 0x0000, 0x0000, 0x0000, 0x0000,
  0x0000, 0x0000, 0x0000, 0x0000, 0x0000, 0x0000, 0x0000, 0x0000, 0x0000, 0x0000, 0x0000, 0x0000,
  0x0000, 0x0000, 0x0000, 0x0000, 0x0000, 0x0000, 0x0000, 0x0000, 0x0000, 0x0000, 0x0000, 0x0000,
  0x0000, 0x0000, 0x0000, 0x0000, 0x0000, 0x0000, 0x0000, 0x3D80, 0x3D80, 0x3D80, 0x3D80, 0x3D80,
  0x3D80, 0x3D80, 0x3D80, 0x45A4, 0xFFFF, 0xFFFF, 0xFFFF, 0xFFFF, 0xFFFF, 0x2560, 0x3D80, 0x3D80,
  0x3D80, 0x3D80, 0x3D80, 0x3D80, 0x3D80, 0x3D80, 0x3D80, 0x1D80, 0xFFFF, 0xFFFF, 0xFFFF, 0xFFFF,
  0xFFFF, 0x45A4, 0x3D80, 0x3D80, 0x1D80, 0xF548, 0xF548, 0xF548, 0xF548, 0xF548, 0xCE79, 0xFFFF,
  0x4A69, 0x0000, 0x0000, 0x0000, 0x0000, 0x0000, 0x0000, 0x0000, 0x0000, 0x0000, 0x0000, 0x0000,
  0x0000, 0x0000, 0x0000, 0x0000, 0x0000, 0x0000, 0x0000, 0x0000, 0x0000, 0x0000, 0x0000, 0x0000,
  0x0000, 0x0000, 0x0000, 0x0000, 0x0000, 0x0000, 0x0000, 0x0000, 0x0000, 0x0000, 0x0000, 0x0000,
  0x0000, 0x0000, 0x0000, 0x0000, 0x0000, 0x0000, 0x0000, 0x0000, 0x0000, 0x0000, 0x0000, 0x0000,
  0x0000, 0x0000, 0x0000, 0x0000, 0x0000, 0x0000, 0x0000, 0x0000, 0x0000, 0x0000, 0x0000, 0x0000,
  0x0000, 0x0000, 0x0000, 0x0000, 0x0000, 0x0000, 0x0000, 0x0000, 0x0000, 0x0000, 0x0000, 0x0000,
  0x0000, 0x0000, 0x0000, 0x0000, 0x0000, 0x0000, 0x0000, 0x0000, 0x0000, 0x0000, 0x0000, 0x0000,
  0x0000, 0x0000, 0x0000, 0x0000, 0x0000, 0x0000, 0x0000, 0x0000, 0x0000, 0x0000, 0x0000, 0x0000,
  0x0000, 0x0000, 0x0000, 0x0000, 0x0000, 0x0000, 0x0000, 0x0000, 0x0000, 0x0000, 0x0000, 0x0000,
  0x0000, 0x0000, 0x0000, 0x0000, 0x0000, 0x0000, 0x0000, 0x0000, 0x0000, 0x0000, 0x0000, 0x0000,
  0x0000, 0x0000, 0x0000, 0x0000, 0x0000, 0x0000, 0x0000, 0x0000, 0x0000, 0x0000, 0x0000, 0x0000,
  0x0000, 0x0000, 0x0000, 0x0000, 0x0000, 0x0000, 0x0000, 0x0000, 0x0000, 0x0000, 0x0000, 0x0000,
  0x0000, 0x0000, 0x0000, 0x0000, 0x0000, 0x0000, 0x0000, 0x0000, 0x0000, 0x0000, 0x0000, 0x0000,
  0x0000, 0x0000, 0x0000, 0x0000, 0x0000, 0x0000, 0x0000, 0x0000, 0x0000, 0x0000, 0x0000, 0x0000,
  0x0000, 0x0000, 0x0000, 0x0000, 0x0000, 0x0000, 0x0000, 0x0000, 0x0000, 0x0000, 0x0000, 0x0000,
  0x0000, 0x0000, 0x0000, 0x0000, 0x0000, 0x0000, 0x0000, 0x0000, 0x0000, 0x0000, 0x0000, 0x0000,
  0x0000, 0x0000, 0x0000, 0x0000, 0x0000, 0xCE79, 0xCE79, 0x9EB1, 0x9EB1, 0x9EB1, 0x45A4, 0x3D80,
  0x3D80, 0x3D80, 0x3D80, 0x45A4, 0xFED6, 0xFF5A, 0xFFFF, 0xFFFF, 0xFFFF, 0x2560, 0x3D80, 0x3D80,
  0x3D80, 0x9EB1, 0x9EB1, 0x9EB1, 0x9EB1, 0x9EB1, 0x9EB1, 0x9EB1, 0xFFFF, 0xFFFF, 0xFFFF, 0xE7BB,
  0xAEF3, 0x3D80, 0x3D80, 0xA5D3, 0xA5D3, 0xD615, 0xD615, 0xF548, 0xF548, 0xF548, 0xCE79, 0xD6BA,
  0x0000, 0x0000, 0x0000, 0x0000, 0x0000, 0x0000, 0x0000, 0x0000, 0x0000, 0x0000, 0x0000, 0x0000,
  0x0000, 0x0000, 0x0000, 0x0000, 0x0000, 0x0000, 0x0000, 0x0000, 0x0000, 0x0000, 0x0000, 0x0000,
  0x0000, 0x0000, 0x0000, 0x0000, 0x0000, 0x0000, 0x0000, 0x0000, 0x0000, 0x0000, 0x0000, 0x0000,
  0x0000, 0x0000, 0x0000, 0x0000, 0x0000, 0x0000, 0x0000, 0x0000, 0x0000, 0x0000, 0x0000, 0x0000,
  0x0000, 0x0000, 0x0000, 0x0000, 0x0000, 0x0000, 0x0000, 0x0000, 0x0000, 0x0000, 0x0000, 0x0000,
  0x0000, 0x0000, 0x0000, 0x0000, 0x0000, 0x0000, 0x0000, 0x0000, 0x0000, 0x0000, 0x0000, 0x0000,
  0x0000, 0x0000, 0x0000, 0x0000, 0x0000, 0x0000, 0x0000, 0x0000, 0x0000, 0x0000, 0x0000, 0x0000,
  0x0000, 0x0000, 0x0000, 0x0000, 0x0000, 0x0000, 0x0000, 0x0000, 0x0000, 0x0000, 0x0000, 0x0000,
  0x0000, 0x0000, 0x0000, 0x0000, 0x0000, 0x0000, 0x0000, 0x0000, 0x0000, 0x0000, 0x0000, 0x0000,
  0x0000, 0x0000, 0x0000, 0x0000, 0x0000, 0x0000, 0x0000, 0x0000, 0x0000, 0x0000, 0x0000, 0x0000,
  0x0000, 0x0000, 0x0000, 0x0000, 0x0000, 0x0000, 0x0000, 0x0000, 0x0000, 0x0000, 0x0000, 0x0000,
  0x0000, 0x0000, 0x0000, 0x0000, 0x0000, 0x0000, 0x0000, 0x0000, 0x0000, 0x0000, 0x0000, 0x0000,
  0x0000, 0x0000, 0x0000, 0x0000, 0x0000, 0x0000, 0x0000, 0x0000, 0x0000, 0x0000, 0x0000, 0x0000,
  0x0000, 0x0000, 0x0000, 0x0000, 0x0000, 0x0000, 0x0000, 0x0000, 0x0000, 0x0000, 0x0000, 0x0000,
  0x0000, 0x0000, 0x0000, 0x0000, 0x0000, 0x0000, 0x0000, 0x0000, 0x0000, 0x0000, 0x0000, 0x0000,
  0x0000, 0x0000, 0x0000, 0x0000, 0x0000, 0x0000, 0x0000, 0x0000, 0x0000, 0x0000, 0x0000, 0x0000,
  0x0000, 0x0000, 0x0000, 0x0000, 0x0000, 0xFFFF, 0xFFFF, 0xFFFF, 0xFFFF, 0xFFFF, 0x762B, 0x3D80,
  0x3D80, 0x3D80, 0x3D80, 0x3D80, 0xF548, 0xFF18, 0xFFFF, 0xFFFF, 0xFFFF, 0x2560, 0x3D80, 0x3D80,
  0x3D80, 0xFFFF, 0xFFFF, 0xFFFF, 0xFFFF, 0xFFFF, 0xFFFF, 0xFFFF, 0xFFFF, 0xFFFF, 0xFFFF, 0xBF16,
  0x3D80, 0x3D80, 0x3D80, 0x0000, 0x0000, 0x0000, 0x0000, 0xF548, 0xF548, 0xF548, 0x0000, 0x0000,
  0x0000, 0x0000, 0x0000, 0x0000, 0x0000, 0x0000, 0x0000, 0x0000, 0x0000, 0x0000, 0x0000, 0x0000,
  0x0000, 0x0000, 0x0000, 0x0000, 0x0000, 0x0000, 0x0000, 0x0000, 0x0000, 0x0000, 0x0000, 0x0000,
  0x0000, 0x0000, 0x0000, 0x0000, 0x0000, 0x0000, 0x0000, 0x0000, 0x0000, 0x0000, 0x0000, 0x0000,
  0x0000, 0x0000, 0x0000, 0x0000, 0x0000, 0x0000, 0x0000, 0x0000, 0x0000, 0x0000, 0x0000, 0x0000,
  0x0000, 0x0000, 0x0000, 0x0000, 0x0000, 0x0000, 0x0000, 0x0000, 0x0000, 0x0000, 0x0000, 0x0000,
  0x0000, 0x0000, 0x0000, 0x0000, 0x0000, 0x0000, 0x0000, 0x0000, 0x0000, 0x0000, 0x0000, 0x0000,
  0x0000, 0x0000, 0x0000, 0x0000, 0x0000, 0x0000, 0x0000, 0x0000, 0x0000, 0x0000, 0x0000, 0x0000,
  0x0000, 0x0000, 0x0000, 0x0000, 0x0000, 0x0000, 0x0000, 0x0000, 0x0000, 0x0000, 0x0000, 0x0000,
  0x0000, 0x0000, 0x0000, 0x0000, 0x0000, 0x0000, 0x0000, 0x0000, 0x0000, 0x0000, 0x0000, 0x0000,
  0x0000, 0x0000, 0x0000, 0x0000, 0x0000, 0x0000, 0x0000, 0x0000, 0x0000, 0x0000, 0x0000, 0x0000,
  0x0000, 0x0000, 0x0000, 0x0000, 0x0000, 0x0000, 0x0000, 0x0000, 0x0000, 0x0000, 0x0000, 0x0000,
  0x0000, 0x0000, 0x0000, 0x0000, 0x0000, 0x0000, 0x0000, 0x0000, 0x0000, 0x0000, 0x0000, 0x0000,
  0x0000, 0x0000, 0x0000, 0x0000, 0x0000, 0x0000, 0x0000, 0x0000, 0x0000, 0x0000, 0x0000, 0x0000,
  0x0000, 0x0000, 0x0000, 0x0000, 0x0000, 0x0000, 0x0000, 0x0000, 0x0000, 0x0000, 0x0000, 0x0000,
  0x0000, 0x0000, 0x0000, 0x0000, 0x0000, 0x0000, 0x0000, 0x0000, 0x0000, 0x0000, 0x0000, 0x0000,
  0x0000, 0x0000, 0x0000, 0x0000, 0x0000, 0x0000, 0x0000, 0x0000, 0x0000, 0x0000, 0x0000, 0x0000,
  0x0000, 0x0000, 0x0000, 0x0000, 0x0000, 0xFF5A, 0xFF5A, 0xFFFF, 0xFFFF, 0xFFFF, 0x762B, 0x3D80,
  0x3D80, 0x3D80, 0x3D80, 0x3D80, 0xF548, 0xF694, 0xFF5A, 0xD759, 0xD759, 0x2560, 0x3D80, 0x8E6D,
  0x8E6D, 0xFFFF, 0xFF9D, 0xFF5A, 0xFF5A, 0xFF5A, 0xFF5A, 0xFF5A, 0xD759, 0xD759, 0xD759, 0xA652,
  0x650B, 0x650B, 0x650B, 0x0000, 0x0000, 0x0000, 0x0000, 0xCCCC, 0xCCCC, 0xCCCC, 0x0000, 0x0000,
  0x0000, 0x0000, 0x0000, 0x0000, 0x0000, 0x0000, 0x0000, 0x0000, 0x0000, 0x0000, 0x0000, 0x0000,
  0x0000, 0x0000, 0x0000, 0x0000, 0x0000, 0x0000, 0x0000, 0x0000, 0x0000, 0x0000, 0x0000, 0x0000,
  0x0000, 0x0000, 0x0000, 0x0000, 0x0000, 0x0000, 0x0000, 0x0000, 0x0000, 0x0000, 0x0000, 0x0000,
  0x0000, 0x0000, 0x0000, 0x0000, 0x0000, 0x0000, 0x0000, 0x0000, 0x0000, 0x0000, 0x0000, 0x0000,
  0x0000, 0x0000, 0x0000, 0x0000, 0x0000, 0x0000, 0x0000, 0x0000, 0x0000, 0x0000, 0x0000, 0x0000,
  0x0000, 0x0000, 0x0000, 0x0000, 0x0000, 0x0000, 0x0000, 0x0000, 0x0000, 0x0000, 0x0000, 0x0000,
  0x0000, 0x0000, 0x0000, 0x0000, 0x0000, 0x0000, 0x0000, 0x0000, 0x0000, 0x0000, 0x0000, 0x0000,
  0x0000, 0x0000, 0x0000, 0x0000, 0x0000, 0x0000, 0x0000, 0x0000, 0x0000, 0x0000, 0x0000, 0x0000,
  0x0000, 0x0000, 0x0000, 0x0000, 0x0000, 0x0000, 0x0000, 0x0000, 0x0000, 0x0000, 0x0000, 0x0000,
  0x0000, 0x0000, 0x0000, 0x0000, 0x0000, 0x0000, 0x0000, 0x0000, 0x0000, 0x0000, 0x0000, 0x0000,
  0x0000, 0x0000, 0x0000, 0x0000, 0x0000, 0x0000, 0x0000, 0x0000, 0x0000, 0x0000, 0x0000, 0x0000,
  0x0000, 0x0000, 0x0000, 0x0000, 0x0000, 0x0000, 0x0000, 0x0000, 0x0000, 0x0000, 0x0000, 0x0000,
  0x0000, 0x0000, 0x0000, 0x0000, 0x0000, 0x0000, 0x0000, 0x0000, 0x0000, 0x0000, 0x0000, 0x0000,
  0x0000, 0x0000, 0x0000, 0x0000, 0x0000, 0x0000, 0x0000, 0x0000, 0x0000, 0x0000, 0x0000, 0x0000,
  0x0000, 0x0000, 0x0000, 0x0000, 0x0000, 0x0000, 0x0000, 0x0000, 0x0000, 0x0000, 0x0000, 0x0000,
  0x0000, 0x0000, 0x0000, 0x0000, 0x0000, 0x0000, 0x0000, 0x0000, 0x0000, 0x0000, 0x0000, 0x0000,
  0x0000, 0x0000, 0x0000, 0x0000, 0x0000, 0xF548, 0xF58A, 0xFFFF, 0xFFFF, 0xFFFF, 0x762B, 0x3D80,
  0x3D80, 0x3D80, 0x3D80, 0x3D80, 0xF548, 0xF548, 0xF548, 0x8563, 0x3D80, 0x3D80, 0x3D80, 0xFFFF,
  0xFFFF, 0xFFFF, 0xFED6, 0xF548, 0xF548, 0xF548, 0xF548, 0xF548, 0x3D80, 0x3D80, 0x3D80, 0x8DD0,
  0x0000, 0x0000, 0x0000, 0x0000, 0x0000, 0x0000, 0x0000, 0x0000, 0x0000, 0x0000, 0x0000, 0x0000,
  0x0000, 0x0000, 0x0000, 0x0000, 0x0000, 0x0000, 0x0000, 0x0000, 0x0000, 0x0000, 0x0000, 0x0000,
  0x0000, 0x0000, 0x0000, 0x0000, 0x0000, 0x0000, 0x0000, 0x0000, 0x0000, 0x0000, 0x0000, 0x0000,
  0x0000, 0x0000, 0x0000, 0x0000, 0x0000, 0x0000, 0x0000, 0x0000, 0x0000, 0x0000, 0x0000, 0x0000,
  0x0000, 0x0000, 0x0000, 0x0000, 0x0000, 0x0000, 0x0000, 0x0000, 0x0000, 0x0000, 0x0000, 0x0000,
  0x0000, 0x0000, 0x0000, 0x0000, 0x0000, 0x0000, 0x0000, 0x0000, 0x0000, 0x0000, 0x0000, 0x0000,
  0x0000, 0x0000, 0x0000, 0x0000, 0x0000, 0x0000, 0x0000, 0x0000, 0x0000, 0x0000, 0x0000, 0x0000,
  0x0000, 0x0000, 0x0000, 0x0000, 0x0000, 0x0000, 0x0000, 0x0000, 0x0000, 0x0000, 0x0000, 0x0000,
  0x0000, 0x0000, 0x0000, 0x0000, 0x0000, 0x0000, 0x0000, 0x0000, 0x0000, 0x0000, 0x0000, 0x0000,
  0x0000, 0x0000, 0x0000, 0x0000, 0x0000, 0x0000, 0x0000, 0x0000, 0x0000, 0x0000, 0x0000, 0x0000,
  0x0000, 0x0000, 0x0000, 0x0000, 0x0000, 0x0000, 0x0000, 0x0000, 0x0000, 0x0000, 0x0000, 0x0000,
  0x0000, 0x0000, 0x0000, 0x0000, 0x0000, 0x0000, 0x0000, 0x0000, 0x0000, 0x0000, 0x0000, 0x0000,
  0x0000, 0x0000, 0x0000, 0x0000, 0x0000, 0x0000, 0x0000, 0x0000, 0x0000, 0x0000, 0x0000, 0x0000,
  0x0000, 0x0000, 0x0000, 0x0000, 0x0000, 0x0000, 0x0000, 0x0000, 0x0000, 0x0000, 0x0000, 0x0000,
  0x0000, 0x0000, 0x0000, 0x0000, 0x0000, 0x0000, 0x0000, 0x0000, 0x0000, 0x0000, 0x0000, 0x0000,
  0x0000, 0x0000, 0x0000, 0x0000, 0x0000, 0x0000, 0x0000, 0x0000, 0x0000, 0x0000, 0x0000, 0x0000,
  0x0000, 0x0000, 0x0000, 0x0000, 0x0000, 0x0000, 0x0000, 0x0000, 0x0000, 0x0000, 0x0000, 0x0000,
  0x0000, 0x0000, 0x0000, 0x0000, 0x0000, 0xF548, 0xF548, 0xF58A, 0x8D63, 0x3D80, 0x3D80, 0x3D80,
  0x3D80, 0x3D80, 0x3D80, 0x3D80, 0x5581, 0x5581, 0x5581, 0x3D80, 0x3D80, 0xF7DD, 0xE77C, 0xFFFF,
  0xFFFF, 0xF58A, 0xF58A, 0xF548, 0xF548, 0xF548, 0xE73C, 0xE73C, 0xF7DD, 0xF7DD, 0x0000, 0x0000,
  0x0000, 0xD4A7, 0xD4A7, 0xD4A7, 0xD4A7, 0xD4A7, 0xD4A7, 0x0000, 0x0000, 0x0000, 0x0000, 0x0000,
  0x0000, 0x0000, 0x0000, 0x0000, 0x0000, 0x0000, 0x0000, 0x0000, 0x0000, 0x0000, 0x0000, 0x0000,
  0x0000, 0x0000, 0x0000, 0x0000, 0x0000, 0x0000, 0x0000, 0x0000, 0x0000, 0x0000, 0x0000, 0x0000,
  0x0000, 0x0000, 0x0000, 0x0000, 0x0000, 0x0000, 0x0000, 0x0000, 0x0000, 0x0000, 0x0000, 0x0000,
  0x0000, 0x0000, 0x0000, 0x0000, 0x0000, 0x0000, 0x0000, 0x0000, 0x0000, 0x0000, 0x0000, 0x0000,
  0x0000, 0x0000, 0x0000, 0x0000, 0x0000, 0x0000, 0x0000, 0x0000, 0x0000, 0x0000, 0x0000, 0x0000,
  0x0000, 0x0000, 0x0000, 0x0000, 0x0000, 0x0000, 0x0000, 0x0000, 0x0000, 0x0000, 0x0000, 0x0000,
  0x0000, 0x0000, 0x0000, 0x0000, 0x0000, 0x0000, 0x0000, 0x0000, 0x0000, 0x0000, 0x0000, 0x0000,
  0x0000, 0x0000, 0x0000, 0x0000, 0x0000, 0x0000, 0x0000, 0x0000, 0x0000, 0x0000, 0x0000, 0x0000,
  0x0000, 0x0000, 0x0000, 0x0000, 0x0000, 0x0000, 0x0000, 0x0000, 0x0000, 0x0000, 0x0000, 0x0000,
  0x0000, 0x0000, 0x0000, 0x0000, 0x0000, 0x0000, 0x0000, 0x0000, 0x0000, 0x0000, 0x0000, 0x0000,
  0x0000, 0x0000, 0x0000, 0x0000, 0x0000, 0x0000, 0x0000, 0x0000, 0x0000, 0x0000, 0x0000, 0x0000,
  0x0000, 0x0000, 0x0000, 0x0000, 0x0000, 0x0000, 0x0000, 0x0000, 0x0000, 0x0000, 0x0000, 0x0000,
  0x0000, 0x0000, 0x0000, 0x0000, 0x0000, 0x0000, 0x0000, 0x0000, 0x0000, 0x0000, 0x0000, 0x0000,
  0x0000, 0x0000, 0x0000, 0x0000, 0x0000, 0x0000, 0x0000, 0x0000, 0x0000, 0x0000, 0x0000, 0x0000,
  0x0000, 0x0000, 0x0000, 0x0000, 0x0000, 0x0000, 0x0000, 0x0000, 0x0000, 0x0000, 0x0000, 0x0000,
  0x0000, 0x0000, 0x0000, 0x0000, 0x0000, 0x0000, 0x0000, 0x0000, 0x0000, 0x0000, 0x0000, 0x0000,
  0x0000, 0x0000, 0x0000, 0x0000, 0x0000, 0xF548, 0xF548, 0xF548, 0x8D63, 0x3D80, 0x3D80, 0x3D80,
  0x3D80, 0x3D80, 0x3D80, 0x3D80, 0x3D80, 0x3D80, 0x3D80, 0x3D80, 0x3D80, 0xFFFF, 0xFFFF, 0xFFFF,
  0xFFFF, 0xF548, 0xF548, 0xF548, 0xF548, 0xF548, 0xFFFF, 0xFFFF, 0xFFFF, 0xFFFF, 0x0000, 0x0000,
  0x0000, 0xED48, 0xF548, 0xF548, 0xF548, 0xF548, 0xF548, 0x0000, 0x0000, 0x0000, 0x0000, 0x0000,
  0x0000, 0x0000, 0x0000, 0x0000, 0x0000, 0x0000, 0x0000, 0x0000, 0x0000, 0x0000, 0x0000, 0x0000,
  0x0000, 0x0000, 0x0000, 0x0000, 0x0000, 0x0000, 0x0000, 0x0000, 0x0000, 0x0000, 0x0000, 0x0000,
  0x0000, 0x0000, 0x0000, 0x0000, 0x0000, 0x0000, 0x0000, 0x0000, 0x0000, 0x0000, 0x0000, 0x0000,
  0x0000, 0x0000, 0x0000, 0x0000, 0x0000, 0x0000, 0x0000, 0x0000, 0x0000, 0x0000, 0x0000, 0x0000,
  0x0000, 0x0000, 0x0000, 0x0000, 0x0000, 0x0000, 0x0000, 0x0000, 0x0000, 0x0000, 0x0000, 0x0000,
  0x0000, 0x0000, 0x0000, 0x0000, 0x0000, 0x0000, 0x0000, 0x0000, 0x0000, 0x0000, 0x0000, 0x0000,
  0x0000, 0x0000, 0x0000, 0x0000, 0x0000, 0x0000, 0x0000, 0x0000, 0x0000, 0x0000, 0x0000, 0x0000,
  0x0000, 0x0000, 0x0000, 0x0000, 0x0000, 0x0000, 0x0000, 0x0000, 0x0000, 0x0000, 0x0000, 0x0000,
  0x0000, 0x0000, 0x0000, 0x0000, 0x0000, 0x0000, 0x0000, 0x0000, 0x0000, 0x0000, 0x0000, 0x0000,
  0x0000, 0x0000, 0x0000, 0x0000, 0x0000, 0x0000, 0x0000, 0x0000, 0x0000, 0x0000, 0x0000, 0x0000,
  0x0000, 0x0000, 0x0000, 0x0000, 0x0000, 0x0000, 0x0000, 0x0000, 0x0000, 0x0000, 0x0000, 0x0000,
  0x0000, 0x0000, 0x0000, 0x0000, 0x0000, 0x0000, 0x0000, 0x0000, 0x0000, 0x0000, 0x0000, 0x0000,
  0x0000, 0x0000, 0x0000, 0x0000, 0x0000, 0x0000, 0x0000, 0x0000, 0x0000, 0x0000, 0x0000, 0x0000,
  0x0000, 0x0000, 0x0000, 0x0000, 0x0000, 0x0000, 0x0000, 0x0000, 0x0000, 0x0000, 0x0000, 0x0000,
  0x0000, 0x0000, 0x0000, 0x0000, 0x0000, 0x0000, 0x0000, 0x0000, 0x0000, 0x0000, 0x0000, 0x0000,
  0x0000, 0x0000, 0x0000, 0x0000, 0x0000, 0x0000, 0x0000, 0x0000, 0x0000, 0x0000, 0x0000, 0x0000,
  0x0000, 0x0000, 0x0000, 0xFFFF, 0xFFFF, 0x3D80, 0x3D80, 0x3D80, 0x3D80, 0x3D80, 0x3D80, 0x3D80,
  0x3D80, 0x3D80, 0x3D80, 0x3D80, 0x3D80, 0x3D80, 0x3D80, 0x3D80, 0x3D80, 0xFFFF, 0xFFFF, 0x3D80,
  0x3D80, 0xF548, 0xF548, 0xF548, 0xFFFF, 0xFFFF, 0xFFFF, 0xFFFF, 0xF548, 0xF548, 0xF548, 0xF548,
  0xF548, 0x0000, 0x0000, 0xFFDF, 0xFFFF, 0xF548, 0xF548, 0xF548, 0xDD6F, 0x0000, 0x0000, 0x0000,
  0x0000, 0x0000, 0x0000, 0x0000, 0x0000, 0x0000, 0x0000, 0x0000, 0x0000, 0x0000, 0x0000, 0x0000,
  0x0000, 0x0000, 0x0000, 0x0000, 0x0000, 0x0000, 0x0000, 0x0000, 0x0000, 0x0000, 0x0000, 0x0000,
  0x0000, 0x0000, 0x0000, 0x0000, 0x0000, 0x0000, 0x0000, 0x0000, 0x0000, 0x0000, 0x0000, 0x0000,
  0x0000, 0x1564, 0x1564, 0x1564, 0x1564, 0x8E31, 0x0000, 0x0000, 0x0000, 0x0000, 0x0000, 0x0000,
  0x0000, 0x0000, 0x0000, 0x0000, 0x0000, 0x0000, 0x0000, 0x1564, 0x1564, 0x1564, 0x1564, 0x0000,
  0x0000, 0x0000, 0x0000, 0x0000, 0x1564, 0x1564, 0x1564, 0x1564, 0x1564, 0x1564, 0x1564, 0x1564,
  0x1564, 0x1564, 0x1564, 0x1564, 0x1564, 0x1564, 0x1564, 0x1564, 0x1564, 0x1564, 0x1564, 0x1564,
  0x1564, 0x1564, 0x0000, 0x0000, 0x0000, 0x0000, 0x0000, 0x1564, 0x1564, 0x1564, 0x1564, 0x0000,
  0x0000, 0x0000, 0x0000, 0x0000, 0x0000, 0x0000, 0x0000, 0x0000, 0x0000, 0x0000, 0x0000, 0x0000,
  0x0000, 0x0000, 0x0000, 0x0000, 0x0000, 0x0000, 0x0000, 0x0000, 0x0000, 0x1564, 0x1564, 0x1564,
  0x1564, 0x75AC, 0x0000, 0x0000, 0x0000, 0x0000, 0x0000, 0x0000, 0x0000, 0x0000, 0x0000, 0x0000,
  0x0000, 0x0000, 0x0000, 0x0000, 0x0000, 0x0000, 0x0000, 0x0000, 0x0000, 0x0000, 0x0000, 0x0000,
  0x1564, 0x1564, 0x1564, 0x1564, 0x1564, 0x1564, 0x1564, 0x1564, 0x1564, 0x1564, 0x1564, 0x1564,
  0x1564, 0x1564, 0x1564, 0x1564, 0x1564, 0x1564, 0x1564, 0x1564, 0x1564, 0x1564, 0x0000, 0x0000,
  0x0000, 0x0000, 0x0000, 0x1564, 0x1564, 0x1564, 0x1564, 0x1564, 0x1564, 0x1564, 0x1564, 0x1564,
  0x1564, 0x1564, 0x1564, 0x1564, 0x1564, 0x1564, 0x1564, 0x1564, 0x1564, 0x1564, 0x1564, 0x1564,
  0x1564, 0x0000, 0x0000, 0xFFFF, 0xFFFF, 0x3D80, 0x3D80, 0x3D80, 0x3D80, 0x3D80, 0x3D80, 0x3D80,
  0x3D80, 0x3D80, 0x3D80, 0x3D80, 0x3D80, 0x3D80, 0x3D80, 0x3D80, 0x3D80, 0xFFFF, 0xFFFF, 0x3D80,
  0x3D80, 0xF548, 0xF548, 0xF548, 0xFFFF, 0xFFFF, 0xFFFF, 0xFFFF, 0xF548, 0xF548, 0xF548, 0xF548,
  0xF548, 0x0000, 0x0000, 0xFFDF, 0xFFFF, 0xF548, 0xF548, 0xF548, 0xDD6F, 0x0000, 0x0000, 0x0000,
  0x0000, 0x0000, 0x0000, 0x0000, 0x0000, 0x0000, 0x0000, 0x0000, 0x0000, 0x0000, 0x0000, 0x0000,
  0x0000, 0x0000, 0x0000, 0x0000, 0x0000, 0x0000, 0x0000, 0x0000, 0x0000, 0x0000, 0x0000, 0x0000,
  0x0000, 0x0000, 0x0000, 0x0000, 0x0000, 0x0000, 0x0000, 0x0000, 0x0000, 0x0000, 0x0000, 0x0000,
  0x0000, 0x1564, 0x1564, 0x1564, 0x1564, 0x8E31, 0x0000, 0x0000, 0x0000, 0x0000, 0x0000, 0x0000,
  0x0000, 0x0000, 0x0000, 0x0000, 0x0000, 0x0000, 0x0000, 0x1564, 0x1564, 0x1564, 0x1564, 0x0000,
  0x0000, 0x0000, 0x0000, 0x0000, 0x1564, 0x1564, 0x1564, 0x1564, 0x1564, 0x1564, 0x1564, 0x1564,
  0x1564, 0x1564, 0x1564, 0x1564, 0x1564, 0x1564, 0x1564, 0x1564, 0x1564, 0x1564, 0x1564, 0x1564,
  0x1564, 0x1564, 0x0000, 0x0000, 0x0000, 0x0000, 0x0000, 0x1564, 0x1564, 0x1564, 0x1564, 0x0000,
  0x0000, 0x0000, 0x0000, 0x0000, 0x0000, 0x0000, 0x0000, 0x0000, 0x0000, 0x0000, 0x0000, 0x0000,
  0x0000, 0x0000, 0x0000, 0x0000, 0x0000, 0x0000, 0x0000, 0x0000, 0x0000, 0x1564, 0x1564, 0x1564,
  0x1564, 0x75AC, 0x0000, 0x0000, 0x0000, 0x0000, 0x0000, 0x0000, 0x0000, 0x0000, 0x0000, 0x0000,
  0x0000, 0x0000, 0x0000, 0x0000, 0x0000, 0x0000, 0x0000, 0x0000, 0x0000, 0x0000, 0x0000, 0x0000,
  0x1564, 0x1564, 0x1564, 0x1564, 0x1564, 0x1564, 0x1564, 0x1564, 0x1564, 0x1564, 0x1564, 0x1564,
  0x1564, 0x1564, 0x1564, 0x1564, 0x1564, 0x1564, 0x1564, 0x1564, 0x1564, 0x1564, 0x0000, 0x0000,
  0x0000, 0x0000, 0x0000, 0x1564, 0x1564, 0x1564, 0x1564, 0x1564, 0x1564, 0x1564, 0x1564, 0x1564,
  0x1564, 0x1564, 0x1564, 0x1564, 0x1564, 0x1564, 0x1564, 0x1564, 0x1564, 0x1564, 0x1564, 0x1564,
  0x1564, 0xCE79, 0xFFFF, 0xF545, 0xF548, 0x3D80, 0x3D80, 0x3D80, 0x3D80, 0x3D80, 0xD759, 0xFFFF,
  0xFFFF, 0xFFFF, 0xFFFF, 0xFFFF, 0x3D80, 0x3D80, 0x3D80, 0x3D80, 0x3D80, 0xFFFF, 0xFFFF, 0x3D80,
  0x3D80, 0x3580, 0xB636, 0xFFFF, 0xFFFF, 0xFFFF, 0xED48, 0xF548, 0xF548, 0xF548, 0xF548, 0xF548,
  0xF548, 0x0000, 0x0000, 0x0000, 0x0000, 0xF548, 0xF548, 0xF548, 0xDD6F, 0x0000, 0x0000, 0x0000,
  0x0000, 0x0000, 0x0000, 0x0000, 0x0000, 0x0000, 0x0000, 0x0000, 0x0000, 0x0000, 0x0000, 0x0000,
  0x0000, 0x0000, 0x0000, 0x0000, 0x0000, 0x0000, 0x0000, 0x0000, 0x0000, 0x0000, 0x0000, 0x0000,
  0x0000, 0x0000, 0x0000, 0x0000, 0x0000, 0x0000, 0x0000, 0x0000, 0x0000, 0x0000, 0x0000, 0x0000,
  0x0000, 0x1564, 0x1564, 0x1564, 0x1564, 0x8E31, 0x0000, 0x0000, 0x0000, 0x0000, 0x0000, 0x0000,
  0x0000, 0x0000, 0x0000, 0x0000, 0x0000, 0x0000, 0x0000, 0x1564, 0x1564, 0x1564, 0x1564, 0x0000,
  0x0000, 0x0000, 0x0000, 0x0000, 0x1564, 0x1564, 0x1564, 0x1564, 0x1564, 0x1564, 0x1564, 0x1564,
  0x1564, 0x1564, 0x1564, 0x1564, 0x1564, 0x1564, 0x1564, 0x1564, 0x1564, 0x1564, 0x1564, 0x1564,
  0x1564, 0x1564, 0x0000, 0x0000, 0x0000, 0x0000, 0x0000, 0x1564, 0x1564, 0x1564, 0x1564, 0x0000,
  0x0000, 0x0000, 0x0000, 0x0000, 0x0000, 0x0000, 0x0000, 0x0000, 0x0000, 0x0000, 0x0000, 0x0000,
  0x0000, 0x0000, 0x0000, 0x0000, 0x0000, 0x0000, 0x0000, 0x0000, 0x0000, 0x1564, 0x1564, 0x1564,
  0x1564, 0x75EE, 0x0000, 0x0000, 0x0000, 0x0000, 0x0000, 0x0000, 0x0000, 0x0000, 0x0000, 0x0000,
  0x0000, 0x0000, 0x0000, 0x0000, 0x0000, 0x0000, 0x0000, 0x0000, 0x0000, 0x0000, 0x0000, 0x0000,
  0x1564, 0x1564, 0x1564, 0x1564, 0x1564, 0x1564, 0x1564, 0x1564, 0x1564, 0x1564, 0x1564, 0x1564,
  0x1564, 0x1564, 0x1564, 0x1564, 0x1564, 0x1564, 0x1564, 0x1564, 0x1564, 0x1564, 0x0000, 0x0000,
  0x0000, 0x0000, 0x0000, 0x1564, 0x1564, 0x1564, 0x1564, 0x1564, 0x1564, 0x1564, 0x1564, 0x1564,
  0x1564, 0x1564, 0x1564, 0x1564, 0x1564, 0x1564, 0x1564, 0x1564, 0x1564, 0x1564, 0x1564, 0x1564,
  0x1564, 0xC618, 0xD6BA, 0xD4A7, 0xD4A7, 0x3D80, 0x3D80, 0x3D80, 0x3D80, 0x3D80, 0xDEF5, 0xFF9D,
  0xFFFF, 0xFFFF, 0xFFFF, 0xFFFE, 0x3D80, 0x3D80, 0x3D80, 0x5DE7, 0x5DC7, 0xFFFF, 0xFFFF, 0x3D80,
  0x3D80, 0x3D80, 0x9DF2, 0xE73C, 0xD6BA, 0xD6BA, 0xED48, 0xF548, 0xF548, 0xF548, 0xF548, 0xF548,
  0xF548, 0xD6BA, 0xD6BA, 0x0000, 0x0000, 0xF5CD, 0xF5EE, 0xF548, 0xDD6F, 0x0000, 0x0000, 0x0000,
  0x0000, 0x0000, 0x0000, 0x0000, 0x0000, 0x0000, 0x0000, 0x0000, 0x0000, 0x0000, 0x0000, 0xF8A2,
  0x0000, 0x0000, 0xE882, 0xF8A2, 0xF8A2, 0x0000, 0xF8A2, 0xF8A2, 0xF8A2, 0xF8A2, 0x0000, 0x0000,
  0xF8A2, 0xF8A2, 0x8020, 0x0000, 0x0000, 0x0000, 0x0000, 0x0000, 0x0000, 0x0000, 0x0000, 0x0000,
  0x0000, 0x1564, 0x1564, 0x1564, 0x1564, 0x8E31, 0x0000, 0x0000, 0x0000, 0x0000, 0x0000, 0x0000,
  0x0000, 0x0000, 0x0000, 0x0000, 0x0000, 0x0000, 0x0000, 0x1564, 0x1564, 0x1564, 0x1564, 0x0000,
  0x0000, 0x0000, 0x0000, 0x0000, 0x1564, 0x1564, 0x1564, 0x1564, 0x1564, 0x1564, 0x1564, 0x1564,
  0x1564, 0x1564, 0x1564, 0x1564, 0x1564, 0x1564, 0x1564, 0x1564, 0x1564, 0x1564, 0x1564, 0x1564,
  0x1564, 0x1564, 0x0000, 0x0000, 0x0000, 0x0000, 0x0000, 0x1564, 0x1564, 0x1564, 0x1564, 0x0000,
  0x0000, 0x0000, 0x0000, 0x0000, 0x0000, 0x0000, 0x0000, 0x0000, 0x0000, 0x0000, 0x0000, 0x0000,
  0x0000, 0x0000, 0x0000, 0x0000, 0x0000, 0x0000, 0x0000, 0x0000, 0x0000, 0x1564, 0x1564, 0x1564,
  0x1564, 0x75EE, 0x0000, 0x0000, 0x0000, 0x0000, 0x0000, 0x0000, 0x0000, 0x0000, 0x0000, 0x0000,
  0x0000, 0x0000, 0x0000, 0x0000, 0x0000, 0x0000, 0x0000, 0x0000, 0x0000, 0x0000, 0x0000, 0x0000,
  0x1564, 0x1564, 0x1564, 0x1564, 0x1564, 0x1564, 0x1564, 0x1564, 0x1564, 0x1564, 0x1564, 0x1564,
  0x1564, 0x1564, 0x1564, 0x1564, 0x1564, 0x1564, 0x1564, 0x1564, 0x1564, 0x1564, 0x0000, 0x0000,
  0x0000, 0x0000, 0x0000, 0x1564, 0x1564, 0x1564, 0x1564, 0x1564, 0x1564, 0x1564, 0x1564, 0x1564,
  0x1564, 0x1564, 0x1564, 0x1564, 0x1564, 0x1564, 0x1564, 0x1564, 0x1564, 0x1564, 0x1564, 0x1564,
  0x1564, 0x0000, 0x0000, 0x0000, 0x0000, 0x3D80, 0x3D80, 0x3D80, 0x3D80, 0x3D80, 0xCD66, 0xF548,
  0xFFFF, 0xFFFF, 0xFFFF, 0xFFFE, 0x3D80, 0x3D80, 0x3D80, 0xBF16, 0xFFFF, 0xFFFF, 0xFFFF, 0x3D80,
  0x3D80, 0x3D80, 0xB6F4, 0xFFFF, 0xED48, 0xF548, 0xF548, 0xF548, 0xF548, 0xF548, 0xF548, 0xF548,
  0xF548, 0xF548, 0xF548, 0x0000, 0x0000, 0xFFFF, 0xFFFF, 0xF548, 0xDD6F, 0x0000, 0x0000, 0x0000,
  0x0000, 0x0000, 0x0000, 0x0000, 0x0000, 0x0000, 0x0000, 0x0000, 0xE882, 0xF8A2, 0xF8A2, 0xF8A2,
  0xF8A2, 0xF8A2, 0xF8A2, 0xF8A2, 0xFFFF, 0xF8A2, 0xF8A2, 0xF8A2, 0xF8A2, 0xF8A2, 0xF8A2, 0xF8A2,
  0xF8A2, 0xF8A2, 0xF8A2, 0xF8A2, 0x0000, 0x0000, 0x0000, 0x0000, 0x0000, 0x0000, 0x0000, 0x0000,
  0x0000, 0x1564, 0x1564, 0x1564, 0x1564, 0x8E31, 0x0000, 0x0000, 0x0000, 0x0000, 0x0000, 0x0000,
  0x0000, 0x0000, 0x0000, 0x0000, 0x0000, 0x0000, 0x0000, 0x1564, 0x1564, 0x1564, 0x1564, 0x0000,
  0x0000, 0x0000, 0x0000, 0x0000, 0x1564, 0x1564, 0x1564, 0x1564, 0x1564, 0x1564, 0x1564, 0x1564,
  0x1564, 0x1564, 0x1564, 0x1564, 0x1564, 0x1564, 0x1564, 0x1564, 0x1564, 0x1564, 0x1564, 0x1564,
  0x1564, 0x1564, 0x0000, 0x0000, 0x0000, 0x0000, 0x0000, 0x1564, 0x1564, 0x1564, 0x1564, 0x0000,
  0x0000, 0x0000, 0x0000, 0x0000, 0x0000, 0x0000, 0x0000, 0x0000, 0x0000, 0x0000, 0x0000, 0x0000,
  0x0000, 0x0000, 0x0000, 0x0000, 0x0000, 0x0000, 0x0000, 0x0000, 0x0000, 0x1564, 0x1564, 0x1564,
  0x1564, 0x75EE, 0x0000, 0x0000, 0x0000, 0x0000, 0x0000, 0x0000, 0x0000, 0x0000, 0x0000, 0x0000,
  0x0000, 0x0000, 0x0000, 0x0000, 0x0000, 0x0000, 0x0000, 0x0000, 0x0000, 0x0000, 0x0000, 0x0000,
  0x1564, 0x1564, 0x1564, 0x1564, 0x1564, 0x1564, 0x1564, 0x1564, 0x1564, 0x1564, 0x1564, 0x1564,
  0x1564, 0x1564, 0x1564, 0x1564, 0x1564, 0x1564, 0x1564, 0x1564, 0x1564, 0x1564, 0x0000, 0x0000,
  0x0000, 0x0000, 0x0000, 0x1564, 0x1564, 0x1564, 0x1564, 0x1564, 0x1564, 0x1564, 0x1564, 0x1564,
  0x1564, 0x1564, 0x1564, 0x1564, 0x1564, 0x1564, 0x1564, 0x1564, 0x1564, 0x1564, 0x1564, 0x1564,
  0x1564, 0x0000, 0x0000, 0xD6BA, 0x0000, 0x3580, 0x3D80, 0x3D80, 0x3D80, 0x3D80, 0xCD66, 0xF548,
  0xFFFE, 0xFF9D, 0xF7DD, 0xF7DD, 0x3D80, 0x3D80, 0x3D80, 0xBF16, 0xFFFF, 0xFFFF, 0xFFFF, 0x3D80,
  0x3D80, 0x3D80, 0x9E92, 0xF7DD, 0xDD47, 0xED47, 0xF548, 0xF548, 0xF548, 0xF548, 0xF548, 0xF548,
  0xF548, 0xF548, 0xF548, 0x0000, 0x0000, 0xEF7D, 0xE73C, 0xF548, 0xDD6F, 0x0000, 0x0000, 0x0000,
  0x0000, 0x0000, 0x0000, 0x0000, 0x0000, 0xF8A2, 0xF8A2, 0xF8A2, 0xF8A2, 0xF802, 0xFD08, 0xFD08,
  0xFD08, 0xF8A2, 0xF8A2, 0xF8A2, 0xF8A2, 0xF8A2, 0xF8A2, 0xF8A2, 0xF8A2, 0xF8A2, 0xF8A2, 0xF8A2,
  0xF8A2, 0xF8A2, 0xF8A2, 0xF8A2, 0xF8A2, 0x0000, 0x0000, 0x0000, 0x0000, 0x0000, 0x0000, 0x0000,
  0x0000, 0x1564, 0x1564, 0x1564, 0x1564, 0x8E31, 0x0000, 0x0000, 0x0000, 0x0000, 0x1564, 0x1564,
  0x1564, 0x1564, 0xE77C, 0x0000, 0x0000, 0x0000, 0x0000, 0x1564, 0x1564, 0x1564, 0x1564, 0x0000,
  0x0000, 0x0000, 0x0000, 0x0000, 0x1564, 0x1564, 0x1564, 0x1564, 0x0000, 0x0000, 0x0000, 0x0000,
  0x0000, 0x0000, 0x0000, 0x0000, 0x0000, 0x0000, 0x0000, 0x0000, 0x0000, 0x0000, 0x1564, 0x1564,
  0x1564, 0x1564, 0x0000, 0x0000, 0x0000, 0x0000, 0x0000, 0x1564, 0x1564, 0x1564, 0x1564, 0x0000,
  0x0000, 0x0000, 0x0000, 0x0000, 0x0000, 0x0000, 0x0000, 0x0000, 0x0000, 0x0000, 0x0000, 0x0000,
  0x0000, 0x0000, 0x0000, 0x0000, 0x0000, 0x0000, 0x0000, 0x0000, 0x0000, 0x1564, 0x1564, 0x1564,
  0x1564, 0x75EE, 0x0000, 0x0000, 0x0000, 0x0000, 0x0000, 0x0000, 0x0000, 0x0000, 0x0000, 0x0000,
  0x0000, 0x0000, 0x0000, 0x0000, 0x0000, 0x0000, 0x0000, 0x0000, 0x0000, 0x0000, 0x0000, 0x0000,
  0x1564, 0x1564, 0x1564, 0x1564, 0x8E31, 0x0000, 0x0000, 0x0000, 0x0000, 0x0000, 0x0000, 0x0000,
  0x0000, 0x0000, 0x0000, 0x0000, 0x0000, 0x0000, 0x0000, 0x0000, 0x0000, 0x0000, 0x0000, 0x0000,
  0x0000, 0x0000, 0x0000, 0x0000, 0x0000, 0x0000, 0x0000, 0x0000, 0x0000, 0x0000, 0x0000, 0xBED7,
  0x1564, 0x1564, 0x1564, 0x1564, 0x0000, 0x0000, 0x0000, 0x0000, 0x0000, 0x0000, 0x0000, 0x0000,
  0x0000, 0x0000, 0x0000, 0xFFDF, 0xFFFF, 0xFFFF, 0xE73C, 0x3D80, 0x3D80, 0x3D80, 0xCD66, 0xF548,
  0xF548, 0xF548, 0x3D80, 0x3D80, 0x3D80, 0x3D80, 0x3D80, 0xBF16, 0xFFFF, 0xFFFF, 0xFFFF, 0x3D80,
  0x3D80, 0x3D80, 0x3D80, 0x3D80, 0x3D80, 0x3D80, 0xF548, 0xF548, 0xF548, 0xF548, 0xF548, 0xF548,
  0xF548, 0xF548, 0xF548, 0x0000, 0x0000, 0x0000, 0x0000, 0xF548, 0xDD6F, 0x0000, 0x0000, 0x0000,
  0x0000, 0x0000, 0x0000, 0x0000, 0xF802, 0xFFFF, 0xFD08, 0xFD08, 0xFD08, 0xFD08, 0xFD08, 0xFD08,
  0xFD08, 0xFD08, 0xFD08, 0xFD08, 0xFD08, 0xFD08, 0xFD08, 0xFD08, 0xFD08, 0xFD08, 0xF8A2, 0xF8A2,
  0xF8A2, 0xF8A2, 0x8020, 0x0000, 0x0000, 0x0000, 0x0000, 0x0000, 0x0000, 0x0000, 0x0000, 0x0000,
  0x0000, 0x1564, 0x1564, 0x1564, 0x1564, 0x8E31, 0x0000, 0x0000, 0x0000, 0x0000, 0x1564, 0x1564,
  0x1564, 0x1564, 0xE77C, 0x0000, 0x0000, 0x0000, 0x0000, 0x1564, 0x1564, 0x1564, 0x1564, 0x0000,
  0x0000, 0x0000, 0x0000, 0x0000, 0x1564, 0x1564, 0x1564, 0x1564, 0x0000, 0x0000, 0x0000, 0x0000,
  0x0000, 0x0000, 0x0000, 0x0000, 0x0000, 0x0000, 0x0000, 0x0000, 0x0000, 0x0000, 0x1564, 0x1564,
  0x1564, 0x1564, 0x0000, 0x0000, 0x0000, 0x0000, 0x0000, 0x1564, 0x1564, 0x1564, 0x1564, 0x0000,
  0x0000, 0x0000, 0x0000, 0x0000, 0x0000, 0x0000, 0x0000, 0x0000, 0x0000, 0x0000, 0x0000, 0x0000,
  0x0000, 0x0000, 0x0000, 0x0000, 0x0000, 0x0000, 0x0000, 0x0000, 0x0000, 0x1564, 0x1564, 0x1564,
  0x1564, 0x8E31, 0x0000, 0x0000, 0x0000, 0x0000, 0x0000, 0x0000, 0x0000, 0x0000, 0x0000, 0x0000,
  0x0000, 0x0000, 0x0000, 0x0000, 0x0000, 0x0000, 0x0000, 0x0000, 0x0000, 0x0000, 0x0000, 0x0000,
  0x1564, 0x1564, 0x1564, 0x1564, 0x8E31, 0x0000, 0x0000, 0x0000, 0x0000, 0x0000, 0x0000, 0x0000,
  0x0000, 0x0000, 0x0000, 0x0000, 0x0000, 0x0000, 0x0000, 0x0000, 0x0000, 0x0000, 0x0000, 0x0000,
  0x0000, 0x0000, 0x0000, 0x0000, 0x0000, 0x0000, 0x0000, 0x0000, 0x0000, 0x0000, 0x0000, 0xBED7,
  0x1564, 0x1564, 0x1564, 0x1564, 0x0000, 0x0000, 0x0000, 0x0000, 0x0000, 0x0000, 0x0000, 0x0000,
  0x0000, 0xAD55, 0xAD55, 0xFFFF, 0xFFFF, 0xFFFF, 0xEF7D, 0x3D80, 0x3D80, 0x3D80, 0x6562, 0x8563,
  0x8563, 0x8563, 0x3D80, 0x3D80, 0x3D80, 0x3D80, 0x3D80, 0xBF16, 0xFFFF, 0xFFFF, 0xFFFF, 0x3D80,
  0x3D80, 0x3D80, 0x3D80, 0x3D80, 0x3D80, 0x3D80, 0xF548, 0xF548, 0xF548, 0xF548, 0xF548, 0xF548,
  0xF548, 0xF548, 0xF548, 0x0000, 0x0000, 0xC5D6, 0xC618, 0xBD95, 0xCE79, 0x0000, 0x0000, 0x0000,
  0x0000, 0x0000, 0x0000, 0x0000, 0xF802, 0xFC10, 0xFF7C, 0xFF7C, 0xFF7C, 0xFF7C, 0xFF7C, 0xFD08,
  0xFD08, 0xFD08, 0xFD08, 0xFD08, 0xFD08, 0xFA84, 0xFA84, 0xFA84, 0xFA84, 0xFA84, 0xF8A2, 0xF8A2,
  0xF8A2, 0xF8A2, 0xE882, 0xE882, 0xE882, 0xE882, 0xE882, 0xE882, 0x8020, 0x0000, 0x0000, 0x0000,
  0x0000, 0x1564, 0x1564, 0x1564, 0x1564, 0x8E31, 0x0000, 0x0000, 0x0000, 0x0000, 0x1564, 0x1564,
  0x1564, 0x1564, 0xE77C, 0x0000, 0x0000, 0x0000, 0x0000, 0x1564, 0x1564, 0x1564, 0x1564, 0x0000,
  0x0000, 0x0000, 0x0000, 0x0000, 0x1564, 0x1564, 0x1564, 0x1564, 0x0000, 0x0000, 0x0000, 0x0000,
  0x0000, 0x0000, 0x0000, 0x0000, 0x0000, 0x0000, 0x0000, 0x0000, 0x0000, 0x0000, 0x1564, 0x1564,
  0x1564, 0x1564, 0x0000, 0x0000, 0x0000, 0x0000, 0x0000, 0x1564, 0x1564, 0x1564, 0x1564, 0x0000,
  0x0000, 0x0000, 0x0000, 0x0000, 0x0000, 0x0000, 0x0000, 0x0000, 0x0000, 0x0000, 0x0000, 0x0000,
  0x0000, 0x0000, 0x0000, 0x0000, 0x0000, 0x0000, 0x0000, 0x0000, 0x0000, 0x1564, 0x1564, 0x1564,
  0x1564, 0x8E31, 0x0000, 0x0000, 0x0000, 0x0000, 0x0000, 0x0000, 0x0000, 0x0000, 0x0000, 0x0000,
  0x0000, 0x0000, 0x0000, 0x0000, 0x0000, 0x0000, 0x0000, 0x0000, 0x0000, 0x0000, 0x0000, 0x0000,
  0x1564, 0x1564, 0x1564, 0x1564, 0x8E31, 0x0000, 0x0000, 0x0000, 0x0000, 0x0000, 0x0000, 0x0000,
  0x0000, 0x0000, 0x0000, 0x0000, 0x0000, 0x0000, 0x0000, 0x0000, 0x0000, 0x0000, 0x0000, 0x0000,
  0x0000, 0x0000, 0x0000, 0x0000, 0x0000, 0x0000, 0x0000, 0x0000, 0x0000, 0x0000, 0x0000, 0xBED7,
  0x1564, 0x1564, 0x1564, 0x1564, 0x0000, 0x0000, 0x0000, 0x0000, 0x0000, 0x0000, 0x0000, 0x0000,
  0x0000, 0xF7BE, 0xFFFF, 0xFFFF, 0xFFFF, 0xFFFF, 0xEF7D, 0x3D80, 0x3D80, 0x3D80, 0x3D80, 0x3D80,
  0x3D80, 0x3D80, 0x3D80, 0x3D80, 0x3D80, 0x3D80, 0x3D80, 0xBF16, 0xFFFF, 0xFFFF, 0xFFFF, 0x3D80,
  0x3D80, 0x3D80, 0x3D80, 0x3D80, 0x3D80, 0x3D80, 0xF548, 0xF548, 0xF548, 0xF548, 0xF548, 0xF548,
  0xF548, 0xF548, 0xF548, 0x0000, 0x0000, 0xFFFF, 0xFFFF, 0x0000, 0x0000, 0x0000, 0x0000, 0x0000,
  0x0000, 0x0000, 0x0000, 0x0000, 0xF8A2, 0xF8A2, 0xFFFF, 0xFFFF, 0xFFFF, 0xFFFF, 0xFFFF, 0xFD08,
  0xFD08, 0xFD08, 0xFD08, 0xFD08, 0xFD08, 0xF802, 0xF8A2, 0xF8A2, 0xF802, 0xF802, 0xF802, 0xF8A2,
  0xF8A2, 0xF8A2, 0xF8A2, 0xF8A2, 0xF8A2, 0xF8A2, 0xF8A2, 0xF8A2, 0x8820, 0x0000, 0x0000, 0x0000,
  0x0000, 0x1564, 0x1564, 0x1564, 0x1564, 0x8E31, 0x0000, 0x0000, 0x0000, 0x0000, 0x1564, 0x1564,
  0x1564, 0x1564, 0xE77C, 0x0000, 0x0000, 0x0000, 0x0000, 0x1564, 0x1564, 0x1564, 0x1564, 0x0000,
  0x0000, 0x0000, 0x0000, 0x0000, 0x1564, 0x1564, 0x1564, 0x1564, 0x0000, 0x0000, 0x0000, 0x0000,
  0x0000, 0x0000, 0x0000, 0x0000, 0x0000, 0x0000, 0x0000, 0x0000, 0x0000, 0x0000, 0x1564, 0x1564,
  0x1564, 0x1564, 0x0000, 0x0000, 0x0000, 0x0000, 0x0000, 0x1564, 0x1564, 0x1564, 0x1564, 0x0000,
  0x0000, 0x0000, 0x0000, 0x0000, 0x0000, 0x0000, 0x0000, 0x0000, 0x0000, 0x0000, 0x0000, 0x0000,
  0x0000, 0x0000, 0x0000, 0x0000, 0x0000, 0x0000, 0x0000, 0x0000, 0x0000, 0x1564, 0x1564, 0x1564,
  0x1564, 0x8E31, 0x0000, 0x0000, 0x0000, 0x0000, 0x0000, 0x0000, 0x0000, 0x0000, 0x0000, 0x0000,
  0x0000, 0x0000, 0x0000, 0x0000, 0x0000, 0x0000, 0x0000, 0x0000, 0x0000, 0x0000, 0x0000, 0x0000,
  0x1564, 0x1564, 0x1564, 0x1564, 0x8E31, 0x0000, 0x0000, 0x0000, 0x0000, 0x0000, 0x0000, 0x0000,
  0x0000, 0x0000, 0x0000, 0x0000, 0x0000, 0x0000, 0x0000, 0x0000, 0x0000, 0x0000, 0x0000, 0x0000,
  0x0000, 0x0000, 0x0000, 0x0000, 0x0000, 0x0000, 0x0000, 0x0000, 0x0000, 0x0000, 0x0000, 0xBED7,
  0x1564, 0x1564, 0x1564, 0x1564, 0x0000, 0x0000, 0x0000, 0x0000, 0x0000, 0x0000, 0x0000, 0x0000,
  0x0000, 0x0000, 0x0000, 0xF545, 0xF545, 0xF545, 0xF545, 0x3D80, 0xD759, 0xFFFF, 0xFFFF, 0xFFFF,
  0x2560, 0x3D80, 0x3D80, 0x3D80, 0x3D80, 0x3D80, 0x3D80, 0xBF16, 0xFFFF, 0x2560, 0x2560, 0x3D80,
  0x3D80, 0x3D80, 0x3D80, 0x3D80, 0x3D80, 0x3D80, 0x0000, 0x0000, 0xF548, 0xF548, 0xF548, 0xF548,
  0xF548, 0xFFFF, 0xFFFF, 0x0000, 0x0000, 0x0000, 0x0000, 0x0000, 0x0000, 0x0000, 0x0000, 0x0000,
  0x0000, 0x0000, 0x0000, 0x0000, 0xF8A2, 0xF8A2, 0xFD08, 0xFD08, 0xFD08, 0xFD08, 0xFD08, 0xF8A2,
  0xF8A2, 0xFD08, 0xFD08, 0xFD08, 0xFD08, 0xFD08, 0xF8A2, 0xF8A2, 0xFC87, 0xFD08, 0xFD08, 0xF8A2,
  0xF8A2, 0xF8A2, 0xF8A2, 0xF8A2, 0xF8A2, 0x0000, 0x0000, 0x0000, 0x0000, 0x0000, 0x0000, 0x0000,
  0x0000, 0x1564, 0x1564, 0x1564, 0x1564, 0x1564, 0x1564, 0x1564, 0x1564, 0x1564, 0x1564, 0x1564,
  0x1564, 0x1564, 0xE77C, 0x0000, 0x0000, 0x0000, 0x0000, 0x1564, 0x1564, 0x1564, 0x1564, 0x0000,
  0x0000, 0x0000, 0x0000, 0x0000, 0x1564, 0x1564, 0x1564, 0x1564, 0x1564, 0x1564, 0x1564, 0x1564,
  0x1564, 0x1564, 0x1564, 0x1564, 0x1564, 0x1564, 0x1564, 0x1564, 0x1564, 0x1564, 0x1564, 0x1564,
  0x1564, 0x1564, 0x0000, 0x0000, 0x0000, 0x0000, 0x0000, 0x1564, 0x1564, 0x1564, 0x1564, 0x1564,
  0x1564, 0x1564, 0x1564, 0xBED7, 0x0000, 0x0000, 0x0000, 0x0000, 0x0000, 0x0000, 0x0000, 0x0000,
  0x0000, 0x0000, 0x0000, 0x0000, 0x0000, 0x0000, 0x0000, 0x0000, 0x0000, 0x1564, 0x1564, 0x1564,
  0x1564, 0x1564, 0x1564, 0x1564, 0x1564, 0x1564, 0x0000, 0x0000, 0x0000, 0x0000, 0x0000, 0x0000,
  0x0000, 0x0000, 0x0000, 0x0000, 0x0000, 0x0000, 0x0000, 0x0000, 0x0000, 0x0000, 0x0000, 0x0000,
  0x1564, 0x1564, 0x1564, 0x1564, 0x1564, 0x1564, 0x1564, 0x1564, 0x1564, 0x1564, 0x1564, 0x1564,
  0x1564, 0x1564, 0x1564, 0x1564, 0x1564, 0x1564, 0x1564, 0x1564, 0x1564, 0x1564, 0x0000, 0x0000,
  0x0000, 0x0000, 0x0000, 0x0000, 0x0000, 0x0000, 0x0000, 0x0000, 0x0000, 0x0000, 0x0000, 0xBED7,
  0x1564, 0x1564, 0x1564, 0x1564, 0x1564, 0x1564, 0x1564, 0x1564, 0x0000, 0x0000, 0x0000, 0x0000,
  0x0000, 0x0000, 0x0000, 0xF548, 0xF548, 0xF548, 0xED47, 0x3D80, 0xD759, 0xFFFF, 0xFFFF, 0xFFFF,
  0x2560, 0x3D80, 0x3D80, 0x3D80, 0x3D80, 0x3D80, 0x3D80, 0xBF16, 0xFFFF, 0x2560, 0x3D80, 0x3D80,
  0x3D80, 0x3D80, 0x3D80, 0x3D80, 0x3D80, 0x3D80, 0x0000, 0x0000, 0xF548, 0xF548, 0xF548, 0xF548,
  0xF548, 0xFFFF, 0xFFFF, 0x0000, 0x0000, 0x0000, 0x0000, 0x0000, 0x0000, 0x0000, 0x0000, 0x0000,
  0x0000, 0x0000, 0x0000, 0x0000, 0x0000, 0x0000, 0x0000, 0xF8A2, 0xF8A2, 0xF8A2, 0xF8A2, 0xF8A2,
  0xF8A2, 0xF8A2, 0xF8A2, 0xF8A2, 0xF8A2, 0xF8A2, 0xF8A2, 0xF8A2, 0xF8A2, 0xF8A2, 0xF8A2, 0xF8A2,
  0xF8A2, 0xF8A2, 0x8020, 0x0000, 0x0000, 0x0000, 0x0000, 0x0000, 0x0000, 0x0000, 0x0000, 0x0000,
  0x0000, 0x1564, 0x1564, 0x1564, 0x1564, 0x1564, 0x1564, 0x1564, 0x1564, 0x1564, 0x1564, 0x1564,
  0x1564, 0x1564, 0xE77C, 0x0000, 0x0000, 0x0000, 0x0000, 0x1564, 0x1564, 0x1564, 0x1564, 0x0000,
  0x0000, 0x0000, 0x0000, 0x0000, 0x1564, 0x1564, 0x1564, 0x1564, 0x1564, 0x1564, 0x1564, 0x1564,
  0x1564, 0x1564, 0x1564, 0x1564, 0x1564, 0x1564, 0x1564, 0x1564, 0x1564, 0x1564, 0x1564, 0x1564,
  0x1564, 0x1564, 0x0000, 0x0000, 0x0000, 0x0000, 0x0000, 0x1564, 0x1564, 0x1564, 0x1564, 0x1564,
  0x1564, 0x1564, 0x1564, 0xBED7, 0x0000, 0x0000, 0x0000, 0x0000, 0x0000, 0x0000, 0x0000, 0x0000,
  0x0000, 0x0000, 0x0000, 0x0000, 0x0000, 0x0000, 0x0000, 0x0000, 0x0000, 0x1564, 0x1564, 0x1564,
  0x1564, 0x1564, 0x1564, 0x1564, 0x1564, 0x1564, 0x0000, 0x0000, 0x0000, 0x0000, 0x0000, 0x0000,
  0x0000, 0x0000, 0x0000, 0x0000, 0x0000, 0x0000, 0x0000, 0x0000, 0x0000, 0x0000, 0x0000, 0x0000,
  0x1564, 0x1564, 0x1564, 0x1564, 0x1564, 0x1564, 0x1564, 0x1564, 0x1564, 0x1564, 0x1564, 0x1564,
  0x1564, 0x1564, 0x1564, 0x1564, 0x1564, 0x1564, 0x1564, 0x1564, 0x1564, 0x1564, 0x0000, 0x0000,
  0x0000, 0x0000, 0x0000, 0x0000, 0x0000, 0x0000, 0x0000, 0x0000, 0x0000, 0x0000, 0x0000, 0xBED7,
  0x1564, 0x1564, 0x1564, 0x1564, 0x1564, 0x1564, 0x1564, 0x1564, 0x0000, 0x0000, 0x0000, 0x0000,
  0x0000, 0x0000, 0x0000, 0x3D80, 0x3580, 0xF548, 0xED47, 0x3D80, 0x3D80, 0x3D80, 0xCD66, 0xF548,
  0x1D80, 0x3D80, 0x3D80, 0x3D80, 0x3D80, 0xBF16, 0xFFFF, 0xFFFF, 0xFFFF, 0x2560, 0x3D80, 0x3D80,
  0x3D80, 0x3D80, 0x3D80, 0x3D80, 0x3D80, 0x3D80, 0x0000, 0x0000, 0x0000, 0x0000, 0x0000, 0x0000,
  0x0000, 0x0000, 0x0000, 0x0000, 0x0000, 0x0000, 0x0000, 0x0000, 0x0000, 0x0000, 0x0000, 0x0000,
  0x0000, 0x0000, 0x0000, 0x0000, 0x0000, 0x0000, 0x0000, 0x0000, 0x0000, 0x0000, 0xF8A2, 0x0000,
  0x0000, 0xF8A2, 0xF8A2, 0xF8A2, 0xF8A2, 0xF8A2, 0xF8A2, 0xF8A2, 0xF8A2, 0xF8A2, 0x0000, 0x0000,
  0x0000, 0x0000, 0x0000, 0x0000, 0x0000, 0x0000, 0x0000, 0x0000, 0x0000, 0x0000, 0x0000, 0x0000,
  0x0000, 0x1564, 0x1564, 0x1564, 0x1564, 0x1564, 0x1564, 0x1564, 0x1564, 0x1564, 0x1564, 0x1564,
  0x1564, 0x1564, 0xE77C, 0x0000, 0x0000, 0x0000, 0x0000, 0x1564, 0x1564, 0x1564, 0x1564, 0x0000,
  0x0000, 0x0000, 0x0000, 0x0000, 0x1564, 0x1564, 0x1564, 0x1564, 0x1564, 0x1564, 0x1564, 0x1564,
  0x1564, 0x1564, 0x1564, 0x1564, 0x1564, 0x1564, 0x1564, 0x1564, 0x1564, 0x1564, 0x1564, 0x1564,
  0x1564, 0x1564, 0x0000, 0x0000, 0x0000, 0x0000, 0x0000, 0x1564, 0x1564, 0x1564, 0x1564, 0x1564,
  0x1564, 0x1564, 0x1564, 0xBED7, 0x0000, 0x0000, 0x0000, 0x0000, 0x0000, 0x0000, 0x0000, 0x0000,
  0x0000, 0x0000, 0x0000, 0x0000, 0x0000, 0x0000, 0x0000, 0x0000, 0x0000, 0x1564, 0x1564, 0x1564,
  0x1564, 0x1564, 0x1564, 0x1564, 0x1564, 0x1564, 0x0000, 0x0000, 0x0000, 0x0000, 0x0000, 0x0000,
  0x0000, 0x0000, 0x0000, 0x0000, 0x0000, 0x0000, 0x0000, 0x0000, 0x0000, 0x0000, 0x0000, 0x0000,
  0x1564, 0x1564, 0x1564, 0x1564, 0x1564, 0x1564, 0x1564, 0x1564, 0x1564, 0x1564, 0x1564, 0x1564,
  0x1564, 0x1564, 0x1564, 0x1564, 0x1564, 0x1564, 0x1564, 0x1564, 0x1564, 0x1564, 0x0000, 0x0000,
  0x0000, 0x0000, 0x0000, 0x0000, 0x0000, 0x0000, 0x0000, 0x0000, 0x0000, 0x0000, 0x0000, 0xBED7,
  0x1564, 0x1564, 0x1564, 0x1564, 0x1564, 0x1564, 0x1564, 0x1564, 0x0000, 0x0000, 0x0000, 0x0000,
  0x0000, 0x0000, 0x0000, 0x3D80, 0x3D80, 0xF548, 0xED47, 0x3D80, 0x3D80, 0x3D80, 0xCD66, 0xF548,
  0x1D80, 0x3D80, 0x3580, 0x3580, 0x3580, 0xBF16, 0xFFFF, 0xFFFF, 0xFFFF, 0x2560, 0x3D80, 0x3D80,
  0x3D80, 0x3D80, 0x3D80, 0x3D80, 0x3D80, 0x3D80, 0x0000, 0x0000, 0x0000, 0x0000, 0x0000, 0x0000,
  0x0000, 0x0000, 0x0000, 0x0000, 0x0000, 0x0000, 0x0000, 0x0000, 0x0000, 0x0000, 0x0000, 0x0000,
  0x0000, 0x0000, 0x0000, 0x0000, 0x0000, 0x0000, 0x0000, 0x0000, 0x0000, 0x0000, 0x0000, 0x0000,
  0x0000, 0x0000, 0x0000, 0x0000, 0x0000, 0x0000, 0x0000, 0x0000, 0x0000, 0x0000, 0x0000, 0x0000,
  0x0000, 0x0000, 0x0000, 0x0000, 0x0000, 0x0000, 0x0000, 0x0000, 0x0000, 0x0000, 0x0000, 0x0000,
  0x0000, 0x1564, 0x1564, 0x1564, 0x1564, 0x1564, 0x1564, 0x1564, 0x1564, 0x1564, 0x1564, 0x1564,
  0x1564, 0x1564, 0xE77C, 0x0000, 0x0000, 0x0000, 0x0000, 0x1564, 0x1564, 0x1564, 0x1564, 0x0000,
  0x0000, 0x0000, 0x0000, 0x0000, 0x1564, 0x1564, 0x1564, 0x1564, 0x1564, 0x1564, 0x1564, 0x1564,
  0x1564, 0x1564, 0x1564, 0x1564, 0x1564, 0x1564, 0x1564, 0x1564, 0x1564, 0x1564, 0x1564, 0x1564,
  0x1564, 0x1564, 0x0000, 0x0000, 0x0000, 0x0000, 0x0000, 0x1564, 0x1564, 0x1564, 0x1564, 0x1564,
  0x1564, 0x1564, 0x1564, 0xBED7, 0x0000, 0x0000, 0x0000, 0x0000, 0x0000, 0x0000, 0x0000, 0x0000,
  0x0000, 0x0000, 0x0000, 0x0000, 0x0000, 0x0000, 0x0000, 0x0000, 0x0000, 0x1564, 0x1564, 0x1564,
  0x1564, 0x1564, 0x1564, 0x1564, 0x1564, 0x1564, 0x0000, 0x0000, 0x0000, 0x0000, 0x0000, 0x0000,
  0x0000, 0x0000, 0x0000, 0x0000, 0x0000, 0x0000, 0x0000, 0x0000, 0x0000, 0x0000, 0x0000, 0x0000,
  0x1564, 0x1564, 0x1564, 0x1564, 0x1564, 0x1564, 0x1564, 0x1564, 0x1564, 0x1564, 0x1564, 0x1564,
  0x1564, 0x1564, 0x1564, 0x1564, 0x1564, 0x1564, 0x1564, 0x1564, 0x1564, 0x1564, 0x0000, 0x0000,
  0x0000, 0x0000, 0x0000, 0x0000, 0x0000, 0x0000, 0x0000, 0x0000, 0x0000, 0x0000, 0x0000, 0xBED7,
  0x1564, 0x1564, 0x1564, 0x1564, 0x1564, 0x1564, 0x1564, 0x1564, 0x0000, 0x0000, 0x0000, 0x0000,
  0x0000, 0x0000, 0x0000, 0x3D80, 0x3D80, 0x3D80, 0x3D80, 0x3D80, 0x3D80, 0x3D80, 0x3D80, 0x3D80,
  0x3D80, 0x3D80, 0xFFFF, 0xFFFF, 0xFFFF, 0xFFFF, 0xFFFF, 0x8E6D, 0x3D80, 0x3D80, 0x3D80, 0x3D80,
  0x3D80, 0x3D80, 0x3D80, 0x3D80, 0x0000, 0x0000, 0x0000, 0x0000, 0x0000, 0x0000, 0x0000, 0x0000,
  0x0000, 0x0000, 0x0000, 0x0000, 0x0000, 0x0000, 0x0000, 0x0000, 0x0000, 0x0000, 0x0000, 0x0000,
  0x0000, 0x0000, 0x0000, 0x0000, 0x0000, 0x0000, 0x0000, 0x0000, 0x0000, 0x0000, 0x0000, 0x0000,
  0x0000, 0x0000, 0x0000, 0x0000, 0x0000, 0x0000, 0x0000, 0x0000, 0x0000, 0x0000, 0x0000, 0x0000,
  0x0000, 0x0000, 0x0000, 0x0000, 0x0000, 0x0000, 0x0000, 0x0000, 0x0000, 0x0000, 0x0000, 0x0000,
  0x0000, 0x1564, 0x1564, 0x1564, 0x1564, 0x1564, 0x1564, 0x1564, 0x1564, 0x1564, 0x1564, 0x1564,
  0x1564, 0x1564, 0xE77C, 0x0000, 0x0000, 0x0000, 0x0000, 0x1564, 0x1564, 0x1564, 0x1564, 0x0000,
  0x0000, 0x0000, 0x0000, 0x0000, 0x1564, 0x1564, 0x1564, 0x1564, 0x1564, 0x1564, 0x1564, 0x1564,
  0x1564, 0x1564, 0x1564, 0x1564, 0x1564, 0x1564, 0x1564, 0x1564, 0x1564, 0x1564, 0x1564, 0x1564,
  0x1564, 0x1564, 0x0000, 0x0000, 0x0000, 0x0000, 0x0000, 0x1564, 0x1564, 0x1564, 0x1564, 0x1564,
  0x1564, 0x1564, 0x1564, 0xBED7, 0x0000, 0x0000, 0x0000, 0x0000, 0x0000, 0x0000, 0x0000, 0x0000,
  0x0000, 0x0000, 0x0000, 0x0000, 0x0000, 0x0000, 0x0000, 0x0000, 0x0000, 0x1564, 0x1564, 0x1564,
  0x1564, 0x1564, 0x1564, 0x1564, 0x1564, 0x1564, 0x0000, 0x0000, 0x0000, 0x0000, 0x0000, 0x0000,
  0x0000, 0x0000, 0x0000, 0x0000, 0x0000, 0x0000, 0x0000, 0x0000, 0x0000, 0x0000, 0x0000, 0x0000,
  0x1564, 0x1564, 0x1564, 0x1564, 0x1564, 0x1564, 0x1564, 0x1564, 0x1564, 0x1564, 0x1564, 0x1564,
  0x1564, 0x1564, 0x1564, 0x1564, 0x1564, 0x1564, 0x1564, 0x1564, 0x1564, 0x1564, 0x0000, 0x0000,
  0x0000, 0x0000, 0x0000, 0x0000, 0x0000, 0x0000, 0x0000, 0x0000, 0x0000, 0x0000, 0x0000, 0xBED7,
  0x1564, 0x1564, 0x1564, 0x1564, 0x1564, 0x1564, 0x1564, 0x1564, 0x0000, 0x0000, 0x0000, 0x0000,
  0x0000, 0x0000, 0x0000, 0x3D80, 0x3D80, 0x3D80, 0x3D80, 0x3D80, 0x3D80, 0x3D80, 0x8E6D, 0x9EB1,
  0x9EB1, 0x9EB1, 0xFFFF, 0xFFFF, 0xFFFF, 0xE7BB, 0xD759, 0x762B, 0x3D80, 0x3D80, 0x3D80, 0x3D80,
  0x3D80, 0x3D80, 0x6549, 0x8DD0, 0x0000, 0x0000, 0x0000, 0x0000, 0x0000, 0x0000, 0x0000, 0x0000,
  0x0000, 0x0000, 0x0000, 0x0000, 0x0000, 0x0000, 0x0000, 0x0000, 0x0000, 0x0000, 0x0000, 0x0000,
  0x0000, 0x0000, 0x0000, 0x0000, 0x0000, 0x0000, 0x0000, 0x0000, 0x0000, 0x0000, 0x0000, 0x0000,
  0x0000, 0x0000, 0x0000, 0x0000, 0x0000, 0x0000, 0x0000, 0x0000, 0x0000, 0x0000, 0x0000, 0x0000,
  0x0000, 0x0000, 0x0000, 0x0000, 0x0000, 0x0000, 0x0000, 0x0000, 0x0000, 0x0000, 0x0000, 0x0000,
  0x0000, 0x1564, 0x1564, 0x1564, 0x1564, 0x1564, 0x1564, 0x1564, 0x1564, 0x1564, 0x1564, 0x1564,
  0x1564, 0x1564, 0xE77C, 0x0000, 0x0000, 0x0000, 0x0000, 0x1564, 0x1564, 0x1564, 0x1564, 0x0000,
  0x0000, 0x0000, 0x0000, 0x0000, 0x1564, 0x1564, 0x1564, 0x1564, 0x1564, 0x1564, 0x1564, 0x1564,
  0x1564, 0x0000, 0x0000, 0x0000, 0x0000, 0x0000, 0x0000, 0x0000, 0x0000, 0x0000, 0x1564, 0x1564,
  0x1564, 0x1564, 0x0000, 0x0000, 0x0000, 0x0000, 0x0000, 0x1564, 0x1564, 0x1564, 0x1564, 0x1564,
  0x1564, 0x1564, 0x1564, 0xBED7, 0x0000, 0x0000, 0x0000, 0x0000, 0x0000, 0x0000, 0x0000, 0x0000,
  0x0000, 0x0000, 0x0000, 0x0000, 0x0000, 0x0000, 0x0000, 0x0000, 0x0000, 0x1564, 0x1564, 0x1564,
  0x1564, 0x1564, 0x1564, 0x1564, 0x1564, 0x1564, 0x0000, 0x0000, 0x0000, 0x0000, 0x0000, 0x0000,
  0x0000, 0x0000, 0x0000, 0x0000, 0x0000, 0x0000, 0x0000, 0x0000, 0x0000, 0x0000, 0x0000, 0x0000,
  0x1564, 0x1564, 0x1564, 0x1564, 0x1564, 0x1564, 0x1564, 0x1564, 0x1564, 0x0000, 0x0000, 0x0000,
  0x0000, 0x0000, 0x0000, 0x0000, 0x0000, 0x0000, 0x0000, 0x0000, 0x0000, 0x0000, 0x0000, 0x0000,
  0x0000, 0x0000, 0x0000, 0x0000, 0x0000, 0x0000, 0x0000, 0x0000, 0x0000, 0x0000, 0x0000, 0xBED7,
  0x1564, 0x1564, 0x1564, 0x1564, 0x1564, 0x1564, 0x1564, 0x1564, 0x0000, 0x0000, 0x0000, 0x0000,
  0x0000, 0x0000, 0x0000, 0x3D80, 0x3D80, 0x3D80, 0x3D80, 0x3D80, 0x3D80, 0x3D80, 0xD759, 0xFFFF,
  0xFFFF, 0xFFFF, 0xFFFF, 0xFFFF, 0xFFFF, 0x9E92, 0x3D80, 0x3D80, 0x3D80, 0x3D80, 0x3D80, 0x3D80,
  0x3D80, 0x3D80, 0xB636, 0x0000, 0x0000, 0x0000, 0x0000, 0x0000, 0x0000, 0x0000, 0x0000, 0x0000,
  0x0000, 0x0000, 0x0000, 0x0000, 0x0000, 0x0000, 0x0000, 0x0000, 0x0000, 0x0000, 0x0000, 0x0000,
  0x0000, 0x0000, 0x0000, 0x0000, 0x0000, 0x0000, 0x0000, 0x0000, 0x0000, 0x0000, 0x0000, 0x0000,
  0x0000, 0x0000, 0x0000, 0x0000, 0x0000, 0x0000, 0x0000, 0x0000, 0x0000, 0x0000, 0x0000, 0x0000,
  0x0000, 0x0000, 0x0000, 0x0000, 0x0000, 0x0000, 0x0000, 0x0000, 0x0000, 0x0000, 0x0000, 0x0000,
  0x0000, 0x1564, 0x1564, 0x1564, 0x1564, 0x1564, 0x1564, 0x1564, 0x1564, 0x1564, 0x1564, 0x1564,
  0x1564, 0x1564, 0xE77C, 0x0000, 0x0000, 0x0000, 0x0000, 0x1564, 0x1564, 0x1564, 0x1564, 0x0000,
  0x0000, 0x0000, 0x0000, 0x0000, 0x1564, 0x1564, 0x1564, 0x1564, 0x1564, 0x1564, 0x1564, 0x1564,
  0x1564, 0x0000, 0x0000, 0x0000, 0x0000, 0x0000, 0x0000, 0x0000, 0x0000, 0x0000, 0x1564, 0x1564,
  0x1564, 0x1564, 0x0000, 0x0000, 0x0000, 0x0000, 0x0000, 0x1564, 0x1564, 0x1564, 0x1564, 0x1564,
  0x1564, 0x1564, 0x1564, 0xBED7, 0x0000, 0x0000, 0x0000, 0x0000, 0x0000, 0x0000, 0x0000, 0x0000,
  0x0000, 0x0000, 0x0000, 0x0000, 0x0000, 0x0000, 0x0000, 0x0000, 0x0000, 0x1564, 0x1564, 0x1564,
  0x1564, 0x1564, 0x1564, 0x1564, 0x1564, 0x1564, 0x0000, 0x0000, 0x0000, 0x0000, 0x0000, 0x0000,
  0x0000, 0x0000, 0x0000, 0x0000, 0x0000, 0x0000, 0x0000, 0x0000, 0x0000, 0x0000, 0x0000, 0x0000,
  0x1564, 0x1564, 0x1564, 0x1564, 0x1564, 0x1564, 0x1564, 0x1564, 0x1564, 0x0000, 0x0000, 0x0000,
  0x0000, 0x0000, 0x0000, 0x0000, 0x0000, 0x0000, 0x0000, 0x0000, 0x0000, 0x0000, 0x0000, 0x0000,
  0x0000, 0x0000, 0x0000, 0x0000, 0x0000, 0x0000, 0x0000, 0x0000, 0x0000, 0x0000, 0x0000, 0xBED7,
  0x1564, 0x1564, 0x1564, 0x1564, 0x1564, 0x1564, 0x1564, 0x1564, 0x0000, 0x0000, 0x0000, 0x0000,
  0x0000, 0xC618, 0xC618, 0x968F, 0x968F, 0x968F, 0x968F, 0x968F, 0x968F, 0x968F, 0xE7BB, 0xFFFF,
  0xFFFF, 0xFFFF, 0xBF16, 0xBF16, 0xBF16, 0x8E6D, 0x3D80, 0x3D80, 0x3D80, 0x3D80, 0x3D80, 0x3D80,
  0x3D80, 0x8D63, 0xB636, 0x0000, 0x0000, 0x0000, 0x0000, 0x0000, 0x0000, 0x0000, 0x0000, 0x0000,
  0x0000, 0x0000, 0x0000, 0x0000, 0x0000, 0x0000, 0x0000, 0x0000, 0x0000, 0x0000, 0x0000, 0x0000,
  0x0000, 0x0000, 0x0000, 0x0000, 0x0000, 0x0000, 0x0000, 0x0000, 0x0000, 0x0000, 0x0000, 0x0000,
  0x0000, 0x0000, 0x0000, 0x0000, 0x0000, 0x0000, 0x0000, 0x0000, 0x0000, 0x0000, 0x0000, 0x0000,
  0x0000, 0x0000, 0x0000, 0x0000, 0x0000, 0x0000, 0x0000, 0x0000, 0x0000, 0x0000, 0x0000, 0x0000,
  0x0000, 0x1564, 0x1564, 0x1564, 0x1564, 0x1564, 0x1564, 0x1564, 0x1564, 0x1564, 0x1564, 0x1564,
  0x1564, 0x1564, 0xE77C, 0x0000, 0x0000, 0x0000, 0x0000, 0x1564, 0x1564, 0x1564, 0x1564, 0x0000,
  0x0000, 0x0000, 0x0000, 0x0000, 0x1564, 0x1564, 0x1564, 0x1564, 0x1564, 0x1564, 0x1564, 0x1564,
  0x1564, 0x0000, 0x0000, 0x0000, 0x0000, 0x0000, 0x0000, 0x0000, 0x0000, 0x0000, 0x1564, 0x1564,
  0x1564, 0x1564, 0x0000, 0x0000, 0x0000, 0x0000, 0x0000, 0x1564, 0x1564, 0x1564, 0x1564, 0x1564,
  0x1564, 0x1564, 0x1564, 0xBED7, 0x0000, 0x0000, 0x0000, 0x0000, 0x0000, 0x0000, 0x0000, 0x0000,
  0x0000, 0x0000, 0x0000, 0x0000, 0x0000, 0x0000, 0x0000, 0x0000, 0x0000, 0x1564, 0x1564, 0x1564,
  0x1564, 0x1564, 0x1564, 0x1564, 0x1564, 0x1564, 0x0000, 0x0000, 0x0000, 0x0000, 0x0000, 0x0000,
  0x0000, 0x0000, 0x0000, 0x0000, 0x0000, 0x0000, 0x0000, 0x0000, 0x0000, 0x0000, 0x0000, 0x0000,
  0x1564, 0x1564, 0x1564, 0x1564, 0x1564, 0x1564, 0x1564, 0x1564, 0x1564, 0x0000, 0x0000, 0x0000,
  0x0000, 0x0000, 0x0000, 0x0000, 0x0000, 0x0000, 0x0000, 0x0000, 0x0000, 0x0000, 0x0000, 0x0000,
  0x0000, 0x0000, 0x0000, 0x0000, 0x0000, 0x0000, 0x0000, 0x0000, 0x0000, 0x0000, 0x0000, 0xBED7,
  0x1564, 0x1564, 0x1564, 0x1564, 0x1564, 0x1564, 0x1564, 0x1564, 0x0000, 0x0000, 0x0000, 0x0000,
  0x0000, 0xCE79, 0xFFFF, 0xFFFF, 0xFFFF, 0xFFFF, 0xFFFF, 0xFFFF, 0xFFFF, 0xFFFF, 0xFFFF, 0xFFFF,
  0xFFFF, 0xFFFF, 0x3D80, 0x3D80, 0x3D80, 0x3D80, 0x3D80, 0x3D80, 0x3D80, 0x3D80, 0x3D80, 0x3D80,
  0x3D80, 0xF548, 0xD571, 0x0000, 0x0000, 0x0000, 0x0000, 0x0000, 0x0000, 0x0000, 0x0000, 0x0000,
  0x0000, 0x0000, 0x0000, 0x0000, 0x0000, 0x0000, 0x0000, 0x0000, 0x0000, 0x0000, 0x0000, 0x0000,
  0x0000, 0x0000, 0x0000, 0x0000, 0x0000, 0x0000, 0x0000, 0x0000, 0x0000, 0x0000, 0x0000, 0x0000,
  0x0000, 0x0000, 0x0000, 0x0000, 0x0000, 0x0000, 0x0000, 0x0000, 0x0000, 0x0000, 0x0000, 0x0000,
  0x0000, 0x0000, 0x0000, 0x0000, 0x0000, 0x0000, 0x0000, 0x0000, 0x0000, 0x0000, 0x0000, 0x0000,
  0x0000, 0x1564, 0x1564, 0x1564, 0x1564, 0x1564, 0x1564, 0x1564, 0x1564, 0x1564, 0x1564, 0x1564,
  0x1564, 0x1564, 0xE77C, 0x0000, 0x0000, 0x0000, 0x0000, 0x1564, 0x1564, 0x1564, 0x1564, 0x0000,
  0x0000, 0x0000, 0x0000, 0x0000, 0x1564, 0x1564, 0x1564, 0x1564, 0x1564, 0x1564, 0x1564, 0x1564,
  0x1564, 0x0000, 0x0000, 0x0000, 0x0000, 0x0000, 0x0000, 0x0000, 0x0000, 0x0000, 0x1564, 0x1564,
  0x1564, 0x1564, 0x0000, 0x0000, 0x0000, 0x0000, 0x0000, 0x1564, 0x1564, 0x1564, 0x1564, 0x1564,
  0x1564, 0x1564, 0x1564, 0xBED7, 0x0000, 0x0000, 0x0000, 0x0000, 0x0000, 0x0000, 0x0000, 0x0000,
  0x0000, 0x0000, 0x0000, 0x0000, 0x0000, 0x0000, 0x0000, 0x0000, 0x0000, 0x1564, 0x1564, 0x1564,
  0x1564, 0x1564, 0x1564, 0x1564, 0x1564, 0x1564, 0x0000, 0x0000, 0x0000, 0x0000, 0x0000, 0x0000,
  0x0000, 0x0000, 0x0000, 0x0000, 0x0000, 0x0000, 0x0000, 0x0000, 0x0000, 0x0000, 0x0000, 0x0000,
  0x1564, 0x1564, 0x1564, 0x1564, 0x1564, 0x1564, 0x1564, 0x1564, 0x1564, 0x0000, 0x0000, 0x0000,
  0x0000, 0x0000, 0x0000, 0x0000, 0x0000, 0x0000, 0x0000, 0x0000, 0x0000, 0x0000, 0x0000, 0x0000,
  0x0000, 0x0000, 0x0000, 0x0000, 0x0000, 0x0000, 0x0000, 0x0000, 0x0000, 0x0000, 0x0000, 0xBED7,
  0x1564, 0x1564, 0x1564, 0x1564, 0x1564, 0x1564, 0x1564, 0x1564, 0x0000, 0x0000, 0x0000, 0x0000,
  0x0000, 0xCE79, 0xFFFF, 0xFFFF, 0xFFFF, 0xFFFF, 0xFFFF, 0xFFFF, 0xFFFF, 0xFFFF, 0xF60F, 0xF548,
  0xF548, 0xF548, 0xED47, 0xED47, 0xED47, 0x9D64, 0x3D80, 0x3D80, 0x3D80, 0xF548, 0xED47, 0xED47,
  0xED47, 0xFFFF, 0xFFDF, 0xF7BE, 0x0000, 0x0000, 0x0000, 0x0000, 0x0000, 0x0000, 0x0000, 0x0000,
  0x0000, 0x0000, 0x0000, 0x0000, 0x0000, 0x0000, 0x0000, 0x0000, 0x0000, 0x0000, 0x0000, 0x0000,
  0x0000, 0x0000, 0x0000, 0x0000, 0x0000, 0x0000, 0x0000, 0x0000, 0x0000, 0x0000, 0x0000, 0x0000,
  0x0000, 0x0000, 0x0000, 0x0000, 0x0000, 0x0000, 0x0000, 0x0000, 0x0000, 0x0000, 0x0000, 0x0000,
  0x0000, 0x0000, 0x0000, 0x0000, 0x0000, 0x0000, 0x0000, 0x0000, 0x0000, 0x0000, 0x0000, 0x0000,
  0x0000, 0x1564, 0x1564, 0x1564, 0x1564, 0x1564, 0x1564, 0x1564, 0x1564, 0x1564, 0x1564, 0x1564,
  0x1564, 0x1564, 0x1564, 0x1564, 0x1564, 0x1564, 0x1564, 0x1564, 0x1564, 0x1564, 0x1564, 0x0000,
  0x0000, 0x0000, 0x0000, 0x0000, 0x1564, 0x1564, 0x1564, 0x1564, 0x1564, 0x1564, 0x1564, 0x1564,
  0x1564, 0x0000, 0x0000, 0x0000, 0x0000, 0x0000, 0x0000, 0x0000, 0x0000, 0x0000, 0x1564, 0x1564,
  0x1564, 0x1564, 0x0000, 0x0000, 0x0000, 0x0000, 0x0000, 0x1564, 0x1564, 0x1564, 0x1564, 0x1564,
  0x1564, 0x1564, 0x1564, 0x1564, 0x1564, 0x1564, 0x1564, 0x1564, 0x1564, 0x1564, 0x1564, 0x1564,
  0x1564, 0x1564, 0x1564, 0x1564, 0x8E31, 0x0000, 0x0000, 0x0000, 0x0000, 0x1564, 0x1564, 0x1564,
  0x1564, 0x1564, 0x1564, 0x1564, 0x1564, 0x1564, 0x1564, 0x1564, 0x1564, 0x1564, 0x1564, 0x1564,
  0x1564, 0x1564, 0x1564, 0x1564, 0x1564, 0x1564, 0x1564, 0x8E31, 0x0000, 0x0000, 0x0000, 0x0000,
  0x1564, 0x1564, 0x1564, 0x1564, 0x1564, 0x1564, 0x1564, 0x1564, 0x1564, 0x1564, 0x1564, 0x1564,
  0x1564, 0x1564, 0x1564, 0x1564, 0x1564, 0x1564, 0x1564, 0x1564, 0x1564, 0x1564, 0x0000, 0x0000,
  0x0000, 0x0000, 0x0000, 0x0000, 0x0000, 0x0000, 0x0000, 0x0000, 0x0000, 0x0000, 0x0000, 0xBED7,
  0x1564, 0x1564, 0x1564, 0x1564, 0x1564, 0x1564, 0x1564, 0x1564, 0x0000, 0x0000, 0x0000, 0x0000,
  0x0000, 0xCE79, 0xFFFF, 0xFFFF, 0xFFFF, 0xFFFF, 0xFFFF, 0xFFFF, 0xFFFF, 0xFFFF, 0xF60F, 0xF548,
  0xF548, 0xF548, 0xF548, 0xF548, 0xF548, 0x9D64, 0x3D80, 0x3D80, 0x3D80, 0xF548, 0xF548, 0xF548,
  0xF548, 0xFFFF, 0xFFFF, 0xFFFF, 0x0000, 0x0000, 0x0000, 0x0000, 0x0000, 0x0000, 0x0000, 0x0000,
  0x0000, 0x0000, 0x0000, 0x0000, 0x0000, 0x0000, 0x0000, 0x0000, 0x0000, 0x0000, 0x0000, 0x0000,
  0x0000, 0x0000, 0x0000, 0x0000, 0x0000, 0x0000, 0x0000, 0x0000, 0x0000, 0x0000, 0x0000, 0x0000,
  0x0000, 0x0000, 0x0000, 0x0000, 0x0000, 0x0000, 0x0000, 0x0000, 0x0000, 0x0000, 0x0000, 0x0000,
  0x0000, 0x0000, 0x0000, 0x0000, 0x0000, 0x0000, 0x0000, 0x0000, 0x0000, 0x0000, 0x0000, 0x0000,
  0x0000, 0x1564, 0x1564, 0x1564, 0x1564, 0x1564, 0x1564, 0x1564, 0x1564, 0x1564, 0x1564, 0x1564,
  0x1564, 0x1564, 0x1564, 0x1564, 0x1564, 0x1564, 0x1564, 0x1564, 0x1564, 0x1564, 0x1564, 0x0000,
  0x0000, 0x0000, 0x0000, 0x0000, 0x1564, 0x1564, 0x1564, 0x1564, 0x1564, 0x1564, 0x1564, 0x1564,
  0x1564, 0x0000, 0x0000, 0x0000, 0x0000, 0x0000, 0x0000, 0x0000, 0x0000, 0x0000, 0x1564, 0x1564,
  0x1564, 0x1564, 0x0000, 0x0000, 0x0000, 0x0000, 0x0000, 0x1564, 0x1564, 0x1564, 0x1564, 0x1564,
  0x1564, 0x1564, 0x1564, 0x1564, 0x1564, 0x1564, 0x1564, 0x1564, 0x1564, 0x1564, 0x1564, 0x1564,
  0x1564, 0x1564, 0x1564, 0x1564, 0x8E31, 0x0000, 0x0000, 0x0000, 0x0000, 0x1564, 0x1564, 0x1564,
  0x1564, 0x1564, 0x1564, 0x1564, 0x1564, 0x1564, 0x1564, 0x1564, 0x1564, 0x1564, 0x1564, 0x1564,
  0x1564, 0x1564, 0x1564, 0x1564, 0x1564, 0x1564, 0x1564, 0x8E31, 0x0000, 0x0000, 0x0000, 0x0000,
  0x1564, 0x1564, 0x1564, 0x1564, 0x1564, 0x1564, 0x1564, 0x1564, 0x1564, 0x1564, 0x1564, 0x1564,
  0x1564, 0x1564, 0x1564, 0x1564, 0x1564, 0x1564, 0x1564, 0x1564, 0x1564, 0x1564, 0x0000, 0x0000,
  0x0000, 0x0000, 0x0000, 0x0000, 0x0000, 0x0000, 0x0000, 0x0000, 0x0000, 0x0000, 0x0000, 0xBED7,
  0x1564, 0x1564, 0x1564, 0x1564, 0x1564, 0x1564, 0x1564, 0x1564, 0x0000, 0x0000, 0x0000, 0x0000,
  0x0000, 0x0000, 0x0000, 0xFFFF, 0xFFFF, 0xFFFF, 0xFFDF, 0xF546, 0xF546, 0xF546, 0xF548, 0xF548,
  0xF548, 0xF548, 0xF548, 0xF548, 0xF548, 0xF548, 0xF548, 0xF548, 0xF548, 0xF548, 0xF548, 0xF548,
  0xF548, 0xFFFF, 0xFFFF, 0xFFFF, 0xFFFF, 0xFFFF, 0x0000, 0x0000, 0x0000, 0x0000, 0x0000, 0x0000,
  0x0000, 0x0000, 0x0000, 0x0000, 0x0000, 0x0000, 0x0000, 0x0000, 0x0000, 0x0000, 0x0000, 0x0000,
  0x0000, 0x0000, 0x0000, 0x0000, 0x0000, 0x0000, 0x0000, 0x0000, 0x0000, 0x0000, 0x0000, 0x0000,
  0x0000, 0x0000, 0x0000, 0x0000, 0x0000, 0x0000, 0x0000, 0x0000, 0x0000, 0x0000, 0x0000, 0x0000,
  0x0000, 0x0000, 0x0000, 0x0000, 0x0000, 0x0000, 0x0000, 0x0000, 0x0000, 0x0000, 0x0000, 0x0000,
  0x0000, 0x1564, 0x1564, 0x1564, 0x1564, 0x1564, 0x1564, 0x1564, 0x1564, 0x1564, 0x1564, 0x1564,
  0x1564, 0x1564, 0x1564, 0x1564, 0x1564, 0x1564, 0x1564, 0x1564, 0x1564, 0x1564, 0x1564, 0x0000,
  0x0000, 0x0000, 0x0000, 0x0000, 0x1564, 0x1564, 0x1564, 0x1564, 0x1564, 0x1564, 0x1564, 0x1564,
  0x1564, 0x0000, 0x0000, 0x0000, 0x0000, 0x0000, 0x0000, 0x0000, 0x0000, 0x0000, 0x1564, 0x1564,
  0x1564, 0x1564, 0x0000, 0x0000, 0x0000, 0x0000, 0x0000, 0x1564, 0x1564, 0x1564, 0x1564, 0x1564,
  0x1564, 0x1564, 0x1564, 0x1564, 0x1564, 0x1564, 0x1564, 0x1564, 0x1564, 0x1564, 0x1564, 0x1564,
  0x1564, 0x1564, 0x1564, 0x1564, 0x8E31, 0x0000, 0x0000, 0x0000, 0x0000, 0x1564, 0x1564, 0x1564,
  0x1564, 0x1564, 0x1564, 0x1564, 0x1564, 0x1564, 0x1564, 0x1564, 0x1564, 0x1564, 0x1564, 0x1564,
  0x1564, 0x1564, 0x1564, 0x1564, 0x1564, 0x1564, 0x1564, 0x8E31, 0x0000, 0x0000, 0x0000, 0x0000,
  0x1564, 0x1564, 0x1564, 0x1564, 0x1564, 0x1564, 0x1564, 0x1564, 0x1564, 0x1564, 0x1564, 0x1564,
  0x1564, 0x1564, 0x1564, 0x1564, 0x1564, 0x1564, 0x1564, 0x1564, 0x1564, 0x1564, 0x0000, 0x0000,
  0x0000, 0x0000, 0x0000, 0x0000, 0x0000, 0x0000, 0x0000, 0x0000, 0x0000, 0x0000, 0x0000, 0xBED7,
  0x1564, 0x1564, 0x1564, 0x1564, 0x1564, 0x1564, 0x1564, 0x1564, 0x0000, 0x0000, 0x0000, 0x0000,
  0x0000, 0x0000, 0x0000, 0xFFFF, 0xFFFF, 0xFFFF, 0xFFDF, 0xF548, 0xF548, 0xF548, 0xF548, 0xF548,
  0xF546, 0xF546, 0xF546, 0xF546, 0xF548, 0xF548, 0xF548, 0xF546, 0xF546, 0xF546, 0xF546, 0xF548,
  0xF548, 0xFFFF, 0xFFFF, 0xFFFF, 0xFFFF, 0xFFFF, 0x0000, 0x0000, 0x0000, 0x0000, 0x0000, 0x0000,
  0x0000, 0x0000, 0x0000, 0x0000, 0x0000, 0x0000, 0x0000, 0x0000, 0x0000, 0x0000, 0x0000, 0x0000,
  0x0000, 0x0000, 0x0000, 0x0000, 0x0000, 0x0000, 0x0000, 0x0000, 0x0000, 0x0000, 0x0000, 0x0000,
  0x0000, 0x0000, 0x0000, 0x0000, 0x0000, 0x0000, 0x0000, 0x0000, 0x0000, 0x0000, 0x0000, 0x0000,
  0x0000, 0x0000, 0x0000, 0x0000, 0x0000, 0x0000, 0x0000, 0x0000, 0x0000, 0x0000, 0x0000, 0x0000,
  0x0000, 0x1564, 0x1564, 0x1564, 0x1564, 0x1564, 0x1564, 0x1564, 0x1564, 0x1564, 0x1564, 0x1564,
  0x1564, 0x1564, 0x1564, 0x1564, 0x1564, 0x1564, 0x1564, 0x1564, 0x1564, 0x1564, 0x1564, 0x0000,
  0x0000, 0x0000, 0x0000, 0x0000, 0x1564, 0x1564, 0x1564, 0x1564, 0x1564, 0x1564, 0x1564, 0x1564,
  0x1564, 0x0000, 0x0000, 0x0000, 0x0000, 0x0000, 0x0000, 0x0000, 0x0000, 0x0000, 0x1564, 0x1564,
  0x1564, 0x1564, 0x0000, 0x0000, 0x0000, 0x0000, 0x0000, 0x1564, 0x1564, 0x1564, 0x1564, 0x1564,
  0x1564, 0x1564, 0x1564, 0x1564, 0x1564, 0x1564, 0x1564, 0x1564, 0x1564, 0x1564, 0x1564, 0x1564,
  0x1564, 0x1564, 0x1564, 0x1564, 0x8E31, 0x0000, 0x0000, 0x0000, 0x0000, 0x1564, 0x1564, 0x1564,
  0x1564, 0x1564, 0x1564, 0x1564, 0x1564, 0x1564, 0x1564, 0x1564, 0x1564, 0x1564, 0x1564, 0x1564,
  0x1564, 0x1564, 0x1564, 0x1564, 0x1564, 0x1564, 0x1564, 0x8E31, 0x0000, 0x0000, 0x0000, 0x0000,
  0x1564, 0x1564, 0x1564, 0x1564, 0x1564, 0x1564, 0x1564, 0x1564, 0x1564, 0x1564, 0x1564, 0x1564,
  0x1564, 0x1564, 0x1564, 0x1564, 0x1564, 0x1564, 0x1564, 0x1564, 0x1564, 0x1564, 0x0000, 0x0000,
  0x0000, 0x0000, 0x0000, 0x0000, 0x0000, 0x0000, 0x0000, 0x0000, 0x0000, 0x0000, 0x0000, 0xBED7,
  0x1564, 0x1564, 0x1564, 0x1564, 0x1564, 0x1564, 0x1564, 0x1564, 0x0000, 0x0000, 0x0000, 0x0000,
  0x0000, 0x0000, 0x0000, 0x0000, 0x0000, 0xF546, 0xF546, 0xF548, 0xF548, 0xF548, 0xF548, 0xF548,
  0x0000, 0x0000, 0x0000, 0x0000, 0xF548, 0xF548, 0xF548, 0xFF18, 0x0000, 0x0000, 0x0000, 0xFFFF,
  0xFFFF, 0x0000, 0x0000, 0x0000, 0x0000, 0x0000, 0x0000, 0x0000, 0x0000, 0x0000, 0x0000, 0x0000,
  0x0000, 0x0000, 0x0000, 0x0000, 0x0000, 0x0000, 0x0000, 0x0000, 0x0000, 0x0000, 0x0000, 0x0000,
  0x0000, 0x0000, 0x0000, 0x0000, 0x0000, 0x0000, 0x0000, 0x0000, 0x0000, 0x0000, 0x0000, 0x0000,
  0x0000, 0x0000, 0x0000, 0x0000, 0x0000, 0x0000, 0x0000, 0x0000, 0x0000, 0x0000, 0x0000, 0x0000,
  0x0000, 0x0000, 0x0000, 0x0000, 0x0000, 0x0000, 0x0000, 0x0000, 0x0000, 0x0000, 0x0000, 0x0000,
  0x0000, 0x0000, 0x0000, 0x0000, 0x0000, 0x0000, 0x0000, 0x0000, 0x0000, 0x0000, 0x0000, 0x0000,
  0x0000, 0x0000, 0x0000, 0x0000, 0x0000, 0x0000, 0x0000, 0x0000, 0x0000, 0x0000, 0x0000, 0x0000,
  0x0000, 0x0000, 0x0000, 0x0000, 0xBED7, 0xBED7, 0xBED7, 0xBED7, 0xBED7, 0xBED7, 0xBED7, 0xBED7,
  0xBED7, 0x0000, 0x0000, 0x0000, 0x0000, 0x0000, 0x0000, 0x0000, 0x0000, 0x0000, 0x0000, 0x0000,
  0x0000, 0x0000, 0x0000, 0x0000, 0x0000, 0x0000, 0x0000, 0x0000, 0x0000, 0x0000, 0x0000, 0x0000,
  0x0000, 0x0000, 0x0000, 0x0000, 0x0000, 0x0000, 0x0000, 0x0000, 0x0000, 0x0000, 0x0000, 0x0000,
  0x0000, 0x0000, 0x0000, 0x0000, 0x0000, 0x0000, 0x0000, 0x0000, 0x0000, 0x0000, 0x0000, 0x0000,
  0x0000, 0x0000, 0x0000, 0x0000, 0x0000, 0x0000, 0x0000, 0x0000, 0x0000, 0x0000, 0x0000, 0x0000,
  0x0000, 0x0000, 0x0000, 0x0000, 0x0000, 0x0000, 0x0000, 0x0000, 0x0000, 0x0000, 0x0000, 0x0000,
  0x0000, 0x0000, 0x0000, 0x0000, 0x0000, 0x0000, 0x0000, 0x0000, 0x0000, 0x0000, 0x0000, 0x0000,
  0x0000, 0x0000, 0x0000, 0x0000, 0x0000, 0x0000, 0x0000, 0x0000, 0x0000, 0x0000, 0x0000, 0x0000,
  0x0000, 0x0000, 0x0000, 0x0000, 0x0000, 0x0000, 0x0000, 0x0000, 0x0000, 0x0000, 0x0000, 0x0000,
  0x0000, 0x0000, 0x0000, 0x0000, 0x0000, 0x0000, 0x0000, 0x0000, 0x0000, 0x0000, 0x0000, 0x0000,
  0x0000, 0x0000, 0x0000, 0x0000, 0x0000, 0xF548, 0xF548, 0xF548, 0xF548, 0xF548, 0xF548, 0xF548,
  0x0000, 0x0000, 0x0000, 0x0000, 0xF58A, 0xED48, 0xF548, 0xFF18, 0x0000, 0x0000, 0x0000, 0xFFFF,
  0xFFFF, 0x0000, 0x0000, 0x0000, 0x0000, 0x0000, 0x0000, 0x0000, 0x0000, 0x0000, 0x0000, 0x0000,
  0x0000, 0x0000, 0x0000, 0x0000, 0x0000, 0x0000, 0x0000, 0x0000, 0x0000, 0x0000, 0x0000, 0x0000,
  0x0000, 0x0000, 0x0000, 0x0000, 0x0000, 0x0000, 0x0000, 0x0000, 0x0000, 0x0000, 0x0000, 0x0000,
  0x0000, 0x0000, 0x0000, 0x0000, 0x0000, 0x0000, 0x0000, 0x0000, 0x0000, 0x0000, 0x0000, 0x0000,
  0x0000, 0x0000, 0x0000, 0x0000, 0x0000, 0x0000, 0x0000, 0x0000, 0x0000, 0x0000, 0x0000, 0x0000,
  0x0000, 0x0000, 0x0000, 0x0000, 0x0000, 0x0000, 0x0000, 0x0000, 0x0000, 0x0000, 0x0000, 0x0000,
  0x0000, 0x0000, 0x0000, 0x0000, 0x0000, 0x0000, 0x0000, 0x0000, 0x0000, 0x0000, 0x0000, 0x0000,
  0x0000, 0x0000, 0x0000, 0x0000, 0x0000, 0x0000, 0x0000, 0x0000, 0x0000, 0x0000, 0x0000, 0x0000,
  0x0000, 0x0000, 0x0000, 0x0000, 0x0000, 0x0000, 0x0000, 0x0000, 0x0000, 0x0000, 0x0000, 0x0000,
  0x0000, 0x0000, 0x0000, 0x0000, 0x0000, 0x0000, 0x0000, 0x0000, 0x0000, 0x0000, 0x0000, 0x0000,
  0x0000, 0x0000, 0x0000, 0x0000, 0x0000, 0x0000, 0x0000, 0x0000, 0x0000, 0x0000, 0x0000, 0x0000,
  0x0000, 0x0000, 0x0000, 0x0000, 0x0000, 0x0000, 0x0000, 0x0000, 0x0000, 0x0000, 0x0000, 0x0000,
  0x0000, 0x0000, 0x0000, 0x0000, 0x0000, 0x0000, 0x0000, 0x0000, 0x0000, 0x0000, 0x0000, 0x0000,
  0x0000, 0x0000, 0x0000, 0x0000, 0x0000, 0x0000, 0x0000, 0x0000, 0x0000, 0x0000, 0x0000, 0x0000,
  0x0000, 0x0000, 0x0000, 0x0000, 0x0000, 0x0000, 0x0000, 0x0000, 0x0000, 0x0000, 0x0000, 0x0000,
  0x0000, 0x0000, 0x0000, 0x0000, 0x0000, 0x0000, 0x0000, 0x0000, 0x0000, 0x0000, 0x0000, 0x0000,
  0x0000, 0x0000, 0x0000, 0x0000, 0x0000, 0x0000, 0x0000, 0x0000, 0x0000, 0x0000, 0x0000, 0x0000,
  0x0000, 0x0000, 0x0000, 0x0000, 0x0000, 0x0000, 0x0000, 0x0000, 0x0000, 0x0000, 0x0000, 0x0000,
  0x0000, 0x0000, 0x0000, 0x0000, 0x0000, 0x0000, 0x0000, 0x0000, 0x0000, 0x0000, 0x0000, 0x0000,
  0x0000, 0x0000, 0x0000, 0x0000, 0x0000, 0x0000, 0x0000, 0x0000, 0x0000, 0x0000, 0x0000, 0x0000,
  0x0000, 0x0000, 0x0000, 0x0000, 0x0000, 0x0000, 0x0000, 0x0000, 0x0000, 0x0000, 0x0000, 0x0000,
  0x0000, 0x0000, 0x0000, 0x0000, 0x0000, 0x0000, 0x0000, 0x0000, 0x0000, 0x0000, 0x0000, 0x0000,
  0x0000, 0x0000, 0x0000, 0x0000, 0x0000, 0x0000, 0x0000, 0x0000, 0x0000, 0x0000, 0x0000, 0x0000,
  0x0000, 0x0000, 0x0000, 0x0000, 0x0000, 0x0000, 0x0000, 0x0000, 0x0000, 0x0000, 0x0000, 0x0000,
  0x0000, 0x0000, 0x0000, 0x0000, 0x0000, 0x0000, 0x0000, 0x0000, 0x0000, 0x0000, 0x0000, 0x0000,
};
