#pragma once

#include <Arduino.h>

// Generated from assets/thinking1.png through thinking3.png by tools/encode_banner.py.
const uint16_t THINKING_FRAME_WIDTH = 192;
const uint16_t THINKING_FRAME_HEIGHT = 192;
const uint8_t THINKING_FRAME_COUNT = 3;
const uint16_t THINKING_FRAMES[THINKING_FRAME_COUNT][36864] PROGMEM = {
  {
    0x0000, 0x0000, 0x0000, 0x0000, 0x0000, 0x0000, 0x0000, 0x0000, 0x0000, 0x0000, 0x0000, 0x0000,
    0x0000, 0x0000, 0x0000, 0x0000, 0x0000, 0x0000, 0x0000, 0x0000, 0x0000, 0x0000, 0x0000, 0x0000,
    0x0000, 0x0000, 0x0000, 0x0000, 0x0000, 0x0000, 0x0000, 0x0000, 0x0000, 0x0000, 0x0000, 0x0000,
    0x0000, 0x0000, 0x0000, 0x0000, 0x0000, 0x0000, 0x0000, 0x0000, 0x0000, 0x0000, 0x0000, 0x0000,
    0x0000, 0x0000, 0x0000, 0x0000, 0x0000, 0x0000, 0x0000, 0x0000, 0x0000, 0x0000, 0x0000, 0x0000,
    0x0000, 0x0000, 0x0000, 0x0000, 0x0000, 0x0000, 0x0000, 0x0000, 0x0000, 0x0000, 0x0000, 0x0000,
    0x0000, 0x0000, 0x0000, 0x0000, 0x0000, 0x0000, 0x0000, 0x0000, 0x0000, 0x0000, 0x0000, 0x0000,
    0x0000, 0x0000, 0x0000, 0x0000, 0x0000, 0x0000, 0x0000, 0x0000, 0x0000, 0x0000, 0x0000, 0x0000,
    0x0000, 0x0000, 0x0000, 0x0000, 0x0000, 0x0000, 0x0000, 0x0000, 0x0000, 0x0000, 0x0000, 0x0000,
    0x0000, 0x0000, 0x0000, 0x0000, 0x0000, 0x0000, 0x0000, 0x0000, 0x0000, 0x0000, 0x0000, 0x0000,
    0x0000, 0x0000, 0x0000, 0x0000, 0x0000, 0x0000, 0x0000, 0x0000, 0x0000, 0x0000, 0x0000, 0x0000,
    0x0000, 0x0000, 0x0000, 0x0000, 0x0000, 0x0000, 0x0000, 0x0000, 0x0000, 0x0000, 0x0000, 0x0000,
    0x0000, 0x0000, 0x0000, 0x0000, 0x0000, 0x0000, 0x0000, 0x0000, 0x0000, 0x0000, 0x0000, 0x0000,
    0x0000, 0x0000, 0x0000, 0x0000, 0x0000, 0x0000, 0x0000, 0x0000, 0x0000, 0x0000, 0x0000, 0x0000,
    0x0000, 0x0000, 0x0000, 0x0000, 0x0000, 0x0000, 0x0000, 0x0000, 0x0000, 0x0000, 0x0000, 0x0000,
    0x0000, 0x0000, 0x0000, 0x0000, 0x0000, 0x0000, 0x0000, 0x0000, 0x0000, 0x0000, 0x0000, 0x0000,
    0x0000, 0x0000, 0x0000, 0x0000, 0x0000, 0x0000, 0x0000, 0x0000, 0x0000, 0x0000, 0x0000, 0x0000,
    0x0000, 0x0000, 0x0000, 0x0000, 0x0000, 0x0000, 0x0000, 0x0000, 0x0000, 0x0000, 0x0000, 0x0000,
    0x0000, 0x0000, 0x0000, 0x0000, 0x0000, 0x0000, 0x0000, 0x0000, 0x0000, 0x0000, 0x0000, 0x0000,
    0x0000, 0x0000, 0x0000, 0x0000, 0x0000, 0x0000, 0x0000, 0x0000, 0x0000, 0x0000, 0x0000, 0x0000,
    0x0000, 0x0000, 0x0000, 0x0000, 0x0000, 0x0000, 0x0000, 0x0000, 0x0000, 0x0000, 0x0000, 0x0000,
    0x0000, 0x0000, 0x0000, 0x0000, 0x0000, 0x0000, 0x0000, 0x0000, 0x0000, 0x0000, 0x0000, 0x0000,
    0x0000, 0x0000, 0x0000, 0x0000, 0x0000, 0x0000, 0x0000, 0x0000, 0x0000, 0x0000, 0x0000, 0x0000,
    0x0000, 0x0000, 0x0000, 0x0000, 0x0000, 0x0000, 0x0000, 0x0000, 0x0000, 0x0000, 0x0000, 0x0000,
    0x0000, 0x0000, 0x0000, 0x0000, 0x0000, 0x0000, 0x0000, 0x0000, 0x0000, 0x0000, 0x0000, 0x0000,
    0x0000, 0x0000, 0x0000, 0x0000, 0x0000, 0x0000, 0x0000, 0x0000, 0x0000, 0x0000, 0x0000, 0x0000,
    0x0000, 0x0000, 0x0000, 0x0000, 0x0000, 0x0000, 0x0000, 0x0000, 0x0000, 0x0000, 0x0000, 0x0000,
    0x0000, 0x0000, 0x0000, 0x0000, 0x0000, 0x0000, 0x0000, 0x0000, 0x0000, 0x0000, 0x0000, 0x0000,
    0x0000, 0x0000, 0x0000, 0x0000, 0x0000, 0x0000, 0x0000, 0x0000, 0x0000, 0x0000, 0x0000, 0x0000,
    0x0000, 0x0000, 0x0000, 0x0000, 0x0000, 0x0000, 0x0000, 0x0000, 0x0000, 0x0000, 0x0000, 0x0000,
    0x0000, 0x0000, 0x0000, 0x0000, 0x0000, 0x0000, 0x0000, 0x0000, 0x0000, 0x0000, 0x0000, 0x0000,
    0x0000, 0x0000, 0x0000, 0x0000, 0x0000, 0x0000, 0x0000, 0x0000, 0x0000, 0x0000, 0x0000, 0x0000,
    0x0000, 0x0000, 0x0000, 0x0000, 0x0000, 0x0000, 0x0000, 0x0000, 0x0000, 0x0000, 0x0000, 0x0000,
    0x0000, 0x0000, 0x0000, 0x0000, 0x0000, 0x0000, 0x0000, 0x0000, 0x0000, 0x0000, 0x0000, 0x0000,
    0x0000, 0x0000, 0x0000, 0x0000, 0x0000, 0x0000, 0x0000, 0x0000, 0x0000, 0x0000, 0x0000, 0x0000,
    0x0000, 0x0000, 0x0000, 0x0000, 0x0000, 0x0000, 0x0000, 0x0000, 0x0000, 0x0000, 0x0000, 0x0000,
    0x0000, 0x0000, 0x0000, 0x0000, 0x0000, 0x0000, 0x0000, 0x0000, 0x0000, 0x0000, 0x0000, 0x0000,
    0x0000, 0x0000, 0x0000, 0x0000, 0x0000, 0x0000, 0x0000, 0x0000, 0x0000, 0x0000, 0x0000, 0x0000,
    0x0000, 0x0000, 0x0000, 0x0000, 0x0000, 0x0000, 0x0000, 0x0000, 0x0000, 0x0000, 0x0000, 0x0000,
    0x0000, 0x0000, 0x0000, 0x0000, 0x0000, 0x0000, 0x0000, 0x0000, 0x0000, 0x0000, 0x0000, 0x0000,
    0x0000, 0x0000, 0x0000, 0x0000, 0x0000, 0x0000, 0x0000, 0x0000, 0x0000, 0x0000, 0x0000, 0x0000,
    0x0000, 0x0000, 0x0000, 0x0000, 0x0000, 0x0000, 0x0000, 0x0000, 0x0000, 0x0000, 0x0000, 0x0000,
    0x0000, 0x0000, 0x0000, 0x0000, 0x0000, 0x0000, 0x0000, 0x0000, 0x0000, 0x0000, 0x0000, 0x0000,
    0x0000, 0x0000, 0x0000, 0x0000, 0x0000, 0x0000, 0x0000, 0x0000, 0x0000, 0x0000, 0x0000, 0x0000,
    0x0000, 0x0000, 0x0000, 0x0000, 0x0000, 0x0000, 0x0000, 0x0000, 0x0000, 0x0000, 0x0000, 0x0000,
    0x0000, 0x0000, 0x0000, 0x0000, 0x0000, 0x0000, 0x0000, 0x0000, 0x0000, 0x0000, 0x0000, 0x0000,
    0x0000, 0x0000, 0x0000, 0x0000, 0x0000, 0x0000, 0x0000, 0x0000, 0x0000, 0x0000, 0x0000, 0x0000,
    0x0000, 0x0000, 0x0000, 0x0000, 0x0000, 0x0000, 0x0000, 0x0000, 0x0000, 0x0000, 0x0000, 0x0000,
    0x0000, 0x0000, 0x0000, 0x0000, 0x0000, 0x0000, 0x0000, 0x0000, 0x0000, 0x0000, 0x0000, 0x0000,
    0x0000, 0x0000, 0x0000, 0x0000, 0x0000, 0x0000, 0x0000, 0x0000, 0x0000, 0x0000, 0x0000, 0x0000,
    0x0000, 0x0000, 0x0000, 0x0000, 0x0000, 0x0000, 0x0000, 0x0000, 0x0000, 0x0000, 0x0000, 0x0000,
    0x0000, 0x0000, 0x0000, 0x0000, 0x0000, 0x0000, 0x0000, 0x0000, 0x0000, 0x0000, 0x0000, 0x0000,
    0x0000, 0x0000, 0x0000, 0x0000, 0x0000, 0x0000, 0x0000, 0x0000, 0x0000, 0x0000, 0x0000, 0x0000,
    0x0000, 0x0000, 0x0000, 0x0000, 0x0000, 0x0000, 0x0000, 0x0000, 0x0000, 0x0000, 0x0000, 0x0000,
    0x0000, 0x0000, 0x0000, 0x0000, 0x0000, 0x0000, 0x0000, 0x0000, 0x0000, 0x0000, 0x0000, 0x0000,
    0x0000, 0x0000, 0x0000, 0x0000, 0x0000, 0x0000, 0x0000, 0x0000, 0x0000, 0x0000, 0x0000, 0x0000,
    0x0000, 0x0000, 0x0000, 0x0000, 0x0000, 0x0000, 0x0000, 0x0000, 0x0000, 0x0000, 0x0000, 0x0000,
    0x0000, 0x0000, 0x0000, 0x0000, 0x0000, 0x0000, 0x0000, 0x0000, 0x0000, 0x0000, 0x0000, 0x0000,
    0x0000, 0x0000, 0x0000, 0x0000, 0x0000, 0x0000, 0x0000, 0x0000, 0x0000, 0x0000, 0x0000, 0x0000,
    0x0000, 0x0000, 0x0000, 0x0000, 0x0000, 0x0000, 0x0000, 0x0000, 0x0000, 0x0000, 0x0000, 0x0000,
    0x0000, 0x0000, 0x0000, 0x0000, 0x0000, 0x0000, 0x0000, 0x0000, 0x0000, 0x0000, 0x0000, 0x0000,
    0x0000, 0x0000, 0x0000, 0x0000, 0x0000, 0x0000, 0x0000, 0x0000, 0x0000, 0x0000, 0x0000, 0x0000,
    0x0000, 0x0000, 0x0000, 0x0000, 0x0000, 0x0000, 0x0000, 0x0000, 0x0000, 0x0000, 0x0000, 0x0000,
    0x0000, 0x0000, 0x0000, 0x0000, 0x0000, 0x0000, 0x0000, 0x0000, 0x0000, 0x0000, 0x0000, 0x0000,
    0x0000, 0x0000, 0x0000, 0x0000, 0x0000, 0x0000, 0x0000, 0x0000, 0x0000, 0x0000, 0x0000, 0x0000,
    0x0000, 0x0000, 0x0000, 0x0000, 0x0000, 0x0000, 0x0000, 0x0000, 0x0000, 0x0000, 0x0000, 0x0000,
    0x0000, 0x0000, 0x0000, 0x0000, 0x0000, 0x0000, 0x0000, 0x0000, 0x0000, 0x0000, 0x0000, 0x0000,
    0x0000, 0x0000, 0x0000, 0x0000, 0x0000, 0x0000, 0x0000, 0x0000, 0x0000, 0x0000, 0x0000, 0x0000,
    0x0000, 0x0000, 0x0000, 0x0000, 0x0000, 0x0000, 0x0000, 0x0000, 0x0000, 0x0000, 0x0000, 0x0000,
    0x0000, 0x0000, 0x0000, 0x0000, 0x0000, 0x0000, 0x0000, 0x0000, 0x0000, 0x0000, 0x0000, 0x0000,
    0x0000, 0x0000, 0x0000, 0x0000, 0x0000, 0x0000, 0x0000, 0x0000, 0x0000, 0x0000, 0x0000, 0x0000,
    0x0000, 0x0000, 0x0000, 0x0000, 0x0000, 0x0000, 0x0000, 0x0000, 0x0000, 0x0000, 0x0000, 0x0000,
    0x0000, 0x0000, 0x0000, 0x0000, 0x0000, 0x0000, 0x0000, 0x0000, 0x0000, 0x0000, 0x0000, 0x0000,
    0x0000, 0x0000, 0x0000, 0x0000, 0x0000, 0x0000, 0x0000, 0x0000, 0x0000, 0x0000, 0x0000, 0x0000,
    0x0000, 0x0000, 0x0000, 0x0000, 0x0000, 0x0000, 0x0000, 0x0000, 0x0000, 0x0000, 0x0000, 0x0000,
    0x0000, 0x0000, 0x0000, 0x0000, 0x0000, 0x0000, 0x0000, 0x0000, 0x0000, 0x0000, 0x0000, 0x0000,
    0x0000, 0x0000, 0x0000, 0x0000, 0x0000, 0x0000, 0x0000, 0x0000, 0x0000, 0x0000, 0x0000, 0x0000,
    0x0000, 0x0000, 0x0000, 0x0000, 0x0000, 0x0000, 0x0000, 0x0000, 0x0000, 0x0000, 0x0000, 0x0000,
    0x0000, 0x0000, 0x0000, 0x0000, 0x0000, 0x0000, 0x0000, 0x0000, 0x0000, 0x0000, 0x0000, 0x0000,
    0x0000, 0x0000, 0x0000, 0x0000, 0x0000, 0x0000, 0x0000, 0x0000, 0x0000, 0x0000, 0x0000, 0x0000,
    0x0000, 0x0000, 0x0000, 0x0000, 0x0000, 0x0000, 0x0000, 0x0000, 0x0000, 0x0000, 0x0000, 0x0000,
    0x0000, 0x0000, 0x0000, 0x0000, 0x0000, 0x0000, 0x0000, 0x0000, 0x0000, 0x0000, 0x0000, 0x0000,
    0x0000, 0x0000, 0x0000, 0x0000, 0x0000, 0x0000, 0x0000, 0x0000, 0x0000, 0x0000, 0x0000, 0x0000,
    0x0000, 0x0000, 0x0000, 0x0000, 0x0000, 0x0000, 0x0000, 0x0000, 0x0000, 0x0000, 0x0000, 0x0000,
    0x0000, 0x0000, 0x0000, 0x0000, 0x0000, 0x0000, 0x0000, 0x0000, 0x0000, 0x0000, 0x0000, 0x0000,
    0x0000, 0x0000, 0x0000, 0x0000, 0x0000, 0x0000, 0x0000, 0x0000, 0x0000, 0x0000, 0x0000, 0x0000,
    0x0000, 0x0000, 0x0000, 0x0000, 0x0000, 0x0000, 0x0000, 0x0000, 0x0000, 0x0000, 0x0000, 0x0000,
    0x0000, 0x0000, 0x0000, 0x0000, 0x0000, 0x0000, 0x0000, 0x0000, 0x0000, 0x0000, 0x0000, 0x0000,
    0x0000, 0x0000, 0x0000, 0x0000, 0x0000, 0x0000, 0x0000, 0x0000, 0x0000, 0x0000, 0x0000, 0x0000,
    0x0000, 0x0000, 0x0000, 0x0000, 0x0000, 0x0000, 0x0000, 0x0000, 0x0000, 0x0000, 0x0000, 0x0000,
    0x0000, 0x0000, 0x0000, 0x0000, 0x0000, 0x0000, 0x0000, 0x0000, 0x0000, 0x0000, 0x0000, 0x0000,
    0x0000, 0x0000, 0x0000, 0x0000, 0x0000, 0x0000, 0x0000, 0x0000, 0x0000, 0x0000, 0x0000, 0x0000,
    0x0000, 0x0000, 0x0000, 0x0000, 0x0000, 0x0000, 0x0000, 0x0000, 0x0000, 0x0000, 0x0000, 0x0000,
    0x0000, 0x0000, 0x0000, 0x0000, 0x0000, 0x0000, 0x0000, 0x0000, 0x0000, 0x0000, 0x0000, 0x0000,
    0x0000, 0x0000, 0x0000, 0x0000, 0x0000, 0x0000, 0x0000, 0x0000, 0x0000, 0x0000, 0x0000, 0x0000,
    0x0000, 0x0000, 0x0000, 0x0000, 0x0000, 0x0000, 0x0000, 0x0000, 0x0000, 0x0000, 0x0000, 0x0000,
    0x0000, 0x0000, 0x0000, 0x0000, 0x0000, 0x0000, 0x0000, 0x0000, 0x0000, 0x0000, 0x0000, 0x0000,
    0x0000, 0x0000, 0x0000, 0x0000, 0x0000, 0x0000, 0x0000, 0x0000, 0x0000, 0x0000, 0x0000, 0x0000,
    0x0000, 0x0000, 0x0000, 0x0000, 0x0000, 0x0000, 0x0000, 0x0000, 0x0000, 0x0000, 0x0000, 0x0000,
    0x0000, 0x0000, 0x0000, 0x0000, 0x0000, 0x0000, 0x0000, 0x0000, 0x0000, 0x0000, 0x0000, 0x0000,
    0x0000, 0x0000, 0x0000, 0x0000, 0x0000, 0x0000, 0x0000, 0x0000, 0x0000, 0x0000, 0x0000, 0x0000,
    0x0000, 0x0000, 0x0000, 0x0000, 0x0000, 0x0000, 0x0000, 0x0000, 0x0000, 0x0000, 0x0000, 0x0000,
    0x0000, 0x0000, 0x0000, 0x0000, 0x0000, 0x0000, 0x0000, 0x0000, 0x0000, 0x0000, 0x0000, 0x0000,
    0x0000, 0x0000, 0x0000, 0x0000, 0x0000, 0x0000, 0x0000, 0x0000, 0x0000, 0x0000, 0x0000, 0x0000,
    0x0000, 0x0000, 0x0000, 0x0000, 0x0000, 0x0000, 0x0000, 0x0000, 0x0000, 0x0000, 0x0000, 0x0000,
    0x0000, 0x0000, 0x0000, 0x0000, 0x0000, 0x0000, 0x0000, 0x0000, 0x0000, 0x0000, 0x0000, 0x0000,
    0x0000, 0x0000, 0x0000, 0x0000, 0x0000, 0x0000, 0x0000, 0x0000, 0x0000, 0x0000, 0x0000, 0x0000,
    0x0000, 0x0000, 0x0000, 0x0000, 0x0000, 0x0000, 0x0000, 0x0000, 0x0000, 0x0000, 0x0000, 0x0000,
    0x0000, 0x0000, 0x0000, 0x0000, 0x0000, 0x0000, 0x0000, 0x0000, 0x0000, 0x0000, 0x0000, 0x0000,
    0x0000, 0x0000, 0x0000, 0x0000, 0x0000, 0x0000, 0x0000, 0x0000, 0x0000, 0x0000, 0x0000, 0x0000,
    0x0000, 0x0000, 0x0000, 0x0000, 0x0000, 0x0000, 0x0000, 0x0000, 0x0000, 0x0000, 0x0000, 0x0000,
    0x0000, 0x0000, 0x0000, 0x0000, 0x0000, 0x0000, 0x0000, 0x0000, 0x0000, 0x0000, 0x0000, 0x0000,
    0x0000, 0x0000, 0x0000, 0x0000, 0x0000, 0x0000, 0x0000, 0x0000, 0x0000, 0x0000, 0x0000, 0x0000,
    0x0000, 0x0000, 0x0000, 0x0000, 0x0000, 0x0000, 0x0000, 0x0000, 0x0000, 0x0000, 0x0000, 0x0000,
    0x0000, 0x0000, 0x0000, 0x0000, 0x0000, 0x0000, 0x0000, 0x0000, 0x0000, 0x0000, 0x0000, 0x0000,
    0x0000, 0x0000, 0x0000, 0x0000, 0x0000, 0x0000, 0x0000, 0x0000, 0x0000, 0x0000, 0x0000, 0x0000,
    0x0000, 0x0000, 0x0000, 0x0000, 0x0000, 0x0000, 0x0000, 0x0000, 0x0000, 0x0000, 0x0000, 0x0000,
    0x0000, 0x0000, 0x0000, 0x0000, 0x0000, 0x0000, 0x0000, 0x0000, 0x0000, 0x0000, 0x0000, 0x0000,
    0x0000, 0x0000, 0x0000, 0x0000, 0x0000, 0x0000, 0x0000, 0x0000, 0x0000, 0x0000, 0x0000, 0x0000,
    0x0000, 0x0000, 0x0000, 0x0000, 0x0000, 0x0000, 0x0000, 0x0000, 0x0000, 0x0000, 0x0000, 0x0000,
    0x0000, 0x0000, 0x0000, 0x0000, 0x0000, 0x0000, 0x0000, 0x0000, 0x0000, 0x0000, 0x0000, 0x0000,
    0x0000, 0x0000, 0x0000, 0x0000, 0x0000, 0x0000, 0x0000, 0x0000, 0x0000, 0x0000, 0x0000, 0x0000,
    0x0000, 0x0000, 0x0000, 0x0000, 0x0000, 0x0000, 0x0000, 0x0000, 0x0000, 0x0000, 0x0000, 0x0000,
    0x0000, 0x0000, 0x0000, 0x0000, 0x0000, 0x0000, 0x0000, 0x0000, 0x0000, 0x0000, 0x0000, 0x0000,
    0x0000, 0x0000, 0x0000, 0x0000, 0x0000, 0x0000, 0x0000, 0x0000, 0x0000, 0x0000, 0x0000, 0x0000,
    0x0000, 0x0000, 0x0000, 0x0000, 0x0000, 0x0000, 0x0000, 0x0000, 0x0000, 0x0000, 0x0000, 0x0000,
    0x0000, 0x0000, 0x0000, 0x0000, 0x0000, 0x0000, 0x0000, 0x0000, 0x0000, 0x0000, 0x0000, 0x0000,
    0x0000, 0x0000, 0x0000, 0x0000, 0x0000, 0x0000, 0x0000, 0x0000, 0x0000, 0x0000, 0x0000, 0x0000,
    0x0000, 0x0000, 0x0000, 0x0000, 0x0000, 0x0000, 0x0000, 0x0000, 0x0000, 0x0000, 0x0000, 0x0000,
    0x0000, 0x0000, 0x0000, 0x0000, 0x0000, 0x0000, 0x0000, 0x0000, 0x0000, 0x0000, 0x0000, 0x0000,
    0x0000, 0x0000, 0x0000, 0x0000, 0x0000, 0x0000, 0x0000, 0x0000, 0x0000, 0x0000, 0x0000, 0x0000,
    0x0000, 0x0000, 0x0000, 0x0000, 0x0000, 0x0000, 0x0000, 0x0000, 0x0000, 0x0000, 0x0000, 0x0000,
    0x0000, 0x0000, 0x0000, 0x0000, 0x0000, 0x0000, 0x0000, 0x0000, 0x0000, 0x0000, 0x0000, 0x0000,
    0x0000, 0x0000, 0x0000, 0x0000, 0x0000, 0x0000, 0x0000, 0x0000, 0x0000, 0x0000, 0x0000, 0x0000,
    0x0000, 0x0000, 0x0000, 0x0000, 0x0000, 0x0000, 0x0000, 0x0000, 0x0000, 0x0000, 0x0000, 0x0000,
    0x0000, 0x0000, 0x0000, 0x0000, 0x0000, 0x0000, 0x0000, 0x0000, 0x0000, 0x0000, 0x0000, 0x0000,
    0x0000, 0x0000, 0x0000, 0x0000, 0x0000, 0x0000, 0x0000, 0x0000, 0x0000, 0x0000, 0x0000, 0x0000,
    0x0000, 0x0000, 0x0000, 0x0000, 0x0000, 0x0000, 0x0000, 0x0000, 0x0000, 0x0000, 0x0000, 0x0000,
    0x0000, 0x0000, 0x0000, 0x0000, 0x0000, 0x0000, 0x0000, 0x0000, 0x0000, 0x0000, 0x0000, 0x0000,
    0x0000, 0x0000, 0x0000, 0x0000, 0x0000, 0x0000, 0x0000, 0x0000, 0x0000, 0x0000, 0x0000, 0x0000,
    0x0000, 0x0000, 0x0000, 0x0000, 0x0000, 0x0000, 0x0000, 0x0000, 0x0000, 0x0000, 0x0000, 0x0000,
    0x0000, 0x0000, 0x0000, 0x0000, 0x0000, 0x0000, 0x0000, 0x0000, 0x0000, 0x0000, 0x0000, 0x0000,
    0x0000, 0x0000, 0x0000, 0x0000, 0x0000, 0x0000, 0x0000, 0x0000, 0x0000, 0x0000, 0x0000, 0x0000,
    0x0000, 0x0000, 0x0000, 0x0000, 0x0000, 0x0000, 0x0000, 0x0000, 0x0000, 0x0000, 0x0000, 0x0000,
    0x0000, 0x0000, 0x0000, 0x0000, 0x0000, 0x0000, 0x0000, 0x0000, 0x0000, 0x0000, 0x0000, 0x0000,
    0x0000, 0x0000, 0x0000, 0x0000, 0x0000, 0x0000, 0x0000, 0x0000, 0x0000, 0x0000, 0x0000, 0x0000,
    0x0000, 0x0000, 0x0000, 0x0000, 0x0000, 0x0000, 0x0000, 0x0000, 0x0000, 0x0000, 0x0000, 0x0000,
    0x0000, 0x0000, 0x0000, 0x0000, 0x0000, 0x0000, 0x0000, 0x0000, 0x0000, 0x0000, 0x0000, 0x0000,
    0x0000, 0x0000, 0x0000, 0x0000, 0x0000, 0x0000, 0x0000, 0x0000, 0x0000, 0x0000, 0x0000, 0x0000,
    0x0000, 0x0000, 0x0000, 0x0000, 0x0000, 0x0000, 0x0000, 0x0000, 0x0000, 0x0000, 0x0000, 0x0000,
    0x0000, 0x0000, 0x0000, 0x0000, 0x0000, 0x0000, 0x0000, 0x0000, 0x0000, 0x0000, 0x0000, 0x0000,
    0x0000, 0x0000, 0x0000, 0x0000, 0x0000, 0x0000, 0x0000, 0x0000, 0x0000, 0x0000, 0x0000, 0x0000,
    0x0000, 0x0000, 0x0000, 0x0000, 0x0000, 0x0000, 0x0000, 0x0000, 0x0000, 0x0000, 0x0000, 0x0000,
    0x0000, 0x0000, 0x0000, 0x0000, 0x0000, 0x0000, 0x0000, 0x0000, 0x0000, 0x0000, 0x0000, 0x0000,
    0x0000, 0x0000, 0x0000, 0x0000, 0x0000, 0x0000, 0x0000, 0x0000, 0x0000, 0x0000, 0x0000, 0x0000,
    0x0000, 0x0000, 0x0000, 0x0000, 0x0000, 0x0000, 0x0000, 0x0000, 0x0000, 0x0000, 0x0000, 0x0000,
    0x0000, 0x0000, 0x0000, 0x0000, 0x0000, 0x0000, 0x0000, 0x0000, 0x0000, 0x0000, 0x0000, 0x0000,
    0x0000, 0x0000, 0x0000, 0x0000, 0x0000, 0x0000, 0x0000, 0x0000, 0x0000, 0x0000, 0x0000, 0x0000,
    0x0000, 0x0000, 0x0000, 0x0000, 0x0000, 0x0000, 0x0000, 0x0000, 0x0000, 0x0000, 0x0000, 0x0000,
    0x0000, 0x0000, 0x0000, 0x0000, 0x0000, 0x0000, 0x0000, 0x0000, 0x0000, 0x0000, 0x0000, 0x0000,
    0x0000, 0x0000, 0x0000, 0x0000, 0x0000, 0x0000, 0x0000, 0x0000, 0x0000, 0x0000, 0x0000, 0x0000,
    0x0000, 0x0000, 0x0000, 0x0000, 0x0000, 0x0000, 0x0000, 0x0000, 0x0000, 0x0000, 0x0000, 0x0000,
    0x0000, 0x0000, 0x0000, 0x0000, 0x0000, 0x0000, 0x0000, 0x0000, 0x0000, 0x0000, 0x0000, 0x0000,
    0x0000, 0x0000, 0x0000, 0x0000, 0x0000, 0x0000, 0x0000, 0x0000, 0x0000, 0x0000, 0x0000, 0x0000,
    0x0000, 0x0000, 0x0000, 0x0000, 0x0000, 0x0000, 0x0000, 0x0000, 0x0000, 0x0000, 0x0000, 0x0000,
    0x0000, 0x0000, 0x0000, 0x0000, 0x0000, 0x0000, 0x0000, 0x0000, 0x0000, 0x0000, 0x0000, 0x0000,
    0x0000, 0x0000, 0x0000, 0x0000, 0x0000, 0x0000, 0x0000, 0x0000, 0x0000, 0x0000, 0x0000, 0x0000,
    0x0000, 0x0000, 0x0000, 0x0000, 0x0000, 0x0000, 0x0000, 0x0000, 0x0000, 0x0000, 0x0000, 0x0000,
    0x0000, 0x0000, 0x0000, 0x0000, 0x0000, 0x0000, 0x0000, 0x0000, 0x0000, 0x0000, 0x0000, 0x0000,
    0x0000, 0x0000, 0x0000, 0x0000, 0x0000, 0x0000, 0x0000, 0x0000, 0x0000, 0x0000, 0x0000, 0x0000,
    0x0000, 0x0000, 0x0000, 0x0000, 0x0000, 0x0000, 0x0000, 0x0000, 0x0000, 0x0000, 0x0000, 0x0000,
    0x0000, 0x0000, 0x0000, 0x0000, 0x0000, 0x0000, 0x0000, 0x0000, 0x0000, 0x0000, 0x0000, 0x0000,
    0x0000, 0x0000, 0x0000, 0x0000, 0x0000, 0x0000, 0x0000, 0x0000, 0x0000, 0xEF7D, 0xFFFF, 0xFFFF,
    0xFFFF, 0xFFFF, 0xFFDF, 0x8C51, 0x0000, 0x0000, 0x0000, 0x0000, 0x0000, 0x0000, 0x0000, 0x0000,
    0x0000, 0x0000, 0x0000, 0x0000, 0x0000, 0x0000, 0x0000, 0x0000, 0x0000, 0x0000, 0x0000, 0x0000,
    0x0000, 0x0000, 0x0000, 0x0000, 0x0000, 0x0000, 0x0000, 0x0000, 0x0000, 0x0000, 0x0000, 0x0000,
    0x0000, 0x0000, 0x0000, 0x0000, 0x0000, 0x0000, 0x0000, 0x0000, 0x0000, 0x0000, 0x0000, 0x0000,
    0x0000, 0x0000, 0x0000, 0x0000, 0x0000, 0x0000, 0x0000, 0x0000, 0x0000, 0x0000, 0x0000, 0x0000,
    0x0000, 0x0000, 0x0000, 0x0000, 0x0000, 0x0000, 0x0000, 0x0000, 0x0000, 0x0000, 0x0000, 0x0000,
    0x0000, 0x0000, 0x0000, 0x0000, 0x0000, 0x0000, 0x0000, 0x0000, 0x0000, 0x0000, 0x0000, 0x0000,
    0x0000, 0x0000, 0x0000, 0x0000, 0x0000, 0x0000, 0x0000, 0x0000, 0x0000, 0x0000, 0x0000, 0x0000,
    0x0000, 0x0000, 0x0000, 0x0000, 0x0000, 0x0000, 0x0000, 0x0000, 0x0000, 0x0000, 0x0000, 0x0000,
    0x0000, 0x0000, 0x0000, 0x0000, 0x0000, 0x0000, 0x0000, 0x0000, 0x0000, 0x0000, 0x0000, 0x0000,
    0x0000, 0x0000, 0x0000, 0x0000, 0x0000, 0x0000, 0x0000, 0x0000, 0x0000, 0x0000, 0x0000, 0x0000,
    0x0000, 0x0000, 0x0000, 0x0000, 0x0000, 0x0000, 0x0000, 0x0000, 0x0000, 0x0000, 0x0000, 0x0000,
    0x0000, 0x0000, 0x0000, 0x0000, 0x0000, 0x0000, 0x0000, 0x0000, 0x0000, 0x0000, 0x0000, 0x0000,
    0x0000, 0x0000, 0x0000, 0x0000, 0x0000, 0x0000, 0x0000, 0x0000, 0x0000, 0x0000, 0x0000, 0x0000,
    0x0000, 0x0000, 0x0000, 0x0000, 0x0000, 0x0000, 0x0000, 0x0000, 0x0000, 0x0000, 0x0000, 0x0000,
    0x0000, 0x0000, 0x0000, 0x0000, 0x0000, 0x0000, 0x0000, 0x0000, 0x0000, 0xEF7D, 0xFFFF, 0xFFFF,
    0xFFFF, 0xFFFF, 0xFFFF, 0xA514, 0x0000, 0x0000, 0x0000, 0x0000, 0x0000, 0x0000, 0x0000, 0x0000,
    0x0000, 0x0000, 0x0000, 0x0000, 0x0000, 0x0000, 0x0000, 0x0000, 0x0000, 0x0000, 0x0000, 0x0000,
    0x0000, 0x0000, 0x0000, 0x0000, 0x0000, 0x0000, 0x0000, 0x0000, 0x0000, 0x0000, 0x0000, 0x0000,
    0x0000, 0x0000, 0x0000, 0x0000, 0x0000, 0x0000, 0x0000, 0x0000, 0x0000, 0x0000, 0x0000, 0x0000,
    0x0000, 0x0000, 0x0000, 0x0000, 0x0000, 0x0000, 0x0000, 0x0000, 0x0000, 0x0000, 0x0000, 0x0000,
    0x0000, 0x0000, 0x0000, 0x0000, 0x0000, 0x0000, 0x0000, 0x0000, 0x0000, 0x0000, 0x0000, 0x0000,
    0x0000, 0x0000, 0x0000, 0x0000, 0x0000, 0x0000, 0x0000, 0x0000, 0x0000, 0x0000, 0x0000, 0x0000,
    0x0000, 0x0000, 0x0000, 0x0000, 0x0000, 0x0000, 0x0000, 0x0000, 0x0000, 0x0000, 0x0000, 0x0000,
    0x0000, 0x0000, 0x0000, 0x0000, 0x0000, 0x0000, 0x0000, 0x0000, 0x0000, 0x0000, 0x0000, 0x0000,
    0x0000, 0x0000, 0x0000, 0x0000, 0x0000, 0x0000, 0x0000, 0x0000, 0x0000, 0x0000, 0x0000, 0x0000,
    0x0000, 0x0000, 0x0000, 0x0000, 0x0000, 0x0000, 0x0000, 0x0000, 0x0000, 0x0000, 0x0000, 0x0000,
    0x0000, 0x0000, 0x0000, 0x0000, 0x0000, 0x0000, 0x0000, 0x0000, 0x0000, 0x0000, 0x0000, 0x0000,
    0x0000, 0x0000, 0x0000, 0x0000, 0x0000, 0x0000, 0x0000, 0x0000, 0x0000, 0x0000, 0x0000, 0x0000,
    0x0000, 0x0000, 0x0000, 0x0000, 0x0000, 0x0000, 0x0000, 0x0000, 0x0000, 0x0000, 0x0000, 0x0000,
    0x0000, 0x0000, 0x0000, 0x0000, 0x0000, 0x0000, 0x0000, 0x0000, 0x0000, 0x0000, 0x0000, 0x0000,
    0x0000, 0x0000, 0x0000, 0x0000, 0x0000, 0x0000, 0x0000, 0x0000, 0x0000, 0xF7DE, 0xFFFF, 0xFFFF,
    0xFFFF, 0xFFFF, 0xFFFF, 0xA534, 0x0000, 0x0000, 0x0000, 0x0000, 0x0000, 0x0000, 0x0000, 0x0000,
    0x0000, 0x0000, 0x0000, 0x0000, 0x0000, 0x0000, 0x0000, 0x0000, 0x0000, 0x0000, 0x0000, 0x0000,
    0x0000, 0x0000, 0x0000, 0x0000, 0x0000, 0x0000, 0x0000, 0x0000, 0x0000, 0x0000, 0x0000, 0x0000,
    0x0000, 0x0000, 0x0000, 0x0000, 0x0000, 0x0000, 0x0000, 0x0000, 0x0000, 0x0000, 0x0000, 0x0000,
    0x0000, 0x0000, 0x0000, 0x0000, 0x0000, 0x0000, 0x0000, 0x0000, 0x0000, 0x0000, 0x0000, 0x0000,
    0x0000, 0x0000, 0x0000, 0x0000, 0x0000, 0x0000, 0x0000, 0x0000, 0x0000, 0x0000, 0x0000, 0x0000,
    0x0000, 0x0000, 0x0000, 0x0000, 0x0000, 0x0000, 0x0000, 0x0000, 0x0000, 0x0000, 0x0000, 0x0000,
    0x0000, 0x0000, 0x0000, 0x0000, 0x0000, 0x0000, 0x0000, 0x0000, 0x0000, 0x0000, 0x0000, 0x0000,
    0x0000, 0x0000, 0x0000, 0x0000, 0x0000, 0x0000, 0x0000, 0x0000, 0x0000, 0x0000, 0x0000, 0x0000,
    0x0000, 0x0000, 0x0000, 0x0000, 0x0000, 0x0000, 0x0000, 0x0000, 0x0000, 0x0000, 0x0000, 0x0000,
    0x0000, 0x0000, 0x0000, 0x0000, 0x0000, 0x0000, 0x0000, 0x0000, 0x0000, 0x0000, 0x0000, 0x0000,
    0x0000, 0x0000, 0x0000, 0x0000, 0x0000, 0x0000, 0x0000, 0x0000, 0x0000, 0x0000, 0x0000, 0x0000,
    0x0000, 0x0000, 0x0000, 0x0000, 0x0000, 0x0000, 0x0000, 0x0000, 0x0000, 0x0000, 0x0000, 0x0000,
    0x0000, 0x0000, 0x0000, 0x0000, 0x0000, 0x0000, 0x0000, 0x0000, 0x0000, 0x0000, 0x0000, 0x0000,
    0x0000, 0x0000, 0x0000, 0x0000, 0x0000, 0x0000, 0x0000, 0x0000, 0x0000, 0x0000, 0x0000, 0x0000,
    0x0000, 0x0000, 0x6B4D, 0x2104, 0x0000, 0x0000, 0x0000, 0x0000, 0x3186, 0xFFFF, 0xFFFF, 0xFFFF,
    0xFFFF, 0xFFFF, 0xFFFF, 0xE73D, 0x6B4D, 0x0000, 0x0000, 0x0000, 0x0000, 0x0000, 0x4A49, 0x4208,
    0x0000, 0x0000, 0x0000, 0x0000, 0x0000, 0x0000, 0x0000, 0x0000, 0x0000, 0x0000, 0x0000, 0x0000,
    0x0000, 0x0000, 0x0000, 0x0000, 0x0000, 0x0000, 0x0000, 0x0000, 0x0000, 0x0000, 0x0000, 0x0000,
    0x0000, 0x0000, 0x0000, 0x0000, 0x0000, 0x0000, 0x0000, 0x0000, 0x0000, 0x0000, 0x0000, 0x0000,
    0x0000, 0x0000, 0x0000, 0x0000, 0x0000, 0x0000, 0x0000, 0x0000, 0x0000, 0x0000, 0x0000, 0x0000,
    0x0000, 0x0000, 0x0000, 0x0000, 0x0000, 0x0000, 0x0000, 0x0000, 0x0000, 0x0000, 0x0000, 0x0000,
    0x0000, 0x0000, 0x0000, 0x0000, 0x0000, 0x0000, 0x0000, 0x0000, 0x0000, 0x0000, 0x0000, 0x0000,
    0x0000, 0x0000, 0x0000, 0x0000, 0x0000, 0x0000, 0x0000, 0x0000, 0x0000, 0x0000, 0x0000, 0x0000,
    0x0000, 0x0000, 0x0000, 0x0000, 0x0000, 0x0000, 0x0000, 0x0000, 0x0000, 0x0000, 0x0000, 0x0000,
    0x0000, 0x0000, 0x0000, 0x0000, 0x0000, 0x0000, 0x0000, 0x0000, 0x0000, 0x0000, 0x0000, 0x0000,
    0x0000, 0x0000, 0x0000, 0x0000, 0x0000, 0x0000, 0x0000, 0x0000, 0x0000, 0x0000, 0x0000, 0x0000,
    0x0000, 0x0000, 0x0000, 0x0000, 0x0000, 0x0000, 0x0000, 0x0000, 0x0000, 0x0000, 0x0000, 0x0000,
    0x0000, 0x0000, 0x0000, 0x0000, 0x0000, 0x0000, 0x0000, 0x0000, 0x0000, 0x0000, 0x0000, 0x0000,
    0x0000, 0x0000, 0x0000, 0x0000, 0x0000, 0x0000, 0x0000, 0x0000, 0x0000, 0x0000, 0x0000, 0x0000,
    0x0000, 0x0000, 0x0000, 0x0000, 0x0000, 0x0000, 0x0000, 0x0000, 0x0000, 0x0000, 0x0000, 0x0000,
    0xAD75, 0xFFDF, 0xFFFF, 0xFFDF, 0x0000, 0x0000, 0xCE79, 0xEF7D, 0xFFFF, 0xFFFF, 0xFFFF, 0xFFFF,
    0xFFFF, 0xFFFF, 0xFFFF, 0xFFFF, 0xFFFF, 0xEF7D, 0xE73C, 0x0000, 0x0000, 0xF79D, 0xFFFF, 0xFFFF,
    0x31A7, 0x0000, 0x0000, 0x0000, 0x0000, 0x0000, 0x0000, 0x0000, 0x0000, 0x0000, 0x0000, 0x0000,
    0x0000, 0x0000, 0x0000, 0x0000, 0x0000, 0x0000, 0x0000, 0x0000, 0x0000, 0x0000, 0x0000, 0x0000,
    0x0000, 0x0000, 0x0000, 0x0000, 0x0000, 0x0000, 0x0000, 0x0000, 0x0000, 0x0000, 0x0000, 0x0000,
    0x0000, 0x0000, 0x0000, 0x0000, 0x0000, 0x0000, 0x0000, 0x0000, 0x0000, 0x0000, 0x0000, 0x0000,
    0x0000, 0x0000, 0x0000, 0x0000, 0x0000, 0x0000, 0x0000, 0x0000, 0x0000, 0x0000, 0x0000, 0x0000,
    0x0000, 0x0000, 0x0000, 0x0000, 0x0000, 0x0000, 0x0000, 0x0000, 0x0000, 0x0000, 0x0000, 0x0000,
    0x0000, 0x0000, 0x0000, 0x0000, 0x0000, 0x0000, 0x0000, 0x0000, 0x0000, 0x0000, 0x0000, 0x0000,
    0x0000, 0x0000, 0x0000, 0x0000, 0x0000, 0x0000, 0x0000, 0x0000, 0x0000, 0x0000, 0x0000, 0x0000,
    0x0000, 0x0000, 0x0000, 0x0000, 0x0000, 0x0000, 0x0000, 0x0000, 0x0000, 0x0000, 0x0000, 0x0000,
    0x0000, 0x0000, 0x0000, 0x0000, 0x0000, 0x0000, 0x0000, 0x0000, 0x0000, 0x0000, 0x0000, 0x0000,
    0x0000, 0x0000, 0x0000, 0x0000, 0x0000, 0x0000, 0x0000, 0x0000, 0x0000, 0x0000, 0x0000, 0x0000,
    0x0000, 0x0000, 0x0000, 0x0000, 0x0000, 0x0000, 0x0000, 0x0000, 0x0000, 0x0000, 0x0000, 0x0000,
    0x0000, 0x0000, 0x0000, 0x0000, 0x0000, 0x0000, 0x0000, 0x0000, 0x0000, 0x0000, 0x0000, 0x0000,
    0x0000, 0x0000, 0x0000, 0x0000, 0x0000, 0x0000, 0x0000, 0x0000, 0x0000, 0x0000, 0x0000, 0x0000,
    0xFFDF, 0xFFFF, 0xFFFF, 0xFFFF, 0xF79E, 0xE71C, 0xFFFF, 0xFFFF, 0xFFFF, 0xFFFF, 0xFFFF, 0xFFFF,
    0xFFFF, 0xFFFF, 0xFFFF, 0xFFFF, 0xFFFF, 0xFFFF, 0xFFFF, 0xE75C, 0xE73C, 0xFFFF, 0xFFFF, 0xFFFF,
    0xBE18, 0x31A6, 0x0000, 0x0000, 0x0000, 0x0000, 0x0000, 0x0000, 0x0000, 0x0000, 0x0000, 0x0000,
    0x0000, 0x0000, 0x0000, 0x0000, 0x0000, 0x0000, 0x0000, 0x0000, 0x0000, 0x0000, 0x0000, 0x0000,
    0x0000, 0x0000, 0x0000, 0x0000, 0x0000, 0x0000, 0x0000, 0x0000, 0x0000, 0x0000, 0x0000, 0x0000,
    0x0000, 0x0000, 0x0000, 0x0000, 0x0000, 0x0000, 0x0000, 0x0000, 0x0000, 0x0000, 0x0000, 0x0000,
    0x0000, 0x0000, 0x0000, 0x0000, 0x0000, 0x0000, 0x0000, 0x0000, 0x0000, 0x0000, 0x0000, 0x0000,
    0x0000, 0x0000, 0x0000, 0x0000, 0x0000, 0x0000, 0x0000, 0x0000, 0x0000, 0x0000, 0x0000, 0x0000,
    0x0000, 0x0000, 0x0000, 0x0000, 0x0000, 0x0000, 0x0000, 0x0000, 0x0000, 0x0000, 0x0000, 0x0000,
    0x0000, 0x0000, 0x0000, 0x0000, 0x0000, 0x0000, 0x0000, 0x0000, 0x0000, 0x0000, 0x0000, 0x0000,
    0x0000, 0x0000, 0x0000, 0x0000, 0x0000, 0x0000, 0x0000, 0x0000, 0x0000, 0x0000, 0x0000, 0x0000,
    0x0000, 0x0000, 0x0000, 0x0000, 0x0000, 0x0000, 0x0000, 0x0000, 0x0000, 0x0000, 0x0000, 0x0000,
    0x0000, 0x0000, 0x0000, 0x0000, 0x0000, 0x0000, 0x0000, 0x0000, 0x0000, 0x0000, 0x0000, 0x0000,
    0x0000, 0x0000, 0x0000, 0x0000, 0x0000, 0x0000, 0x0000, 0x0000, 0x0000, 0x0000, 0x0000, 0x0000,
    0x0000, 0x0000, 0x0000, 0x0000, 0x0000, 0x0000, 0x0000, 0x0000, 0x0000, 0x0000, 0x0000, 0x0000,
    0x0000, 0x0000, 0x0000, 0x0000, 0x0000, 0x0000, 0x0000, 0x0000, 0x0000, 0x0000, 0xAD75, 0xF7DF,
    0xFFFF, 0xFFFF, 0xFFFF, 0xFFFF, 0xFFFF, 0xFFDF, 0xFFFF, 0xFFFF, 0xFFFF, 0xFFFF, 0xFFFF, 0xFFFF,
    0xFFFF, 0xFFFF, 0xFFFF, 0xFFFF, 0xFFFF, 0xFFFF, 0xFFFF, 0xFFFF, 0xFFFF, 0xFFFF, 0xFFFF, 0xFFFF,
    0xFFFF, 0xFFDF, 0x4208, 0x0000, 0x0000, 0x0000, 0x0000, 0x0000, 0x0000, 0x0000, 0x0000, 0x0000,
    0x0000, 0x0000, 0x0000, 0x0000, 0x0000, 0x0000, 0x0000, 0x0000, 0x0000, 0x0000, 0x0000, 0x0000,
    0x0000, 0x0000, 0x0000, 0x0000, 0x0000, 0x0000, 0x0000, 0x0000, 0x0000, 0x0000, 0x0000, 0x0000,
    0x0000, 0x0000, 0x0000, 0x0000, 0x0000, 0x0000, 0x0000, 0x0000, 0x0000, 0x0000, 0x0000, 0x0000,
    0x0000, 0x0000, 0x0000, 0x0000, 0x0000, 0x0000, 0x0000, 0x0000, 0x0000, 0x0000, 0x0000, 0x0000,
    0x0000, 0x0000, 0x0000, 0x0000, 0x0000, 0x0000, 0x0000, 0x0000, 0x0000, 0x0000, 0x0000, 0x0000,
    0x0000, 0x0000, 0x0000, 0x0000, 0x0000, 0x0000, 0x0000, 0x0000, 0x0000, 0x0000, 0x0000, 0x0000,
    0x0000, 0x0000, 0x0000, 0x0000, 0x0000, 0x0000, 0x0000, 0x0000, 0x0000, 0x0000, 0x0000, 0x0000,
    0x0000, 0x0000, 0x0000, 0x0000, 0x0000, 0x0000, 0x0000, 0x0000, 0x0000, 0x0000, 0x0000, 0x0000,
    0x0000, 0x0000, 0x0000, 0x0000, 0x0000, 0x0000, 0x0000, 0x0000, 0x0000, 0x0000, 0x0000, 0x0000,
    0x0000, 0x0000, 0x0000, 0x0000, 0x0000, 0x0000, 0x0000, 0x0000, 0x0000, 0x0000, 0x0000, 0x0000,
    0x0000, 0x0000, 0x0000, 0x0000, 0x0000, 0x0000, 0x0000, 0x0000, 0x0000, 0x0000, 0x0000, 0x0000,
    0x0000, 0x0000, 0x0000, 0x0000, 0x0000, 0x0000, 0x0000, 0x0000, 0x0000, 0x0000, 0x0000, 0x0000,
    0x0000, 0x0000, 0x0000, 0x0000, 0x0000, 0x0000, 0x0000, 0x0000, 0x0000, 0x0000, 0xF79E, 0xFFFF,
    0xFFFF, 0xFFFF, 0xFFFF, 0xFFFF, 0xFFFF, 0xFFFF, 0xFFFF, 0xFFFF, 0xFFFF, 0xFFFF, 0xFFFF, 0xFFFF,
    0xFFFF, 0xFFFF, 0xFFFF, 0xFFFF, 0xFFFF, 0xFFFF, 0xFFFF, 0xFFFF, 0xFFFF, 0xFFFF, 0xFFFF, 0xFFFF,
    0xFFFF, 0xFFFF, 0x7BCF, 0x0000, 0x0000, 0x0000, 0x0000, 0x0000, 0x0000, 0x0000, 0x0000, 0x0000,
    0x0000, 0x0000, 0x0000, 0x0000, 0x0000, 0x0000, 0x0000, 0x0000, 0x0000, 0x0000, 0x0000, 0x0000,
    0x0000, 0x0000, 0x0000, 0x0000, 0x0000, 0x0000, 0x0000, 0x0000, 0x0000, 0x0000, 0x0000, 0x0000,
    0x0000, 0x0000, 0x0000, 0x0000, 0x0000, 0x0000, 0x0000, 0x0000, 0x0000, 0x0000, 0x0000, 0x0000,
    0x0000, 0x0000, 0x0000, 0x0000, 0x0000, 0x0000, 0x0000, 0x0000, 0x0000, 0x0000, 0x0000, 0x0000,
    0x0000, 0x0000, 0x0000, 0x0000, 0x0000, 0x0000, 0x0000, 0x0000, 0x0000, 0x0000, 0x0000, 0x0000,
    0x0000, 0x0000, 0x0000, 0x0000, 0x0000, 0x0000, 0x0000, 0x0000, 0x0000, 0x0000, 0x0000, 0x0000,
    0x0000, 0x0000, 0x0000, 0x0000, 0x0000, 0x0000, 0x0000, 0x0000, 0x0000, 0x0000, 0x0000, 0x0000,
    0x0000, 0x0000, 0x0000, 0x0000, 0x0000, 0x0000, 0x0000, 0x0000, 0x0000, 0x0000, 0x0000, 0x0000,
    0x0000, 0x0000, 0x0000, 0x0000, 0x0000, 0x0000, 0x0000, 0x0000, 0x0000, 0x0000, 0x0000, 0x0000,
    0x0000, 0x0000, 0x0000, 0x0000, 0x0000, 0x0000, 0x0000, 0x0000, 0x0000, 0x0000, 0x0000, 0x0000,
    0x0000, 0x0000, 0x0000, 0x0000, 0x0000, 0x0000, 0x0000, 0x0000, 0x0000, 0x0000, 0x0000, 0x0000,
    0x0000, 0x0000, 0x0000, 0x0000, 0x0000, 0x0000, 0x0000, 0x0000, 0x0000, 0x0000, 0x0000, 0x0000,
    0x0000, 0x0000, 0x0000, 0x0000, 0x0000, 0x0000, 0x0000, 0x0000, 0x0000, 0x0000, 0x0000, 0xE71C,
    0xFFFF, 0xFFFF, 0xFFFF, 0xFFFF, 0xFFFF, 0xFFFF, 0xFFFF, 0xFFFF, 0xFFFF, 0xFFFF, 0xFFFF, 0xFFFF,
    0xFFFF, 0xFFFF, 0xFFFF, 0xFFFF, 0xFFFF, 0xFFFF, 0xFFFF, 0xFFFF, 0xFFFF, 0xFFFF, 0xFFFF, 0xFFFF,
    0xFFFF, 0xF7BE, 0x0000, 0x0000, 0x0000, 0x0000, 0x0000, 0x0000, 0x0000, 0x0000, 0x0000, 0x0000,
    0x0000, 0x0000, 0x0000, 0x0000, 0x0000, 0x0000, 0x0000, 0x0000, 0x0000, 0x0000, 0x0000, 0x0000,
    0x0000, 0x0000, 0x0000, 0x0000, 0x0000, 0x0000, 0x0000, 0x0000, 0x0000, 0x0000, 0x0000, 0x0000,
    0x0000, 0x0000, 0x0000, 0x0000, 0x0000, 0x0000, 0x0000, 0x0000, 0x0000, 0x0000, 0x0000, 0x0000,
    0x0000, 0x0000, 0x0000, 0x0000, 0x0000, 0x0000, 0x0000, 0x0000, 0x0000, 0x0000, 0x0000, 0x0000,
    0x0000, 0x0000, 0x0000, 0x0000, 0x0000, 0x0000, 0x0000, 0x0000, 0x0000, 0x0000, 0x0000, 0x0000,
    0x0000, 0x0000, 0x0000, 0x0000, 0x0000, 0x0000, 0x0000, 0x0000, 0x0000, 0x0000, 0x0000, 0x0000,
    0x0000, 0x0000, 0x0000, 0x0000, 0x0000, 0x0000, 0x0000, 0x0000, 0x0000, 0x0000, 0x0000, 0x0000,
    0x0000, 0x0000, 0x0000, 0x0000, 0x0000, 0x0000, 0x0000, 0x0000, 0x0000, 0x0000, 0x0000, 0x0000,
    0x0000, 0x0000, 0x0000, 0x0000, 0x0000, 0x0000, 0x0000, 0x0000, 0x0000, 0x0000, 0x0000, 0x0000,
    0x0000, 0x0000, 0x0000, 0x0000, 0x0000, 0x0000, 0x0000, 0x0000, 0x0000, 0x0000, 0x0000, 0x0000,
    0x0000, 0x0000, 0x0000, 0x0000, 0x0000, 0x0000, 0x0000, 0x0000, 0x0000, 0x0000, 0x0000, 0x0000,
    0x0000, 0x0000, 0x0000, 0x0000, 0x0000, 0x0000, 0x0000, 0x0000, 0x0000, 0x0000, 0x0000, 0x0000,
    0x0000, 0x0000, 0x0000, 0x0000, 0x0000, 0x0000, 0x0000, 0x0000, 0x0000, 0x0000, 0x0000, 0x31A6,
    0xFFFF, 0xFFFF, 0xFFFF, 0xFFFF, 0xFFFF, 0xFFFF, 0xFFFF, 0xFFFF, 0xFFDF, 0xFFFF, 0xF7BE, 0xB5B6,
    0x4208, 0xC618, 0xE73C, 0xFFFF, 0xFFFF, 0xFFFF, 0xFFFF, 0xFFFF, 0xFFFF, 0xFFFF, 0xFFFF, 0xFFFF,
    0xFFFF, 0xCE59, 0x0000, 0x0000, 0x0000, 0x0000, 0x0000, 0x0000, 0x0000, 0x0000, 0x0000, 0x0000,
    0x0000, 0x0000, 0x0000, 0x0000, 0x0000, 0x0000, 0x0000, 0x0000, 0x0000, 0x0000, 0x0000, 0x0000,
    0x0000, 0x0000, 0x0000, 0x0000, 0x0000, 0x0000, 0x0000, 0x0000, 0x0000, 0x0000, 0x0000, 0x0000,
    0x0000, 0x0000, 0x0000, 0x0000, 0x0000, 0x0000, 0x0000, 0x0000, 0x0000, 0x0000, 0x0000, 0x0000,
    0x0000, 0x0000, 0x0000, 0x0000, 0x0000, 0x0000, 0x0000, 0x0000, 0x0000, 0x0000, 0x0000, 0x0000,
    0x0000, 0x0000, 0x0000, 0x0000, 0x0000, 0x0000, 0x0000, 0x0000, 0x0000, 0x0000, 0x0000, 0x0000,
    0x0000, 0x0000, 0x0000, 0x0000, 0x0000, 0x0000, 0x0000, 0x0000, 0x0000, 0x0000, 0x0000, 0x0000,
    0x0000, 0x0000, 0x0000, 0x0000, 0x0000, 0x0000, 0x0000, 0x0000, 0x0000, 0x0000, 0x0000, 0x0000,
    0x0000, 0x0000, 0x0000, 0x0000, 0x0000, 0x0000, 0x0000, 0x0000, 0x0000, 0x0000, 0x0000, 0x0000,
    0x0000, 0x0000, 0x0000, 0x0000, 0x0000, 0x0000, 0x0000, 0x0000, 0x0000, 0x0000, 0x0000, 0x0000,
    0x0000, 0x0000, 0x0000, 0x0000, 0x0000, 0x0000, 0x0000, 0x0000, 0x0000, 0x0000, 0x0000, 0x0000,
    0x0000, 0x0000, 0x0000, 0x0000, 0x0000, 0x0000, 0x0000, 0x0000, 0x0000, 0x0000, 0x0000, 0x0000,
    0x0000, 0x0000, 0x0000, 0x0000, 0x0000, 0x0000, 0x0000, 0x0000, 0x0000, 0x0000, 0x0000, 0x0000,
    0x0000, 0x0000, 0x0000, 0x0000, 0x0000, 0x0000, 0x0000, 0x0000, 0x0000, 0x0000, 0x0000, 0x0000,
    0xFFFF, 0xFFFF, 0xFFFF, 0xFFFF, 0xFFFF, 0xFFFF, 0xFFFF, 0xFFDF, 0x73AF, 0x0000, 0x0000, 0x0000,
    0x0000, 0x0000, 0x0000, 0x0000, 0x0000, 0xEF5D, 0xFFFF, 0xFFFF, 0xFFFF, 0xFFFF, 0xFFFF, 0xFFFF,
    0xF7BE, 0x0000, 0x0000, 0x0000, 0x0000, 0x0000, 0x0000, 0x0000, 0x0000, 0x0000, 0x0000, 0x0000,
    0x0000, 0x0000, 0x0000, 0x0000, 0x0000, 0x0000, 0x0000, 0x0000, 0x0000, 0x0000, 0x0000, 0x0000,
    0x0000, 0x0000, 0x0000, 0x0000, 0x0000, 0x0000, 0x0000, 0x0000, 0x0000, 0x0000, 0x0000, 0x0000,
    0x0000, 0x0000, 0x0000, 0x0000, 0x0000, 0x0000, 0x0000, 0x0000, 0x0000, 0x0000, 0x0000, 0x0000,
    0x0000, 0x0000, 0x0000, 0x0000, 0x0000, 0x0000, 0x0000, 0x0000, 0x0000, 0x0000, 0x0000, 0x0000,
    0x0000, 0x0000, 0x0000, 0x0000, 0x0000, 0x0000, 0x0000, 0x0000, 0x0000, 0x0000, 0x0000, 0x0000,
    0x0000, 0x0000, 0x0000, 0x0000, 0x0000, 0x0000, 0x0000, 0x0000, 0x0000, 0x0000, 0x0000, 0x0000,
    0x0000, 0x0000, 0x0000, 0x0000, 0x0000, 0x0000, 0x0000, 0x0000, 0x0000, 0x0000, 0x0000, 0x0000,
    0x0000, 0x0000, 0x0000, 0x0000, 0x0000, 0x0000, 0x0000, 0x0000, 0x0000, 0x0000, 0x0000, 0x0000,
    0x0000, 0x0000, 0x0000, 0x0000, 0x0000, 0x0000, 0x0000, 0x0000, 0x0000, 0x0000, 0x0000, 0x0000,
    0x0000, 0x0000, 0x0000, 0x0000, 0x0000, 0x0000, 0x0000, 0x0000, 0x0000, 0x0000, 0x0000, 0x0000,
    0x0000, 0x0000, 0x0000, 0x0000, 0x0000, 0x0000, 0x0000, 0x0000, 0x0000, 0x0000, 0x0000, 0x0000,
    0x0000, 0x0000, 0x0000, 0x0000, 0x0000, 0x0000, 0x0000, 0x0000, 0x0000, 0x0000, 0x0000, 0x0000,
    0x0000, 0x0000, 0x0000, 0x0000, 0x0000, 0x0000, 0x0000, 0x0000, 0x0000, 0x0000, 0x0000, 0x0000,
    0xFFFF, 0xFFFF, 0xFFFF, 0xFFFF, 0xFFFF, 0xFFFF, 0xF7DF, 0xA534, 0x0000, 0x0000, 0x0000, 0x0000,
    0x0000, 0x0000, 0x0000, 0x0000, 0x0000, 0x52AA, 0xEF7D, 0xFFDF, 0xFFFF, 0xFFFF, 0xFFFF, 0xFFFF,
    0xFFFF, 0x9CF3, 0x0000, 0x0000, 0x0000, 0x0000, 0x0000, 0x0000, 0x0000, 0x0000, 0x0000, 0x0000,
    0x0000, 0x0000, 0x0000, 0x0000, 0x0000, 0x0000, 0x0000, 0x0000, 0x0000, 0x0000, 0x0000, 0x0000,
    0x0000, 0x0000, 0x0000, 0x0000, 0x0000, 0x0000, 0x0000, 0x0000, 0x0000, 0x0000, 0x0000, 0x0000,
    0x0000, 0x0000, 0x0000, 0x0000, 0x0000, 0x0000, 0x0000, 0x0000, 0x0000, 0x0000, 0x0000, 0x0000,
    0x0000, 0x0000, 0x0000, 0x0000, 0x0000, 0x0000, 0x0000, 0x0000, 0x0000, 0x0000, 0x0000, 0x0000,
    0x0000, 0x0000, 0x0000, 0x0000, 0x0000, 0x0000, 0x0000, 0x0000, 0x0000, 0x0000, 0x0000, 0x0000,
    0x0000, 0x0000, 0x0000, 0x0000, 0x0000, 0x0000, 0x0000, 0x0000, 0x0000, 0x0000, 0x0000, 0x0000,
    0x0000, 0x0000, 0x0000, 0x0000, 0x0000, 0x0000, 0x0000, 0x0000, 0x0000, 0x0000, 0x0000, 0x0000,
    0x0000, 0x0000, 0x0000, 0x0000, 0x0000, 0x0000, 0x0000, 0x0000, 0x0000, 0x0000, 0x0000, 0x0000,
    0x0000, 0x0000, 0x0000, 0x0000, 0x0000, 0x0000, 0x0000, 0x0000, 0x0000, 0x0000, 0x0000, 0x0000,
    0x0000, 0x0000, 0x0000, 0x0000, 0x0000, 0x0000, 0x0000, 0x0000, 0x0000, 0x0000, 0x0000, 0x0000,
    0x0000, 0x0000, 0x0000, 0x0000, 0x0000, 0x0000, 0x0000, 0x0000, 0x0000, 0x0000, 0x0000, 0x0000,
    0x0000, 0x0000, 0x0000, 0x0000, 0x0000, 0x0000, 0x0000, 0x0000, 0x0000, 0x0000, 0x0000, 0x0000,
    0x0000, 0x0000, 0x0000, 0x0000, 0x0000, 0x0000, 0x0000, 0x0000, 0x0000, 0x0000, 0x0000, 0xEF7D,
    0xFFFF, 0xFFFF, 0xFFFF, 0xFFFF, 0xFFFF, 0xFFFF, 0x0000, 0x0000, 0x0000, 0x0000, 0x0000, 0x0000,
    0x0000, 0x0000, 0x0000, 0x0000, 0x0000, 0x0000, 0x0000, 0xDEFB, 0xFFFF, 0xFFFF, 0xFFFF, 0xFFFF,
    0xFFFF, 0xF7BE, 0x0000, 0x0000, 0x0000, 0x0000, 0x0000, 0x0000, 0x0000, 0x0000, 0x0000, 0x0000,
    0x0000, 0x0000, 0x0000, 0x0000, 0x0000, 0x0000, 0x0000, 0x0000, 0x0000, 0x0000, 0x0000, 0x0000,
    0x0000, 0x0000, 0x0000, 0x0000, 0x0000, 0x0000, 0x0000, 0x0000, 0x0000, 0x0000, 0x0000, 0x0000,
    0x0000, 0x0000, 0x0000, 0x0000, 0x0000, 0x0000, 0x0000, 0x0000, 0x0000, 0x0000, 0x0000, 0x0000,
    0x0000, 0x0000, 0x0000, 0x0000, 0x0000, 0x0000, 0x0000, 0x0000, 0x0000, 0x0000, 0x0000, 0x0000,
    0x0000, 0x0000, 0x0000, 0x0000, 0x0000, 0x0000, 0x0000, 0x0000, 0x0000, 0x0000, 0x0000, 0x0000,
    0x0000, 0x0000, 0x0000, 0x0000, 0x0000, 0x0000, 0x0000, 0x0000, 0x0000, 0x0000, 0x0000, 0x0000,
    0x0000, 0x0000, 0x0000, 0x0000, 0x0000, 0x0000, 0x0000, 0x0000, 0x0000, 0x0000, 0x0000, 0x0000,
    0x0000, 0x0000, 0x0000, 0x0000, 0x0000, 0x0000, 0x0000, 0x0000, 0x0000, 0x0000, 0x0000, 0x0000,
    0x0000, 0x0000, 0x0000, 0x0000, 0x0000, 0x0000, 0x0000, 0x0000, 0x0000, 0x0000, 0x0000, 0x0000,
    0x0000, 0x0000, 0x0000, 0x0000, 0x0000, 0x0000, 0x0000, 0x0000, 0x0000, 0x0000, 0x0000, 0x0000,
    0x0000, 0x0000, 0x0000, 0x0000, 0x0000, 0x0000, 0x0000, 0x0000, 0x0000, 0x0000, 0x0000, 0x0000,
    0x0000, 0x0000, 0x0000, 0x0000, 0x0000, 0x0000, 0x0000, 0x0000, 0x0000, 0x0000, 0x0000, 0x0000,
    0x0000, 0x0000, 0x0000, 0x0000, 0x0000, 0x0000, 0x0000, 0x0000, 0x0000, 0x0000, 0x0000, 0xFFFF,
    0xFFFF, 0xFFFF, 0xFFFF, 0xFFFF, 0xFFFF, 0xD6BA, 0x0000, 0x0000, 0x0000, 0x0000, 0x0000, 0x0000,
    0x0000, 0x0000, 0x0000, 0x0000, 0x0000, 0x0000, 0x0000, 0x9CF3, 0xF7BF, 0xFFFF, 0xFFFF, 0xFFFF,
    0xFFFF, 0xFFFF, 0x0000, 0x0000, 0x0000, 0x0000, 0x0000, 0x0000, 0x0000, 0x0000, 0x0000, 0x0000,
    0x0000, 0x0000, 0x0000, 0x0000, 0x0000, 0x0000, 0x0000, 0x0000, 0x0000, 0x0000, 0x0000, 0x0000,
    0x0000, 0x0000, 0x0000, 0x0000, 0x0000, 0x0000, 0x0000, 0x0000, 0x0000, 0x0000, 0x0000, 0x0000,
    0x0000, 0x0000, 0x0000, 0x0000, 0x0000, 0x0000, 0x0000, 0x0000, 0x0000, 0x0000, 0x0000, 0x0000,
    0x0000, 0x0000, 0x0000, 0x0000, 0x0000, 0x0000, 0x0000, 0x0000, 0x0000, 0x0000, 0x0000, 0x0000,
    0x0000, 0x0000, 0x0000, 0x0000, 0x0000, 0x0000, 0x0000, 0x0000, 0x0000, 0x0000, 0x0000, 0x0000,
    0x0000, 0x0000, 0x0000, 0x0000, 0x0000, 0x0000, 0x0000, 0x0000, 0x0000, 0x0000, 0x0000, 0x0000,
    0x0000, 0x0000, 0x0000, 0x0000, 0x0000, 0x0000, 0x0000, 0x0000, 0x0000, 0x0000, 0x0000, 0x0000,
    0x0000, 0x0000, 0x0000, 0x0000, 0x0000, 0x0000, 0x0000, 0x0000, 0x0000, 0x0000, 0x0000, 0x0000,
    0x0000, 0x0000, 0x0000, 0x0000, 0x0000, 0x0000, 0x0000, 0x0000, 0x0000, 0x0000, 0x0000, 0x0000,
    0x0000, 0x0000, 0x0000, 0x0000, 0x0000, 0x0000, 0x0000, 0x0000, 0x0000, 0x0000, 0x0000, 0x0000,
    0x0000, 0x0000, 0x0000, 0x0000, 0x0000, 0x0000, 0x0000, 0x0000, 0x0000, 0x0000, 0x0000, 0x0000,
    0x0000, 0x0000, 0x0000, 0x0000, 0x0000, 0x0000, 0x0000, 0x0000, 0x0000, 0x0000, 0x0000, 0x0000,
    0x0000, 0x0000, 0x0000, 0x0000, 0x0000, 0x0000, 0x0000, 0x8451, 0xA534, 0xA534, 0xFFDF, 0xFFFF,
    0xFFFF, 0xFFFF, 0xFFFF, 0xFFFF, 0xD6BA, 0x4249, 0x0000, 0x0000, 0x0000, 0x0000, 0x0000, 0x0000,
    0x0000, 0x0000, 0x0000, 0x0000, 0x0000, 0x0000, 0x0000, 0x0000, 0x94B2, 0xFFFF, 0xFFFF, 0xFFFF,
    0xFFFF, 0xFFFF, 0xBDF7, 0xA534, 0x8C72, 0x738E, 0x0000, 0x0000, 0x0000, 0x0000, 0x0000, 0x0000,
    0x0000, 0x0000, 0x0000, 0x0000, 0x0000, 0x0000, 0x0000, 0x0000, 0x0000, 0x0000, 0x0000, 0x0000,
    0x0000, 0x0000, 0x0000, 0x0000, 0x0000, 0x0000, 0x0000, 0x0000, 0x0000, 0x0000, 0x0000, 0x0000,
    0x0000, 0x0000, 0x0000, 0x0000, 0x0000, 0x0000, 0x0000, 0x0000, 0x0000, 0x0000, 0x0000, 0x0000,
    0x0000, 0x0000, 0x0000, 0x0000, 0x0000, 0x0000, 0x0000, 0x0000, 0x0000, 0x0000, 0x0000, 0x0000,
    0x0000, 0x0000, 0x0000, 0x0000, 0x0000, 0x0000, 0x0000, 0x0000, 0x0000, 0x0000, 0x0000, 0x0000,
    0x0000, 0x0000, 0x0000, 0x0000, 0x0000, 0x0000, 0x0000, 0x0000, 0x0000, 0x0000, 0x0000, 0x0000,
    0x0000, 0x0000, 0x0000, 0x0000, 0x0000, 0x0000, 0x0000, 0x0000, 0x0000, 0x0000, 0x0000, 0x0000,
    0x0000, 0x0000, 0x0000, 0x0000, 0x0000, 0x0000, 0x0000, 0x0000, 0x0000, 0x0000, 0x0000, 0x0000,
    0x0000, 0x0000, 0x0000, 0x0000, 0x0000, 0x0000, 0x0000, 0x0000, 0x0000, 0x0000, 0x0000, 0x0000,
    0x0000, 0x0000, 0x0000, 0x0000, 0x0000, 0x0000, 0x0000, 0x0000, 0x0000, 0x0000, 0x0000, 0x0000,
    0x0000, 0x0000, 0x0000, 0x0000, 0x0000, 0x0000, 0x0000, 0x0000, 0x0000, 0x0000, 0x0000, 0x0000,
    0x0000, 0x0000, 0x0000, 0x0000, 0x0000, 0x0000, 0x0000, 0x0000, 0x0000, 0x0000, 0x0000, 0x0000,
    0x0000, 0x0000, 0x0000, 0x0000, 0x0000, 0x0000, 0x0000, 0xFFFF, 0xFFFF, 0xFFFF, 0xFFFF, 0xFFFF,
    0xFFFF, 0xFFFF, 0xFFFF, 0xFFFF, 0x0000, 0x0000, 0x0000, 0x0000, 0x0000, 0x0000, 0x0000, 0x0000,
    0x0000, 0x0000, 0x0000, 0x0000, 0x0000, 0x0000, 0x0000, 0x0000, 0x0000, 0xFFFF, 0xFFFF, 0xFFFF,
    0xFFFF, 0xFFFF, 0xFFFF, 0xFFFF, 0xFFDF, 0xFFFF, 0x0000, 0x0000, 0x0000, 0x0000, 0x0000, 0x0000,
    0x0000, 0x0000, 0x0000, 0x0000, 0x0000, 0x0000, 0x0000, 0x0000, 0x0000, 0x0000, 0x0000, 0x0000,
    0x0000, 0x0000, 0x0000, 0x0000, 0x0000, 0x0000, 0x0000, 0x0000, 0x0000, 0x0000, 0x0000, 0x0000,
    0x0000, 0x0000, 0x0000, 0x0000, 0x0000, 0x0000, 0x0000, 0x0000, 0x0000, 0x0000, 0x0000, 0x0000,
    0x0000, 0x0000, 0x0000, 0x0000, 0x0000, 0x0000, 0x0000, 0x0000, 0x0000, 0x0000, 0x0000, 0x0000,
    0x0000, 0x0000, 0x0000, 0x0000, 0x0000, 0x0000, 0x0000, 0x0000, 0x0000, 0x0000, 0x0000, 0x0000,
    0x0000, 0x0000, 0x0000, 0x0000, 0x0000, 0x0000, 0x0000, 0x0000, 0x0000, 0x0000, 0x0000, 0x0000,
    0x0000, 0x0000, 0x0000, 0x0000, 0x0000, 0x0000, 0x0000, 0x0000, 0x0000, 0x0000, 0x0000, 0x0000,
    0x0000, 0x0000, 0x0000, 0x0000, 0x0000, 0x0000, 0x0000, 0x0000, 0x0000, 0x0000, 0x0000, 0x0000,
    0x0000, 0x0000, 0x0000, 0x0000, 0x0000, 0x0000, 0x0000, 0x0000, 0x0000, 0x0000, 0x0000, 0x0000,
    0x0000, 0x0000, 0x0000, 0x0000, 0x0000, 0x0000, 0x0000, 0x0000, 0x0000, 0x0000, 0x0000, 0x0000,
    0x0000, 0x0000, 0x0000, 0x0000, 0x0000, 0x0000, 0x0000, 0x0000, 0x0000, 0x0000, 0x0000, 0x0000,
    0x0000, 0x0000, 0x0000, 0x0000, 0x0000, 0x0000, 0x0000, 0x0000, 0x0000, 0x0000, 0x0000, 0x0000,
    0x0000, 0x0000, 0x0000, 0x0000, 0x0000, 0x0000, 0x0000, 0xFFFF, 0xFFFF, 0xFFFF, 0xFFFF, 0xFFFF,
    0xFFFF, 0xFFFF, 0xFFFF, 0xFFFF, 0x0000, 0x0000, 0x0000, 0x0000, 0x0000, 0x0000, 0x0000, 0x0000,
    0x0000, 0x0000, 0x0000, 0x0000, 0x0000, 0x0000, 0x0000, 0x0000, 0x0000, 0xFFFF, 0xFFFF, 0xFFFF,
    0xFFFF, 0xFFFF, 0xFFFF, 0xFFFF, 0xFFDF, 0xFFFF, 0x0000, 0x0000, 0x0000, 0x0000, 0x0000, 0x0000,
    0x0000, 0x0000, 0x0000, 0x0000, 0x0000, 0x0000, 0x0000, 0x0000, 0x0000, 0x0000, 0x0000, 0x0000,
    0x0000, 0x0000, 0x0000, 0x0000, 0x0000, 0x0000, 0x0000, 0x0000, 0x0000, 0x0000, 0x0000, 0x0000,
    0x0000, 0x0000, 0x0000, 0x0000, 0x0000, 0x0000, 0x0000, 0x0000, 0x0000, 0x0000, 0x0000, 0x0000,
    0x0000, 0x0000, 0x0000, 0x0000, 0x0000, 0x0000, 0x0000, 0x0000, 0x0000, 0x0000, 0x0000, 0x0000,
    0x0000, 0x0000, 0x0000, 0x0000, 0x0000, 0x0000, 0x0000, 0x0000, 0x0000, 0x0000, 0x0000, 0x0000,
    0x0000, 0x0000, 0x0000, 0x0000, 0x0000, 0x0000, 0x0000, 0x0000, 0x0000, 0x0000, 0x0000, 0x0000,
    0x0000, 0x0000, 0x0000, 0x0000, 0x0000, 0x0000, 0x0000, 0x0000, 0x0000, 0x0000, 0x0000, 0x0000,
    0x0000, 0x0000, 0x0000, 0x0000, 0x0000, 0x0000, 0x0000, 0x0000, 0x0000, 0x0000, 0x0000, 0x0000,
    0x0000, 0x0000, 0x0000, 0x0000, 0x0000, 0x0000, 0x0000, 0x0000, 0x0000, 0x0000, 0x0000, 0x0000,
    0x0000, 0x0000, 0x0000, 0x0000, 0x0000, 0x0000, 0x0000, 0x0000, 0x0000, 0x0000, 0x0000, 0x0000,
    0x0000, 0x0000, 0x0000, 0x0000, 0x0000, 0x0000, 0x0000, 0x0000, 0x0000, 0x0000, 0x0000, 0x0000,
    0x0000, 0x0000, 0x0000, 0x0000, 0x0000, 0x0000, 0x0000, 0x0000, 0x0000, 0x0000, 0x0000, 0x0000,
    0x0000, 0x0000, 0x0000, 0x0000, 0x0000, 0x0000, 0x0000, 0xFFFF, 0xFFFF, 0xFFFF, 0xFFFF, 0xFFFF,
    0xFFFF, 0xFFFF, 0xFFFF, 0xFFFF, 0x0000, 0x0000, 0x0000, 0x0000, 0x0000, 0x0000, 0x0000, 0x0000,
    0x0000, 0x0000, 0x0000, 0x0000, 0x0000, 0x0000, 0x0000, 0x0000, 0x0000, 0xFFFF, 0xFFFF, 0xFFFF,
    0xFFFF, 0xFFFF, 0xFFFF, 0xFFFF, 0xFFFF, 0xFFFF, 0x0000, 0x0000, 0x0000, 0x0000, 0x0000, 0x0000,
    0x0000, 0x0000, 0x0000, 0x0000, 0x0000, 0x0000, 0x0000, 0x0000, 0x0000, 0x0000, 0x0000, 0x0000,
    0x0000, 0x0000, 0x0000, 0x0000, 0x0000, 0x0000, 0x0000, 0x0000, 0x0000, 0x0000, 0x0000, 0x0000,
    0x0000, 0x0000, 0x0000, 0x0000, 0x0000, 0x0000, 0x0000, 0x0000, 0x0000, 0x0000, 0x0000, 0x0000,
    0x0000, 0x0000, 0x0000, 0x0000, 0x0000, 0x0000, 0x0000, 0x0000, 0x0000, 0x0000, 0x0000, 0x0000,
    0x0000, 0x0000, 0x0000, 0x0000, 0x0000, 0x0000, 0x0000, 0x0000, 0x0000, 0x0000, 0x0000, 0x0000,
    0x0000, 0x0000, 0x0000, 0x0000, 0x0000, 0x0000, 0x0000, 0x0000, 0x0000, 0x0000, 0x0000, 0x0000,
    0x0000, 0x0000, 0x0000, 0x0000, 0x0000, 0x0000, 0x0000, 0x0000, 0x0000, 0x0000, 0x0000, 0x0000,
    0x0000, 0x0000, 0x0000, 0x0000, 0x0000, 0x0000, 0x0000, 0x0000, 0x0000, 0x0000, 0x0000, 0x0000,
    0x0000, 0x0000, 0x0000, 0x0000, 0x0000, 0x0000, 0x0000, 0x0000, 0x0000, 0x0000, 0x0000, 0x0000,
    0x0000, 0x0000, 0x0000, 0x0000, 0x0000, 0x0000, 0x0000, 0x0000, 0x0000, 0x0000, 0x0000, 0x0000,
    0x0000, 0x0000, 0x0000, 0x0000, 0x0000, 0x0000, 0x0000, 0x0000, 0x0000, 0x0000, 0x0000, 0x0000,
    0x0000, 0x0000, 0x0000, 0x0000, 0x0000, 0x0000, 0x0000, 0x0000, 0x0000, 0x0000, 0x0000, 0x0000,
    0x0000, 0x0000, 0x0000, 0x0000, 0x0000, 0x0000, 0x0000, 0xFFFF, 0xFFFF, 0xFFFF, 0xFFFF, 0xFFFF,
    0xFFFF, 0xFFFF, 0xFFFF, 0xFFFF, 0x0000, 0x0000, 0x0000, 0x0000, 0x0000, 0x0000, 0x0000, 0x0000,
    0x0000, 0x0000, 0x0000, 0x0000, 0x0000, 0x0000, 0x0000, 0x0000, 0x0000, 0xFFFF, 0xFFFF, 0xFFFF,
    0xFFFF, 0xFFFF, 0xFFFF, 0xFFFF, 0xFFFF, 0xFFFF, 0x0000, 0x0000, 0x0000, 0x0000, 0x0000, 0x0000,
    0x0000, 0x0000, 0x0000, 0x0000, 0x0000, 0x0000, 0x0000, 0x0000, 0x0000, 0x0000, 0x0000, 0x0000,
    0x0000, 0x0000, 0x0000, 0x0000, 0x0000, 0x0000, 0x0000, 0x0000, 0x0000, 0x0000, 0x0000, 0x0000,
    0x0000, 0x0000, 0x0000, 0x0000, 0x0000, 0x0000, 0x0000, 0x0000, 0x0000, 0x0000, 0x0000, 0x0000,
    0x0000, 0x0000, 0x0000, 0x0000, 0x0000, 0x0000, 0x0000, 0x0000, 0x0000, 0x0000, 0x0000, 0x0000,
    0x0000, 0x0000, 0x0000, 0x0000, 0x0000, 0x0000, 0x0000, 0x0000, 0x0000, 0x0000, 0x0000, 0x0000,
    0x0000, 0x0000, 0x0000, 0x0000, 0x0000, 0x0000, 0x0000, 0x0000, 0x0000, 0x0000, 0x0000, 0x0000,
    0x0000, 0x0000, 0x0000, 0x0000, 0x0000, 0x0000, 0x0000, 0x0000, 0x0000, 0x0000, 0x0000, 0x0000,
    0x0000, 0x0000, 0x0000, 0x0000, 0x0000, 0x0000, 0x0000, 0x0000, 0x0000, 0x0000, 0x0000, 0x0000,
    0x0000, 0x0000, 0x0000, 0x0000, 0x0000, 0x0000, 0x0000, 0x0000, 0x0000, 0x0000, 0x0000, 0x0000,
    0x0000, 0x0000, 0x0000, 0x0000, 0x0000, 0x0000, 0x0000, 0x0000, 0x0000, 0x0000, 0x0000, 0x0000,
    0x0000, 0x0000, 0x0000, 0x0000, 0x0000, 0x0000, 0x0000, 0x0000, 0x0000, 0x0000, 0x0000, 0x0000,
    0x0000, 0x0000, 0x0000, 0x0000, 0x0000, 0x0000, 0x0000, 0x0000, 0x0000, 0x0000, 0x0000, 0x0000,
    0x0000, 0x0000, 0x0000, 0x0000, 0x0000, 0x0000, 0x0000, 0xFFFF, 0xFFFF, 0xFFDF, 0xFFFF, 0xFFFF,
    0xFFFF, 0xFFFF, 0xFFFF, 0xFFFF, 0x7C10, 0x0000, 0x0000, 0x0000, 0x0000, 0x0000, 0x0000, 0x0000,
    0x0000, 0x0000, 0x0000, 0x0000, 0x0000, 0x0000, 0x0000, 0x0000, 0x0000, 0xFFFF, 0xFFFF, 0xFFFF,
    0xFFFF, 0xFFFF, 0xFFFF, 0xFFFF, 0xFFFF, 0xFFFF, 0x0000, 0x0000, 0x0000, 0x0000, 0x0000, 0x0000,
    0x0000, 0x0000, 0x0000, 0x0000, 0x0000, 0x0000, 0x0000, 0x0000, 0x0000, 0x0000, 0x0000, 0x0000,
    0x0000, 0x0000, 0x0000, 0x0000, 0x0000, 0x0000, 0x0000, 0x0000, 0x0000, 0x0000, 0x0000, 0x0000,
    0x0000, 0x0000, 0x0000, 0x0000, 0x0000, 0x0000, 0x0000, 0x0000, 0x0000, 0x0000, 0x0000, 0x0000,
    0x0000, 0x0000, 0x0000, 0x0000, 0x0000, 0x0000, 0x0000, 0x0000, 0x0000, 0x0000, 0x0000, 0x0000,
    0x0000, 0x0000, 0x0000, 0x0000, 0x0000, 0x0000, 0x0000, 0x0000, 0x0000, 0x0000, 0x0000, 0x0000,
    0x0000, 0x0000, 0x0000, 0x0000, 0x0000, 0x0000, 0x0000, 0x0000, 0x0000, 0x0000, 0x0000, 0x0000,
    0x0000, 0x0000, 0x0000, 0x0000, 0x0000, 0x0000, 0x0000, 0x0000, 0x0000, 0x0000, 0x0020, 0x0020,
    0x0000, 0x0020, 0x0000, 0x0000, 0x0000, 0x0000, 0x0000, 0x0000, 0x0000, 0x0000, 0x0000, 0x0040,
    0x0842, 0x0001, 0x0060, 0x0022, 0x0821, 0x0041, 0x1001, 0x0000, 0x0000, 0x0000, 0x0000, 0x0000,
    0x0000, 0x0000, 0x0000, 0x0800, 0x0800, 0x0000, 0x0000, 0x0000, 0x0000, 0x0020, 0x0000, 0x0000,
    0x0000, 0x0000, 0x0000, 0x0000, 0x0000, 0x0000, 0x0000, 0x0000, 0x0000, 0x0000, 0x0000, 0x0000,
    0x0000, 0x0000, 0x0000, 0x0000, 0x0000, 0x0000, 0x0000, 0x0000, 0x0000, 0x0000, 0x0000, 0x0000,
    0x0000, 0x0000, 0x0000, 0x0000, 0x0000, 0x0000, 0x0000, 0xEF7D, 0xEF7D, 0xF7DF, 0xFFFF, 0xFFFF,
    0xFFFF, 0xFFFF, 0xFFFF, 0xFFFF, 0xB5D7, 0x0000, 0x0000, 0x0000, 0x0000, 0x0000, 0x0000, 0x0000,
    0x0000, 0x0000, 0x0000, 0x0000, 0x0000, 0x0000, 0x0000, 0x0000, 0x0000, 0xFFFF, 0xFFFF, 0xFFFF,
    0xFFFF, 0xFFFF, 0xFFFF, 0xFFFF, 0xEF9E, 0xE75D, 0x0000, 0x0000, 0x0000, 0x0000, 0x0000, 0x0000,
    0x0000, 0x0000, 0x0000, 0x0000, 0x0000, 0x0000, 0x0000, 0x0000, 0x0000, 0x0000, 0x0000, 0x0000,
    0x0000, 0x0000, 0x0000, 0x0000, 0x0000, 0x0000, 0x0000, 0x0000, 0x0000, 0x0000, 0x0000, 0x0000,
    0x0000, 0x0000, 0x0000, 0x0000, 0x0000, 0x0000, 0x0000, 0x0000, 0x0000, 0x0000, 0x0000, 0x0000,
    0x0000, 0x0000, 0x0000, 0x0000, 0x0000, 0x0000, 0x0000, 0x0000, 0x0000, 0x0000, 0x0000, 0x0000,
    0x0000, 0x0000, 0x0000, 0x0000, 0x0000, 0x0000, 0x0000, 0x0000, 0x0000, 0x0000, 0x0000, 0x0000,
    0x0000, 0x0000, 0x0000, 0x0000, 0x0000, 0x0000, 0x0000, 0x0000, 0x0000, 0x0000, 0x0000, 0x0000,
    0x0000, 0x0000, 0x0000, 0x0000, 0x0000, 0x0000, 0x0000, 0x0000, 0x0000, 0x0000, 0x0000, 0x0000,
    0x0000, 0x0000, 0x0000, 0x0000, 0x0000, 0x0000, 0x0000, 0x0000, 0x0000, 0x0000, 0x0000, 0x1801,
    0x0A20, 0x24C3, 0x2F87, 0x2763, 0x2C44, 0x0080, 0x0801, 0x0020, 0x0020, 0x0000, 0x0020, 0x0000,
    0x0000, 0x0000, 0x0000, 0x0020, 0x0021, 0x0000, 0x0000, 0x0000, 0x0000, 0x0000, 0x0000, 0x0000,
    0x0000, 0x0000, 0x0000, 0x0000, 0x0000, 0x0000, 0x0000, 0x0000, 0x0000, 0x0000, 0x0000, 0x0000,
    0x0000, 0x0000, 0x0000, 0x0000, 0x0000, 0x0000, 0x0000, 0x0000, 0x0000, 0x0000, 0x0000, 0x0000,
    0x0000, 0x0000, 0x0000, 0x0000, 0x0000, 0x0000, 0x0000, 0x0000, 0x0000, 0x0000, 0xB5B6, 0xFFFF,
    0xFFFF, 0xFFFF, 0xFFFF, 0xFFFF, 0xF7DF, 0x8430, 0x0000, 0x0000, 0x0000, 0x0000, 0x0000, 0x0000,
    0x0000, 0x0000, 0x0000, 0x0000, 0x0000, 0x0000, 0x0000, 0x0000, 0xDF1C, 0xFFFF, 0xFFFF, 0xFFFF,
    0xFFFF, 0xFFDF, 0x39E7, 0x0000, 0x0000, 0x0000, 0x0000, 0x0000, 0x0000, 0x0000, 0x0000, 0x0000,
    0x0000, 0x0000, 0x0000, 0x0000, 0x0000, 0x0000, 0x0000, 0x0000, 0x0000, 0x0000, 0x0000, 0x0000,
    0x0000, 0x0000, 0x0000, 0x0000, 0x0000, 0x0000, 0x0000, 0x0000, 0x0000, 0x0000, 0x0000, 0x0000,
    0x0000, 0x0000, 0x0000, 0x0000, 0x0000, 0x0000, 0x0000, 0x0000, 0x0000, 0x0000, 0x0000, 0x0000,
    0x0000, 0x0000, 0x0000, 0x0000, 0x0000, 0x0000, 0x0000, 0x0000, 0x0000, 0x0000, 0x0000, 0x0000,
    0x0000, 0x0000, 0x0000, 0x0000, 0x0000, 0x0000, 0x0000, 0x0000, 0x0000, 0x0000, 0x0000, 0x0000,
    0x0000, 0x0000, 0x0000, 0x0000, 0x0000, 0x0000, 0x0000, 0x0000, 0x0000, 0x0000, 0x0000, 0x0000,
    0x0000, 0x0000, 0x0000, 0x0000, 0x0000, 0x0000, 0x0000, 0x0000, 0x0000, 0x0000, 0x0000, 0x0020,
    0x0801, 0x0801, 0x0020, 0x0020, 0x0000, 0x0000, 0x0000, 0x0000, 0x0020, 0x0000, 0x0000, 0x1020,
    0x2604, 0x27A4, 0x17C0, 0x0FE0, 0x2FA3, 0x1362, 0x0882, 0x0000, 0x0020, 0x0000, 0x0000, 0x0000,
    0x0000, 0x0000, 0x0000, 0x0000, 0x0000, 0x0020, 0x0800, 0x1002, 0x0000, 0x0000, 0x0000, 0x0000,
    0x0000, 0x0000, 0x0000, 0x0000, 0x0000, 0x0000, 0x0000, 0x0000, 0x0000, 0x0000, 0x0000, 0x0000,
    0x0000, 0x0000, 0x0000, 0x0000, 0x0000, 0x0000, 0x0000, 0x0000, 0x0000, 0x0000, 0x0000, 0x0000,
    0x0000, 0x0000, 0x0000, 0x0000, 0x0000, 0x0000, 0x0000, 0x0000, 0x0000, 0x0000, 0x0000, 0xFFFF,
    0xFFFF, 0xFFFF, 0xFFFF, 0xFFFF, 0xFFFF, 0xE75D, 0x0000, 0x0000, 0x0000, 0x0000, 0x0000, 0x0000,
    0x0000, 0x0000, 0x0000, 0x0000, 0x0000, 0x0000, 0x0000, 0xB596, 0xFFFF, 0xFFFF, 0xFFFF, 0xFFFF,
    0xFFFF, 0xFFFF, 0x0000, 0x0000, 0x0000, 0x0000, 0x0000, 0x0000, 0x0000, 0x0000, 0x0000, 0x0000,
    0x0000, 0x0000, 0x0000, 0x0000, 0x0000, 0x0000, 0x0000, 0x0000, 0x0000, 0x0000, 0x0000, 0x0000,
    0x0000, 0x0000, 0x0000, 0x0000, 0x0000, 0x0000, 0x0000, 0x0000, 0x0000, 0x0000, 0x0000, 0x0000,
    0x0000, 0x0000, 0x0000, 0x0000, 0x0000, 0x0000, 0x0000, 0x0000, 0x0000, 0x0000, 0x0000, 0x0000,
    0x0000, 0x0000, 0x0000, 0x0000, 0x0000, 0x0000, 0x0000, 0x0000, 0x0000, 0x0000, 0x0000, 0x0000,
    0x0000, 0x0000, 0x0000, 0x0000, 0x0000, 0x0000, 0x0000, 0x0000, 0x0000, 0x0000, 0x0000, 0x0000,
    0x0000, 0x0000, 0x0000, 0x0000, 0x0000, 0x0000, 0x0000, 0x0000, 0x0000, 0x0000, 0x0000, 0x0000,
    0x0000, 0x0000, 0x0000, 0x0000, 0x0000, 0x0000, 0x0000, 0x0000, 0x0040, 0x0000, 0x0140, 0x3DA6,
    0x2463, 0x09E0, 0x0001, 0x0000, 0x0000, 0x0000, 0x0000, 0x0000, 0x0020, 0x0822, 0x11C1, 0x1DE2,
    0x27C1, 0x17E0, 0x17A3, 0x1FA2, 0x17E0, 0x1F81, 0x26E2, 0x08A1, 0x0801, 0x0020, 0x0021, 0x0000,
    0x0000, 0x0000, 0x0000, 0x0821, 0x0021, 0x3546, 0x4E69, 0x1C02, 0x0020, 0x0801, 0x0000, 0x0000,
    0x0800, 0x0000, 0x0000, 0x0000, 0x0000, 0x0000, 0x0000, 0x0000, 0x0000, 0x0000, 0x0000, 0x0000,
    0x0000, 0x0000, 0x0000, 0x0000, 0x0000, 0x0000, 0x0000, 0x0000, 0x0000, 0x0000, 0x0000, 0x0000,
    0x0000, 0x0000, 0x0000, 0x0000, 0x0000, 0x0000, 0x0000, 0x0000, 0x0000, 0x0000, 0x0000, 0x6B6D,
    0xFFFF, 0xFFFF, 0xFFFF, 0xFFFF, 0xFFFF, 0xFFFF, 0xAD55, 0x0000, 0x0000, 0x0000, 0x0000, 0x0000,
    0x0000, 0x0000, 0x0000, 0x0000, 0x0000, 0x0000, 0x8C71, 0xFFFF, 0xFFFF, 0xFFFF, 0xFFFF, 0xFFFF,
    0xFFFF, 0xDEFB, 0x0000, 0x0000, 0x0000, 0x0000, 0x0000, 0x0000, 0x0000, 0x0000, 0x0000, 0x0000,
    0x0000, 0x0000, 0x0000, 0x0000, 0x0000, 0x0000, 0x0000, 0x0000, 0x0000, 0x0000, 0x0000, 0x0000,
    0x0000, 0x0000, 0x0000, 0x0000, 0x0000, 0x0000, 0x0000, 0x0000, 0x0000, 0x0000, 0x0000, 0x0000,
    0x0000, 0x0000, 0x0000, 0x0000, 0x0000, 0x0000, 0x0000, 0x0000, 0x0000, 0x0000, 0x0000, 0x0000,
    0x0000, 0x0000, 0x0000, 0x0000, 0x0000, 0x0000, 0x0000, 0x0000, 0x0000, 0x0000, 0x0000, 0x0000,
    0x0000, 0x0000, 0x0000, 0x0000, 0x0000, 0x0000, 0x0000, 0x0000, 0x0000, 0x0000, 0x0000, 0x0000,
    0x0000, 0x0000, 0x0000, 0x0000, 0x0000, 0x0000, 0x0000, 0x0000, 0x0000, 0x0000, 0x0000, 0x0000,
    0x0000, 0x0000, 0x0000, 0x0000, 0x0001, 0x0020, 0x0801, 0x0060, 0x1001, 0x09A1, 0x2C84, 0x0FC2,
    0x2F23, 0x1C42, 0x0001, 0x0000, 0x0000, 0x0000, 0x0000, 0x0000, 0x0040, 0x1003, 0x24A2, 0x2781,
    0x1FE0, 0x17E0, 0x17E0, 0x17E0, 0x17E0, 0x17E0, 0x17E1, 0x1301, 0x0841, 0x0020, 0x0001, 0x0000,
    0x0000, 0x0000, 0x0000, 0x0001, 0x01A2, 0x2FC2, 0x17E2, 0x2EE3, 0x0A41, 0x0060, 0x0001, 0x0060,
    0x0800, 0x0021, 0x0000, 0x0000, 0x0000, 0x0000, 0x0000, 0x0000, 0x0000, 0x0000, 0x0000, 0x0000,
    0x0000, 0x0000, 0x0000, 0x0000, 0x0000, 0x0000, 0x0000, 0x0000, 0x0000, 0x0000, 0x0000, 0x0000,
    0x0000, 0x0000, 0x0000, 0x0000, 0x0000, 0x0000, 0x0000, 0x0000, 0x0000, 0x0000, 0x0000, 0x0000,
    0xFFFF, 0xFFFF, 0xFFFF, 0xFFFF, 0xFFFF, 0xFFFF, 0xFFFF, 0xCE59, 0x0000, 0x0000, 0x0000, 0x0000,
    0x0000, 0x0000, 0x0000, 0x0000, 0x0000, 0x9CD3, 0xF7BE, 0xFFFF, 0xFFFF, 0xFFFF, 0xFFFF, 0xFFFF,
    0xFFFF, 0x2945, 0x0000, 0x0000, 0x0000, 0x0000, 0x0000, 0x0000, 0x0000, 0x0000, 0x0000, 0x0000,
    0x0000, 0x0000, 0x0000, 0x0000, 0x0000, 0x0000, 0x0000, 0x0000, 0x0000, 0x0000, 0x0000, 0x0000,
    0x0000, 0x0000, 0x0000, 0x0000, 0x0000, 0x0000, 0x0000, 0x0000, 0x0000, 0x0000, 0x0000, 0x0000,
    0x0000, 0x0000, 0x0000, 0x0000, 0x0000, 0x0000, 0x0000, 0x0000, 0x0000, 0x0000, 0x0000, 0x0000,
    0x0000, 0x0000, 0x0000, 0x0000, 0x0000, 0x0000, 0x0000, 0x0000, 0x0000, 0x0000, 0x0000, 0x0000,
    0x0000, 0x0000, 0x0000, 0x0000, 0x0000, 0x0000, 0x0000, 0x0000, 0x0000, 0x0000, 0x0000, 0x0000,
    0x0000, 0x0000, 0x0000, 0x0000, 0x0000, 0x0000, 0x0000, 0x0000, 0x0000, 0x0000, 0x0000, 0x0000,
    0x0000, 0x0000, 0x0000, 0x0000, 0x0000, 0x0020, 0x0801, 0x0840, 0x0B62, 0x27C3, 0x17E0, 0x1FE1,
    0x0FE0, 0x1FA2, 0x00E0, 0x0801, 0x0000, 0x0000, 0x0000, 0x0040, 0x0862, 0x1382, 0x27C1, 0x17C0,
    0x17E0, 0x17E0, 0x17E0, 0x17E0, 0x17E0, 0x17E0, 0x17E1, 0x1FC2, 0x25A4, 0x0802, 0x0060, 0x0000,
    0x0000, 0x0000, 0x0000, 0x1221, 0x2E61, 0x0FC1, 0x1FA1, 0x0FE0, 0x27A3, 0x2663, 0x0120, 0x1001,
    0x0021, 0x0020, 0x0000, 0x0000, 0x0000, 0x0000, 0x0000, 0x0000, 0x0000, 0x0000, 0x0000, 0x0000,
    0x0000, 0x0000, 0x0000, 0x0000, 0x0000, 0x0000, 0x0000, 0x0000, 0x0000, 0x0000, 0x0000, 0x0000,
    0x0000, 0x0000, 0x0000, 0x0000, 0x0000, 0x0000, 0x0000, 0x0000, 0x0000, 0x0000, 0x0000, 0x0000,
    0xFFFF, 0xFFFF, 0xFFFF, 0xFFFF, 0xFFFF, 0xFFFF, 0xFFFF, 0xFFFF, 0xFFDF, 0xB5B6, 0x0000, 0x0000,
    0x0000, 0x0000, 0x0000, 0xC5F8, 0xEF5D, 0xFFFF, 0xFFFF, 0xFFFF, 0xFFFF, 0xFFFF, 0xFFFF, 0xFFFF,
    0xEF7E, 0x0000, 0x0000, 0x0000, 0x0000, 0x0000, 0x0000, 0x0000, 0x0000, 0x0000, 0x0000, 0x0000,
    0x0000, 0x0000, 0x0000, 0x0000, 0x0000, 0x0000, 0x0000, 0x0000, 0x0000, 0x0000, 0x0000, 0x0000,
    0x0000, 0x0000, 0x0000, 0x0000, 0x0000, 0x0000, 0x0000, 0x0000, 0x0000, 0x0000, 0x0000, 0x0000,
    0x0000, 0x0000, 0x0000, 0x0000, 0x0000, 0x0000, 0x0000, 0x0000, 0x0000, 0x0000, 0x0000, 0x0000,
    0x0000, 0x0000, 0x0000, 0x0000, 0x0000, 0x0000, 0x0000, 0x0000, 0x0000, 0x0000, 0x0000, 0x0000,
    0x0000, 0x0000, 0x0000, 0x0000, 0x0000, 0x0000, 0x0000, 0x0000, 0x0000, 0x0000, 0x0000, 0x0000,
    0x0000, 0x0000, 0x0000, 0x0000, 0x0000, 0x0000, 0x0000, 0x0000, 0x0000, 0x0000, 0x0000, 0x0000,
    0x0000, 0x0000, 0x0000, 0x0020, 0x0022, 0x0842, 0x0001, 0x2B23, 0x1EE4, 0x17C0, 0x1FE0, 0x0FA1,
    0x17E0, 0x17E1, 0x0240, 0x0020, 0x0020, 0x0020, 0x0020, 0x0040, 0x1A02, 0x2E45, 0x27A1, 0x1FE1,
    0x17E0, 0x17E0, 0x17E0, 0x17E0, 0x17E0, 0x17E0, 0x17E1, 0x17E1, 0x2F44, 0x0120, 0x0000, 0x0000,
    0x0000, 0x0000, 0x0000, 0x1C63, 0x2FC3, 0x17E3, 0x17E0, 0x17E1, 0x17A0, 0x17E1, 0x1C84, 0x1180,
    0x0001, 0x0041, 0x0000, 0x0000, 0x0000, 0x0000, 0x0000, 0x0000, 0x0000, 0x0000, 0x0000, 0x0000,
    0x0000, 0x0000, 0x0000, 0x0000, 0x0000, 0x0000, 0x0000, 0x0000, 0x0000, 0x0000, 0x0000, 0x0000,
    0x0000, 0x0000, 0x0000, 0x0000, 0x0000, 0x0000, 0x0000, 0x0000, 0x0000, 0x0000, 0x0000, 0xB5B6,
    0xFFFF, 0xFFFF, 0xFFFF, 0xFFFF, 0xFFFF, 0xFFFF, 0xFFFF, 0xFFFF, 0xFFFF, 0xFFFF, 0xF79E, 0xEF7D,
    0xDEFB, 0xEF7D, 0xF79E, 0xFFFF, 0xFFFF, 0xFFFF, 0xFFFF, 0xFFFF, 0xFFFF, 0xFFFF, 0xFFFF, 0xFFFF,
    0xFFFF, 0xC638, 0x0000, 0x0000, 0x0000, 0x0000, 0x0000, 0x0000, 0x0000, 0x0000, 0x0000, 0x0000,
    0x0000, 0x0000, 0x0000, 0x0000, 0x0000, 0x0000, 0x0000, 0x0000, 0x0000, 0x0000, 0x0000, 0x0000,
    0x0000, 0x0000, 0x0000, 0x0000, 0x0000, 0x0000, 0x0000, 0x0000, 0x0000, 0x0000, 0x0000, 0x0000,
    0x0000, 0x0000, 0x0000, 0x0000, 0x0000, 0x0000, 0x0000, 0x0000, 0x0000, 0x0000, 0x0000, 0x0000,
    0x0000, 0x0000, 0x0000, 0x0000, 0x0000, 0x0000, 0x0000, 0x0000, 0x0000, 0x0000, 0x0000, 0x0000,
    0x0000, 0x0000, 0x0000, 0x0000, 0x0000, 0x0000, 0x0000, 0x0000, 0x0000, 0x0000, 0x0000, 0x0000,
    0x0000, 0x0000, 0x0000, 0x0000, 0x0000, 0x0000, 0x0000, 0x0000, 0x0000, 0x0000, 0x0000, 0x0000,
    0x0001, 0x0000, 0x0000, 0x0040, 0x0000, 0x0160, 0x1CE3, 0x07A0, 0x1FA0, 0x17E1, 0x17E1, 0x17E0,
    0x17E1, 0x17E0, 0x2EC4, 0x03E0, 0x0000, 0x0040, 0x0801, 0x0980, 0x2784, 0x17C0, 0x1FC2, 0x0FE0,
    0x17E0, 0x17E0, 0x17E0, 0x17E0, 0x17E0, 0x17E0, 0x17E0, 0x1FE1, 0x17E0, 0x2E43, 0x0B40, 0x0041,
    0x0000, 0x0800, 0x08C1, 0x1F82, 0x0FE0, 0x1FE0, 0x17E1, 0x17E0, 0x17E0, 0x17E1, 0x17A0, 0x2784,
    0x0260, 0x0841, 0x0020, 0x0020, 0x0001, 0x0000, 0x0000, 0x0000, 0x0000, 0x0000, 0x0000, 0x0000,
    0x0000, 0x0000, 0x0000, 0x0000, 0x0000, 0x0000, 0x0000, 0x0000, 0x0000, 0x0000, 0x0000, 0x0000,
    0x0000, 0x0000, 0x0000, 0x0000, 0x0000, 0x0000, 0x0000, 0x0000, 0x0000, 0x0000, 0xE71C, 0xFFFF,
    0xFFFF, 0xFFFF, 0xFFFF, 0xFFFF, 0xFFFF, 0xFFFF, 0xFFFF, 0xFFFF, 0xFFFF, 0xFFFF, 0xFFFF, 0xFFFF,
    0xFFFF, 0xFFFF, 0xFFFF, 0xFFFF, 0xFFFF, 0xFFFF, 0xFFFF, 0xFFFF, 0xFFFF, 0xFFFF, 0xFFFF, 0xFFFF,
    0xFFFF, 0xFFFF, 0x52AB, 0x0000, 0x0000, 0x0000, 0x0000, 0x0000, 0x0000, 0x0000, 0x0000, 0x0000,
    0x0000, 0x0000, 0x0000, 0x0000, 0x0000, 0x0000, 0x0000, 0x0000, 0x0000, 0x0000, 0x0000, 0x0000,
    0x0000, 0x0000, 0x0000, 0x0000, 0x0000, 0x0000, 0x0000, 0x0000, 0x0000, 0x0000, 0x0000, 0x0000,
    0x0000, 0x0000, 0x0000, 0x0000, 0x0000, 0x0000, 0x0000, 0x0000, 0x0000, 0x0000, 0x0000, 0x0000,
    0x0000, 0x0000, 0x0000, 0x0000, 0x0000, 0x0000, 0x0000, 0x0000, 0x0000, 0x0000, 0x0000, 0x0000,
    0x0000, 0x0000, 0x0000, 0x0000, 0x0000, 0x0020, 0x0000, 0x0020, 0x0000, 0x0000, 0x0000, 0x0000,
    0x0000, 0x0000, 0x0000, 0x0000, 0x0000, 0x0000, 0x0000, 0x0000, 0x0000, 0x0000, 0x0000, 0x0000,
    0x0802, 0x0020, 0x0000, 0x0061, 0x0800, 0x24C4, 0x2744, 0x1FC2, 0x17E0, 0x17E0, 0x17E0, 0x17E0,
    0x17E0, 0x17E0, 0x2742, 0x1581, 0x0801, 0x0020, 0x0020, 0x1BC2, 0x1FE2, 0x0FC0, 0x1FE2, 0x17E1,
    0x17E0, 0x17E0, 0x17E0, 0x17E0, 0x17E0, 0x17E0, 0x17E0, 0x1FE1, 0x0FA0, 0x2F43, 0x2DE4, 0x0020,
    0x0001, 0x0020, 0x0180, 0x1FC2, 0x0FE0, 0x17E1, 0x17E0, 0x17E0, 0x17E0, 0x17E0, 0x1FE1, 0x1FC1,
    0x2DA4, 0x1241, 0x0020, 0x0020, 0x0001, 0x0020, 0x0000, 0x0000, 0x0000, 0x0000, 0x0000, 0x0000,
    0x0000, 0x0000, 0x0000, 0x0000, 0x0000, 0x0000, 0x0000, 0x0000, 0x0000, 0x0000, 0x0000, 0x0000,
    0x0000, 0x0000, 0x0000, 0x0000, 0x0000, 0x0000, 0x0000, 0x0000, 0x0000, 0x0000, 0xEF5D, 0xFFDF,
    0xFFFF, 0xFFFF, 0xFFFF, 0xFFFF, 0xFFFF, 0xFFFF, 0xFFFF, 0xFFFF, 0xFFFF, 0xFFFF, 0xFFFF, 0xFFFF,
    0xFFFF, 0xFFFF, 0xFFFF, 0xFFFF, 0xFFFF, 0xFFFF, 0xFFFF, 0xFFFF, 0xFFFF, 0xFFFF, 0xFFFF, 0xFFFF,
    0xFFFF, 0xFFFF, 0x7BCF, 0x0000, 0x0000, 0x0000, 0x0000, 0x0000, 0x0000, 0x0000, 0x0000, 0x0000,
    0x0000, 0x0000, 0x0000, 0x0000, 0x0000, 0x0000, 0x0000, 0x0000, 0x0000, 0x0000, 0x0000, 0x0000,
    0x0000, 0x0000, 0x0000, 0x0000, 0x0000, 0x0000, 0x0000, 0x0000, 0x0000, 0x0000, 0x0000, 0x0000,
    0x0000, 0x0000, 0x0000, 0x0000, 0x0000, 0x0000, 0x0000, 0x0000, 0x0000, 0x0000, 0x0000, 0x0000,
    0x0000, 0x0000, 0x0000, 0x0000, 0x0000, 0x0000, 0x0000, 0x0000, 0x0000, 0x0000, 0x0000, 0x0000,
    0x0000, 0x0000, 0x0000, 0x0000, 0x0000, 0x0801, 0x0020, 0x0000, 0x0020, 0x0000, 0x0000, 0x0000,
    0x0000, 0x0000, 0x0000, 0x0000, 0x0000, 0x0000, 0x0000, 0x0000, 0x0000, 0x0000, 0x0000, 0x0000,
    0x0000, 0x0001, 0x0803, 0x0900, 0x1D24, 0x17E0, 0x17A0, 0x0FE0, 0x17E0, 0x17E0, 0x17E0, 0x17E0,
    0x1FE1, 0x17E0, 0x1FE0, 0x27A2, 0x0822, 0x0801, 0x2543, 0x27C2, 0x0FE0, 0x1FE1, 0x0FE0, 0x17E0,
    0x17E0, 0x17E0, 0x17E0, 0x17E0, 0x17E0, 0x17E0, 0x17E0, 0x17C1, 0x1FE1, 0x0FE0, 0x1FC2, 0x0BE0,
    0x0840, 0x0020, 0x1422, 0x0FA0, 0x0FE0, 0x17E1, 0x17E0, 0x17E0, 0x17E0, 0x17E0, 0x17E1, 0x0FE0,
    0x17C0, 0x2F64, 0x01E0, 0x1002, 0x0040, 0x0801, 0x0000, 0x0000, 0x0000, 0x0000, 0x0000, 0x0000,
    0x0000, 0x0000, 0x0000, 0x0000, 0x0000, 0x0000, 0x0000, 0x0000, 0x0000, 0x0000, 0x0000, 0x0821,
    0x0021, 0x0800, 0x0820, 0x0000, 0x0000, 0x0000, 0x0000, 0x0000, 0x0000, 0x0000, 0x0000, 0x8410,
    0xFFFF, 0xFFFF, 0xFFFF, 0xFFFF, 0xFFFF, 0xFFFF, 0xFFFF, 0xFFFF, 0xFFFF, 0xFFFF, 0xFFFF, 0xFFFF,
    0xFFFF, 0xFFFF, 0xFFFF, 0xFFFF, 0xFFFF, 0xFFFF, 0xFFFF, 0xFFFF, 0xFFFF, 0xFFFF, 0xFFFF, 0xFFFF,
    0xFFDF, 0xAD95, 0x0000, 0x0000, 0x0000, 0x0000, 0x0000, 0x0000, 0x0000, 0x0000, 0x0000, 0x0000,
    0x0000, 0x0000, 0x0000, 0x0000, 0x0000, 0x0000, 0x0000, 0x0000, 0x0000, 0x0000, 0x0000, 0x0000,
    0x0000, 0x0000, 0x0000, 0x0000, 0x0000, 0x0000, 0x0000, 0x0000, 0x0000, 0x0000, 0x0000, 0x0000,
    0x0000, 0x0000, 0x0000, 0x0000, 0x0000, 0x0000, 0x0000, 0x0000, 0x0000, 0x0000, 0x0000, 0x0000,
    0x0000, 0x0000, 0x0000, 0x0000, 0x0000, 0x0000, 0x0000, 0x0000, 0x0000, 0x0000, 0x0000, 0x0000,
    0x0000, 0x0000, 0x0000, 0x0020, 0x0020, 0x0100, 0x08E1, 0x0060, 0x0000, 0x0000, 0x0000, 0x0000,
    0x0000, 0x0000, 0x0000, 0x0000, 0x0000, 0x0000, 0x0000, 0x0000, 0x0000, 0x0000, 0x0000, 0x0020,
    0x0001, 0x0821, 0x00E0, 0x2F44, 0x0FE0, 0x1FA2, 0x17E0, 0x1FA2, 0x17E0, 0x17E0, 0x17E0, 0x17E0,
    0x17E1, 0x17E1, 0x17C1, 0x1FA2, 0x14C0, 0x2B04, 0x07E0, 0x17C3, 0x1FE0, 0x17E0, 0x1FE0, 0x17E0,
    0x17E0, 0x17E0, 0x17E0, 0x17E0, 0x17E0, 0x17E0, 0x17E0, 0x1FE1, 0x1FA1, 0x17E0, 0x17E0, 0x2FA3,
    0x2523, 0x1482, 0x2F44, 0x1FA1, 0x27E2, 0x1FE1, 0x17C0, 0x17E0, 0x17E0, 0x17E0, 0x1FE1, 0x27E2,
    0x17E0, 0x17C0, 0x2F63, 0x24A2, 0x0802, 0x0040, 0x0000, 0x0000, 0x0000, 0x0000, 0x0000, 0x0000,
    0x0000, 0x0000, 0x0000, 0x0000, 0x0000, 0x0000, 0x0000, 0x0000, 0x0000, 0x0000, 0x0801, 0x0040,
    0x0921, 0x00C2, 0x0020, 0x0020, 0x0000, 0x0000, 0x0000, 0x0000, 0x0000, 0x0000, 0x0000, 0x0000,
    0x8430, 0xF79E, 0xFFDF, 0xFFFF, 0x0000, 0x0000, 0x8430, 0xEF7D, 0xFFFF, 0xFFFF, 0xFFFF, 0xFFFF,
    0xFFFF, 0xFFFF, 0xFFFF, 0xFFFF, 0xFFFF, 0xFFFF, 0xC659, 0x0000, 0x0000, 0xF7DF, 0xFFFF, 0xFFFF,
    0x0000, 0x0000, 0x0000, 0x0000, 0x0000, 0x0000, 0x0000, 0x0000, 0x0000, 0x0000, 0x0000, 0x0000,
    0x0000, 0x0000, 0x0000, 0x0000, 0x0000, 0x0000, 0x0000, 0x0000, 0x0000, 0x0000, 0x0000, 0x0000,
    0x0000, 0x0000, 0x0000, 0x0000, 0x0000, 0x0000, 0x0000, 0x0000, 0x0000, 0x0000, 0x0000, 0x0000,
    0x0000, 0x0000, 0x0000, 0x0000, 0x0000, 0x0000, 0x0000, 0x0000, 0x0000, 0x0000, 0x0000, 0x0000,
    0x0000, 0x0000, 0x0000, 0x0000, 0x0000, 0x0000, 0x0000, 0x0000, 0x0000, 0x0800, 0x0000, 0x0020,
    0x0000, 0x0060, 0x0000, 0x1000, 0x0340, 0x2DA3, 0x2C84, 0x00E1, 0x0021, 0x0000, 0x0000, 0x0000,
    0x0000, 0x0000, 0x0000, 0x0000, 0x0000, 0x0000, 0x0000, 0x0000, 0x0000, 0x0000, 0x0000, 0x0000,
    0x0000, 0x0020, 0x1BC2, 0x17A1, 0x17E0, 0x1FE1, 0x17E0, 0x27C1, 0x17E0, 0x17E0, 0x17E0, 0x17E0,
    0x17E0, 0x17E1, 0x17E0, 0x1FE1, 0x1F61, 0x2F04, 0x17E1, 0x17C2, 0x17E0, 0x17E0, 0x17E0, 0x17E0,
    0x17E0, 0x17E0, 0x17E0, 0x17E0, 0x17E0, 0x17E0, 0x17E0, 0x17E1, 0x1FC0, 0x17E0, 0x17E0, 0x27E1,
    0x2F83, 0x1F82, 0x1FC0, 0x1FE1, 0x1FE1, 0x17E1, 0x17E0, 0x17E0, 0x17E0, 0x17E0, 0x17E0, 0x1FE1,
    0x17E0, 0x17E0, 0x1FE1, 0x26E2, 0x0821, 0x0800, 0x0020, 0x0020, 0x0000, 0x0000, 0x0000, 0x0000,
    0x0000, 0x0000, 0x0000, 0x0000, 0x0000, 0x0000, 0x0000, 0x0000, 0x0000, 0x0000, 0x0020, 0x1AE1,
    0x2621, 0x14C2, 0x01C0, 0x1001, 0x0020, 0x0020, 0x0000, 0x0000, 0x0000, 0x0000, 0x0000, 0x0000,
    0x0000, 0x0000, 0xD6BB, 0x52CB, 0x0000, 0x0000, 0x0000, 0x0000, 0xC618, 0xFFFF, 0xFFFF, 0xFFFF,
    0xFFFF, 0xFFFF, 0xFFFF, 0xF7BE, 0xD6BA, 0x0000, 0x0000, 0x0000, 0x0000, 0x6B6D, 0xC659, 0xAD76,
    0x0000, 0x0000, 0x0000, 0x0000, 0x0000, 0x0000, 0x0000, 0x0000, 0x0000, 0x0000, 0x0000, 0x0000,
    0x0000, 0x0000, 0x0000, 0x0000, 0x0000, 0x0000, 0x0000, 0x0000, 0x0000, 0x0000, 0x0000, 0x0000,
    0x0000, 0x0000, 0x0000, 0x0000, 0x0000, 0x0000, 0x0000, 0x0000, 0x0000, 0x0000, 0x0000, 0x0000,
    0x0000, 0x0000, 0x0000, 0x0000, 0x0000, 0x0000, 0x0000, 0x0000, 0x0000, 0x0000, 0x0000, 0x0000,
    0x0000, 0x0000, 0x0000, 0x0000, 0x0000, 0x0000, 0x0000, 0x0000, 0x0000, 0x0020, 0x0020, 0x0000,
    0x0801, 0x1003, 0x0140, 0x2E65, 0x0FE0, 0x07E0, 0x2643, 0x01C0, 0x0020, 0x0000, 0x0000, 0x0000,
    0x0000, 0x0000, 0x0000, 0x0000, 0x0000, 0x0000, 0x0000, 0x0000, 0x0000, 0x0000, 0x0000, 0x0040,
    0x0000, 0x25A2, 0x27C2, 0x17E1, 0x17E0, 0x17E0, 0x17E0, 0x17E0, 0x17E0, 0x17E0, 0x17E0, 0x17E0,
    0x17E0, 0x17E0, 0x17E0, 0x17E0, 0x17E0, 0x17E0, 0x17E0, 0x17E0, 0x17E0, 0x17E0, 0x17E0, 0x17E0,
    0x17E0, 0x17E0, 0x17E0, 0x17E0, 0x17E0, 0x17E0, 0x17E0, 0x17E0, 0x17E0, 0x17E0, 0x17E0, 0x17E0,
    0x17E0, 0x17E0, 0x17E0, 0x17E0, 0x17E0, 0x17E0, 0x17E0, 0x17E0, 0x17E0, 0x17E0, 0x17E0, 0x17E0,
    0x17E0, 0x17E0, 0x17C0, 0x17C1, 0x25E3, 0x0A21, 0x0800, 0x0000, 0x0020, 0x0000, 0x0000, 0x0000,
    0x0000, 0x0000, 0x0000, 0x0000, 0x0000, 0x0000, 0x0000, 0x0000, 0x0000, 0x0801, 0x0040, 0x2C83,
    0x27E1, 0x1FE0, 0x1FC4, 0x1C02, 0x1001, 0x0801, 0x0020, 0x0040, 0x0000, 0x0000, 0x0000, 0x0000,
    0x0000, 0x0000, 0x0000, 0x0000, 0x0000, 0x0000, 0x0000, 0x0000, 0x0000, 0xFFDF, 0xFFFF, 0xFFFF,
    0xFFFF, 0xFFFF, 0xFFFF, 0xA534, 0x0000, 0x0000, 0x0000, 0x0000, 0x0000, 0x0000, 0x0000, 0x0000,
    0x0000, 0x0000, 0x0000, 0x0000, 0x0000, 0x0000, 0x0000, 0x0000, 0x0000, 0x0000, 0x0000, 0x0000,
    0x0000, 0x0000, 0x0000, 0x0000, 0x0000, 0x0000, 0x0000, 0x0000, 0x0000, 0x0000, 0x0000, 0x0000,
    0x0000, 0x0000, 0x0000, 0x0000, 0x0000, 0x0000, 0x0000, 0x0000, 0x0000, 0x0000, 0x0000, 0x0000,
    0x0000, 0x0000, 0x0000, 0x0000, 0x0000, 0x0000, 0x0000, 0x0000, 0x0000, 0x0000, 0x0000, 0x0000,
    0x0000, 0x0000, 0x0000, 0x0000, 0x0000, 0x0000, 0x0000, 0x0000, 0x0000, 0x0040, 0x0000, 0x0001,
    0x0821, 0x1120, 0x1C21, 0x27E3, 0x1FE0, 0x17E0, 0x2DE3, 0x0180, 0x0020, 0x0000, 0x0000, 0x0000,
    0x0000, 0x0000, 0x0000, 0x0000, 0x0000, 0x0000, 0x0000, 0x0000, 0x0020, 0x0000, 0x0020, 0x0020,
    0x0020, 0x2F43, 0x0FE0, 0x1FC1, 0x17E0, 0x17E0, 0x17E0, 0x17E0, 0x17E0, 0x17E0, 0x17E0, 0x17E0,
    0x17E0, 0x17E0, 0x17E0, 0x17E0, 0x17E0, 0x17E0, 0x17E0, 0x17E0, 0x17E0, 0x17E0, 0x17E0, 0x17E0,
    0x17E0, 0x17E0, 0x17E0, 0x17E0, 0x17E0, 0x17E0, 0x17E0, 0x17E0, 0x17E0, 0x17E0, 0x17E0, 0x17E0,
    0x17E0, 0x17E0, 0x17E0, 0x17E0, 0x17E0, 0x17E0, 0x17E0, 0x17E0, 0x17E0, 0x17E0, 0x17E0, 0x17E0,
    0x17E0, 0x17E0, 0x27E2, 0x1FA2, 0x2763, 0x2443, 0x0800, 0x0801, 0x0020, 0x0800, 0x0000, 0x0000,
    0x0000, 0x0000, 0x0000, 0x0000, 0x0000, 0x0000, 0x0000, 0x0000, 0x0000, 0x0821, 0x0040, 0x2483,
    0x1FE0, 0x0FE0, 0x0FE0, 0x3724, 0x09C1, 0x0801, 0x0801, 0x0800, 0x0000, 0x0000, 0x0000, 0x0000,
    0x0000, 0x0000, 0x0000, 0x0000, 0x0000, 0x0000, 0x0000, 0x0000, 0x0000, 0xF7BE, 0xFFFF, 0xFFFF,
    0xFFFF, 0xFFFF, 0xFFFF, 0x9CF4, 0x0000, 0x0000, 0x0000, 0x0000, 0x0000, 0x0000, 0x0000, 0x0000,
    0x0000, 0x0000, 0x0000, 0x0000, 0x0000, 0x0000, 0x0000, 0x0000, 0x0000, 0x0000, 0x0000, 0x0000,
    0x0000, 0x0000, 0x0000, 0x0000, 0x0000, 0x0000, 0x0000, 0x0000, 0x0000, 0x0000, 0x0000, 0x0000,
    0x0000, 0x0000, 0x0000, 0x0000, 0x0000, 0x0000, 0x0000, 0x0000, 0x0000, 0x0000, 0x0000, 0x0000,
    0x0000, 0x0000, 0x0000, 0x0000, 0x0000, 0x0000, 0x0000, 0x0000, 0x0000, 0x0000, 0x0000, 0x0000,
    0x0000, 0x0000, 0x0000, 0x0000, 0x0000, 0x0000, 0x0000, 0x0000, 0x0000, 0x0800, 0x0000, 0x0020,
    0x0120, 0x2F03, 0x27A2, 0x1FE0, 0x17C0, 0x17E1, 0x1D02, 0x00C0, 0x0020, 0x0000, 0x0000, 0x0000,
    0x0000, 0x0000, 0x0000, 0x0000, 0x0000, 0x0000, 0x0000, 0x0000, 0x0000, 0x0020, 0x0000, 0x18E3,
    0x1DE1, 0x17E0, 0x27E2, 0x17E0, 0x17E0, 0x17E0, 0x17E0, 0x17E0, 0x17E0, 0x17E0, 0x17E0, 0x17E0,
    0x17E0, 0x17E0, 0x17E0, 0x17E0, 0x17E0, 0x17E0, 0x17E0, 0x17E0, 0x17E0, 0x17E0, 0x17E0, 0x17E0,
    0x17E0, 0x17E0, 0x17E0, 0x17E0, 0x17E0, 0x17E0, 0x17E0, 0x17E0, 0x17E0, 0x17E0, 0x17E0, 0x17E0,
    0x17E0, 0x17E0, 0x17E0, 0x17E0, 0x17E0, 0x17E0, 0x17E0, 0x17E0, 0x17E0, 0x17E0, 0x17E0, 0x17E0,
    0x17E0, 0x17E0, 0x17C0, 0x17C1, 0x17E1, 0x1FC3, 0x0200, 0x1003, 0x0020, 0x0001, 0x0000, 0x0000,
    0x0000, 0x0000, 0x0000, 0x0000, 0x0000, 0x0000, 0x0000, 0x0000, 0x0000, 0x0000, 0x0020, 0x1BE2,
    0x1FA1, 0x17E0, 0x17C1, 0x17C0, 0x2783, 0x1D83, 0x0801, 0x1000, 0x0000, 0x0000, 0x0000, 0x0000,
    0x0000, 0x0000, 0x0000, 0x0000, 0x0000, 0x0000, 0x0000, 0x0000, 0x0000, 0xEF7D, 0xFFFF, 0xFFFF,
    0xFFFF, 0xFFFF, 0xFFFF, 0x3186, 0x0000, 0x0000, 0x0000, 0x0000, 0x0000, 0x0000, 0x0000, 0x0000,
    0x0000, 0x0000, 0x0000, 0x0000, 0x0000, 0x0000, 0x0000, 0x0000, 0x0000, 0x0000, 0x0000, 0x0000,
    0x0000, 0x0000, 0x0000, 0x0000, 0x0000, 0x0000, 0x0000, 0x0000, 0x0000, 0x0000, 0x0000, 0x0000,
    0x0000, 0x0000, 0x0000, 0x0000, 0x0000, 0x0000, 0x0000, 0x0000, 0x0000, 0x0000, 0x0000, 0x0000,
    0x0000, 0x0000, 0x0000, 0x0000, 0x0000, 0x0000, 0x0000, 0x0000, 0x0000, 0x0000, 0x0000, 0x0000,
    0x0000, 0x0000, 0x0000, 0x0000, 0x0000, 0x0021, 0x0000, 0x0000, 0x0000, 0x0040, 0x0040, 0x0881,
    0x1BC1, 0x1FE1, 0x17E0, 0x17E0, 0x17E0, 0x17C1, 0x2483, 0x00A0, 0x0001, 0x0000, 0x0000, 0x0000,
    0x0000, 0x0000, 0x0000, 0x0000, 0x0000, 0x0000, 0x0000, 0x0000, 0x0800, 0x0021, 0x1803, 0x1C64,
    0x1FC1, 0x17C0, 0x17C1, 0x17E1, 0x17E0, 0x17E0, 0x17E0, 0x17E0, 0x17E0, 0x17E0, 0x17E0, 0x17E0,
    0x17E0, 0x17E0, 0x17E0, 0x17E0, 0x17E0, 0x17E0, 0x17E0, 0x17E0, 0x17E0, 0x17E0, 0x17E0, 0x17E0,
    0x17E0, 0x17E0, 0x17E0, 0x17E0, 0x17E0, 0x17E0, 0x17E0, 0x17E0, 0x17E0, 0x17E0, 0x17E0, 0x17E0,
    0x17E0, 0x17E0, 0x17E0, 0x17E0, 0x17E0, 0x17E0, 0x17E0, 0x17E0, 0x17E0, 0x17E0, 0x17E0, 0x17E0,
    0x17E0, 0x17E0, 0x17E0, 0x17E0, 0x17E0, 0x17E0, 0x1523, 0x08E1, 0x0040, 0x0020, 0x0000, 0x0000,
    0x0000, 0x0000, 0x0000, 0x0000, 0x0000, 0x0000, 0x0000, 0x0000, 0x0000, 0x0800, 0x0000, 0x1321,
    0x27A4, 0x17E0, 0x17E0, 0x17E0, 0x27C3, 0x17A1, 0x01E0, 0x1003, 0x0020, 0x0040, 0x0800, 0x0000,
    0x0000, 0x0000, 0x0000, 0x0000, 0x0000, 0x0000, 0x0000, 0x0000, 0x0000, 0x0000, 0x0000, 0x0000,
    0x0000, 0x0000, 0x0000, 0x0000, 0x0000, 0x0000, 0x0000, 0x0000, 0x0000, 0x0000, 0x0000, 0x0000,
    0x0000, 0x0000, 0x0000, 0x0000, 0x0000, 0x0000, 0x0000, 0x0000, 0x0000, 0x0000, 0x0000, 0x0000,
    0x0000, 0x0000, 0x0000, 0x0000, 0x0000, 0x0000, 0x0000, 0x0000, 0x0000, 0x0000, 0x0000, 0x0000,
    0x0000, 0x0000, 0x0000, 0x0000, 0x0000, 0x0000, 0x0000, 0x0000, 0x0000, 0x0000, 0x0000, 0x0000,
    0x0000, 0x0000, 0x0000, 0x0000, 0x0000, 0x0000, 0x0000, 0x0000, 0x0000, 0x0000, 0x0000, 0x0000,
    0x0000, 0x0000, 0x0000, 0x0000, 0x0000, 0x0000, 0x0020, 0x0000, 0x0001, 0x0804, 0x0120, 0x2725,
    0x17C2, 0x17E0, 0x17E0, 0x17E0, 0x17E0, 0x1FC1, 0x1C23, 0x0060, 0x0021, 0x0000, 0x0000, 0x0000,
    0x0000, 0x0000, 0x0000, 0x0000, 0x0000, 0x0000, 0x0000, 0x0000, 0x0000, 0x0001, 0x0080, 0x2783,
    0x17E1, 0x17E0, 0x17E0, 0x17E0, 0x17E0, 0x17E0, 0x17E0, 0x17E0, 0x17E0, 0x17E0, 0x17E0, 0x17E0,
    0x17E0, 0x17E0, 0x17E0, 0x17E0, 0x17E0, 0x17E0, 0x17E0, 0x17E0, 0x17E0, 0x17E0, 0x17E0, 0x17E0,
    0x17E0, 0x17E0, 0x17E0, 0x17E0, 0x17E0, 0x17E0, 0x17E0, 0x17E0, 0x17E0, 0x17E0, 0x17E0, 0x17E0,
    0x17E0, 0x17E0, 0x17E0, 0x17E0, 0x17E0, 0x17E0, 0x17E0, 0x17E0, 0x17E0, 0x17E0, 0x17E0, 0x17E0,
    0x17E0, 0x17E0, 0x17E0, 0x17E0, 0x17E0, 0x17E0, 0x1F82, 0x1501, 0x0803, 0x0020, 0x0000, 0x0000,
    0x0000, 0x0000, 0x0000, 0x0000, 0x0000, 0x0000, 0x0000, 0x0000, 0x0000, 0x0800, 0x0000, 0x0AC0,
    0x2743, 0x17E0, 0x17E0, 0x17E0, 0x0FC0, 0x17E1, 0x2F83, 0x2522, 0x0800, 0x0800, 0x0020, 0x0020,
    0x0000, 0x0000, 0x0000, 0x0000, 0x0000, 0x0000, 0x0000, 0x0000, 0x0000, 0x0000, 0x0000, 0x0000,
    0x0000, 0x0000, 0x0000, 0x0000, 0x0000, 0x0000, 0x0000, 0x0000, 0x0000, 0x0000, 0x0000, 0x0000,
    0x0000, 0x0000, 0x0000, 0x0000, 0x0000, 0x0000, 0x0000, 0x0000, 0x0000, 0x0000, 0x0000, 0x0000,
    0x0000, 0x0000, 0x0000, 0x0000, 0x0000, 0x0000, 0x0000, 0x0000, 0x0000, 0x0000, 0x0000, 0x0000,
    0x0000, 0x0000, 0x0000, 0x0000, 0x0000, 0x0000, 0x0000, 0x0000, 0x0000, 0x0000, 0x0000, 0x0000,
    0x0000, 0x0000, 0x0000, 0x0000, 0x0000, 0x0000, 0x0000, 0x0000, 0x0000, 0x0000, 0x0000, 0x0000,
    0x0000, 0x0000, 0x0000, 0x0000, 0x0000, 0x0000, 0x0000, 0x0021, 0x0841, 0x0020, 0x1463, 0x1FC0,
    0x17C0, 0x17E0, 0x17E0, 0x17E0, 0x17E0, 0x17C0, 0x1BC2, 0x0040, 0x0001, 0x0000, 0x0000, 0x0000,
    0x0000, 0x0000, 0x0000, 0x0000, 0x0000, 0x0000, 0x0000, 0x0000, 0x0040, 0x0020, 0x0280, 0x17E0,
    0x17E0, 0x17E0, 0x17E0, 0x17E0, 0x17E0, 0x17E0, 0x17E0, 0x17E0, 0x17E0, 0x17E0, 0x17E0, 0x17E0,
    0x17E0, 0x17E0, 0x17E0, 0x17E0, 0x17E0, 0x17E0, 0x17E0, 0x17E0, 0x17E0, 0x17E0, 0x17E0, 0x17E0,
    0x17E0, 0x17E0, 0x17E0, 0x17E0, 0x17E0, 0x17E0, 0x17E0, 0x17E0, 0x17E0, 0x17E0, 0x17E0, 0x17E0,
    0x17E0, 0x17E0, 0x17E0, 0x17E0, 0x17E0, 0x17E0, 0x17E0, 0x17E0, 0x17E0, 0x17E0, 0x17E0, 0x17E0,
    0x17E0, 0x17E0, 0x17E0, 0x17E0, 0x17E0, 0x17E0, 0x1FE0, 0x1EC2, 0x0801, 0x0020, 0x0000, 0x0000,
    0x0000, 0x0000, 0x0000, 0x0000, 0x0000, 0x0000, 0x0000, 0x0000, 0x0000, 0x0800, 0x0001, 0x0280,
    0x2723, 0x17E0, 0x17E0, 0x17E0, 0x17E0, 0x17C1, 0x07E0, 0x2F63, 0x0040, 0x0000, 0x0021, 0x0020,
    0x0000, 0x0000, 0x0000, 0x0000, 0x0000, 0x0000, 0x0000, 0x0000, 0x0000, 0x0000, 0x0000, 0x0000,
    0x0000, 0x0000, 0x0000, 0x0000, 0x0000, 0x0000, 0x0000, 0x0000, 0x0000, 0x0000, 0x0000, 0x0000,
    0x0000, 0x0000, 0x0000, 0x0000, 0x0000, 0x0000, 0x0000, 0x0000, 0x0000, 0x0000, 0x0000, 0x0000,
    0x0000, 0x0000, 0x0000, 0x0000, 0x0000, 0x0000, 0x0000, 0x0000, 0x0000, 0x0000, 0x0000, 0x0000,
    0x0000, 0x0000, 0x0000, 0x0000, 0x0000, 0x0000, 0x0000, 0x0000, 0x0000, 0x0000, 0x0000, 0x0000,
    0x0000, 0x0000, 0x0000, 0x0000, 0x0000, 0x0000, 0x0000, 0x0000, 0x0000, 0x0000, 0x0000, 0x0000,
    0x0000, 0x0000, 0x0000, 0x0000, 0x0000, 0x0020, 0x0000, 0x0800, 0x00C0, 0x2723, 0x2762, 0x17E1,
    0x0FC0, 0x17E0, 0x17E0, 0x17E0, 0x17E0, 0x1FE1, 0x1362, 0x0000, 0x0000, 0x0000, 0x0000, 0x0000,
    0x0000, 0x0000, 0x0000, 0x0000, 0x0000, 0x0000, 0x0000, 0x0000, 0x0021, 0x2B23, 0x3EE6, 0x1FA1,
    0x17C0, 0x17E1, 0x17E1, 0x17C0, 0x17E0, 0x17E0, 0x17E0, 0x17E0, 0x17E0, 0x17E0, 0x17E0, 0x17E0,
    0x17E0, 0x17E0, 0x17E0, 0x17E0, 0x17E0, 0x17E0, 0x17E0, 0x17E0, 0x17E0, 0x17E0, 0x17E0, 0x17E0,
    0x17E0, 0x17E0, 0x17E0, 0x17E0, 0x17E0, 0x17E0, 0x17E0, 0x17E0, 0x17E0, 0x17E0, 0x17E0, 0x17E0,
    0x17E0, 0x17E0, 0x17E0, 0x17E0, 0x17E0, 0x17E0, 0x17E0, 0x17E0, 0x17E0, 0x17E0, 0x17E0, 0x17E0,
    0x17E0, 0x17E0, 0x17E0, 0x17E0, 0x17E0, 0x17E0, 0x2781, 0x1FC3, 0x12C0, 0x0803, 0x0020, 0x0000,
    0x0000, 0x0000, 0x0000, 0x0000, 0x0000, 0x0000, 0x0000, 0x0000, 0x0000, 0x0800, 0x0001, 0x0A60,
    0x2703, 0x17E0, 0x17E0, 0x17E0, 0x17E1, 0x1FE1, 0x1FC2, 0x1FE1, 0x3D89, 0x01A0, 0x0001, 0x0020,
    0x0000, 0x0000, 0x0000, 0x0000, 0x0000, 0x0000, 0x0000, 0x0000, 0x0000, 0x0000, 0x0000, 0x0000,
    0x0000, 0x0000, 0x0000, 0x0000, 0x0000, 0x0000, 0x0000, 0x0000, 0x0000, 0x0000, 0x0000, 0x0000,
    0x0000, 0x0000, 0x0000, 0x0000, 0x0000, 0x0000, 0x0000, 0x0000, 0x0000, 0x0000, 0x0000, 0x0000,
    0x0000, 0x0000, 0x0000, 0x0000, 0x0000, 0x0000, 0x0000, 0x0000, 0x0000, 0x0000, 0x0000, 0x0000,
    0x0000, 0x0000, 0x0000, 0x0000, 0x0000, 0x0000, 0x0000, 0x0000, 0x0000, 0x0000, 0x0000, 0x0000,
    0x0000, 0x0000, 0x0000, 0x0000, 0x0000, 0x0000, 0x0000, 0x0000, 0x0000, 0x0000, 0x0000, 0x0000,
    0x0000, 0x0000, 0x0000, 0x0000, 0x0000, 0x0040, 0x1801, 0x0022, 0x0A20, 0x17E1, 0x17E1, 0x17E1,
    0x17E1, 0x17E0, 0x17E0, 0x17E0, 0x17E0, 0x17E0, 0x1B43, 0x0801, 0x0000, 0x0000, 0x0000, 0x0000,
    0x0000, 0x0000, 0x0000, 0x0000, 0x0020, 0x0000, 0x0020, 0x0000, 0x0803, 0x25E2, 0x2FC3, 0x17E1,
    0x17E0, 0x17E0, 0x17E0, 0x17E0, 0x17E0, 0x17E0, 0x17E0, 0x17E0, 0x17E0, 0x17E0, 0x17E0, 0x17E0,
    0x17E0, 0x17E0, 0x17E0, 0x17E0, 0x17E0, 0x17E0, 0x17E0, 0x17E0, 0x17E0, 0x17E0, 0x17E0, 0x17E0,
    0x17E0, 0x17E0, 0x17E0, 0x17E0, 0x17E0, 0x17E0, 0x17E0, 0x17E0, 0x17E0, 0x17E0, 0x17E0, 0x17E0,
    0x17E0, 0x17E0, 0x17E0, 0x17E0, 0x17E0, 0x17E0, 0x17E0, 0x17E0, 0x17E0, 0x17E0, 0x17E0, 0x17E0,
    0x17E0, 0x17E0, 0x17E0, 0x17E0, 0x17E0, 0x17E0, 0x17C0, 0x17E0, 0x0D01, 0x1100, 0x0040, 0x0000,
    0x0000, 0x0000, 0x0000, 0x0000, 0x0000, 0x0000, 0x0000, 0x0000, 0x0000, 0x0040, 0x0040, 0x02C0,
    0x27A3, 0x17E1, 0x17E1, 0x17E0, 0x17E0, 0x17E0, 0x17E0, 0x17E0, 0x17E0, 0x1CA2, 0x0800, 0x0040,
    0x0000, 0x0000, 0x0000, 0x0000, 0x0000, 0x0000, 0x0000, 0x0000, 0x0000, 0x0000, 0x0000, 0x0000,
    0x0000, 0x0000, 0x0000, 0x0000, 0x0000, 0x0000, 0x0000, 0x0000, 0x0000, 0x0000, 0x0000, 0x0000,
    0x0000, 0x0000, 0x0000, 0x0000, 0x0000, 0x0000, 0x0000, 0x0000, 0x0000, 0x0000, 0x0000, 0x0000,
    0x0000, 0x0000, 0x0000, 0x0000, 0x0000, 0x0000, 0x0000, 0x0000, 0x0000, 0x0000, 0x0000, 0x0000,
    0x0000, 0x0000, 0x0000, 0x0000, 0x0000, 0x0000, 0x0000, 0x0000, 0x0000, 0x0000, 0x0000, 0x0000,
    0x0000, 0x0000, 0x0000, 0x0000, 0x0000, 0x0000, 0x0000, 0x0000, 0x0000, 0x0000, 0x0000, 0x0000,
    0x0000, 0x0000, 0x0000, 0x0000, 0x0000, 0x0020, 0x0040, 0x0A00, 0x26C4, 0x17E1, 0x17E1, 0x17E1,
    0x17E1, 0x17E0, 0x17E0, 0x17E0, 0x17E0, 0x1FE1, 0x13C2, 0x0020, 0x0001, 0x0000, 0x0000, 0x0000,
    0x0000, 0x0000, 0x0000, 0x0000, 0x0000, 0x0041, 0x0001, 0x0801, 0x0100, 0x27A3, 0x0FE1, 0x1FC0,
    0x17E0, 0x17E0, 0x17E0, 0x17E0, 0x17E0, 0x17E0, 0x17E0, 0x17E0, 0x17E0, 0x17E0, 0x17E0, 0x17E0,
    0x17E0, 0x17E0, 0x17E0, 0x17E0, 0x17E0, 0x17E0, 0x17E0, 0x17E0, 0x17E0, 0x17E0, 0x17E0, 0x17E0,
    0x17E0, 0x17E0, 0x17E0, 0x17E0, 0x17E0, 0x17E0, 0x17E0, 0x17E0, 0x17E0, 0x17E0, 0x17E0, 0x17E0,
    0x17E0, 0x17E0, 0x17E0, 0x17E0, 0x17E0, 0x17E0, 0x17E0, 0x17E0, 0x17E0, 0x17E0, 0x17E0, 0x17E0,
    0x17E0, 0x17E0, 0x17E0, 0x17E0, 0x17E0, 0x17E0, 0x1FC1, 0x17E0, 0x2F84, 0x1CA2, 0x0801, 0x0000,
    0x0000, 0x0000, 0x0000, 0x0000, 0x0000, 0x0000, 0x0000, 0x0000, 0x0000, 0x0020, 0x0000, 0x0BE2,
    0x2783, 0x17E1, 0x17E1, 0x17E0, 0x17E0, 0x17E0, 0x17E0, 0x17E0, 0x1FC1, 0x1F81, 0x0080, 0x0802,
    0x0000, 0x0000, 0x0000, 0x0000, 0x0000, 0x0000, 0x0000, 0x0000, 0x0000, 0x0000, 0x0000, 0x0000,
    0x0000, 0x0000, 0x0000, 0x0000, 0x0000, 0x0000, 0x0000, 0x0000, 0x0000, 0x0000, 0x0000, 0x0000,
    0x0000, 0x0000, 0x0000, 0x0000, 0x0000, 0x0000, 0x0000, 0x0000, 0x0000, 0x0000, 0x0000, 0x0000,
    0x0000, 0x0000, 0x0000, 0x0000, 0x0000, 0x0000, 0x0000, 0x0000, 0x0000, 0x0000, 0x0000, 0x0000,
    0x0000, 0x0000, 0x0000, 0x0000, 0x0000, 0x0000, 0x0000, 0x0000, 0x0000, 0x0000, 0x0000, 0x0000,
    0x0000, 0x0000, 0x0000, 0x0000, 0x0000, 0x0000, 0x0000, 0x0000, 0x0000, 0x0000, 0x0000, 0x0000,
    0x0000, 0x0000, 0x0000, 0x0000, 0x0000, 0x0800, 0x0021, 0x2C63, 0x2FC4, 0x17E0, 0x17E0, 0x17E0,
    0x17E0, 0x17E0, 0x17E0, 0x17E0, 0x17E0, 0x1FC1, 0x1C43, 0x00A0, 0x0001, 0x0000, 0x0000, 0x0000,
    0x0000, 0x0000, 0x0000, 0x0000, 0x0000, 0x0841, 0x0822, 0x0821, 0x0B20, 0x17E1, 0x0FE0, 0x1FE0,
    0x17E0, 0x17E0, 0x17E0, 0x17E0, 0x17E0, 0x17E0, 0x17E0, 0x17E0, 0x17E0, 0x17E0, 0x17E0, 0x17E0,
    0x17E0, 0x17E0, 0x17E0, 0x17E0, 0x17E0, 0x17E0, 0x17E0, 0x17E0, 0x17E0, 0x17E0, 0x17E0, 0x17E0,
    0x17E0, 0x17E0, 0x17E0, 0x17E0, 0x17E0, 0x17E0, 0x17E0, 0x17E0, 0x17E0, 0x17E0, 0x17E0, 0x17E0,
    0x17E0, 0x17E0, 0x17E0, 0x17E0, 0x17E0, 0x17E0, 0x17E0, 0x17E0, 0x17E0, 0x17E0, 0x17E0, 0x17E0,
    0x17E0, 0x17E0, 0x17E0, 0x17E0, 0x17E0, 0x17E0, 0x17A0, 0x1FE1, 0x1FC2, 0x1EA3, 0x0020, 0x0801,
    0x0020, 0x0000, 0x0000, 0x0000, 0x0000, 0x0000, 0x0000, 0x0000, 0x0000, 0x0020, 0x0000, 0x1CC3,
    0x27A2, 0x17E1, 0x17E1, 0x17E0, 0x17E0, 0x17E0, 0x17E0, 0x17E0, 0x2782, 0x17E0, 0x1241, 0x0801,
    0x0000, 0x0000, 0x0000, 0x0000, 0x0000, 0x0000, 0x0000, 0x0000, 0x0000, 0x0000, 0x0000, 0x0000,
    0x0000, 0x0000, 0x0000, 0x0000, 0x0000, 0x0000, 0x0000, 0x0000, 0x0000, 0x0000, 0x0000, 0x0000,
    0x0000, 0x0000, 0x0000, 0x0000, 0x0000, 0x0000, 0x0000, 0x0000, 0x0000, 0x0000, 0x0000, 0x0000,
    0x0000, 0x0000, 0x0000, 0x0000, 0x0000, 0x0000, 0x0000, 0x0000, 0x0000, 0x0000, 0x0000, 0x0000,
    0x0000, 0x0000, 0x0000, 0x0000, 0x0000, 0x0000, 0x0000, 0x0000, 0x0000, 0x0000, 0x0000, 0x0000,
    0x0000, 0x0000, 0x0000, 0x0000, 0x0000, 0x0000, 0x0000, 0x0000, 0x0000, 0x0000, 0x0000, 0x0000,
    0x0000, 0x0000, 0x0000, 0x0000, 0x0000, 0x0061, 0x0880, 0x17C2, 0x1FE0, 0x17E0, 0x17E0, 0x17E0,
    0x17E0, 0x17E0, 0x17E0, 0x17E0, 0x17E0, 0x1FA1, 0x2D64, 0x0961, 0x0001, 0x0000, 0x0000, 0x0000,
    0x0000, 0x0000, 0x0000, 0x0000, 0x0000, 0x0841, 0x0841, 0x0040, 0x2EE6, 0x17E0, 0x1F80, 0x0FC0,
    0x17E0, 0x17E0, 0x17E0, 0x17E0, 0x17E0, 0x17E0, 0x17E0, 0x17E0, 0x17E0, 0x17E0, 0x17E0, 0x17E0,
    0x17E0, 0x17E0, 0x17E0, 0x17E0, 0x17E0, 0x17E0, 0x17E0, 0x17E0, 0x17E0, 0x17E0, 0x17E0, 0x17E0,
    0x17E0, 0x17E0, 0x17E0, 0x17E0, 0x17E0, 0x17E0, 0x17E0, 0x17E0, 0x17E0, 0x17E0, 0x17E0, 0x17E0,
    0x17E0, 0x17E0, 0x17E0, 0x17E0, 0x17E0, 0x17E0, 0x17E0, 0x17E0, 0x17E0, 0x17E0, 0x17E0, 0x17E0,
    0x17E0, 0x17E0, 0x17E0, 0x17E0, 0x17E0, 0x17E0, 0x17E1, 0x17C1, 0x17A0, 0x1FC2, 0x0200, 0x1803,
    0x0020, 0x0000, 0x0000, 0x0000, 0x0000, 0x0000, 0x0000, 0x0000, 0x0020, 0x0060, 0x0000, 0x36A5,
    0x1FE0, 0x17E1, 0x17E1, 0x17E0, 0x17E0, 0x17E0, 0x17E0, 0x17E0, 0x1FC2, 0x17E1, 0x2664, 0x0260,
    0x0020, 0x0000, 0x0000, 0x0000, 0x0000, 0x0000, 0x0000, 0x0000, 0x0000, 0x0000, 0x0000, 0x0000,
    0x0000, 0x0000, 0x0000, 0x0000, 0x0000, 0x0000, 0x0000, 0x0000, 0x0000, 0x0000, 0x0000, 0x0000,
    0x0000, 0x0000, 0x0000, 0x0000, 0x0000, 0x0000, 0x0000, 0x0000, 0x0000, 0x0000, 0x0000, 0x0000,
    0x0000, 0x0000, 0x0000, 0x0000, 0x0000, 0x0000, 0x0000, 0x0000, 0x0000, 0x0000, 0x0000, 0x0000,
    0x0000, 0x0000, 0x0000, 0x0000, 0x0000, 0x0000, 0x0000, 0x0000, 0x0000, 0x0000, 0x0000, 0x0000,
    0x0000, 0x0000, 0x0000, 0x0000, 0x0000, 0x0000, 0x0000, 0x0000, 0x0000, 0x0000, 0x0000, 0x0000,
    0x0000, 0x0000, 0x0000, 0x0000, 0x0000, 0x0801, 0x01A0, 0x07E0, 0x27C0, 0x17E0, 0x17E0, 0x17E0,
    0x17E0, 0x17E0, 0x17E0, 0x17E0, 0x17E0, 0x17E0, 0x2EA5, 0x1A82, 0x0041, 0x0000, 0x0000, 0x0000,
    0x0000, 0x0000, 0x0000, 0x0000, 0x0000, 0x0020, 0x1002, 0x00A0, 0x1FA2, 0x17E0, 0x17E0, 0x17E0,
    0x17E0, 0x17E0, 0x17E0, 0x17E0, 0x17E0, 0x17E0, 0x17E0, 0x17E0, 0x17E0, 0x17E0, 0x17E0, 0x17E0,
    0x17E0, 0x17E0, 0x17E0, 0x17E0, 0x17E0, 0x17E0, 0x17E0, 0x17E0, 0x17E0, 0x17E0, 0x17E0, 0x17E0,
    0x17E0, 0x17E0, 0x17E0, 0x17E0, 0x17E0, 0x17E0, 0x17E0, 0x17E0, 0x17E0, 0x17E0, 0x17E0, 0x17E0,
    0x17E0, 0x17E0, 0x17E0, 0x17E0, 0x17E0, 0x17E0, 0x17E0, 0x17E0, 0x17E0, 0x17E0, 0x17E0, 0x17E0,
    0x17E0, 0x17E0, 0x17E0, 0x17E0, 0x17E0, 0x17E0, 0x17E0, 0x17E0, 0x17C0, 0x17C0, 0x24A4, 0x00A0,
    0x0001, 0x0000, 0x0000, 0x0000, 0x0000, 0x0000, 0x0000, 0x0000, 0x0000, 0x1022, 0x1003, 0x2F64,
    0x0FA0, 0x17E0, 0x17E0, 0x17E0, 0x17E0, 0x17E0, 0x17E0, 0x17E0, 0x17E0, 0x17E0, 0x1F81, 0x1461,
    0x0020, 0x0000, 0x0000, 0x0000, 0x0000, 0x0000, 0x0000, 0x0000, 0x0000, 0x0000, 0x0000, 0x0000,
    0x0000, 0x0000, 0x0000, 0x0000, 0x0000, 0x0000, 0x0000, 0x0000, 0x0000, 0x0000, 0x0000, 0x0000,
    0x0000, 0x0000, 0x0000, 0x0000, 0x0000, 0x0000, 0x0000, 0x0000, 0x0000, 0x0000, 0x0000, 0x0000,
    0x0000, 0x0000, 0x0000, 0x0000, 0x0000, 0x0000, 0x0000, 0x0000, 0x0000, 0x0000, 0x0000, 0x0000,
    0x0000, 0x0000, 0x0000, 0x0000, 0x0000, 0x0000, 0x0000, 0x0000, 0x0000, 0x0000, 0x0000, 0x0000,
    0x0000, 0x0000, 0x0000, 0x0000, 0x0000, 0x0000, 0x0000, 0x0000, 0x0000, 0x0000, 0x0000, 0x0000,
    0x0000, 0x0000, 0x0000, 0x0000, 0x0000, 0x0000, 0x2403, 0x17E0, 0x1FC0, 0x17E0, 0x17E0, 0x17E0,
    0x17E0, 0x17E0, 0x17E0, 0x17E0, 0x17E0, 0x1FC1, 0x27C2, 0x2523, 0x1804, 0x0000, 0x0000, 0x0000,
    0x0000, 0x0000, 0x0000, 0x0000, 0x0020, 0x0841, 0x0060, 0x1BC2, 0x17E0, 0x17E0, 0x17E0, 0x17E0,
    0x17E0, 0x17E0, 0x17E0, 0x17E0, 0x17E0, 0x17E0, 0x17E0, 0x17E0, 0x17E0, 0x17E0, 0x17E0, 0x17E0,
    0x17E0, 0x17E0, 0x17E0, 0x17E0, 0x17E0, 0x17E0, 0x17E0, 0x17E0, 0x17E0, 0x17E0, 0x17E0, 0x17E0,
    0x17E0, 0x17E0, 0x17E0, 0x17E0, 0x17E0, 0x17E0, 0x17E0, 0x17E0, 0x17E0, 0x17E0, 0x17E0, 0x17E0,
    0x17E0, 0x17E0, 0x17E0, 0x17E0, 0x17E0, 0x17E0, 0x17E0, 0x17E0, 0x17E0, 0x17E0, 0x17E0, 0x17E0,
    0x17E0, 0x17E0, 0x17E0, 0x17E0, 0x17E0, 0x17E0, 0x17E0, 0x17E0, 0x17C1, 0x17C1, 0x3743, 0x1B23,
    0x1040, 0x0000, 0x0000, 0x0000, 0x0000, 0x0000, 0x0000, 0x0000, 0x0000, 0x0801, 0x0160, 0x27A2,
    0x17E0, 0x17E0, 0x17E0, 0x17E0, 0x17E0, 0x17E0, 0x17E0, 0x17E0, 0x17E0, 0x17E0, 0x17C1, 0x3665,
    0x0020, 0x0000, 0x0000, 0x0000, 0x0000, 0x0000, 0x0000, 0x0000, 0x0000, 0x0000, 0x0000, 0x0000,
    0x0000, 0x0000, 0x0000, 0x0000, 0x0000, 0x0000, 0x0000, 0x0000, 0x0000, 0x0000, 0x0000, 0x0000,
    0x0000, 0x0000, 0x0000, 0x0000, 0x0000, 0x0000, 0x0000, 0x0000, 0x0000, 0x0000, 0x0000, 0x0000,
    0x0000, 0x0000, 0x0000, 0x0000, 0x0000, 0x0000, 0x0000, 0x0000, 0x0000, 0x0000, 0x0000, 0x0000,
    0x0000, 0x0000, 0x0000, 0x0000, 0x0000, 0x0000, 0x0000, 0x0000, 0x0000, 0x0000, 0x0000, 0x0000,
    0x0000, 0x0000, 0x0000, 0x0000, 0x0000, 0x0000, 0x0000, 0x0000, 0x0000, 0x0000, 0x0000, 0x0000,
    0x0000, 0x0000, 0x0000, 0x0000, 0x0000, 0x0040, 0x1D24, 0x17C0, 0x17A1, 0x17E0, 0x17E0, 0x17E0,
    0x17E0, 0x17E0, 0x17E0, 0x17E0, 0x17E0, 0x1FE1, 0x1FE1, 0x1E62, 0x1002, 0x0000, 0x0000, 0x0000,
    0x0000, 0x0000, 0x0000, 0x0000, 0x0040, 0x0000, 0x0200, 0x2E24, 0x17E0, 0x17E0, 0x17E0, 0x17E0,
    0x17E0, 0x17E0, 0x17E0, 0x17E0, 0x17E0, 0x17E0, 0x17E0, 0x17E0, 0x17E0, 0x17E0, 0x17E0, 0x17E0,
    0x17E0, 0x17E0, 0x17E0, 0x17E0, 0x17E0, 0x17E0, 0x17E0, 0x17E0, 0x17E0, 0x17E0, 0x17E0, 0x17E0,
    0x17E0, 0x17E0, 0x17E0, 0x17E0, 0x17E0, 0x17E0, 0x17E0, 0x17E0, 0x17E0, 0x17E0, 0x17E0, 0x17E0,
    0x17E0, 0x17E0, 0x17E0, 0x17E0, 0x17E0, 0x17E0, 0x17E0, 0x17E0, 0x17E0, 0x17E0, 0x17E0, 0x17E0,
    0x17E0, 0x17E0, 0x17E0, 0x17E0, 0x17E0, 0x17E0, 0x17E0, 0x17E0, 0x17E1, 0x17C1, 0x27A1, 0x2D86,
    0x0000, 0x0000, 0x0000, 0x0000, 0x0000, 0x0000, 0x0000, 0x0000, 0x0000, 0x0001, 0x0B00, 0x1FC1,
    0x17E0, 0x17E0, 0x17E0, 0x17E0, 0x17E0, 0x17E0, 0x17E0, 0x17E0, 0x17E0, 0x1FE1, 0x17E0, 0x3725,
    0x0020, 0x0000, 0x0000, 0x0000, 0x0000, 0x0000, 0x0000, 0x0000, 0x0000, 0x0000, 0x0000, 0x0000,
    0x0000, 0x0000, 0x0000, 0x0000, 0x0000, 0x0000, 0x0000, 0x0000, 0x0000, 0x0000, 0x0000, 0x0000,
    0x0000, 0x0000, 0x0000, 0x0000, 0x0000, 0x0000, 0x0000, 0x0000, 0x0000, 0x0000, 0x0000, 0x0000,
    0x0000, 0x0000, 0x0000, 0x0000, 0x0000, 0x0000, 0x0000, 0x0000, 0x0000, 0x0000, 0x0000, 0x0000,
    0x0000, 0x0000, 0x0000, 0x0000, 0x0000, 0x0000, 0x0000, 0x0000, 0x0000, 0x0000, 0x0000, 0x0000,
    0x0000, 0x0000, 0x0000, 0x0000, 0x0000, 0x0000, 0x0000, 0x0000, 0x0000, 0x0000, 0x0000, 0x0000,
    0x0000, 0x0000, 0x0000, 0x0000, 0x0000, 0x1A42, 0x2F06, 0x27E1, 0x17C2, 0x17E0, 0x17E0, 0x17E0,
    0x17E0, 0x17E0, 0x17E0, 0x17E0, 0x17E0, 0x0FE0, 0x17E0, 0x27E4, 0x0160, 0x0000, 0x0000, 0x0000,
    0x0000, 0x0000, 0x0000, 0x0000, 0x0000, 0x0800, 0x2E05, 0x17E2, 0x17E0, 0x17E0, 0x17E0, 0x17E0,
    0x17E0, 0x17E0, 0x17E0, 0x17E0, 0x17E0, 0x17E0, 0x17E0, 0x17E0, 0x17E0, 0x17E0, 0x17E0, 0x17E0,
    0x17E0, 0x17E0, 0x17E0, 0x17E0, 0x17E0, 0x17E0, 0x17E0, 0x17E0, 0x17E0, 0x17E0, 0x17E0, 0x17E0,
    0x17E0, 0x17E0, 0x17E0, 0x17E0, 0x17E0, 0x17E0, 0x17E0, 0x17E0, 0x17E0, 0x17E0, 0x17E0, 0x17E0,
    0x17E0, 0x17E0, 0x17E0, 0x17E0, 0x17E0, 0x17E0, 0x17E0, 0x17E0, 0x17E0, 0x17E0, 0x17E0, 0x17E0,
    0x17E0, 0x17E0, 0x17E0, 0x17E0, 0x17E0, 0x17E0, 0x17E0, 0x17E0, 0x17E1, 0x17E1, 0x0FE1, 0x2FE0,
    0x00C2, 0x0000, 0x0000, 0x0000, 0x0000, 0x0000, 0x0000, 0x0000, 0x0000, 0x0181, 0x3645, 0x17E1,
    0x17E0, 0x17E0, 0x17E0, 0x17E0, 0x17E0, 0x17E0, 0x17E0, 0x17E0, 0x0FC0, 0x1FE1, 0x17E0, 0x2783,
    0x0060, 0x0000, 0x0000, 0x0000, 0x0000, 0x0000, 0x0000, 0x0000, 0x0000, 0x0000, 0x0000, 0x0000,
    0x0000, 0x0000, 0x0000, 0x0000, 0x0000, 0x0000, 0x0000, 0x0000, 0x0000, 0x0000, 0x0000, 0x0000,
    0x0000, 0x0000, 0x0000, 0x0000, 0x0000, 0x0000, 0x0000, 0x0000, 0x0000, 0x0000, 0x0000, 0x0000,
    0x0000, 0x0000, 0x0000, 0x0000, 0x0000, 0x0000, 0x0000, 0x0000, 0x0000, 0x0000, 0x0000, 0x0000,
    0x0000, 0x0000, 0x0000, 0x0000, 0x0000, 0x0000, 0x0000, 0x0000, 0x0000, 0x0000, 0x0000, 0x0000,
    0x0000, 0x0000, 0x0000, 0x0000, 0x0000, 0x0000, 0x0000, 0x0000, 0x0000, 0x0000, 0x0000, 0x0000,
    0x0000, 0x0000, 0x0000, 0x0000, 0x0021, 0x0CC1, 0x2F63, 0x17E1, 0x17C1, 0x17E0, 0x17E0, 0x17E0,
    0x17E0, 0x17E0, 0x17E0, 0x17E0, 0x17E0, 0x17E1, 0x17E0, 0x1FE2, 0x1E82, 0x0A62, 0x1002, 0x0001,
    0x0000, 0x0000, 0x0000, 0x0020, 0x0821, 0x0080, 0x2FA3, 0x0FE0, 0x17E0, 0x17E0, 0x17E0, 0x17E0,
    0x17E0, 0x17E0, 0x17E0, 0x17E0, 0x17E0, 0x17E0, 0x17E0, 0x17E0, 0x17E0, 0x17E0, 0x17E0, 0x17E0,
    0x17E0, 0x17E0, 0x17E0, 0x17E0, 0x17E0, 0x17E0, 0x17E0, 0x17E0, 0x17E0, 0x17E0, 0x17E0, 0x17E0,
    0x17E0, 0x17E0, 0x17E0, 0x17E0, 0x17E0, 0x17E0, 0x17E0, 0x17E0, 0x17E0, 0x17E0, 0x17E0, 0x17E0,
    0x17E0, 0x17E0, 0x17E0, 0x17E0, 0x17E0, 0x17E0, 0x17E0, 0x17E0, 0x17E0, 0x17E0, 0x17E0, 0x17E0,
    0x17E0, 0x17E0, 0x17E0, 0x17E0, 0x17E0, 0x17E0, 0x17E0, 0x17E0, 0x17E0, 0x17E0, 0x17E0, 0x17E0,
    0x1C43, 0x0000, 0x0000, 0x0020, 0x0000, 0x0020, 0x0000, 0x0801, 0x0080, 0x36C5, 0x1FE1, 0x1FE2,
    0x0FC0, 0x17E0, 0x17E0, 0x17E0, 0x17E0, 0x17E0, 0x17E0, 0x17E0, 0x17E0, 0x1FE1, 0x0FE0, 0x1FC1,
    0x0220, 0x0821, 0x0020, 0x0001, 0x0000, 0x0000, 0x0000, 0x0000, 0x0000, 0x0000, 0x0000, 0x0000,
    0x0000, 0x0000, 0x0000, 0x0000, 0x0000, 0x0000, 0x0000, 0x0000, 0x0000, 0x0000, 0x0000, 0x0000,
    0x0000, 0x0000, 0x0000, 0x0000, 0x0000, 0x0000, 0x0000, 0x0000, 0x0000, 0x0000, 0x0000, 0x0000,
    0x0000, 0x0000, 0x0000, 0x0000, 0x0000, 0x0000, 0x0000, 0x0000, 0x0000, 0x0000, 0x0000, 0x0000,
    0x0000, 0x0000, 0x0000, 0x0000, 0x0000, 0x0000, 0x0000, 0x0000, 0x0000, 0x0000, 0x0000, 0x0000,
    0x0000, 0x0000, 0x0000, 0x0000, 0x0000, 0x0000, 0x0000, 0x0000, 0x0000, 0x0000, 0x0000, 0x0000,
    0x0000, 0x0000, 0x0000, 0x0000, 0x0020, 0x1522, 0x2F83, 0x17E1, 0x17C1, 0x17E0, 0x17E0, 0x17E0,
    0x17E0, 0x17E0, 0x17E0, 0x17E0, 0x17E0, 0x17E1, 0x1FE0, 0x1FC0, 0x1FA3, 0x1D24, 0x1002, 0x0842,
    0x0000, 0x0000, 0x0000, 0x0020, 0x0040, 0x0280, 0x1FE1, 0x17E0, 0x1FE0, 0x17E0, 0x17E0, 0x17E0,
    0x17E0, 0x17E0, 0x17E0, 0x17E0, 0x17E0, 0x17E0, 0x17E0, 0x17E0, 0x17E0, 0x17E0, 0x17E0, 0x17E0,
    0x17E0, 0x17E0, 0x17E0, 0x17E0, 0x17E0, 0x17E0, 0x17E0, 0x17E0, 0x17E0, 0x17E0, 0x17E0, 0x17E0,
    0x17E0, 0x17E0, 0x17E0, 0x17E0, 0x17E0, 0x17E0, 0x17E0, 0x17E0, 0x17E0, 0x17E0, 0x17E0, 0x17E0,
    0x17E0, 0x17E0, 0x17E0, 0x17E0, 0x17E0, 0x17E0, 0x17E0, 0x17E0, 0x17E0, 0x17E0, 0x17E0, 0x17E0,
    0x17E0, 0x17E0, 0x17E0, 0x17E0, 0x17E0, 0x17E0, 0x17E0, 0x17E0, 0x17E0, 0x17E0, 0x17E0, 0x17E0,
    0x2DC4, 0x0000, 0x0000, 0x0020, 0x0000, 0x0001, 0x0040, 0x0802, 0x0220, 0x1FC3, 0x17E0, 0x1FC1,
    0x0FC0, 0x17E0, 0x17E0, 0x17E0, 0x17E0, 0x17E0, 0x17E0, 0x17E0, 0x17E0, 0x1FE1, 0x0FE0, 0x17C1,
    0x1302, 0x0841, 0x0020, 0x0001, 0x0000, 0x0000, 0x0000, 0x0000, 0x0000, 0x0000, 0x0000, 0x0000,
    0x0000, 0x0000, 0x0000, 0x0000, 0x0000, 0x0000, 0x0000, 0x0000, 0x0000, 0x0000, 0x0000, 0x0000,
    0x0000, 0x0000, 0x0000, 0x0000, 0x0000, 0x0000, 0x0000, 0x0000, 0x0000, 0x0000, 0x0000, 0x0000,
    0x0000, 0x0000, 0x0000, 0x0000, 0x0000, 0x0000, 0x0000, 0x0000, 0x0000, 0x0000, 0x0000, 0x0000,
    0x0000, 0x0000, 0x0000, 0x0000, 0x0000, 0x0000, 0x0000, 0x0000, 0x0000, 0x0000, 0x0000, 0x0000,
    0x0000, 0x0000, 0x0000, 0x0000, 0x0000, 0x0000, 0x0000, 0x0000, 0x0000, 0x0000, 0x0000, 0x0000,
    0x0000, 0x0000, 0x0000, 0x0001, 0x0020, 0x1DE2, 0x2FC3, 0x1FE1, 0x17C1, 0x17E0, 0x17E0, 0x17E0,
    0x17E0, 0x17E0, 0x17E0, 0x17E0, 0x17E0, 0x17C0, 0x17E1, 0x17E1, 0x1FC1, 0x1FC2, 0x0C03, 0x00E0,
    0x0001, 0x0000, 0x0000, 0x0020, 0x1361, 0x36E4, 0x0FE0, 0x1FC2, 0x17E0, 0x17E0, 0x17E0, 0x17E0,
    0x17E0, 0x17E0, 0x17E0, 0x17E0, 0x17E0, 0x17E0, 0x17E0, 0x17E0, 0x17E0, 0x17E0, 0x17E0, 0x17E0,
    0x17E0, 0x17E0, 0x17E0, 0x17E0, 0x17E0, 0x17E0, 0x17E0, 0x17E0, 0x17E0, 0x17E0, 0x17E0, 0x17E0,
    0x17E0, 0x17E0, 0x17E0, 0x17E0, 0x17E0, 0x17E0, 0x17E0, 0x17E0, 0x17E0, 0x17E0, 0x17E0, 0x17E0,
    0x17E0, 0x17E0, 0x17E0, 0x17E0, 0x17E0, 0x17E0, 0x17E0, 0x17E0, 0x17E0, 0x17E0, 0x17E0, 0x17E0,
    0x17E0, 0x17E0, 0x17E0, 0x17E0, 0x17E0, 0x17E0, 0x17E0, 0x17E0, 0x17E0, 0x17E0, 0x1FC1, 0x17E0,
    0x2F83, 0x0861, 0x0020, 0x0000, 0x0020, 0x0041, 0x0000, 0x1D42, 0x2783, 0x17E0, 0x1FE2, 0x17E0,
    0x17E0, 0x17E0, 0x17E0, 0x17E0, 0x17E0, 0x17E0, 0x17E0, 0x17E0, 0x17E0, 0x1FC0, 0x0FE0, 0x17E0,
    0x1C03, 0x0060, 0x0000, 0x0001, 0x0000, 0x0000, 0x0000, 0x0000, 0x0000, 0x0000, 0x0000, 0x0000,
    0x0000, 0x0000, 0x0000, 0x0000, 0x0000, 0x0000, 0x0000, 0x0000, 0x0000, 0x0000, 0x0000, 0x0000,
    0x0000, 0x0000, 0x0000, 0x0000, 0x0000, 0x0000, 0x0000, 0x0000, 0x0000, 0x0000, 0x0000, 0x0000,
    0x0000, 0x0000, 0x0000, 0x0000, 0x0000, 0x0000, 0x0000, 0x0000, 0x0000, 0x0000, 0x0000, 0x0000,
    0x0000, 0x0000, 0x0000, 0x0000, 0x0000, 0x0000, 0x0000, 0x0000, 0x0000, 0x0000, 0x0000, 0x0000,
    0x0000, 0x0000, 0x0000, 0x0000, 0x0000, 0x0000, 0x0000, 0x0000, 0x0000, 0x0000, 0x0000, 0x0000,
    0x0000, 0x0000, 0x0000, 0x0001, 0x0020, 0x25C3, 0x27C2, 0x1FE2, 0x17C1, 0x17E0, 0x17E0, 0x17E0,
    0x17E0, 0x17E0, 0x17E0, 0x17E0, 0x17E0, 0x1FE0, 0x0FE0, 0x0FC0, 0x27E1, 0x1FC0, 0x2EC7, 0x23E3,
    0x0041, 0x0000, 0x0802, 0x0020, 0x2563, 0x2F82, 0x17E1, 0x1781, 0x17E0, 0x17E0, 0x17E0, 0x17E0,
    0x17E0, 0x17E0, 0x17E0, 0x17E0, 0x17E0, 0x17E0, 0x17E0, 0x17E0, 0x17E0, 0x17E0, 0x17E0, 0x17E0,
    0x17E0, 0x17E0, 0x17E0, 0x17E0, 0x17E0, 0x17E0, 0x17E0, 0x17E0, 0x17E0, 0x17E0, 0x17E0, 0x17E0,
    0x17E0, 0x17E0, 0x17E0, 0x17E0, 0x17E0, 0x17E0, 0x17E0, 0x17E0, 0x17E0, 0x17E0, 0x17E0, 0x17E0,
    0x17E0, 0x17E0, 0x17E0, 0x17E0, 0x17E0, 0x17E0, 0x17E0, 0x17E0, 0x17E0, 0x17E0, 0x17E0, 0x17E0,
    0x17E0, 0x17E0, 0x17E0, 0x17E0, 0x17E0, 0x17E0, 0x17E0, 0x17E0, 0x17E0, 0x17E0, 0x1FC1, 0x17E0,
    0x1FA2, 0x1982, 0x0061, 0x0820, 0x0821, 0x00C0, 0x0AA2, 0x2763, 0x0FE0, 0x1FC1, 0x1FA2, 0x17E0,
    0x1FE0, 0x17E0, 0x17E0, 0x17E0, 0x17E0, 0x17E0, 0x17E0, 0x17E0, 0x17E0, 0x1FC0, 0x17E0, 0x17E0,
    0x2443, 0x0060, 0x0020, 0x0801, 0x0000, 0x0000, 0x0000, 0x0000, 0x0000, 0x0000, 0x0000, 0x0000,
    0x0000, 0x0000, 0x0000, 0x0000, 0x0000, 0x0000, 0x0000, 0x0000, 0x0000, 0x0000, 0x0000, 0x0000,
    0x0000, 0x0000, 0x0000, 0x0000, 0x0000, 0x0000, 0x0000, 0x0000, 0x0000, 0x0000, 0x0000, 0x0000,
    0x0000, 0x0000, 0x0000, 0x0000, 0x0000, 0x0000, 0x0000, 0x0000, 0x0000, 0x0000, 0x0000, 0x0000,
    0x0000, 0x0000, 0x0000, 0x0000, 0x0000, 0x0000, 0x0000, 0x0000, 0x0000, 0x0000, 0x0000, 0x0000,
    0x0000, 0x0000, 0x0000, 0x0000, 0x0000, 0x0000, 0x0000, 0x0000, 0x0000, 0x0000, 0x0000, 0x0000,
    0x0000, 0x0000, 0x0000, 0x0000, 0x0000, 0x2D64, 0x1FC1, 0x27E2, 0x0FE0, 0x17E0, 0x17E0, 0x17E0,
    0x17E0, 0x17E0, 0x17E0, 0x17E0, 0x17E0, 0x17E0, 0x17E0, 0x17E0, 0x17E1, 0x1FE2, 0x17E0, 0x1FE2,
    0x2642, 0x23E1, 0x0B41, 0x1502, 0x27E3, 0x17E0, 0x17E0, 0x17E0, 0x17E0, 0x17E0, 0x17E0, 0x17E0,
    0x17E0, 0x17E0, 0x17E0, 0x17E0, 0x17E0, 0x17E0, 0x17E0, 0x17E0, 0x17E0, 0x17E0, 0x17E0, 0x17E0,
    0x17E0, 0x17E0, 0x17E0, 0x17E0, 0x17E0, 0x17E0, 0x17E0, 0x17E0, 0x17E0, 0x17E0, 0x17E0, 0x17E0,
    0x17E0, 0x17E0, 0x17E0, 0x17E0, 0x17E0, 0x17E0, 0x17E0, 0x17E0, 0x17E0, 0x17E0, 0x17E0, 0x17E0,
    0x17E0, 0x17E0, 0x17E0, 0x17E0, 0x17E0, 0x17E0, 0x17E0, 0x17E0, 0x17E0, 0x17E0, 0x17E0, 0x17E0,
    0x17E0, 0x17E0, 0x17E0, 0x17E0, 0x17E0, 0x17E0, 0x17E0, 0x17E0, 0x17E0, 0x17E0, 0x17E0, 0x17E0,
    0x17E0, 0x3703, 0x13A3, 0x0100, 0x02A0, 0x2722, 0x27E2, 0x17E0, 0x17C1, 0x17E0, 0x17E0, 0x17E0,
    0x17E0, 0x17E0, 0x17E0, 0x17E0, 0x17E0, 0x17E0, 0x17E0, 0x17E0, 0x1FE0, 0x17E0, 0x17E0, 0x17C0,
    0x2423, 0x0061, 0x0020, 0x0001, 0x0000, 0x0000, 0x0000, 0x0000, 0x0000, 0x0000, 0x0000, 0x0000,
    0x0000, 0x0000, 0x0000, 0x0000, 0x0000, 0x0000, 0x0000, 0x0000, 0x0000, 0x0000, 0x0000, 0x0000,
    0x0000, 0x0000, 0x0000, 0x0000, 0x0000, 0x0000, 0x0000, 0x0000, 0x0000, 0x0000, 0x0000, 0x0000,
    0x0000, 0x0000, 0x0000, 0x0000, 0x0000, 0x0000, 0x0000, 0x0000, 0x0000, 0x0000, 0x0000, 0x0000,
    0x0000, 0x0000, 0x0000, 0x0000, 0x0000, 0x0000, 0x0000, 0x0000, 0x0000, 0x0000, 0x0000, 0x0000,
    0x0000, 0x0000, 0x0000, 0x0000, 0x0000, 0x0000, 0x0000, 0x0000, 0x0000, 0x0000, 0x0000, 0x0000,
    0x0000, 0x0000, 0x0000, 0x0000, 0x0000, 0x2503, 0x1FC1, 0x1FE2, 0x0FE0, 0x17E0, 0x17E0, 0x17E0,
    0x17E0, 0x17E0, 0x17E0, 0x17E0, 0x17E0, 0x17E0, 0x17E0, 0x17E0, 0x17E0, 0x17E0, 0x1FE1, 0x17E1,
    0x1FC2, 0x2F63, 0x2723, 0x27C3, 0x0FE0, 0x17E0, 0x17E0, 0x17E0, 0x17E0, 0x17E0, 0x17E0, 0x17E0,
    0x17E0, 0x17E0, 0x17E0, 0x17E0, 0x17E0, 0x17E0, 0x17E0, 0x17E0, 0x17E0, 0x17E0, 0x17E0, 0x17E0,
    0x17E0, 0x17E0, 0x17E0, 0x17E0, 0x17E0, 0x17E0, 0x17E0, 0x17E0, 0x17E0, 0x17E0, 0x17E0, 0x17E0,
    0x17E0, 0x17E0, 0x17E0, 0x17E0, 0x17E0, 0x17E0, 0x17E0, 0x17E0, 0x17E0, 0x17E0, 0x17E0, 0x17E0,
    0x17E0, 0x17E0, 0x17E0, 0x17E0, 0x17E0, 0x17E0, 0x17E0, 0x17E0, 0x17E0, 0x17E0, 0x17E0, 0x17E0,
    0x17E0, 0x17E0, 0x17E0, 0x17E0, 0x17E0, 0x17E0, 0x17E0, 0x17E0, 0x17E0, 0x17E0, 0x17E0, 0x17E0,
    0x17E0, 0x1FE1, 0x2F26, 0x25E3, 0x26C2, 0x0FE0, 0x17E0, 0x17A0, 0x17C0, 0x17E0, 0x17E0, 0x17E0,
    0x17E0, 0x17E0, 0x17E0, 0x17E0, 0x17E0, 0x17E0, 0x17E0, 0x17E0, 0x17E0, 0x17E0, 0x17E0, 0x17C0,
    0x1BA2, 0x0041, 0x0020, 0x0001, 0x0000, 0x0000, 0x0000, 0x0000, 0x0000, 0x0000, 0x0000, 0x0000,
    0x0000, 0x0000, 0x0000, 0x0000, 0x0000, 0x0000, 0x0000, 0x0000, 0x0000, 0x0000, 0x0000, 0x0000,
    0x0000, 0x0000, 0x0000, 0x0000, 0x0000, 0x0000, 0x0000, 0x0000, 0x0000, 0x0000, 0x0000, 0x0000,
    0x0000, 0x0000, 0x0000, 0x0000, 0x0000, 0x0000, 0x0000, 0x0000, 0x0000, 0x0000, 0x0000, 0x0000,
    0x0000, 0x0000, 0x0000, 0x0000, 0x0000, 0x0000, 0x0000, 0x0000, 0x0000, 0x0000, 0x0000, 0x0000,
    0x0000, 0x0000, 0x0000, 0x0000, 0x0000, 0x0000, 0x0000, 0x0000, 0x0000, 0x0000, 0x0000, 0x0000,
    0x0000, 0x0000, 0x0000, 0x0000, 0x0020, 0x0B21, 0x2F24, 0x27E2, 0x0FE0, 0x17E0, 0x17E0, 0x17E0,
    0x17E0, 0x17E0, 0x17E0, 0x17E0, 0x17E0, 0x17E0, 0x17E0, 0x17E0, 0x17E0, 0x1FE1, 0x17E0, 0x0FC0,
    0x17C1, 0x17E0, 0x17E0, 0x17E1, 0x1FE1, 0x17E0, 0x17E0, 0x17E0, 0x17E0, 0x17E0, 0x17E0, 0x17E0,
    0x17E0, 0x17E0, 0x17E0, 0x17E0, 0x17E0, 0x17E0, 0x17E0, 0x17E0, 0x17E0, 0x17E0, 0x17E0, 0x17E0,
    0x17E0, 0x17E0, 0x17E0, 0x17E0, 0x17E0, 0x17E0, 0x17E0, 0x17E0, 0x17E0, 0x17E0, 0x17E0, 0x17E0,
    0x17E0, 0x17E0, 0x17E0, 0x17E0, 0x17E0, 0x17E0, 0x17E0, 0x17E0, 0x17E0, 0x17E0, 0x17E0, 0x17E0,
    0x17E0, 0x17E0, 0x17E0, 0x17E0, 0x17E0, 0x17E0, 0x17E0, 0x17E0, 0x17E0, 0x17E0, 0x17E0, 0x17E0,
    0x17E0, 0x17E0, 0x17E0, 0x17E0, 0x17E0, 0x17E0, 0x17E0, 0x17E0, 0x17E0, 0x17E0, 0x17E0, 0x17E0,
    0x17E0, 0x1FE2, 0x17E0, 0x0FE0, 0x17E1, 0x1FE0, 0x1FE0, 0x17E0, 0x17E0, 0x17E0, 0x17E0, 0x17E0,
    0x17E0, 0x17E0, 0x17E0, 0x17E0, 0x17E0, 0x17E0, 0x17E0, 0x17E0, 0x17E0, 0x17E0, 0x17E0, 0x1FC0,
    0x12E1, 0x0802, 0x0040, 0x0801, 0x0000, 0x0000, 0x0000, 0x0000, 0x0000, 0x0000, 0x0000, 0x0000,
    0x0000, 0x0000, 0x0000, 0x0000, 0x0000, 0x0000, 0x0000, 0x0000, 0x0000, 0x0000, 0x0000, 0x0000,
    0x0000, 0x0000, 0x0000, 0x0000, 0x0000, 0x0000, 0x0000, 0x0000, 0x0000, 0x0000, 0x0000, 0x0000,
    0x0000, 0x0000, 0x0000, 0x0000, 0x0000, 0x0000, 0x0000, 0x0000, 0x0000, 0x0000, 0x0000, 0x0000,
    0x0000, 0x0000, 0x0000, 0x0000, 0x0000, 0x0000, 0x0000, 0x0000, 0x0000, 0x0000, 0x0000, 0x0000,
    0x0000, 0x0000, 0x0000, 0x0000, 0x0000, 0x0000, 0x0000, 0x0000, 0x0000, 0x0000, 0x0000, 0x0000,
    0x0000, 0x0000, 0x0000, 0x0000, 0x0020, 0x01E0, 0x36A5, 0x1FE2, 0x1FC1, 0x17E0, 0x17E0, 0x17E0,
    0x17E0, 0x17E0, 0x17E0, 0x17E0, 0x17E0, 0x17E0, 0x17E0, 0x17E0, 0x17E0, 0x1FC1, 0x17E0, 0x17E0,
    0x1FE0, 0x1FC0, 0x17E0, 0x17E1, 0x17E1, 0x17E0, 0x17E0, 0x17E0, 0x17E0, 0x17E0, 0x17C0, 0x17E0,
    0x1FC1, 0x17E1, 0x17E0, 0x17E0, 0x17E0, 0x17E0, 0x17E0, 0x17E0, 0x17E0, 0x17E0, 0x17E0, 0x17E0,
    0x17E0, 0x17E0, 0x17E0, 0x17E0, 0x17E0, 0x17E0, 0x17E0, 0x17E0, 0x17E0, 0x17E0, 0x17E0, 0x17E0,
    0x17E0, 0x17E0, 0x17E0, 0x17E0, 0x17E0, 0x17E0, 0x17E0, 0x17E0, 0x17E0, 0x17E0, 0x17E0, 0x17E0,
    0x17E0, 0x17E0, 0x17E0, 0x17E0, 0x17E0, 0x17E0, 0x17E0, 0x17E0, 0x17E0, 0x17E0, 0x17E0, 0x17E0,
    0x17E0, 0x17E0, 0x17E1, 0x17E1, 0x17E0, 0x17E0, 0x1FE1, 0x17E0, 0x17E0, 0x17E1, 0x17E0, 0x17E0,
    0x17E0, 0x17C1, 0x17C0, 0x1FE1, 0x17E0, 0x17E0, 0x17E0, 0x17E0, 0x17E1, 0x17E0, 0x17E0, 0x17E0,
    0x17E0, 0x17E0, 0x17E0, 0x17E0, 0x17E0, 0x17E0, 0x17E0, 0x17E0, 0x17E0, 0x17E1, 0x17E0, 0x1FA1,
    0x0A01, 0x0021, 0x0020, 0x0000, 0x0000, 0x0000, 0x0000, 0x0000, 0x0000, 0x0000, 0x0000, 0x0000,
    0x0000, 0x0000, 0x0000, 0x0000, 0x0000, 0x0000, 0x0000, 0x0000, 0x0000, 0x0000, 0x0000, 0x0000,
    0x0000, 0x0000, 0x0000, 0x0000, 0x0000, 0x0000, 0x0000, 0x0000, 0x0000, 0x0000, 0x0000, 0x0000,
    0x0000, 0x0000, 0x0000, 0x0000, 0x0000, 0x0000, 0x0000, 0x0000, 0x0000, 0x0000, 0x0000, 0x0000,
    0x0000, 0x0000, 0x0000, 0x0000, 0x0000, 0x0000, 0x0000, 0x0000, 0x0000, 0x0000, 0x0000, 0x0000,
    0x0000, 0x0000, 0x0000, 0x0000, 0x0000, 0x0000, 0x0000, 0x0000, 0x0000, 0x0000, 0x0000, 0x0000,
    0x0000, 0x0000, 0x0000, 0x0000, 0x0000, 0x0020, 0x1C62, 0x07E0, 0x1FE0, 0x17E0, 0x17E0, 0x17E0,
    0x17E0, 0x17E0, 0x17E0, 0x17E0, 0x17E0, 0x17E0, 0x17E0, 0x17E0, 0x17E0, 0x17E0, 0x17E0, 0x17E0,
    0x17E0, 0x17E0, 0x17E0, 0x17E0, 0x17E0, 0x17E0, 0x17E0, 0x17E0, 0x17E0, 0x17E0, 0x17E0, 0x17E0,
    0x1FE0, 0x17E1, 0x1FA1, 0x17E0, 0x17E0, 0x17E0, 0x17E0, 0x17E0, 0x17E0, 0x17E0, 0x17E0, 0x17E0,
    0x17E0, 0x17E0, 0x17E0, 0x17E0, 0x17E0, 0x17E0, 0x17E0, 0x17E0, 0x17E0, 0x17E0, 0x17E0, 0x17E0,
    0x17E0, 0x17E0, 0x17E0, 0x17E0, 0x17E0, 0x17E0, 0x17E0, 0x17E0, 0x17E0, 0x17E0, 0x17E0, 0x17E0,
    0x17E0, 0x17E0, 0x17E0, 0x17E0, 0x17E0, 0x17E0, 0x17E0, 0x17E0, 0x17E0, 0x17E0, 0x17E0, 0x17E0,
    0x17E0, 0x17E0, 0x17E0, 0x17E0, 0x17E0, 0x17E0, 0x17E0, 0x1FE1, 0x17C0, 0x17E0, 0x17E0, 0x17E0,
    0x17E0, 0x17E0, 0x17E0, 0x17E0, 0x17E0, 0x17E0, 0x17E0, 0x17E0, 0x17E0, 0x17E0, 0x17E0, 0x17E0,
    0x17E0, 0x17E0, 0x17E0, 0x17E0, 0x17E0, 0x17E0, 0x17E0, 0x17E0, 0x17E0, 0x17C0, 0x07E0, 0x2F63,
    0x0020, 0x0020, 0x0000, 0x0000, 0x0000, 0x0000, 0x0000, 0x0000, 0x0000, 0x0000, 0x0000, 0x0000,
    0x0000, 0x0000, 0x0000, 0x0000, 0x0000, 0x0000, 0x0000, 0x0000, 0x0000, 0x0000, 0x0000, 0x0000,
    0x0000, 0x0000, 0x0000, 0x0000, 0x0000, 0x0000, 0x0000, 0x0000, 0x0000, 0x0000, 0x0000, 0x0000,
    0x0000, 0x0000, 0x0000, 0x0000, 0x0000, 0x0000, 0x0000, 0x0000, 0x0000, 0x0000, 0x0000, 0x0000,
    0x0000, 0x0000, 0x0000, 0x0000, 0x0000, 0x0000, 0x0000, 0x0000, 0x0000, 0x0000, 0x0000, 0x0000,
    0x0000, 0x0000, 0x0000, 0x0000, 0x0000, 0x0000, 0x0000, 0x0000, 0x0000, 0x0000, 0x0000, 0x0000,
    0x0000, 0x0000, 0x0000, 0x0000, 0x0000, 0x0000, 0x12E1, 0x0FE0, 0x17E0, 0x17E0, 0x17E0, 0x17E0,
    0x17E0, 0x17E0, 0x17E0, 0x17E0, 0x17E0, 0x17E0, 0x17E0, 0x17E0, 0x17E0, 0x17E0, 0x17E0, 0x17E0,
    0x17E0, 0x17E0, 0x17E0, 0x17E0, 0x17E0, 0x17E0, 0x17E0, 0x17E0, 0x17E1, 0x17E0, 0x0FE0, 0x1FE1,
    0x17E0, 0x0FC0, 0x1FE1, 0x0FE0, 0x17E0, 0x17E0, 0x17E0, 0x17E0, 0x17E0, 0x17E0, 0x17E0, 0x17E0,
    0x17E0, 0x17E0, 0x17E0, 0x17E0, 0x17E0, 0x17E0, 0x17E0, 0x17E0, 0x17E0, 0x17E0, 0x17E0, 0x17E0,
    0x17E0, 0x17E0, 0x17E0, 0x17E0, 0x17E0, 0x17E0, 0x17E0, 0x17E0, 0x17E0, 0x17E0, 0x17E0, 0x17E0,
    0x17E0, 0x17E0, 0x17E0, 0x17E0, 0x17E0, 0x17E0, 0x17E0, 0x17E0, 0x17E0, 0x17E0, 0x17E0, 0x17E0,
    0x17E0, 0x17E0, 0x17E0, 0x17E0, 0x0FC0, 0x1FE1, 0x0FA0, 0x1FA1, 0x17E0, 0x17E0, 0x17E0, 0x17E0,
    0x17E0, 0x17E0, 0x17E0, 0x17E0, 0x17E0, 0x17E0, 0x17E0, 0x17E0, 0x17E0, 0x17E0, 0x17E0, 0x17E0,
    0x17E0, 0x17E0, 0x17E0, 0x17E0, 0x17E0, 0x17E0, 0x17E0, 0x17E0, 0x0FE0, 0x17E0, 0x17E0, 0x3705,
    0x0000, 0x0020, 0x0000, 0x0000, 0x0000, 0x0000, 0x0000, 0x0000, 0x0000, 0x0000, 0x0000, 0x0000,
    0x0000, 0x0000, 0x0000, 0x0000, 0x0000, 0x0000, 0x0000, 0x0000, 0x0000, 0x0000, 0x0000, 0x0000,
    0x0000, 0x0000, 0x0000, 0x0000, 0x0000, 0x0000, 0x0000, 0x0000, 0x0000, 0x0000, 0x0000, 0x0000,
    0x0000, 0x0000, 0x0000, 0x0000, 0x0000, 0x0000, 0x0000, 0x0000, 0x0000, 0x0000, 0x0000, 0x0000,
    0x0000, 0x0000, 0x0000, 0x0000, 0x0000, 0x0000, 0x0000, 0x0000, 0x0000, 0x0000, 0x0000, 0x0000,
    0x0000, 0x0000, 0x0000, 0x0000, 0x0000, 0x0000, 0x0000, 0x0000, 0x0000, 0x0000, 0x0000, 0x0000,
    0x0000, 0x0000, 0x0000, 0x0000, 0x0000, 0x0001, 0x0060, 0x2F45, 0x0FE0, 0x17E0, 0x17E0, 0x17E0,
    0x17E0, 0x17E0, 0x17E0, 0x17E0, 0x17E0, 0x17E0, 0x17E0, 0x17E0, 0x17E0, 0x17E0, 0x17E0, 0x17E0,
    0x17E0, 0x17E0, 0x17E0, 0x17E0, 0x17E0, 0x17E0, 0x17E0, 0x17E0, 0x17C0, 0x17E0, 0x17C1, 0x1E82,
    0x24E3, 0x1FE2, 0x0FE0, 0x17A1, 0x17E0, 0x17E0, 0x17E0, 0x17E0, 0x17E0, 0x17E0, 0x17E0, 0x17E0,
    0x17E0, 0x17E0, 0x17E0, 0x17E0, 0x17E0, 0x17E0, 0x17E0, 0x17E0, 0x17E0, 0x17E0, 0x17E0, 0x17E0,
    0x17E0, 0x17E0, 0x17E0, 0x17E0, 0x17E0, 0x17E0, 0x17E0, 0x17E0, 0x17E0, 0x17E0, 0x17E0, 0x17E0,
    0x17E0, 0x17E0, 0x17E0, 0x17E0, 0x17E0, 0x17E0, 0x17E0, 0x17E0, 0x17E0, 0x17E0, 0x17E0, 0x17E0,
    0x17E0, 0x17E0, 0x17E0, 0x17E0, 0x2FA3, 0x26C2, 0x2EE4, 0x1FE2, 0x17E0, 0x17C1, 0x17E0, 0x17E0,
    0x17E0, 0x17E0, 0x17E0, 0x17E0, 0x17E0, 0x17E0, 0x17E0, 0x17E0, 0x17E0, 0x17E0, 0x17E0, 0x17E0,
    0x17E0, 0x17E0, 0x17E0, 0x17E0, 0x17E0, 0x17E0, 0x17E0, 0x17E0, 0x17E0, 0x0FC0, 0x2FC3, 0x24C3,
    0x0820, 0x0000, 0x0000, 0x0000, 0x0000, 0x0000, 0x0000, 0x0000, 0x0000, 0x0000, 0x0000, 0x0000,
    0x0000, 0x0000, 0x0000, 0x0000, 0x0000, 0x0000, 0x0000, 0x0000, 0x0000, 0x0000, 0x0000, 0x0000,
    0x0000, 0x0000, 0x0000, 0x0000, 0x0000, 0x0000, 0x0000, 0x0000, 0x0000, 0x0000, 0x0000, 0x0000,
    0x0000, 0x0000, 0x0000, 0x0000, 0x0000, 0x0000, 0x0000, 0x0000, 0x0000, 0x0000, 0x0000, 0x0000,
    0x0000, 0x0000, 0x0000, 0x0000, 0x0000, 0x0000, 0x0000, 0x0000, 0x0000, 0x0000, 0x0000, 0x0000,
    0x0000, 0x0000, 0x0000, 0x0000, 0x0000, 0x0000, 0x0000, 0x0000, 0x0000, 0x0000, 0x0000, 0x0000,
    0x0000, 0x0000, 0x0000, 0x0000, 0x0000, 0x0020, 0x0800, 0x2E65, 0x17E2, 0x1FE1, 0x1FE1, 0x17E0,
    0x17E0, 0x17E0, 0x17E0, 0x17E0, 0x17E0, 0x17E0, 0x17E0, 0x17E0, 0x17E0, 0x17E0, 0x17E0, 0x17E0,
    0x17E0, 0x17E0, 0x17E0, 0x17E0, 0x17E0, 0x17E0, 0x17E0, 0x17E0, 0x17E0, 0x17E1, 0x17E1, 0x1C02,
    0x0181, 0x2764, 0x0FE0, 0x27A2, 0x1FE1, 0x1FC1, 0x17E0, 0x17E0, 0x17E0, 0x17E0, 0x17E0, 0x17E0,
    0x17E0, 0x17E0, 0x17E0, 0x17E0, 0x17E0, 0x17E0, 0x17E0, 0x17E0, 0x17E0, 0x17E0, 0x17E0, 0x17E0,
    0x17E0, 0x17E0, 0x17E0, 0x17E0, 0x17E0, 0x17E0, 0x17E0, 0x17E0, 0x17E0, 0x17E0, 0x17E0, 0x17E0,
    0x17E0, 0x17E0, 0x17E0, 0x17E0, 0x17E0, 0x17E0, 0x17E0, 0x17E0, 0x17E0, 0x17E0, 0x17E0, 0x17E0,
    0x17E0, 0x17E0, 0x0FE0, 0x17E0, 0x2762, 0x1482, 0x1CA1, 0x2782, 0x1FE2, 0x17E1, 0x17E0, 0x17E0,
    0x17E0, 0x17E0, 0x17E0, 0x17E0, 0x17E0, 0x17E0, 0x17E0, 0x17E0, 0x17E0, 0x17E0, 0x17E0, 0x17E0,
    0x17E0, 0x17E0, 0x17E0, 0x17E0, 0x17E0, 0x17E0, 0x17E0, 0x17E0, 0x0FE0, 0x17C1, 0x2EC4, 0x0B20,
    0x0000, 0x0000, 0x0000, 0x0000, 0x0000, 0x0000, 0x0000, 0x0000, 0x0000, 0x0000, 0x0000, 0x0000,
    0x0000, 0x0000, 0x0000, 0x0000, 0x0000, 0x0000, 0x0000, 0x0000, 0x0000, 0x0000, 0x0000, 0x0000,
    0x0000, 0x0000, 0x0000, 0x0000, 0x0000, 0x0000, 0x0000, 0x0000, 0x0000, 0x0000, 0x0000, 0x0000,
    0x0000, 0x0000, 0x0000, 0x0000, 0x0000, 0x0000, 0x0000, 0x0000, 0x0000, 0x0000, 0x0000, 0x0000,
    0x0000, 0x0000, 0x0000, 0x0000, 0x0000, 0x0000, 0x0000, 0x0000, 0x0000, 0x0000, 0x0000, 0x0000,
    0x0000, 0x0000, 0x0000, 0x0000, 0x0000, 0x0000, 0x0000, 0x0000, 0x0000, 0x0000, 0x0000, 0x0000,
    0x0000, 0x0000, 0x0000, 0x0000, 0x0000, 0x0020, 0x0841, 0x0180, 0x2DE3, 0x0FC0, 0x17E0, 0x17E0,
    0x17E0, 0x17E0, 0x17E0, 0x17E0, 0x17E0, 0x17E0, 0x17E0, 0x17E0, 0x17E0, 0x17E0, 0x17E0, 0x17E0,
    0x17E0, 0x17E0, 0x17E0, 0x17E0, 0x17E0, 0x17E0, 0x17E0, 0x17E0, 0x17E1, 0x2783, 0x1CE3, 0x0020,
    0x0000, 0x0220, 0x2D85, 0x0FE0, 0x17E0, 0x17E0, 0x17E0, 0x17C0, 0x17E0, 0x17E0, 0x17E0, 0x17E0,
    0x17E0, 0x17E0, 0x17E0, 0x17E0, 0x17E0, 0x17E0, 0x17E0, 0x17E0, 0x17E0, 0x17E0, 0x17E0, 0x17E0,
    0x17E0, 0x17E0, 0x17E0, 0x17E0, 0x17E0, 0x17E0, 0x17E0, 0x17E0, 0x17E0, 0x17E0, 0x17E0, 0x17E0,
    0x17E0, 0x17E0, 0x17E0, 0x17E0, 0x17E0, 0x17E0, 0x17E0, 0x17E0, 0x17E0, 0x17E0, 0x17E0, 0x17E0,
    0x17E0, 0x17E0, 0x1FC2, 0x27A2, 0x21E4, 0x0821, 0x0040, 0x1B42, 0x17C1, 0x0FC0, 0x17E0, 0x17E0,
    0x17E0, 0x17E0, 0x17E0, 0x17E0, 0x17E0, 0x17E0, 0x17E0, 0x17E0, 0x17E0, 0x17E0, 0x17E0, 0x17E0,
    0x17E0, 0x17E0, 0x17E0, 0x17E0, 0x17E0, 0x17E0, 0x17E0, 0x17E0, 0x0FE0, 0x1FE1, 0x0A00, 0x0801,
    0x0000, 0x0000, 0x0000, 0x0000, 0x0000, 0x0000, 0x0000, 0x0000, 0x0000, 0x0000, 0x0000, 0x0000,
    0x0000, 0x0000, 0x0000, 0x0000, 0x0000, 0x0000, 0x0000, 0x0000, 0x0000, 0x0000, 0x0000, 0x0000,
    0x0000, 0x0000, 0x0000, 0x0000, 0x0000, 0x0000, 0x0000, 0x0000, 0x0000, 0x0000, 0x0000, 0x0000,
    0x0000, 0x0000, 0x0000, 0x0000, 0x0000, 0x0000, 0x0000, 0x0000, 0x0000, 0x0000, 0x0000, 0x0000,
    0x0000, 0x0000, 0x0000, 0x0000, 0x0000, 0x0000, 0x0000, 0x0000, 0x0000, 0x0000, 0x0000, 0x0000,
    0x0000, 0x0000, 0x0000, 0x0000, 0x0000, 0x0000, 0x0000, 0x0000, 0x0000, 0x0000, 0x0000, 0x0000,
    0x0000, 0x0000, 0x0000, 0x0000, 0x0000, 0x0020, 0x0020, 0x0800, 0x1B81, 0x1FE1, 0x17E0, 0x17E0,
    0x1FE0, 0x17E0, 0x17E0, 0x17E0, 0x17E0, 0x17E0, 0x17E0, 0x17E0, 0x17E0, 0x17E0, 0x17E0, 0x17E0,
    0x17E0, 0x17E0, 0x17E0, 0x17E0, 0x17E0, 0x17E0, 0x17E0, 0x17E0, 0x17E1, 0x1E22, 0x0220, 0x0801,
    0x0000, 0x0021, 0x0A41, 0x27C2, 0x1FE1, 0x0FE0, 0x17E0, 0x1FC1, 0x17E0, 0x17E0, 0x17E0, 0x17E0,
    0x17E0, 0x17E0, 0x17E0, 0x17E0, 0x17E0, 0x17E0, 0x17E0, 0x17E0, 0x17E0, 0x17E0, 0x17E0, 0x17E0,
    0x17E0, 0x17E0, 0x17E0, 0x17E0, 0x17E0, 0x17E0, 0x17E0, 0x17E0, 0x17E0, 0x17E0, 0x17E0, 0x17E0,
    0x17E0, 0x17E0, 0x17E0, 0x17E0, 0x17E0, 0x17E0, 0x17E0, 0x17E0, 0x17E0, 0x17E0, 0x17E0, 0x17E0,
    0x17E0, 0x1FE0, 0x17E0, 0x26C3, 0x0821, 0x1022, 0x1003, 0x10E2, 0x27A3, 0x0FC0, 0x17E0, 0x17E0,
    0x17E0, 0x17E0, 0x17E0, 0x17E0, 0x17E0, 0x17E0, 0x17E0, 0x17E0, 0x17E0, 0x17E0, 0x17E0, 0x17E0,
    0x17E0, 0x17E0, 0x17E0, 0x17E0, 0x17E0, 0x17E0, 0x17E0, 0x17E0, 0x17A1, 0x2F63, 0x0862, 0x1003,
    0x0000, 0x0000, 0x0000, 0x0000, 0x0000, 0x0000, 0x0000, 0x0000, 0x0000, 0x0000, 0x0000, 0x0000,
    0x0000, 0x0000, 0x0000, 0x0000, 0x0000, 0x0000, 0x0000, 0x0000, 0x0000, 0x0000, 0x0000, 0x0000,
    0x0000, 0x0000, 0x0000, 0x0000, 0x0000, 0x0000, 0x0000, 0x0000, 0x0000, 0x0000, 0x0000, 0x0000,
    0x0000, 0x0000, 0x0000, 0x0000, 0x0000, 0x0000, 0x0000, 0x0000, 0x0000, 0x0000, 0x0000, 0x0000,
    0x0000, 0x0000, 0x0000, 0x0000, 0x0000, 0x0000, 0x0000, 0x0000, 0x0000, 0x0000, 0x0000, 0x0000,
    0x0000, 0x0000, 0x0000, 0x0000, 0x0000, 0x0000, 0x0000, 0x0000, 0x0000, 0x0000, 0x0000, 0x0000,
    0x0000, 0x0000, 0x0000, 0x0000, 0x0000, 0x0001, 0x0820, 0x0822, 0x0041, 0x1EA2, 0x2783, 0x0FE0,
    0x17E0, 0x17E0, 0x17E0, 0x17E0, 0x17E0, 0x17E0, 0x17E0, 0x17E0, 0x17E0, 0x17E0, 0x17E0, 0x17E0,
    0x17E0, 0x17E0, 0x17E0, 0x17E0, 0x17E0, 0x17E0, 0x17E0, 0x17E0, 0x0FE0, 0x0180, 0x1022, 0x0020,
    0x0060, 0x0801, 0x0020, 0x22E4, 0x1EE2, 0x1FE1, 0x17E0, 0x1FC1, 0x17E0, 0x17E0, 0x17E0, 0x17E0,
    0x17E0, 0x17E0, 0x17E0, 0x17E0, 0x17E0, 0x17E0, 0x17E0, 0x17E0, 0x17E0, 0x17E0, 0x17E0, 0x17E0,
    0x17E0, 0x17E0, 0x17E0, 0x17E0, 0x17E0, 0x17E0, 0x17E0, 0x17E0, 0x17E0, 0x17E0, 0x17E0, 0x17E0,
    0x17E0, 0x17E0, 0x17E0, 0x17E0, 0x17E0, 0x17E0, 0x17E0, 0x17E0, 0x17E0, 0x17E0, 0x17E0, 0x17E0,
    0x1FE0, 0x1FE0, 0x1C23, 0x0101, 0x0821, 0x0021, 0x0020, 0x0020, 0x24E3, 0x27A2, 0x17E0, 0x17E0,
    0x17E0, 0x17E0, 0x17E0, 0x17E0, 0x17E0, 0x17E0, 0x17E0, 0x17E0, 0x17E0, 0x17E0, 0x17E0, 0x17E0,
    0x17E0, 0x17E0, 0x17E0, 0x17E0, 0x17E0, 0x17E0, 0x17E0, 0x17E0, 0x2661, 0x12C1, 0x0040, 0x0060,
    0x0000, 0x0000, 0x0000, 0x0000, 0x0000, 0x0000, 0x0000, 0x0000, 0x0000, 0x0000, 0x0000, 0x0000,
    0x0000, 0x0000, 0x0000, 0x0000, 0x0000, 0x0000, 0x0000, 0x0000, 0x0000, 0x0000, 0x0000, 0x0000,
    0x0000, 0x0000, 0x0000, 0x0000, 0x0000, 0x0000, 0x0000, 0x0000, 0x0000, 0x0000, 0x0000, 0x0000,
    0x0000, 0x0000, 0x0000, 0x0000, 0x0000, 0x0000, 0x0000, 0x0000, 0x0000, 0x0000, 0x0000, 0x0000,
    0x0000, 0x0000, 0x0000, 0x0000, 0x0000, 0x0000, 0x0000, 0x0000, 0x0000, 0x0000, 0x0000, 0x0000,
    0x0000, 0x0000, 0x0000, 0x0000, 0x0000, 0x0000, 0x0000, 0x0000, 0x0000, 0x0000, 0x0000, 0x0000,
    0x0000, 0x0000, 0x0000, 0x0000, 0x0000, 0x0000, 0x0000, 0x0000, 0x0020, 0x0860, 0x03A0, 0x17A2,
    0x17C1, 0x1FE0, 0x17E0, 0x17E1, 0x17E0, 0x17E0, 0x17E0, 0x17E0, 0x17E0, 0x17E0, 0x17E0, 0x17E0,
    0x17E0, 0x17E0, 0x17E0, 0x17E0, 0x17E0, 0x17E0, 0x17E1, 0x17E1, 0x1F61, 0x0000, 0x0020, 0x0020,
    0x0000, 0x0000, 0x0000, 0x0020, 0x08C0, 0x2F04, 0x27A3, 0x0FC0, 0x17C0, 0x17C0, 0x17C0, 0x1FE2,
    0x17E0, 0x17E0, 0x17E0, 0x17E0, 0x17E0, 0x17E0, 0x17E0, 0x17E0, 0x17E0, 0x17E0, 0x17E0, 0x17E0,
    0x17E0, 0x17E0, 0x17E0, 0x17E0, 0x17E0, 0x17E0, 0x17E0, 0x17E0, 0x17E0, 0x17E0, 0x17E0, 0x17E0,
    0x17E0, 0x17E0, 0x17E0, 0x17E0, 0x17E0, 0x17E0, 0x17E0, 0x17E0, 0x17E0, 0x17E0, 0x17E1, 0x17E1,
    0x2704, 0x2463, 0x0020, 0x0000, 0x0000, 0x0000, 0x0000, 0x0020, 0x0A02, 0x1E43, 0x17E0, 0x17E0,
    0x17C1, 0x17E0, 0x17E0, 0x17E0, 0x17E0, 0x17E0, 0x17E0, 0x17E0, 0x17E0, 0x17E0, 0x17E0, 0x17E0,
    0x17E0, 0x17E0, 0x17E0, 0x17E0, 0x1FE1, 0x1FA0, 0x17E0, 0x2EE4, 0x0861, 0x0000, 0x0020, 0x0000,
    0x0000, 0x0000, 0x0000, 0x0000, 0x0000, 0x0000, 0x0000, 0x0000, 0x0000, 0x0000, 0x0000, 0x0000,
    0x0000, 0x0000, 0x0000, 0x0000, 0x0000, 0x0000, 0x0000, 0x0000, 0x0000, 0x0000, 0x0000, 0x0000,
    0x0000, 0x0000, 0x0000, 0x0000, 0x0000, 0x0000, 0x0000, 0x0000, 0x0000, 0x0000, 0x0000, 0x0000,
    0x0000, 0x0000, 0x0000, 0x0000, 0x0000, 0x0000, 0x0000, 0x0000, 0x0000, 0x0000, 0x0000, 0x0000,
    0x0000, 0x0000, 0x0000, 0x0000, 0x0000, 0x0000, 0x0000, 0x0000, 0x0000, 0x0000, 0x0000, 0x0000,
    0x0000, 0x0000, 0x0000, 0x0000, 0x0000, 0x0000, 0x0000, 0x0000, 0x0000, 0x0000, 0x0000, 0x0000,
    0x0000, 0x0000, 0x0000, 0x0000, 0x0000, 0x0000, 0x0000, 0x0000, 0x0020, 0x1002, 0x0101, 0x2F05,
    0x1FC2, 0x17E0, 0x17E0, 0x17E1, 0x17E0, 0x17E0, 0x17E0, 0x17E0, 0x17E0, 0x17E0, 0x17E0, 0x17E0,
    0x17E0, 0x17E0, 0x17E0, 0x17E0, 0x17E0, 0x17E0, 0x17E1, 0x17E1, 0x1EE1, 0x0001, 0x0020, 0x0000,
    0x0000, 0x0000, 0x0000, 0x0000, 0x1801, 0x1B41, 0x3E46, 0x07E0, 0x1FC1, 0x1FE1, 0x1FC1, 0x1FC2,
    0x17E0, 0x17E0, 0x17E0, 0x17E0, 0x17E0, 0x17E0, 0x17E0, 0x17E0, 0x17E0, 0x17E0, 0x17E0, 0x17E0,
    0x17E0, 0x17E0, 0x17E0, 0x17E0, 0x17E0, 0x17E0, 0x17E0, 0x17E0, 0x17E0, 0x17E0, 0x17E0, 0x17E0,
    0x17E0, 0x17E0, 0x17E0, 0x17E0, 0x17E0, 0x17E0, 0x17E0, 0x17E0, 0x17E0, 0x17E0, 0x1780, 0x17E0,
    0x2C46, 0x1162, 0x0000, 0x0020, 0x0000, 0x0000, 0x0000, 0x0020, 0x08E1, 0x1CA3, 0x17E0, 0x17E0,
    0x17C1, 0x17E0, 0x17E0, 0x17E0, 0x17E0, 0x17E0, 0x17E0, 0x17E0, 0x17E0, 0x17E0, 0x17E0, 0x17E0,
    0x17E0, 0x17E0, 0x17E0, 0x17E0, 0x1FC0, 0x0FC0, 0x2EA1, 0x1BC1, 0x0000, 0x0000, 0x0020, 0x0000,
    0x0000, 0x0000, 0x0000, 0x0000, 0x0000, 0x0000, 0x0000, 0x0000, 0x0000, 0x0000, 0x0000, 0x0000,
    0x0000, 0x0000, 0x0000, 0x0000, 0x0000, 0x0000, 0x0000, 0x0000, 0x0000, 0x0000, 0x0000, 0x0000,
    0x0000, 0x0000, 0x0000, 0x0000, 0x0000, 0x0000, 0x0000, 0x0000, 0x0000, 0x0000, 0x0000, 0x0000,
    0x0000, 0x0000, 0x0000, 0x0000, 0x0000, 0x0000, 0x0000, 0x0000, 0x0000, 0x0000, 0x0000, 0x0000,
    0x0000, 0x0000, 0x0000, 0x0000, 0x0000, 0x0000, 0x0000, 0x0000, 0x0000, 0x0000, 0x0000, 0x0000,
    0x0000, 0x0000, 0x0000, 0x0000, 0x0000, 0x0000, 0x0000, 0x0000, 0x0000, 0x0000, 0x0000, 0x0000,
    0x0000, 0x0000, 0x0000, 0x0000, 0x0000, 0x0000, 0x0000, 0x0000, 0x0000, 0x0040, 0x0000, 0x0900,
    0x2523, 0x17C2, 0x17E1, 0x17E0, 0x17E0, 0x17E0, 0x17E0, 0x17E0, 0x17E0, 0x17E0, 0x17E0, 0x17E0,
    0x17E0, 0x17E0, 0x17E0, 0x17E0, 0x17E0, 0x17E0, 0x17E1, 0x1FE1, 0x25E2, 0x0802, 0x0040, 0x0000,
    0x0000, 0x0000, 0x0000, 0x0000, 0x0001, 0x0001, 0x00C0, 0x35C5, 0x2783, 0x17E0, 0x0FE0, 0x17E0,
    0x17E0, 0x17E0, 0x17E0, 0x17E0, 0x17E0, 0x17E0, 0x17E0, 0x17E0, 0x17E0, 0x17E0, 0x17E0, 0x17E0,
    0x17E0, 0x17E0, 0x17E0, 0x17E0, 0x17E0, 0x17E0, 0x17E0, 0x17E0, 0x17E0, 0x17E0, 0x17E0, 0x17E0,
    0x17E0, 0x17E0, 0x17E0, 0x17E0, 0x17E0, 0x17E0, 0x17E0, 0x17E0, 0x17E1, 0x17C1, 0x2E83, 0x23E2,
    0x0021, 0x0040, 0x0000, 0x0000, 0x0020, 0x0000, 0x0801, 0x0020, 0x0821, 0x09C1, 0x1FC2, 0x17E0,
    0x17E1, 0x17E0, 0x17E0, 0x17E0, 0x17E0, 0x17E0, 0x17E0, 0x17E0, 0x17E0, 0x17E0, 0x17E0, 0x17E0,
    0x17E0, 0x17E0, 0x17E0, 0x17E0, 0x1FA2, 0x2623, 0x0041, 0x0000, 0x0000, 0x0000, 0x0000, 0x0000,
    0x0000, 0x0000, 0x0000, 0x0000, 0x0000, 0x0000, 0x0000, 0x0000, 0x0000, 0x0000, 0x0000, 0x0000,
    0x0000, 0x0000, 0x0000, 0x0000, 0x0000, 0x0000, 0x0000, 0x0000, 0x0000, 0x0000, 0x0000, 0x0000,
    0x0000, 0x0000, 0x0000, 0x0000, 0x0000, 0x0000, 0x0000, 0x0000, 0x0000, 0x0000, 0x0000, 0x0000,
    0x0000, 0x0000, 0x0000, 0x0000, 0x0000, 0x0000, 0x0000, 0x0000, 0x0000, 0x0000, 0x0000, 0x0000,
    0x0000, 0x0000, 0x0000, 0x0000, 0x0000, 0x0000, 0x0000, 0x0000, 0x0000, 0x0000, 0x0000, 0x0000,
    0x0000, 0x0000, 0x0000, 0x0000, 0x0000, 0x0000, 0x0000, 0x0000, 0x0000, 0x0000, 0x0000, 0x0000,
    0x0000, 0x0000, 0x0000, 0x0000, 0x0000, 0x0000, 0x0000, 0x0000, 0x0000, 0x1000, 0x0020, 0x1004,
    0x0A22, 0x1FC3, 0x1FE2, 0x17E0, 0x17E0, 0x17E0, 0x17E0, 0x17E0, 0x17E0, 0x17E0, 0x17E0, 0x17E0,
    0x17E0, 0x17E0, 0x17E0, 0x17E0, 0x17E0, 0x17E0, 0x17E1, 0x1FC1, 0x25A2, 0x1003, 0x0040, 0x0000,
    0x0000, 0x0000, 0x0000, 0x0000, 0x0820, 0x0821, 0x0802, 0x1221, 0x1E02, 0x27C2, 0x17C0, 0x17A1,
    0x17E0, 0x17E0, 0x17E0, 0x17E0, 0x17E0, 0x17E0, 0x17E0, 0x17E0, 0x17E0, 0x17E0, 0x17E0, 0x17E0,
    0x17E0, 0x17E0, 0x17E0, 0x17E0, 0x17E0, 0x17E0, 0x17E0, 0x17E0, 0x17E0, 0x17E0, 0x17E0, 0x17E0,
    0x17E0, 0x17E0, 0x17E0, 0x17E0, 0x17E0, 0x17E0, 0x17E0, 0x17E1, 0x17C2, 0x17C2, 0x0AE1, 0x08A1,
    0x0040, 0x0801, 0x0020, 0x0000, 0x0000, 0x0000, 0x0801, 0x0040, 0x0841, 0x00E0, 0x1FA2, 0x17E0,
    0x17E0, 0x17E0, 0x17E0, 0x17E0, 0x17E0, 0x17E0, 0x17E0, 0x17E0, 0x17E0, 0x17E0, 0x17E0, 0x17E0,
    0x17E0, 0x17E0, 0x17E0, 0x17E0, 0x2664, 0x0AE0, 0x0062, 0x0020, 0x0000, 0x0000, 0x0000, 0x0000,
    0x0000, 0x0000, 0x0000, 0x0000, 0x0000, 0x0000, 0x0000, 0x0000, 0x0000, 0x0000, 0x0000, 0x0000,
    0x0000, 0x0000, 0x0000, 0x0000, 0x0000, 0x0000, 0x0000, 0x0000, 0x0000, 0x0000, 0x0000, 0x0000,
    0x0000, 0x0000, 0x0000, 0x0000, 0x0000, 0x0000, 0x0000, 0x0000, 0x0000, 0x0000, 0x0000, 0x0000,
    0x0000, 0x0000, 0x0000, 0x0000, 0x0000, 0x0000, 0x0000, 0x0000, 0x0000, 0x0000, 0x0000, 0x0000,
    0x0000, 0x0000, 0x0000, 0x0000, 0x0000, 0x0000, 0x0000, 0x0000, 0x0000, 0x0000, 0x0000, 0x0000,
    0x0000, 0x0000, 0x0000, 0x0000, 0x0000, 0x0000, 0x0000, 0x0000, 0x0000, 0x0000, 0x0000, 0x0000,
    0x0000, 0x0000, 0x0000, 0x0000, 0x0000, 0x0000, 0x0000, 0x0000, 0x0000, 0x0000, 0x0000, 0x0000,
    0x0020, 0x1340, 0x26C3, 0x17C0, 0x0FE0, 0x17E0, 0x17E0, 0x17E0, 0x17E0, 0x17E0, 0x17E0, 0x17E0,
    0x17E0, 0x17E0, 0x17E0, 0x17E0, 0x17E1, 0x17E1, 0x17E0, 0x17E0, 0x15A1, 0x0801, 0x0801, 0x0000,
    0x0000, 0x0000, 0x0000, 0x0000, 0x0000, 0x0000, 0x0000, 0x0020, 0x0020, 0x13A2, 0x2E44, 0x17C1,
    0x1FC0, 0x1FC0, 0x0FE1, 0x0FE1, 0x17E0, 0x17E0, 0x17E0, 0x17E0, 0x17E0, 0x17E0, 0x17E0, 0x17E0,
    0x17E0, 0x17E0, 0x17E0, 0x17E0, 0x17E0, 0x17E0, 0x17E0, 0x17E0, 0x17E0, 0x17E0, 0x17E0, 0x17E0,
    0x17E0, 0x17E0, 0x17E1, 0x0FE1, 0x1FC0, 0x1FE0, 0x1FE0, 0x2FA4, 0x13E2, 0x0140, 0x0000, 0x0000,
    0x0000, 0x0000, 0x0000, 0x0000, 0x0000, 0x0000, 0x0000, 0x0000, 0x0000, 0x0000, 0x1FC2, 0x17E0,
    0x17E0, 0x17E0, 0x17E0, 0x17E0, 0x17E0, 0x17E0, 0x17E0, 0x17E0, 0x17E0, 0x17E0, 0x17E0, 0x17E0,
    0x17E0, 0x17E0, 0x17C0, 0x27C3, 0x0921, 0x0020, 0x0000, 0x0000, 0x0000, 0x0000, 0x0000, 0x0000,
    0x0000, 0x0000, 0x0000, 0x0000, 0x0000, 0x0000, 0x0000, 0x0000, 0x0000, 0x0000, 0x0000, 0x0000,
    0x0000, 0x0000, 0x0000, 0x0000, 0x0000, 0x0000, 0x0000, 0x0000, 0x0000, 0x0000, 0x0000, 0x0000,
    0x0000, 0x0000, 0x0000, 0x0000, 0x0000, 0x0000, 0x0000, 0x0000, 0x0000, 0x0000, 0x0000, 0x0000,
    0x0000, 0x0000, 0x0000, 0x0000, 0x0000, 0x0000, 0x0000, 0x0000, 0x0000, 0x0000, 0x0000, 0x0000,
    0x0000, 0x0000, 0x0000, 0x0000, 0x0000, 0x0000, 0x0000, 0x0000, 0x0000, 0x0000, 0x0000, 0x0000,
    0x0000, 0x0000, 0x0000, 0x0000, 0x0000, 0x0000, 0x0000, 0x0000, 0x0000, 0x0000, 0x0000, 0x0000,
    0x0000, 0x0000, 0x0000, 0x0000, 0x0000, 0x0000, 0x0000, 0x0000, 0x0000, 0x0000, 0x0000, 0x0000,
    0x0020, 0x0120, 0x24C3, 0x17C0, 0x0FC0, 0x17E0, 0x17E0, 0x17E0, 0x17E0, 0x17E0, 0x17E0, 0x17E0,
    0x17E0, 0x17E0, 0x17E0, 0x17E0, 0x17E1, 0x17E1, 0x17E0, 0x17E0, 0x15C1, 0x0801, 0x0821, 0x0000,
    0x0000, 0x0000, 0x0000, 0x0000, 0x0000, 0x0000, 0x0000, 0x0000, 0x0020, 0x0881, 0x0A41, 0x2F25,
    0x17E0, 0x17E0, 0x1FC1, 0x1FE2, 0x17E0, 0x17E0, 0x17E0, 0x17E0, 0x17E0, 0x17E0, 0x17E0, 0x17E0,
    0x17E0, 0x17E0, 0x17E0, 0x17E0, 0x17E0, 0x17E0, 0x17E0, 0x17E0, 0x17E0, 0x17E0, 0x17E0, 0x17E0,
    0x17E0, 0x17E0, 0x17E1, 0x17E0, 0x1FE0, 0x0FE0, 0x1FA3, 0x2D04, 0x00A0, 0x0802, 0x0000, 0x0000,
    0x0000, 0x0000, 0x0000, 0x0000, 0x0000, 0x0000, 0x0000, 0x0000, 0x0000, 0x0000, 0x1FC1, 0x17E0,
    0x0FE0, 0x17E0, 0x17E0, 0x17E0, 0x17E0, 0x17E0, 0x17E0, 0x17E0, 0x17E0, 0x17E0, 0x17E0, 0x17E0,
    0x17E0, 0x1FE1, 0x17E0, 0x3EC6, 0x0040, 0x0020, 0x0000, 0x0000, 0x0000, 0x0000, 0x0000, 0x0000,
    0x0000, 0x0000, 0x0000, 0x0000, 0x0000, 0x0000, 0x0000, 0x0000, 0x0000, 0x0000, 0x0000, 0x0000,
    0x0000, 0x0000, 0x0000, 0x0000, 0x0000, 0x0000, 0x0000, 0x0000, 0x0000, 0x0000, 0x0000, 0x0000,
    0x0000, 0x0000, 0x0000, 0x0000, 0x0000, 0x0000, 0x0000, 0x0000, 0x0000, 0x0000, 0x0000, 0x0000,
    0x0000, 0x0000, 0x0000, 0x0000, 0x0000, 0x0000, 0x0000, 0x0000, 0x0000, 0x0000, 0x0000, 0x0000,
    0x0000, 0x0000, 0x0000, 0x0000, 0x0000, 0x0000, 0x0000, 0x0000, 0x0000, 0x0000, 0x0000, 0x0000,
    0x0000, 0x0000, 0x0000, 0x0000, 0x0000, 0x0000, 0x0000, 0x0000, 0x0000, 0x0000, 0x0000, 0x0000,
    0x0000, 0x0000, 0x0000, 0x0000, 0x0000, 0x0000, 0x0000, 0x0000, 0x0000, 0x0000, 0x0000, 0x0000,
    0x0000, 0x1022, 0x0020, 0x2763, 0x1FC1, 0x17E0, 0x17E0, 0x17E0, 0x17E0, 0x17E0, 0x17E0, 0x17E0,
    0x17E0, 0x17E0, 0x17E0, 0x17E0, 0x17E1, 0x17E1, 0x17E0, 0x17E0, 0x1E22, 0x0820, 0x0001, 0x0000,
    0x0000, 0x0000, 0x0000, 0x0000, 0x0000, 0x0000, 0x0000, 0x0000, 0x0800, 0x0020, 0x0000, 0x1042,
    0x1B62, 0x1DA4, 0x27A3, 0x1FC1, 0x17E1, 0x17E1, 0x17E1, 0x17E0, 0x17E0, 0x17E0, 0x17E0, 0x17E0,
    0x17E0, 0x17E0, 0x17E0, 0x17E0, 0x17E0, 0x17E0, 0x17E0, 0x17E0, 0x17E0, 0x17E0, 0x17E0, 0x17E1,
    0x17E1, 0x17E1, 0x1FE1, 0x2743, 0x2E45, 0x1AC1, 0x0980, 0x0842, 0x0000, 0x0020, 0x0000, 0x0000,
    0x0000, 0x0000, 0x0000, 0x0000, 0x0000, 0x0000, 0x0000, 0x0000, 0x0000, 0x0000, 0x1FC2, 0x17E0,
    0x0FE0, 0x17E0, 0x17E0, 0x17E0, 0x17E0, 0x17E0, 0x17E0, 0x17E0, 0x17E0, 0x17E0, 0x17E0, 0x17E0,
    0x17E0, 0x1FA0, 0x17E0, 0x0A82, 0x0820, 0x0000, 0x0000, 0x0000, 0x0000, 0x0000, 0x0000, 0x0000,
    0x0000, 0x0000, 0x0000, 0x0000, 0x0000, 0x0000, 0x0000, 0x0000, 0x0000, 0x0000, 0x0000, 0x0000,
    0x0000, 0x0000, 0x0000, 0x0000, 0x0000, 0x0000, 0x0000, 0x0000, 0x0000, 0x0000, 0x0000, 0x0000,
    0x0000, 0x0000, 0x0000, 0x0000, 0x0000, 0x0000, 0x0000, 0x0000, 0x0000, 0x0000, 0x0000, 0x0000,
    0x0000, 0x0000, 0x0000, 0x0000, 0x0000, 0x0000, 0x0000, 0x0000, 0x0000, 0x0000, 0x0000, 0x0000,
    0x0000, 0x0000, 0x0000, 0x0000, 0x0000, 0x0000, 0x0000, 0x0000, 0x0000, 0x0000, 0x0000, 0x0000,
    0x0000, 0x0000, 0x0000, 0x0000, 0x0000, 0x0000, 0x0000, 0x0000, 0x0000, 0x0000, 0x0000, 0x0000,
    0x0000, 0x0000, 0x0000, 0x0000, 0x0000, 0x0000, 0x0000, 0x0000, 0x0000, 0x0000, 0x0000, 0x0000,
    0x0000, 0x0000, 0x0820, 0x1EC3, 0x1780, 0x17E0, 0x17E0, 0x17E0, 0x17E0, 0x17E0, 0x17E0, 0x17E0,
    0x17E0, 0x17E0, 0x17E0, 0x17E0, 0x17E1, 0x17E1, 0x17E0, 0x17E0, 0x2663, 0x0020, 0x0001, 0x0000,
    0x0000, 0x0000, 0x0000, 0x0000, 0x0000, 0x0000, 0x0000, 0x0000, 0x0000, 0x0002, 0x0041, 0x0060,
    0x0061, 0x0140, 0x14E1, 0x26E3, 0x17E1, 0x17E1, 0x17E1, 0x17E0, 0x17E0, 0x17E0, 0x17E0, 0x17E0,
    0x17E0, 0x17E0, 0x17E0, 0x17E0, 0x17E0, 0x17E0, 0x17E0, 0x17E0, 0x17E0, 0x17E0, 0x17E0, 0x17E1,
    0x17E1, 0x17E1, 0x1FC2, 0x13C0, 0x09C0, 0x0020, 0x0821, 0x0021, 0x0020, 0x0000, 0x0000, 0x0000,
    0x0000, 0x0000, 0x0000, 0x0000, 0x0000, 0x0000, 0x0000, 0x0000, 0x0000, 0x0000, 0x1FC2, 0x17E0,
    0x0FE0, 0x17E0, 0x17E0, 0x17E0, 0x17E0, 0x17E0, 0x17E0, 0x17E0, 0x17E0, 0x17E0, 0x17E0, 0x17E0,
    0x17E0, 0x1FA1, 0x1FC1, 0x0120, 0x0020, 0x0000, 0x0000, 0x0000, 0x0000, 0x0000, 0x0000, 0x0000,
    0x0000, 0x0000, 0x0000, 0x0000, 0x0000, 0x0000, 0x0000, 0x0000, 0x0000, 0x0000, 0x0000, 0x0000,
    0x0000, 0x0000, 0x0000, 0x0000, 0x0000, 0x0000, 0x0000, 0x0000, 0x0000, 0x0000, 0x0000, 0x0000,
    0x0000, 0x0000, 0x0000, 0x0000, 0x0000, 0x0000, 0x0000, 0x0000, 0x0000, 0x0000, 0x0000, 0x0000,
    0x0000, 0x0000, 0x0000, 0x0000, 0x0000, 0x0000, 0x0000, 0x0000, 0x0000, 0x0000, 0x0000, 0x0000,
    0x0000, 0x0000, 0x0000, 0x0000, 0x0000, 0x0000, 0x0000, 0x0000, 0x0000, 0x0000, 0x0000, 0x0000,
    0x0000, 0x0000, 0x0000, 0x0000, 0x0000, 0x0000, 0x0000, 0x0000, 0x0000, 0x0000, 0x0000, 0x0000,
    0x0000, 0x0000, 0x0000, 0x0000, 0x0000, 0x0000, 0x0000, 0x0000, 0x0000, 0x0000, 0x0000, 0x0000,
    0x0000, 0x0000, 0x0000, 0x1D43, 0x1FA1, 0x17E0, 0x17E0, 0x17E0, 0x17E0, 0x17E0, 0x17E0, 0x17E0,
    0x17E0, 0x17E0, 0x17E0, 0x17E0, 0x17E0, 0x17E0, 0x17E0, 0x17E0, 0x2723, 0x0800, 0x0820, 0x0000,
    0x0000, 0x0000, 0x0000, 0x0000, 0x0000, 0x0000, 0x0000, 0x0000, 0x0000, 0x0000, 0x0000, 0x0000,
    0x0000, 0x0020, 0x0000, 0x0040, 0x0260, 0x14C2, 0x1FE2, 0x0FC0, 0x17E0, 0x17E0, 0x17E0, 0x17E0,
    0x17E0, 0x17E0, 0x17E0, 0x17E0, 0x17E0, 0x17E0, 0x17E0, 0x17E0, 0x17E0, 0x17E0, 0x17E0, 0x1F81,
    0x1F82, 0x13C2, 0x0160, 0x0000, 0x0801, 0x0000, 0x0020, 0x0000, 0x0000, 0x0000, 0x0000, 0x0000,
    0x0000, 0x0000, 0x0000, 0x0000, 0x0000, 0x0000, 0x0000, 0x0000, 0x0020, 0x08E2, 0x27A2, 0x17E0,
    0x17E0, 0x17E0, 0x17E0, 0x17E0, 0x17E0, 0x17E0, 0x17E0, 0x17E0, 0x17E0, 0x17E0, 0x17E0, 0x17E0,
    0x17E0, 0x17C1, 0x17C0, 0x0060, 0x0000, 0x0000, 0x0000, 0x0000, 0x0000, 0x0000, 0x0000, 0x0000,
    0x0000, 0x0000, 0x0000, 0x0000, 0x0000, 0x0000, 0x0000, 0x0000, 0x0000, 0x0000, 0x0000, 0x0000,
    0x0000, 0x0000, 0x0000, 0x0000, 0x0000, 0x0000, 0x0000, 0x0000, 0x0000, 0x0000, 0x0000, 0x0000,
    0x0000, 0x0000, 0x0000, 0x0000, 0x0000, 0x0000, 0x0000, 0x0000, 0x0000, 0x0000, 0x0000, 0x0000,
    0x0000, 0x0000, 0x0000, 0x0000, 0x0000, 0x0000, 0x0000, 0x0000, 0x0000, 0x0000, 0x0000, 0x0000,
    0x0000, 0x0000, 0x0000, 0x0000, 0x0000, 0x0000, 0x0000, 0x0000, 0x0000, 0x0000, 0x0000, 0x0000,
    0x0000, 0x0000, 0x0000, 0x0000, 0x0000, 0x0000, 0x0000, 0x0000, 0x0000, 0x0000, 0x0000, 0x0000,
    0x0000, 0x0000, 0x0000, 0x0000, 0x0000, 0x0000, 0x0000, 0x0000, 0x0000, 0x0000, 0x0000, 0x0000,
    0x0000, 0x0000, 0x0000, 0x1523, 0x27C2, 0x17E0, 0x17E0, 0x17E0, 0x17E0, 0x17E0, 0x17E0, 0x17E0,
    0x17E0, 0x17E0, 0x17E0, 0x17E0, 0x17E0, 0x17E0, 0x17E0, 0x17E0, 0x2F84, 0x0820, 0x0801, 0x0000,
    0x0000, 0x0000, 0x0000, 0x0000, 0x0000, 0x0000, 0x0000, 0x0000, 0x0000, 0x0000, 0x0000, 0x0000,
    0x0000, 0x0000, 0x0000, 0x0801, 0x0000, 0x0140, 0x27A3, 0x17E0, 0x17E0, 0x17E0, 0x17E0, 0x17E0,
    0x17E0, 0x17E0, 0x17E0, 0x17E0, 0x17E0, 0x17E0, 0x17E0, 0x17E0, 0x17E0, 0x17E0, 0x17E0, 0x1F81,
    0x3704, 0x00A0, 0x1803, 0x0000, 0x0801, 0x0000, 0x0020, 0x0000, 0x0000, 0x0000, 0x0000, 0x0000,
    0x0000, 0x0000, 0x0000, 0x0000, 0x0000, 0x0000, 0x0000, 0x0000, 0x0020, 0x11E3, 0x1FC1, 0x0FE0,
    0x1FE1, 0x17E0, 0x17E0, 0x17E0, 0x17E0, 0x17E0, 0x17E0, 0x17E0, 0x17E0, 0x17E0, 0x17E0, 0x17E0,
    0x17E0, 0x1FC1, 0x1FE0, 0x0040, 0x0000, 0x0000, 0x0000, 0x0000, 0x0000, 0x0000, 0x0000, 0x0000,
    0x0000, 0x0000, 0x0000, 0x0000, 0x0000, 0x0000, 0x0000, 0x0000, 0x0000, 0x0000, 0x0000, 0x0000,
    0x0000, 0x0000, 0x0000, 0x0000, 0x0000, 0x0000, 0x0000, 0x0000, 0x0000, 0x0000, 0x0000, 0x0000,
    0x0000, 0x0000, 0x0000, 0x0000, 0x0000, 0x0000, 0x0000, 0x0000, 0x0000, 0x0000, 0x0000, 0x0000,
    0x0000, 0x0000, 0x0000, 0x0000, 0x0000, 0x0000, 0x0000, 0x0000, 0x0000, 0x0000, 0x0000, 0x0000,
    0x0000, 0x0000, 0x0000, 0x0000, 0x0000, 0x0000, 0x0000, 0x0000, 0x0000, 0x0000, 0x0000, 0x0000,
    0x0000, 0x0000, 0x0000, 0x0000, 0x0000, 0x0000, 0x0000, 0x0000, 0x0000, 0x0000, 0x0000, 0x0000,
    0x0000, 0x0000, 0x0000, 0x0000, 0x0000, 0x0000, 0x0000, 0x0000, 0x0000, 0x0000, 0x0000, 0x0000,
    0x0000, 0x0000, 0x0000, 0x1D64, 0x1FA1, 0x17E0, 0x17E0, 0x17E0, 0x17E0, 0x17E0, 0x17E0, 0x17E0,
    0x17E0, 0x17E0, 0x17E0, 0x17E0, 0x17E0, 0x17E0, 0x17E0, 0x17E0, 0x17E1, 0x0A00, 0x0802, 0x0001,
    0x0000, 0x0000, 0x0000, 0x0000, 0x0000, 0x0000, 0x0000, 0x0000, 0x0000, 0x0000, 0x0000, 0x0000,
    0x0000, 0x0000, 0x0020, 0x0020, 0x0000, 0x0800, 0x2E04, 0x1FC1, 0x17E0, 0x17E0, 0x17E0, 0x17E0,
    0x17E0, 0x17E0, 0x17E0, 0x17E0, 0x17E0, 0x17E0, 0x17E0, 0x17E0, 0x17E0, 0x17E0, 0x17E0, 0x2F03,
    0x0AC0, 0x1022, 0x0020, 0x0000, 0x0000, 0x0000, 0x0000, 0x0000, 0x0000, 0x0000, 0x0000, 0x0000,
    0x0000, 0x0000, 0x0000, 0x0000, 0x0000, 0x0000, 0x0020, 0x0000, 0x0120, 0x2CC4, 0x17E0, 0x0FE0,
    0x17C0, 0x17E0, 0x17E0, 0x17E0, 0x17E0, 0x17E0, 0x17E0, 0x17E0, 0x17E0, 0x17E0, 0x17E0, 0x17E0,
    0x17E0, 0x17C1, 0x1FE1, 0x00E0, 0x0000, 0x0000, 0x0000, 0x0000, 0x0000, 0x0000, 0x0000, 0x0000,
    0x0000, 0x0000, 0x0000, 0x0000, 0x0000, 0x0000, 0x0000, 0x0000, 0x0000, 0x0000, 0x0000, 0x0000,
    0x0000, 0x0000, 0x0000, 0x0000, 0x0000, 0x0000, 0x0000, 0x0000, 0x0000, 0x0000, 0x0000, 0x0000,
    0x0000, 0x0000, 0x0000, 0x0000, 0x0000, 0x0000, 0x0000, 0x0000, 0x0000, 0x0000, 0x0000, 0x0000,
    0x0000, 0x0000, 0x0000, 0x0000, 0x0000, 0x0000, 0x0000, 0x0000, 0x0000, 0x0000, 0x0000, 0x0000,
    0x0000, 0x0000, 0x0000, 0x0000, 0x0000, 0x0000, 0x0000, 0x0000, 0x0000, 0x0000, 0x0000, 0x0000,
    0x0000, 0x0000, 0x0000, 0x0000, 0x0000, 0x0000, 0x0000, 0x0000, 0x0000, 0x0000, 0x0000, 0x0000,
    0x0000, 0x0000, 0x0000, 0x0000, 0x0000, 0x0000, 0x0000, 0x0000, 0x0000, 0x0000, 0x0000, 0x0000,
    0x0000, 0x0020, 0x0000, 0x25E4, 0x17C1, 0x17E0, 0x17E0, 0x17E0, 0x17E0, 0x17E0, 0x17E0, 0x17E0,
    0x17E0, 0x17E0, 0x17E0, 0x17E0, 0x17E0, 0x17E0, 0x17E0, 0x17E0, 0x0FE0, 0x1B42, 0x0822, 0x0001,
    0x0000, 0x0000, 0x0000, 0x0000, 0x0000, 0x0000, 0x0000, 0x0000, 0x0000, 0x0000, 0x0000, 0x0000,
    0x0000, 0x0000, 0x0000, 0x0001, 0x0800, 0x1842, 0x25C2, 0x1FC1, 0x17E0, 0x17E0, 0x17E0, 0x17E0,
    0x17E0, 0x17E0, 0x17E0, 0x17E0, 0x17E0, 0x17E0, 0x17E0, 0x17E0, 0x17E0, 0x17E0, 0x17E0, 0x2622,
    0x0140, 0x0002, 0x00E0, 0x0000, 0x0000, 0x0000, 0x0000, 0x0000, 0x0000, 0x0000, 0x0000, 0x0000,
    0x0000, 0x0000, 0x0000, 0x0000, 0x0000, 0x0000, 0x0020, 0x0000, 0x09E0, 0x4625, 0x17E0, 0x0FE0,
    0x17C0, 0x17E0, 0x17E0, 0x17E0, 0x17E0, 0x17E0, 0x17E0, 0x17E0, 0x17E0, 0x17E0, 0x17E0, 0x17E0,
    0x17E0, 0x17A1, 0x17C0, 0x0180, 0x0000, 0x0000, 0x0000, 0x0000, 0x0000, 0x0000, 0x0000, 0x0000,
    0x0000, 0x0000, 0x0000, 0x0000, 0x0000, 0x0000, 0x0000, 0x0000, 0x0000, 0x0000, 0x0000, 0x0000,
    0x0000, 0x0000, 0x0000, 0x0000, 0x0000, 0x0000, 0x0000, 0x0000, 0x0000, 0x0000, 0x0000, 0x0000,
    0x0000, 0x0000, 0x0000, 0x0000, 0x0000, 0x0000, 0x0000, 0x0000, 0x0000, 0x0000, 0x0000, 0x0000,
    0x0000, 0x0000, 0x0000, 0x0000, 0x0000, 0x0000, 0x0000, 0x0000, 0x0000, 0x0000, 0x0000, 0x0000,
    0x0000, 0x0000, 0x0000, 0x0000, 0x0000, 0x0000, 0x0000, 0x0000, 0x0000, 0x0000, 0x0000, 0x0000,
    0x0000, 0x0000, 0x0000, 0x0000, 0x0000, 0x0000, 0x0000, 0x0000, 0x0000, 0x0000, 0x0000, 0x0000,
    0x0000, 0x0000, 0x0000, 0x0000, 0x0000, 0x0040, 0x0020, 0x0020, 0x0040, 0x0020, 0x0020, 0x0040,
    0x0060, 0x1022, 0x00A0, 0x27A3, 0x17A1, 0x17E0, 0x17E0, 0x17E0, 0x17E0, 0x17E0, 0x17E0, 0x17E0,
    0x17E0, 0x17E0, 0x17E0, 0x17E0, 0x17E0, 0x17E0, 0x17E0, 0x17E0, 0x1FE0, 0x2643, 0x01E0, 0x1042,
    0x0000, 0x0000, 0x0000, 0x0000, 0x0000, 0x0000, 0x0000, 0x0000, 0x0000, 0x0000, 0x0000, 0x0000,
    0x0000, 0x0000, 0x0000, 0x0000, 0x0800, 0x0000, 0x3684, 0x17E0, 0x17E0, 0x17E0, 0x17E0, 0x17E0,
    0x17E0, 0x17E0, 0x17E0, 0x17E0, 0x17E0, 0x17E0, 0x17E0, 0x17E0, 0x17E0, 0x17E0, 0x17E0, 0x25C2,
    0x0020, 0x0020, 0x0800, 0x0000, 0x0000, 0x0000, 0x0000, 0x0000, 0x0000, 0x0000, 0x0000, 0x0000,
    0x0000, 0x0000, 0x0000, 0x0000, 0x0000, 0x0000, 0x0822, 0x1002, 0x2D64, 0x27C2, 0x17E0, 0x17E0,
    0x17E0, 0x17E0, 0x17E0, 0x17E0, 0x17E0, 0x17E0, 0x17E0, 0x17E0, 0x17E0, 0x17E0, 0x17E0, 0x17E0,
    0x17E0, 0x1FE0, 0x17E0, 0x23E3, 0x0823, 0x0001, 0x0000, 0x0020, 0x0040, 0x0020, 0x0001, 0x0001,
    0x0000, 0x0000, 0x0000, 0x0000, 0x0000, 0x0000, 0x0000, 0x0000, 0x0000, 0x0000, 0x0000, 0x0000,
    0x0000, 0x0000, 0x0000, 0x0000, 0x0000, 0x0000, 0x0000, 0x0000, 0x0000, 0x0000, 0x0000, 0x0000,
    0x0000, 0x0000, 0x0000, 0x0000, 0x0000, 0x0000, 0x0000, 0x0000, 0x0000, 0x0000, 0x0000, 0x0000,
    0x0000, 0x0000, 0x0000, 0x0000, 0x0000, 0x0000, 0x0000, 0x0000, 0x0000, 0x0000, 0x0000, 0x0000,
    0x0000, 0x0000, 0x0000, 0x0000, 0x0000, 0x0000, 0x0000, 0x0000, 0x0000, 0x0000, 0x0000, 0x0000,
    0x0000, 0x0000, 0x0000, 0x0000, 0x0000, 0x0000, 0x0000, 0x0000, 0x0000, 0x0000, 0x0000, 0x0000,
    0x0000, 0x0000, 0x0000, 0x0000, 0x0000, 0x0000, 0x0000, 0x0801, 0x0822, 0x0801, 0x0801, 0x0801,
    0x0000, 0x00A0, 0x0AE1, 0x0FE1, 0x1FC1, 0x17E0, 0x17E0, 0x17E0, 0x17E0, 0x17E0, 0x17E0, 0x17E0,
    0x17E0, 0x17E0, 0x17E0, 0x17E0, 0x17E0, 0x17E0, 0x17E0, 0x17E0, 0x1FA0, 0x2744, 0x1BA2, 0x0802,
    0x0000, 0x0000, 0x0000, 0x0000, 0x0000, 0x0000, 0x0000, 0x0000, 0x0000, 0x0000, 0x0000, 0x0000,
    0x0000, 0x0000, 0x0000, 0x0020, 0x0801, 0x0000, 0x3745, 0x17E0, 0x17E0, 0x17E0, 0x17E0, 0x17E0,
    0x17E0, 0x17E0, 0x17E0, 0x17E0, 0x17E0, 0x17E0, 0x17E0, 0x17E0, 0x17E0, 0x17E0, 0x17E0, 0x25E3,
    0x0040, 0x0020, 0x0801, 0x0000, 0x0000, 0x0000, 0x0000, 0x0000, 0x0000, 0x0000, 0x0000, 0x0000,
    0x0000, 0x0000, 0x0000, 0x0000, 0x0000, 0x0000, 0x0003, 0x0802, 0x2F03, 0x17C1, 0x17E0, 0x17E0,
    0x17E0, 0x17E0, 0x17E0, 0x17E0, 0x17E0, 0x17E0, 0x17E0, 0x17E0, 0x17E0, 0x17E0, 0x17E0, 0x17E0,
    0x17E0, 0x17C0, 0x0FE0, 0x35E5, 0x1081, 0x1001, 0x0801, 0x0001, 0x0820, 0x0820, 0x0800, 0x0000,
    0x0000, 0x0000, 0x0000, 0x0000, 0x0000, 0x0000, 0x0000, 0x0000, 0x0000, 0x0000, 0x0000, 0x0000,
    0x0000, 0x0000, 0x0000, 0x0000, 0x0000, 0x0000, 0x0000, 0x0000, 0x0000, 0x0000, 0x0000, 0x0000,
    0x0000, 0x0000, 0x0000, 0x0000, 0x0000, 0x0000, 0x0000, 0x0000, 0x0000, 0x0000, 0x0000, 0x0000,
    0x0000, 0x0000, 0x0000, 0x0000, 0x0000, 0x0000, 0x0000, 0x0000, 0x0000, 0x0000, 0x0000, 0x0000,
    0x0000, 0x0000, 0x0000, 0x0000, 0x0000, 0x0000, 0x0000, 0x0000, 0x0000, 0x0000, 0x0000, 0x0000,
    0x0000, 0x0000, 0x0000, 0x0000, 0x0000, 0x0000, 0x0000, 0x0000, 0x0000, 0x0000, 0x0000, 0x0000,
    0x0000, 0x0000, 0x0000, 0x0000, 0x0000, 0x0020, 0x00A0, 0x0320, 0x14A1, 0x1F41, 0x1F81, 0x27C2,
    0x1FC1, 0x37A4, 0x27E3, 0x17E0, 0x0FC0, 0x17E0, 0x17E0, 0x17E0, 0x17E0, 0x17E0, 0x17E0, 0x17E0,
    0x17E0, 0x17E0, 0x17E0, 0x17E0, 0x17E0, 0x17E0, 0x17E0, 0x17E0, 0x17C1, 0x17C1, 0x2764, 0x08A0,
    0x0000, 0x0000, 0x0000, 0x0000, 0x0000, 0x0000, 0x0000, 0x0000, 0x0000, 0x0000, 0x0000, 0x0000,
    0x0000, 0x0000, 0x0000, 0x0000, 0x0001, 0x00C0, 0x1FA1, 0x1FE0, 0x17E0, 0x17E0, 0x17E0, 0x17E0,
    0x17E0, 0x17E0, 0x17E0, 0x17E0, 0x17E0, 0x17E0, 0x17E0, 0x17E0, 0x17E0, 0x17E0, 0x17E0, 0x2724,
    0x0A01, 0x0840, 0x0001, 0x0000, 0x0000, 0x0000, 0x0000, 0x0000, 0x0000, 0x0000, 0x0000, 0x0000,
    0x0000, 0x0000, 0x0000, 0x0000, 0x0000, 0x0020, 0x00E0, 0x1C22, 0x17C1, 0x17C1, 0x17E0, 0x17E0,
    0x17E0, 0x17E0, 0x17E0, 0x17E0, 0x17E0, 0x17E0, 0x17E0, 0x17E0, 0x17E0, 0x17E0, 0x17E0, 0x17E0,
    0x17E0, 0x17E2, 0x17E1, 0x1FE1, 0x1FA3, 0x1F84, 0x3645, 0x3565, 0x0B62, 0x02C1, 0x00E0, 0x0061,
    0x0000, 0x0000, 0x0000, 0x0000, 0x0000, 0x0000, 0x0000, 0x0000, 0x0000, 0x0000, 0x0000, 0x0000,
    0x0000, 0x0000, 0x0000, 0x0000, 0x0000, 0x0000, 0x0000, 0x0000, 0x0000, 0x0000, 0x0000, 0x0000,
    0x0000, 0x0000, 0x0000, 0x0000, 0x0000, 0x0000, 0x0000, 0x0000, 0x0000, 0x0000, 0x0000, 0x0000,
    0x0000, 0x0000, 0x0000, 0x0000, 0x0000, 0x0000, 0x0000, 0x0000, 0x0000, 0x0000, 0x0000, 0x0000,
    0x0000, 0x0000, 0x0000, 0x0000, 0x0000, 0x0000, 0x0000, 0x0000, 0x0000, 0x0000, 0x0000, 0x0000,
    0x0000, 0x0000, 0x0000, 0x0000, 0x0000, 0x0000, 0x0000, 0x0000, 0x0000, 0x0000, 0x0000, 0x0000,
    0x0020, 0x0020, 0x0000, 0x0801, 0x0800, 0x13E1, 0x24E4, 0x2724, 0x17A2, 0x1F82, 0x1FA2, 0x1FC1,
    0x17C1, 0x0FE0, 0x0FE0, 0x1FE1, 0x1FE1, 0x17E0, 0x17E0, 0x17E0, 0x17E0, 0x17E0, 0x17E0, 0x17E0,
    0x17E0, 0x17E0, 0x17E0, 0x17E0, 0x17E0, 0x17E0, 0x17E0, 0x17E0, 0x0FC1, 0x1FC0, 0x1FE2, 0x0BA0,
    0x0120, 0x0060, 0x0060, 0x0060, 0x0080, 0x0080, 0x0080, 0x0080, 0x0080, 0x0080, 0x0080, 0x0080,
    0x0080, 0x0080, 0x0080, 0x0080, 0x0141, 0x12C2, 0x1FC2, 0x1FE0, 0x17E0, 0x17E0, 0x17E0, 0x17E0,
    0x17E0, 0x17E0, 0x17E0, 0x17E0, 0x17E0, 0x17E0, 0x17E0, 0x17E0, 0x17E0, 0x17E0, 0x17E0, 0x2F84,
    0x1402, 0x08E0, 0x00A1, 0x0080, 0x0080, 0x0080, 0x0080, 0x0080, 0x0080, 0x0080, 0x0080, 0x0080,
    0x0080, 0x0080, 0x0080, 0x0080, 0x0080, 0x0080, 0x1B20, 0x2E64, 0x1FA1, 0x17C0, 0x17E0, 0x17E0,
    0x17E0, 0x17E0, 0x17E0, 0x17E0, 0x17E0, 0x17E0, 0x17E0, 0x17E0, 0x17E0, 0x17E0, 0x17E0, 0x17E0,
    0x17E0, 0x1FE0, 0x17A0, 0x17E0, 0x17E0, 0x17E0, 0x17E1, 0x17E1, 0x2760, 0x2F22, 0x2D84, 0x1C02,
    0x0080, 0x0020, 0x0000, 0x0000, 0x0000, 0x0000, 0x0000, 0x0000, 0x0000, 0x0000, 0x0000, 0x0000,
    0x0000, 0x0000, 0x0000, 0x0000, 0x0000, 0x0000, 0x0000, 0x0000, 0x0000, 0x0000, 0x0000, 0x0000,
    0x0000, 0x0000, 0x0000, 0x0000, 0x0000, 0x0000, 0x0000, 0x0000, 0x0000, 0x0000, 0x0000, 0x0000,
    0x0000, 0x0000, 0x0000, 0x0000, 0x0000, 0x0000, 0x0000, 0x0000, 0x0000, 0x0000, 0x0000, 0x0000,
    0x0000, 0x0000, 0x0000, 0x0000, 0x0000, 0x0000, 0x0000, 0x0000, 0x0000, 0x0000, 0x0000, 0x0000,
    0x0000, 0x0000, 0x0000, 0x0000, 0x0000, 0x0000, 0x0000, 0x0000, 0x0000, 0x0000, 0x0000, 0x0021,
    0x0001, 0x0801, 0x0802, 0x0421, 0x1F03, 0x27E3, 0x1FE1, 0x17E1, 0x1FE1, 0x17E0, 0x17E0, 0x17E0,
    0x17E0, 0x17E0, 0x17E0, 0x17E0, 0x17E0, 0x17E0, 0x17E0, 0x17E0, 0x17E0, 0x17E0, 0x17E0, 0x17E0,
    0x17E0, 0x17E0, 0x17E0, 0x17E0, 0x17E0, 0x17E0, 0x17E0, 0x17E0, 0x17E1, 0x17E0, 0x0FC0, 0x27C3,
    0x0FE0, 0x1FE0, 0x1FE0, 0x17E0, 0x17E0, 0x17E0, 0x17E0, 0x17E0, 0x17E0, 0x17E0, 0x17E0, 0x17E0,
    0x17E0, 0x17E0, 0x17E0, 0x17E0, 0x17E0, 0x17E0, 0x0FE0, 0x17E0, 0x17E0, 0x17E0, 0x17E0, 0x17E0,
    0x17E0, 0x17E0, 0x17E0, 0x17E0, 0x17E0, 0x17E0, 0x17E0, 0x17E0, 0x17E0, 0x17E0, 0x17E0, 0x17E1,
    0x17E1, 0x1FC2, 0x1FC1, 0x1FE0, 0x1FE0, 0x1FE0, 0x1FE0, 0x17E0, 0x17E0, 0x17E0, 0x17E0, 0x17E0,
    0x17E0, 0x17E0, 0x17E0, 0x17E0, 0x17E0, 0x17E0, 0x0FE0, 0x07C0, 0x17E0, 0x1FC1, 0x17E0, 0x17E0,
    0x17E0, 0x17E0, 0x17E0, 0x17E0, 0x17E0, 0x17E0, 0x17E0, 0x17E0, 0x17E0, 0x17E0, 0x17E0, 0x17E0,
    0x17E0, 0x17E0, 0x17E0, 0x17E0, 0x17E0, 0x17E0, 0x17E0, 0x17E0, 0x27E0, 0x1FE0, 0x0FE0, 0x17E1,
    0x27C3, 0x2584, 0x0060, 0x0800, 0x0800, 0x0000, 0x0000, 0x0000, 0x0000, 0x0000, 0x0000, 0x0000,
    0x0000, 0x0000, 0x0000, 0x0000, 0x0000, 0x0000, 0x0000, 0x0000, 0x0000, 0x0000, 0x0000, 0x0000,
    0x0000, 0x0000, 0x0000, 0x0000, 0x0000, 0x0000, 0x0000, 0x0000, 0x0000, 0x0000, 0x0000, 0x0000,
    0x0000, 0x0000, 0x0000, 0x0000, 0x0000, 0x0000, 0x0000, 0x0000, 0x0000, 0x0000, 0x0000, 0x0000,
    0x0000, 0x0000, 0x0000, 0x0000, 0x0000, 0x0000, 0x0000, 0x0000, 0x0000, 0x0000, 0x0000, 0x0000,
    0x0000, 0x0000, 0x0000, 0x0000, 0x0000, 0x0000, 0x0000, 0x0000, 0x0000, 0x0000, 0x0020, 0x0000,
    0x0000, 0x09A0, 0x1CC0, 0x1FA2, 0x1F42, 0x0FE0, 0x17E0, 0x17C0, 0x17E0, 0x17E0, 0x17E0, 0x17E0,
    0x17E0, 0x17E0, 0x17E0, 0x17E0, 0x17E0, 0x17E0, 0x17E0, 0x17E0, 0x17E0, 0x17E0, 0x17E0, 0x17E0,
    0x17E0, 0x17E0, 0x17E0, 0x17E0, 0x17E0, 0x17E0, 0x17E0, 0x17E0, 0x17E0, 0x0FC0, 0x17E0, 0x17E0,
    0x0FE0, 0x0FE0, 0x0FE0, 0x17E0, 0x17E0, 0x17E0, 0x17E0, 0x17E0, 0x17E0, 0x17E0, 0x17E0, 0x17E0,
    0x17E0, 0x17E0, 0x17E0, 0x17E0, 0x17C0, 0x17E0, 0x17E0, 0x17E0, 0x17E0, 0x17E0, 0x17E0, 0x17E0,
    0x17E0, 0x17E0, 0x17E0, 0x17E0, 0x17E0, 0x17E0, 0x17E0, 0x17E0, 0x17E0, 0x17E0, 0x17E0, 0x1FE0,
    0x1FC0, 0x1F80, 0x1FA0, 0x0FE0, 0x0FE0, 0x0FE0, 0x0FE0, 0x17E0, 0x17E0, 0x17E0, 0x17E0, 0x17E0,
    0x17E0, 0x17E0, 0x0FE0, 0x0FE0, 0x0FE0, 0x0FE0, 0x1FA1, 0x17A0, 0x17E0, 0x1FE0, 0x17E0, 0x17E0,
    0x17E0, 0x17E0, 0x17E0, 0x17E0, 0x17E0, 0x17E0, 0x17E0, 0x17E0, 0x17E0, 0x17E0, 0x17E0, 0x17E0,
    0x17E0, 0x17E0, 0x17E0, 0x17E0, 0x17E0, 0x17E0, 0x17E0, 0x17E0, 0x17E1, 0x17C1, 0x1FC1, 0x27E1,
    0x27C0, 0x1FE0, 0x1F42, 0x1C83, 0x0020, 0x0000, 0x0000, 0x0000, 0x0000, 0x0000, 0x0000, 0x0000,
    0x0000, 0x0000, 0x0000, 0x0000, 0x0000, 0x0000, 0x0000, 0x0000, 0x0000, 0x0000, 0x0000, 0x0000,
    0x0000, 0x0000, 0x0000, 0x0000, 0x0000, 0x0000, 0x0000, 0x0000, 0x0000, 0x0000, 0x0000, 0x0000,
    0x0000, 0x0000, 0x0000, 0x0000, 0x0000, 0x0000, 0x0000, 0x0000, 0x0000, 0x0000, 0x0000, 0x0000,
    0x0000, 0x0000, 0x0000, 0x0000, 0x0000, 0x0000, 0x0000, 0x0000, 0x0000, 0x0000, 0x0000, 0x0000,
    0x0000, 0x0000, 0x0000, 0x0000, 0x0000, 0x0000, 0x0000, 0x0000, 0x0000, 0x0000, 0x0040, 0x0000,
    0x0020, 0x24E2, 0x2702, 0x17E0, 0x27E2, 0x17C0, 0x17E1, 0x1FC0, 0x17E0, 0x17E0, 0x17E0, 0x17E0,
    0x17E0, 0x17E0, 0x17E0, 0x17E0, 0x17E0, 0x17E0, 0x17E0, 0x17E0, 0x17E0, 0x17E0, 0x17E0, 0x17E0,
    0x17E0, 0x17E0, 0x17E0, 0x17E0, 0x17E0, 0x17E0, 0x17E0, 0x17E0, 0x17E1, 0x17C0, 0x17C0, 0x17E0,
    0x1FA2, 0x1FA1, 0x1FC1, 0x1FC1, 0x17A1, 0x17A1, 0x17A1, 0x17A1, 0x17A1, 0x17A1, 0x17A1, 0x17A1,
    0x17A1, 0x17A1, 0x17A1, 0x17C1, 0x0FE0, 0x0FE0, 0x0FE0, 0x17E0, 0x17E0, 0x17E0, 0x17E0, 0x17E0,
    0x17E0, 0x17E0, 0x17E0, 0x17E0, 0x17E0, 0x17E0, 0x17E0, 0x17E0, 0x17E0, 0x17E0, 0x17E0, 0x17E0,
    0x17E0, 0x1FE1, 0x1FE1, 0x17C1, 0x17C1, 0x17C1, 0x17C1, 0x17A1, 0x17A1, 0x17A1, 0x17A1, 0x17A1,
    0x17A1, 0x17A1, 0x1FC1, 0x1FC1, 0x1FC1, 0x1FC1, 0x1FE1, 0x1FE2, 0x17E0, 0x0FC0, 0x17E0, 0x17E0,
    0x17E0, 0x17E0, 0x17E0, 0x17E0, 0x17E0, 0x17E0, 0x17E0, 0x17E0, 0x17E0, 0x17E0, 0x17E0, 0x17E0,
    0x17E0, 0x17E0, 0x17E0, 0x17E0, 0x17E0, 0x17E0, 0x17E0, 0x17E0, 0x17E0, 0x17E0, 0x1FE1, 0x17C0,
    0x17A0, 0x1FE0, 0x1FE1, 0x2EE4, 0x08C2, 0x0000, 0x0000, 0x0000, 0x0000, 0x0000, 0x0000, 0x0000,
    0x0000, 0x0000, 0x0000, 0x0000, 0x0000, 0x0000, 0x0000, 0x0000, 0x0000, 0x0000, 0x0000, 0x0000,
    0x0000, 0x0000, 0x0000, 0x0000, 0x0000, 0x0000, 0x0000, 0x0000, 0x0000, 0x0000, 0x0000, 0x0000,
    0x0000, 0x0000, 0x0000, 0x0000, 0x0000, 0x0000, 0x0000, 0x0000, 0x0000, 0x0000, 0x0000, 0x0000,
    0x0000, 0x0000, 0x0000, 0x0000, 0x0000, 0x0000, 0x0000, 0x0000, 0x0000, 0x0000, 0x0000, 0x0000,
    0x0000, 0x0000, 0x0000, 0x0000, 0x0000, 0x0000, 0x0000, 0x0000, 0x0000, 0x0000, 0x0000, 0x1001,
    0x0181, 0x27A2, 0x17E0, 0x17E0, 0x17E0, 0x17E0, 0x17E0, 0x17E0, 0x17E0, 0x17E0, 0x17E0, 0x17E0,
    0x17E0, 0x17E0, 0x17E0, 0x17E0, 0x17E0, 0x17E0, 0x17E0, 0x17E0, 0x17E0, 0x17E0, 0x17E0, 0x17E0,
    0x17E0, 0x17E0, 0x17E0, 0x17E0, 0x17E0, 0x17E0, 0x17E0, 0x17E0, 0x17E0, 0x17E0, 0x17E0, 0x17E0,
    0x17E0, 0x17E0, 0x17E0, 0x17E0, 0x17E0, 0x17E0, 0x17E0, 0x17E0, 0x17E0, 0x17E0, 0x17E0, 0x17E0,
    0x17E0, 0x17E0, 0x17E0, 0x17E0, 0x17E0, 0x17E0, 0x17E0, 0x17E0, 0x17E0, 0x17E0, 0x17E0, 0x17E0,
    0x17E0, 0x17E0, 0x17E0, 0x17E0, 0x17E0, 0x17E0, 0x17E0, 0x17E0, 0x17E0, 0x17E0, 0x17E0, 0x17E0,
    0x17E0, 0x17E0, 0x17E0, 0x17E0, 0x17E0, 0x17E0, 0x17E0, 0x17E0, 0x17E0, 0x17E0, 0x17E0, 0x17E0,
    0x17E0, 0x17E0, 0x17E0, 0x17E0, 0x17E0, 0x17E0, 0x17E0, 0x17E0, 0x17E0, 0x17E0, 0x17E0, 0x17E0,
    0x17E0, 0x17E0, 0x17E0, 0x17E0, 0x17E0, 0x17E0, 0x17E0, 0x17E0, 0x17E0, 0x17E0, 0x17E0, 0x17E0,
    0x17E0, 0x17E0, 0x17E0, 0x17E0, 0x17E0, 0x17E0, 0x17E0, 0x17E0, 0x17E0, 0x17E0, 0x17E0, 0x17E0,
    0x17E0, 0x17E0, 0x17E0, 0x17E0, 0x2684, 0x12A1, 0x0801, 0x0800, 0x0000, 0x0000, 0x0000, 0x0000,
    0x0000, 0x0000, 0x0000, 0x0000, 0x0000, 0x0000, 0x0000, 0x0000, 0x0000, 0x0000, 0x0000, 0x0000,
    0x0000, 0x0000, 0x0000, 0x0000, 0x0000, 0x0000, 0x0000, 0x0000, 0x0000, 0x0000, 0x0000, 0x0000,
    0x0000, 0x0000, 0x0000, 0x0000, 0x0000, 0x0000, 0x0000, 0x0000, 0x0000, 0x0000, 0x0000, 0x0000,
    0x0000, 0x0000, 0x0000, 0x0000, 0x0000, 0x0000, 0x0000, 0x0000, 0x0000, 0x0000, 0x0000, 0x0000,
    0x0000, 0x0000, 0x0000, 0x0000, 0x0000, 0x0000, 0x0000, 0x0000, 0x0000, 0x0000, 0x0020, 0x0860,
    0x1462, 0x1FE0, 0x17E0, 0x17E0, 0x17E0, 0x17E0, 0x17E0, 0x17E0, 0x17E0, 0x17E0, 0x17E0, 0x17E0,
    0x17E0, 0x17E0, 0x17E0, 0x17E0, 0x17E0, 0x17E0, 0x17E0, 0x17E0, 0x17E0, 0x17E0, 0x17E0, 0x17E0,
    0x17E0, 0x17E0, 0x17E0, 0x17E0, 0x17E0, 0x17E0, 0x17E0, 0x17E0, 0x17E0, 0x17E0, 0x17E0, 0x17E0,
    0x17E0, 0x17E0, 0x17E0, 0x17E0, 0x17E0, 0x17E0, 0x17E0, 0x17E0, 0x17E0, 0x17E0, 0x17E0, 0x17E0,
    0x17E0, 0x17E0, 0x17E0, 0x17E0, 0x17E0, 0x17E0, 0x17E0, 0x17E0, 0x17E0, 0x17E0, 0x17E0, 0x17E0,
    0x17E0, 0x17E0, 0x17E0, 0x17E0, 0x17E0, 0x17E0, 0x17E0, 0x17E0, 0x17E0, 0x17E0, 0x17E0, 0x17E0,
    0x17E0, 0x17E0, 0x17E0, 0x17E0, 0x17E0, 0x17E0, 0x17E0, 0x17E0, 0x17E0, 0x17E0, 0x17E0, 0x17E0,
    0x17E0, 0x17E0, 0x17E0, 0x17E0, 0x17E0, 0x17E0, 0x17E0, 0x17E0, 0x17E0, 0x17E0, 0x17E0, 0x17E0,
    0x17E0, 0x17E0, 0x17E0, 0x17E0, 0x17E0, 0x17E0, 0x17E0, 0x17E0, 0x17E0, 0x17E0, 0x17E0, 0x17E0,
    0x17E0, 0x17E0, 0x17E0, 0x17E0, 0x17E0, 0x17E0, 0x17E0, 0x17E0, 0x17E0, 0x17E0, 0x17E0, 0x17E0,
    0x17E0, 0x17E0, 0x17E0, 0x17E0, 0x27A3, 0x2D85, 0x0821, 0x0020, 0x0000, 0x0000, 0x0000, 0x0000,
    0x0000, 0x0000, 0x0000, 0x0000, 0x0000, 0x0000, 0x0000, 0x0000, 0x0000, 0x0000, 0x0000, 0x0000,
    0x0000, 0x0000, 0x0000, 0x0000, 0x0000, 0x0000, 0x0000, 0x0000, 0x0000, 0x0000, 0x0000, 0x0000,
    0x0000, 0x0000, 0x0000, 0x0000, 0x0000, 0x0000, 0x0000, 0x0000, 0x0000, 0x0000, 0x0000, 0x0000,
    0x0000, 0x0000, 0x0000, 0x0000, 0x0000, 0x0000, 0x0000, 0x0000, 0x0000, 0x0000, 0x0000, 0x0000,
    0x0000, 0x0000, 0x0000, 0x0000, 0x0000, 0x0000, 0x0000, 0x0000, 0x0000, 0x0000, 0x0801, 0x00A0,
    0x2FA4, 0x17E0, 0x17E0, 0x17E0, 0x17E0, 0x17E0, 0x17E0, 0x17E0, 0x17E0, 0x17E0, 0x17E0, 0x17E0,
    0x17E0, 0x17E0, 0x17E0, 0x17E0, 0x17E0, 0x17E0, 0x17E0, 0x17E0, 0x17E0, 0x17E0, 0x17E0, 0x17E0,
    0x17E0, 0x17E0, 0x17E0, 0x17E0, 0x17E0, 0x17E0, 0x17E0, 0x17E0, 0x17E0, 0x17E0, 0x17E0, 0x17E0,
    0x17E0, 0x17E0, 0x17E0, 0x17E0, 0x17E0, 0x17E0, 0x17E0, 0x17E0, 0x17E0, 0x17E0, 0x17E0, 0x17E0,
    0x17E0, 0x17E0, 0x17E0, 0x17E0, 0x17E0, 0x17E0, 0x17E0, 0x17E0, 0x17E0, 0x17E0, 0x17E0, 0x17E0,
    0x17E0, 0x17E0, 0x17E0, 0x17E0, 0x17E0, 0x17E0, 0x17E0, 0x17E0, 0x17E0, 0x17E0, 0x17E0, 0x17E0,
    0x17E0, 0x17E0, 0x17E0, 0x17E0, 0x17E0, 0x17E0, 0x17E0, 0x17E0, 0x17E0, 0x17E0, 0x17E0, 0x17E0,
    0x17E0, 0x17E0, 0x17E0, 0x17E0, 0x17E0, 0x17E0, 0x17E0, 0x17E0, 0x17E0, 0x17E0, 0x17E0, 0x17E0,
    0x17E0, 0x17E0, 0x17E0, 0x17E0, 0x17E0, 0x17E0, 0x17E0, 0x17E0, 0x17E0, 0x17E0, 0x17E0, 0x17E0,
    0x17E0, 0x17E0, 0x17E0, 0x17E0, 0x17E0, 0x17E0, 0x17E0, 0x17E0, 0x17E0, 0x17E0, 0x17E0, 0x17E0,
    0x17E0, 0x17E0, 0x17E0, 0x17E0, 0x0FE0, 0x17E2, 0x01E0, 0x0020, 0x0000, 0x0000, 0x0000, 0x0000,
    0x0000, 0x0000, 0x0000, 0x0000, 0x0000, 0x0000, 0x0000, 0x0000, 0x0000, 0x0000, 0x0000, 0x0000,
    0x0000, 0x0000, 0x0000, 0x0000, 0x0000, 0x0000, 0x0000, 0x0000, 0x0000, 0x0000, 0x0000, 0x0000,
    0x0000, 0x0000, 0x0000, 0x0000, 0x0000, 0x0000, 0x0000, 0x0000, 0x0000, 0x0000, 0x0000, 0x0000,
    0x0000, 0x0000, 0x0000, 0x0000, 0x0000, 0x0000, 0x0000, 0x0000, 0x0000, 0x0000, 0x0000, 0x0000,
    0x0000, 0x0000, 0x0000, 0x0000, 0x0000, 0x0000, 0x0000, 0x0000, 0x0000, 0x0000, 0x0801, 0x09E1,
    0x1FE2, 0x17E0, 0x17E0, 0x17E0, 0x17E0, 0x17E0, 0x17E0, 0x17E0, 0x17E0, 0x17E0, 0x17E0, 0x17E0,
    0x17E0, 0x17E0, 0x17E0, 0x17E0, 0x17E0, 0x17E0, 0x17E0, 0x17E0, 0x17E0, 0x17E0, 0x17E0, 0x17E0,
    0x17E0, 0x17E0, 0x17E0, 0x17E0, 0x17E0, 0x17E0, 0x17E0, 0x17E0, 0x17E0, 0x17E0, 0x17E0, 0x17E0,
    0x17E0, 0x17E0, 0x17E0, 0x17E0, 0x17E0, 0x17E0, 0x17E0, 0x17E0, 0x17E0, 0x17E0, 0x17E0, 0x17E0,
    0x17E0, 0x17E0, 0x17E0, 0x17E0, 0x17E0, 0x17E0, 0x17E0, 0x17E0, 0x17E0, 0x17E0, 0x17E0, 0x17E0,
    0x17E0, 0x17E0, 0x17E0, 0x17E0, 0x17E0, 0x17E0, 0x17E0, 0x17E0, 0x17E0, 0x17E0, 0x17E0, 0x17E0,
    0x17E0, 0x17E0, 0x17E0, 0x17E0, 0x17E0, 0x17E0, 0x17E0, 0x17E0, 0x17E0, 0x17E0, 0x17E0, 0x17E0,
    0x17E0, 0x17E0, 0x17E0, 0x17E0, 0x17E0, 0x17E0, 0x17E0, 0x17E0, 0x17E0, 0x17E0, 0x17E0, 0x17E0,
    0x17E0, 0x17E0, 0x17E0, 0x17E0, 0x17E0, 0x17E0, 0x17E0, 0x17E0, 0x17E0, 0x17E0, 0x17E0, 0x17E0,
    0x17E0, 0x17E0, 0x17E0, 0x17E0, 0x17E0, 0x17E0, 0x17E0, 0x17E0, 0x17E0, 0x17E0, 0x17E0, 0x17E0,
    0x17E0, 0x17E0, 0x17E0, 0x17E0, 0x17C2, 0x17E0, 0x1C64, 0x0880, 0x0000, 0x0000, 0x0000, 0x0000,
    0x0000, 0x0000, 0x0000, 0x0000, 0x0000, 0x0000, 0x0000, 0x0000, 0x0000, 0x0000, 0x0000, 0x0000,
    0x0000, 0x0000, 0x0000, 0x0000, 0x0000, 0x0000, 0x0000, 0x0000, 0x0000, 0x0000, 0x0000, 0x0000,
    0x0000, 0x0000, 0x0000, 0x0000, 0x0000, 0x0000, 0x0000, 0x0000, 0x0000, 0x0000, 0x0000, 0x0000,
    0x0000, 0x0000, 0x0000, 0x0000, 0x0000, 0x0000, 0x0000, 0x0000, 0x0000, 0x0000, 0x0000, 0x0000,
    0x0000, 0x0000, 0x0000, 0x0000, 0x0000, 0x0000, 0x0000, 0x0000, 0x0000, 0x0020, 0x0061, 0x2523,
    0x27A3, 0x0FE0, 0x17E0, 0x17E0, 0x17E0, 0x17E0, 0x17E0, 0x17E0, 0x17E0, 0x17E0, 0x17E0, 0x17E0,
    0x17E0, 0x17E0, 0x17E0, 0x17E0, 0x17E0, 0x17E0, 0x17E0, 0x17E0, 0x17E0, 0x17E0, 0x17E0, 0x17E0,
    0x17E0, 0x17E0, 0x17E0, 0x17E0, 0x17E0, 0x17E0, 0x17E0, 0x17E0, 0x17E0, 0x17E0, 0x17E0, 0x17E0,
    0x17E0, 0x17E0, 0x17E0, 0x17E0, 0x17E0, 0x17E0, 0x17E0, 0x17E0, 0x17E0, 0x17E0, 0x17E0, 0x17E0,
    0x17E0, 0x17E0, 0x17E0, 0x17E0, 0x17E0, 0x17E0, 0x17E0, 0x17E0, 0x17E0, 0x17E0, 0x17E0, 0x17E0,
    0x17E0, 0x17E0, 0x17E0, 0x17E0, 0x17E0, 0x17E0, 0x17E0, 0x17E0, 0x17E0, 0x17E0, 0x17E0, 0x17E0,
    0x17E0, 0x17E0, 0x17E0, 0x17E0, 0x17E0, 0x17E0, 0x17E0, 0x17E0, 0x17E0, 0x17E0, 0x17E0, 0x17E0,
    0x17E0, 0x17E0, 0x17E0, 0x17E0, 0x17E0, 0x17E0, 0x17E0, 0x17E0, 0x17E0, 0x17E0, 0x17E0, 0x17E0,
    0x17E0, 0x17E0, 0x17E0, 0x17E0, 0x17E0, 0x17E0, 0x17E0, 0x17E0, 0x17E0, 0x17E0, 0x17E0, 0x17E0,
    0x17E0, 0x17E0, 0x17E0, 0x17E0, 0x17E0, 0x17E0, 0x17E0, 0x17E0, 0x17E0, 0x17E0, 0x17E0, 0x17E0,
    0x17E0, 0x17E0, 0x17E0, 0x17E0, 0x17E0, 0x17E1, 0x2723, 0x1341, 0x0000, 0x0000, 0x0000, 0x0000,
    0x0000, 0x0000, 0x0000, 0x0000, 0x0000, 0x0000, 0x0000, 0x0000, 0x0000, 0x0000, 0x0000, 0x0000,
    0x0000, 0x0000, 0x0000, 0x0000, 0x0000, 0x0000, 0x0000, 0x0000, 0x0000, 0x0000, 0x0000, 0x0000,
    0x0000, 0x0000, 0x0000, 0x0000, 0x0000, 0x0000, 0x0000, 0x0000, 0x0000, 0x0000, 0x0000, 0x0000,
    0x0000, 0x0000, 0x0000, 0x0000, 0x0000, 0x0000, 0x0000, 0x0000, 0x0000, 0x0000, 0x0000, 0x0000,
    0x0000, 0x0000, 0x0000, 0x0000, 0x0000, 0x0000, 0x0000, 0x0000, 0x0000, 0x0020, 0x1A42, 0x2E64,
    0x1FE2, 0x17E0, 0x17E0, 0x17E0, 0x17E0, 0x17E0, 0x17E0, 0x17E0, 0x17E0, 0x17E0, 0x17E0, 0x17E0,
    0x17E0, 0x17E0, 0x17E0, 0x17E0, 0x17E0, 0x17E0, 0x17E0, 0x17E0, 0x17E0, 0x17E0, 0x17E0, 0x17E0,
    0x17E0, 0x17E0, 0x17E0, 0x17E0, 0x17E0, 0x17E0, 0x17E0, 0x17E0, 0x17E0, 0x17E0, 0x17E0, 0x17E0,
    0x17E0, 0x17E0, 0x17E0, 0x17E0, 0x17E0, 0x17E0, 0x17E0, 0x17E0, 0x17E0, 0x17E0, 0x17E0, 0x17E0,
    0x17E0, 0x17E0, 0x17E0, 0x17E0, 0x17E0, 0x17E0, 0x17E0, 0x17E0, 0x17E0, 0x17E0, 0x17E0, 0x17E0,
    0x17E0, 0x17E0, 0x17E0, 0x17E0, 0x17E0, 0x17E0, 0x17E0, 0x17E0, 0x17E0, 0x17E0, 0x17E0, 0x17E0,
    0x17E0, 0x17E0, 0x17E0, 0x17E0, 0x17E0, 0x17E0, 0x17E0, 0x17E0, 0x17E0, 0x17E0, 0x17E0, 0x17E0,
    0x17E0, 0x17E0, 0x17E0, 0x17E0, 0x17E0, 0x17E0, 0x17E0, 0x17E0, 0x17E0, 0x17E0, 0x17E0, 0x17E0,
    0x17E0, 0x17E0, 0x17E0, 0x17E0, 0x17E0, 0x17E0, 0x17E0, 0x17E0, 0x17E0, 0x17E0, 0x17E0, 0x17E0,
    0x17E0, 0x17E0, 0x17E0, 0x17E0, 0x17E0, 0x17E0, 0x17E0, 0x17E0, 0x17E0, 0x17E0, 0x17E0, 0x17E0,
    0x17E0, 0x17E0, 0x17E0, 0x17E0, 0x17E0, 0x1FE1, 0x2783, 0x24C4, 0x0000, 0x0000, 0x0000, 0x0000,
    0x0000, 0x0000, 0x0000, 0x0000, 0x0000, 0x0000, 0x0000, 0x0000, 0x0000, 0x0000, 0x0000, 0x0000,
    0x0000, 0x0000, 0x0000, 0x0000, 0x0000, 0x0000, 0x0000, 0x0000, 0x0000, 0x0000, 0x0000, 0x0000,
    0x0000, 0x0000, 0x0000, 0x0000, 0x0000, 0x0000, 0x0000, 0x0000, 0x0000, 0x0000, 0x0000, 0x0000,
    0x0000, 0x0000, 0x0000, 0x0000, 0x0000, 0x0000, 0x0000, 0x0000, 0x0000, 0x0000, 0x0000, 0x0000,
    0x0000, 0x0000, 0x0000, 0x0000, 0x0000, 0x0000, 0x0000, 0x0000, 0x0000, 0x0000, 0x25A3, 0x1FE1,
    0x17E0, 0x1FE1, 0x17E0, 0x17E0, 0x17E0, 0x17E0, 0x17E0, 0x17E0, 0x17E0, 0x17E0, 0x17E0, 0x17E0,
    0x17E0, 0x17E0, 0x17E0, 0x17E0, 0x17E0, 0x17E0, 0x17E0, 0x17E0, 0x17E0, 0x17E0, 0x17E0, 0x17E0,
    0x17E0, 0x17E0, 0x17E0, 0x17E0, 0x17E0, 0x17E0, 0x17E0, 0x17E0, 0x17E0, 0x17E0, 0x17E0, 0x17E0,
    0x17E0, 0x17E0, 0x17E0, 0x17E0, 0x17E0, 0x17E0, 0x17E0, 0x17E0, 0x17E0, 0x17E0, 0x17E0, 0x17E0,
    0x17E0, 0x17E0, 0x17E0, 0x17E0, 0x17E0, 0x17E0, 0x17E0, 0x17E0, 0x17E0, 0x17E0, 0x17E0, 0x17E0,
    0x17E0, 0x17E0, 0x17E0, 0x17E0, 0x17E0, 0x17E0, 0x17E0, 0x17E0, 0x17E0, 0x17E0, 0x17E0, 0x17E0,
    0x17E0, 0x17E0, 0x17E0, 0x17E0, 0x17E0, 0x17E0, 0x17E0, 0x17E0, 0x17E0, 0x17E0, 0x17E0, 0x17E0,
    0x17E0, 0x17E0, 0x17E0, 0x17E0, 0x17E0, 0x17E0, 0x17E0, 0x17E0, 0x17E0, 0x17E0, 0x17E0, 0x17E0,
    0x17E0, 0x17E0, 0x17E0, 0x17E0, 0x17E0, 0x17E0, 0x17E0, 0x17E0, 0x17E0, 0x17E0, 0x17E0, 0x17E0,
    0x17E0, 0x17E0, 0x17E0, 0x17E0, 0x17E0, 0x17E0, 0x17E0, 0x17E0, 0x17E0, 0x17E0, 0x17E0, 0x17E0,
    0x17E0, 0x17E0, 0x17E0, 0x17E0, 0x17E0, 0x1FC1, 0x17E0, 0x3765, 0x0000, 0x0000, 0x0000, 0x0000,
    0x0000, 0x0000, 0x0000, 0x0000, 0x0000, 0x0000, 0x0000, 0x0000, 0x0000, 0x0000, 0x0000, 0x0000,
    0x0000, 0x0000, 0x0000, 0x0000, 0x0000, 0x0000, 0x0000, 0x0000, 0x0000, 0x0000, 0x0000, 0x0000,
    0x0000, 0x0000, 0x0000, 0x0000, 0x0000, 0x0000, 0x0000, 0x0000, 0x0000, 0x0000, 0x0000, 0x0000,
    0x0000, 0x0000, 0x0000, 0x0000, 0x0000, 0x0000, 0x0000, 0x0000, 0x0000, 0x0000, 0x0000, 0x0000,
    0x0000, 0x0000, 0x0000, 0x0000, 0x0000, 0x0000, 0x0000, 0x0000, 0x0000, 0x0000, 0x26C3, 0x17E0,
    0x17C0, 0x17E1, 0x17E0, 0x17E0, 0x17E0, 0x17E0, 0x17E0, 0x17E0, 0x17E0, 0x17E0, 0x17E0, 0x17E0,
    0x17E0, 0x17E0, 0x17E0, 0x17E0, 0x17E0, 0x17E0, 0x17E0, 0x17E0, 0x17E0, 0x17E0, 0x17E0, 0x17E0,
    0x17E0, 0x17E0, 0x17E0, 0x17E0, 0x17E0, 0x17E0, 0x17E0, 0x17E0, 0x17E0, 0x17E0, 0x17E0, 0x17E0,
    0x17E0, 0x17E0, 0x17E0, 0x17E0, 0x17E0, 0x17E0, 0x17E0, 0x17E0, 0x17E0, 0x17E0, 0x17E0, 0x17E0,
    0x17E0, 0x17E0, 0x17E0, 0x17E0, 0x17E0, 0x17E0, 0x17E0, 0x17E0, 0x17E0, 0x17E0, 0x17E0, 0x17E0,
    0x17E0, 0x17E0, 0x17E0, 0x17E0, 0x17E0, 0x17E0, 0x17E0, 0x17E0, 0x17E0, 0x17E0, 0x17E0, 0x17E0,
    0x17E0, 0x17E0, 0x17E0, 0x17E0, 0x17E0, 0x17E0, 0x17E0, 0x17E0, 0x17E0, 0x17E0, 0x17E0, 0x17E0,
    0x17E0, 0x17E0, 0x17E0, 0x17E0, 0x17E0, 0x17E0, 0x17E0, 0x17E0, 0x17E0, 0x17E0, 0x17E0, 0x17E0,
    0x17E0, 0x17E0, 0x17E0, 0x17E0, 0x17E0, 0x17E0, 0x17E0, 0x17E0, 0x17E0, 0x17E0, 0x17E0, 0x17E0,
    0x17E0, 0x17E0, 0x17E0, 0x17E0, 0x17E0, 0x17E0, 0x17E0, 0x17E0, 0x17E0, 0x17E0, 0x17E0, 0x17E0,
    0x17E0, 0x17E0, 0x17E0, 0x17E0, 0x17E0, 0x1780, 0x0FE0, 0x2FE4, 0x0020, 0x0000, 0x0000, 0x0000,
    0x0000, 0x0000, 0x0000, 0x0000, 0x0000, 0x0000, 0x0000, 0x0000, 0x0000, 0x0000, 0x0000, 0x0000,
    0x0000, 0x0000, 0x0000, 0x0000, 0x0000, 0x0000, 0x0000, 0x0000, 0x0000, 0x0000, 0x0000, 0x0000,
    0x0000, 0x0000, 0x0000, 0x0000, 0x0000, 0x0000, 0x0000, 0x0000, 0x0000, 0x0000, 0x0000, 0x0000,
    0x0000, 0x0000, 0x0000, 0x0000, 0x0000, 0x0000, 0x0000, 0x0000, 0x0000, 0x0000, 0x0000, 0x0000,
    0x0000, 0x0000, 0x0000, 0x0000, 0x0000, 0x0000, 0x0000, 0x0801, 0x0021, 0x0020, 0x1F83, 0x17C0,
    0x17E1, 0x17E0, 0x17E0, 0x17E0, 0x17E0, 0x17E0, 0x17E0, 0x17E0, 0x17E0, 0x17E0, 0x17E0, 0x17E0,
    0x17E0, 0x17E0, 0x17E0, 0x17E0, 0x17E0, 0x17E0, 0x17E0, 0x17E0, 0x17E0, 0x1FE1, 0x17C0, 0x1FE1,
    0x1FE1, 0x17E0, 0x17E0, 0x17E0, 0x17E0, 0x17E0, 0x17E0, 0x17E0, 0x17E0, 0x17E0, 0x17E0, 0x17E0,
    0x17E0, 0x17E0, 0x17E0, 0x17E0, 0x17E0, 0x17E0, 0x17E0, 0x17E0, 0x17E0, 0x17E0, 0x17E0, 0x17E0,
    0x17E0, 0x17E0, 0x17E0, 0x17E0, 0x17E0, 0x17E0, 0x17E0, 0x17E0, 0x17E0, 0x17E0, 0x17E0, 0x17E0,
    0x17E0, 0x17E0, 0x17E0, 0x17E0, 0x17E0, 0x17E0, 0x17E0, 0x17E0, 0x17E0, 0x17E0, 0x17E0, 0x17E0,
    0x17E0, 0x17E0, 0x17E0, 0x17E0, 0x17E0, 0x17E0, 0x17E0, 0x17E0, 0x17E0, 0x17E0, 0x17E0, 0x17E0,
    0x17E0, 0x17E0, 0x17E0, 0x17E0, 0x17E0, 0x17E0, 0x17E0, 0x17E0, 0x17E0, 0x17E0, 0x17E0, 0x17E0,
    0x17E0, 0x17E0, 0x17E0, 0x17E0, 0x17E0, 0x17E1, 0x17E0, 0x1FC0, 0x17E1, 0x17E0, 0x17E0, 0x17E0,
    0x17E0, 0x17E0, 0x17E0, 0x17E0, 0x17E0, 0x17E0, 0x17E0, 0x17E0, 0x17E0, 0x17E0, 0x17E0, 0x17E0,
    0x17E0, 0x17E0, 0x17E0, 0x17E0, 0x17E0, 0x0FE0, 0x17E1, 0x1FC1, 0x1342, 0x0020, 0x0020, 0x0000,
    0x0000, 0x0000, 0x0000, 0x0000, 0x0000, 0x0000, 0x0000, 0x0000, 0x0000, 0x0000, 0x0000, 0x0000,
    0x0000, 0x0000, 0x0000, 0x0000, 0x0000, 0x0000, 0x0000, 0x0000, 0x0000, 0x0000, 0x0000, 0x0000,
    0x0000, 0x0000, 0x0000, 0x0000, 0x0000, 0x0000, 0x0000, 0x0000, 0x0000, 0x0000, 0x0000, 0x0000,
    0x0000, 0x0000, 0x0000, 0x0000, 0x0000, 0x0000, 0x0000, 0x0000, 0x0000, 0x0000, 0x0000, 0x0000,
    0x0000, 0x0000, 0x0000, 0x0000, 0x0000, 0x0000, 0x0000, 0x0822, 0x0821, 0x00A0, 0x17C1, 0x0FC0,
    0x17E1, 0x17E0, 0x17E0, 0x17E0, 0x17E0, 0x17E0, 0x17E0, 0x17E0, 0x17E0, 0x17E0, 0x17E0, 0x17E0,
    0x17E0, 0x17E0, 0x17E0, 0x17E0, 0x17E0, 0x17E0, 0x17E0, 0x17E0, 0x17E0, 0x17C1, 0x17E0, 0x0FE0,
    0x17E0, 0x17E0, 0x17E0, 0x17E0, 0x17E0, 0x17E0, 0x17E0, 0x17E0, 0x17E0, 0x17E0, 0x17E0, 0x17E0,
    0x17E0, 0x17E0, 0x17E0, 0x17E0, 0x17E0, 0x17E0, 0x17E0, 0x17E0, 0x17E0, 0x17E0, 0x17E0, 0x17E0,
    0x17E0, 0x17E0, 0x17E0, 0x17E0, 0x17E0, 0x17E0, 0x17E0, 0x17E0, 0x17E0, 0x17E0, 0x17E0, 0x17E0,
    0x17E0, 0x17E0, 0x17E0, 0x17E0, 0x17E0, 0x17E0, 0x17E0, 0x17E0, 0x17E0, 0x17E0, 0x17E0, 0x17E0,
    0x17E0, 0x17E0, 0x17E0, 0x17E0, 0x17E0, 0x17E0, 0x17E0, 0x17E0, 0x17E0, 0x17E0, 0x17E0, 0x17E0,
    0x17E0, 0x17E0, 0x17E0, 0x17E0, 0x17E0, 0x17E0, 0x17E0, 0x17E0, 0x17E0, 0x17E0, 0x17E0, 0x17E0,
    0x17E0, 0x17E0, 0x17E0, 0x17E0, 0x17E0, 0x1FC1, 0x0FE0, 0x1FE0, 0x1FE0, 0x17E0, 0x17E0, 0x17E0,
    0x17E0, 0x17E0, 0x17E0, 0x17E0, 0x17E0, 0x17E0, 0x17E0, 0x17E0, 0x17E0, 0x17E0, 0x17E0, 0x17E0,
    0x17E0, 0x17E0, 0x17E0, 0x17E0, 0x17E1, 0x17E0, 0x17E1, 0x1FE1, 0x1C63, 0x0020, 0x0040, 0x0000,
    0x0000, 0x0000, 0x0000, 0x0000, 0x0000, 0x0000, 0x0000, 0x0000, 0x0000, 0x0000, 0x0000, 0x0000,
    0x0000, 0x0000, 0x0000, 0x0000, 0x0000, 0x0000, 0x0000, 0x0000, 0x0000, 0x0000, 0x0000, 0x0000,
    0x0000, 0x0000, 0x0000, 0x0000, 0x0000, 0x0000, 0x0000, 0x0000, 0x0000, 0x0000, 0x0000, 0x0000,
    0x0000, 0x0000, 0x0000, 0x0000, 0x0000, 0x0000, 0x0000, 0x0000, 0x0000, 0x0000, 0x0000, 0x0000,
    0x0000, 0x0000, 0x0000, 0x0000, 0x0000, 0x0000, 0x0001, 0x0020, 0x0001, 0x0A60, 0x17C0, 0x17E0,
    0x17C1, 0x17E0, 0x17E0, 0x17E0, 0x17E0, 0x17E0, 0x17E0, 0x17E0, 0x17E0, 0x17E0, 0x17E0, 0x17E0,
    0x17E0, 0x17E0, 0x17E0, 0x17E0, 0x17E0, 0x17E0, 0x17E0, 0x17E0, 0x17E0, 0x17E0, 0x2743, 0x2F63,
    0x1FC1, 0x17E0, 0x17E0, 0x17E0, 0x17E0, 0x17E0, 0x17E0, 0x17E0, 0x17E0, 0x17E0, 0x17E0, 0x17E0,
    0x17E0, 0x17E0, 0x17E0, 0x17E0, 0x17E0, 0x17E0, 0x17E0, 0x17E0, 0x17E0, 0x17E0, 0x17E0, 0x17E0,
    0x17E0, 0x17E0, 0x17E0, 0x17E0, 0x17E0, 0x17E0, 0x17E0, 0x17E0, 0x17E0, 0x17E0, 0x17E0, 0x17E0,
    0x17E0, 0x17E0, 0x17E0, 0x17E0, 0x17E0, 0x17E0, 0x17E0, 0x17E0, 0x17E0, 0x17E0, 0x17E0, 0x17E0,
    0x17E0, 0x17E0, 0x17E0, 0x17E0, 0x17E0, 0x17E0, 0x17E0, 0x17E0, 0x17E0, 0x17E0, 0x17E0, 0x17E0,
    0x17E0, 0x17E0, 0x17E0, 0x17E0, 0x17E0, 0x17E0, 0x17E0, 0x17E0, 0x17E0, 0x17E0, 0x17E0, 0x17E0,
    0x17E0, 0x17E0, 0x17E0, 0x17E0, 0x17E0, 0x17E0, 0x27E3, 0x2F43, 0x1FA1, 0x17E0, 0x17E0, 0x17E0,
    0x17E0, 0x17E0, 0x17E0, 0x17E0, 0x17E0, 0x17E0, 0x17E0, 0x17E0, 0x17E0, 0x17E0, 0x17E0, 0x17E0,
    0x17E0, 0x17E0, 0x17E0, 0x17E0, 0x17E1, 0x17E1, 0x17E0, 0x17E0, 0x2623, 0x0020, 0x0021, 0x0000,
    0x0000, 0x0000, 0x0000, 0x0000, 0x0000, 0x0000, 0x0000, 0x0000, 0x0000, 0x0000, 0x0000, 0x0000,
    0x0000, 0x0000, 0x0000, 0x0000, 0x0000, 0x0000, 0x0000, 0x0000, 0x0000, 0x0000, 0x0000, 0x0000,
    0x0000, 0x0000, 0x0000, 0x0000, 0x0000, 0x0000, 0x0000, 0x0000, 0x0000, 0x0000, 0x0000, 0x0000,
    0x0000, 0x0000, 0x0000, 0x0000, 0x0000, 0x0000, 0x0000, 0x0000, 0x0000, 0x0000, 0x0000, 0x0000,
    0x0000, 0x0000, 0x0000, 0x0000, 0x0000, 0x0000, 0x0001, 0x0000, 0x0801, 0x1B83, 0x17E1, 0x17C0,
    0x17E1, 0x17E0, 0x17E0, 0x17E0, 0x17E0, 0x17E0, 0x17E0, 0x17E0, 0x17E0, 0x17E0, 0x17E0, 0x17E0,
    0x17E0, 0x17E0, 0x17E0, 0x17E0, 0x17E0, 0x17E0, 0x17E0, 0x17E0, 0x17E0, 0x1FC2, 0x1CE2, 0x1481,
    0x2FA3, 0x17E0, 0x17E0, 0x17E0, 0x17E0, 0x17E0, 0x17E0, 0x17E0, 0x17E0, 0x17E0, 0x17E0, 0x17E0,
    0x17E0, 0x17E0, 0x17E0, 0x17E0, 0x17E0, 0x17E0, 0x17E0, 0x17E0, 0x17E0, 0x17E0, 0x17E0, 0x17E0,
    0x17E0, 0x17E0, 0x17E0, 0x17E0, 0x17E0, 0x17E0, 0x17E0, 0x17E0, 0x17E0, 0x17E0, 0x17E0, 0x17E0,
    0x17E0, 0x17E0, 0x17E0, 0x17E0, 0x17E0, 0x17E0, 0x17E0, 0x17E0, 0x17E0, 0x17E0, 0x17E0, 0x17E0,
    0x17E0, 0x17E0, 0x17E0, 0x17E0, 0x17E0, 0x17E0, 0x17E0, 0x17E0, 0x17E0, 0x17E0, 0x17E0, 0x17E0,
    0x17E0, 0x17E0, 0x17E0, 0x17E0, 0x17E0, 0x17E0, 0x17E0, 0x17E0, 0x17E0, 0x17E0, 0x17E0, 0x17E0,
    0x17E0, 0x17E0, 0x17E0, 0x17E0, 0x17E0, 0x2FE2, 0x2F05, 0x14C1, 0x2703, 0x17E0, 0x17E0, 0x17E0,
    0x17E0, 0x17E0, 0x17E0, 0x17E0, 0x17E0, 0x17E0, 0x17E0, 0x17E0, 0x17E0, 0x17E0, 0x17E0, 0x17E0,
    0x17E0, 0x17E0, 0x17E0, 0x17E0, 0x17E1, 0x17E1, 0x17E0, 0x17E0, 0x2EA4, 0x0040, 0x0822, 0x0000,
    0x0000, 0x0000, 0x0000, 0x0000, 0x0000, 0x0000, 0x0000, 0x0000, 0x0000, 0x0000, 0x0000, 0x0000,
    0x0000, 0x0000, 0x0000, 0x0000, 0x0000, 0x0000, 0x0000, 0x0000, 0x0000, 0x0000, 0x0000, 0x0000,
    0x0000, 0x0000, 0x0000, 0x0000, 0x0000, 0x0000, 0x0000, 0x0000, 0x0000, 0x0000, 0x0000, 0x0000,
    0x0000, 0x0000, 0x0000, 0x0000, 0x0000, 0x0000, 0x0000, 0x0000, 0x0000, 0x0000, 0x0000, 0x0000,
    0x0000, 0x0000, 0x0000, 0x0000, 0x0000, 0x0000, 0x0000, 0x0000, 0x00E0, 0x1D22, 0x17E0, 0x17E0,
    0x17E0, 0x17E0, 0x17E0, 0x17E0, 0x17E0, 0x17E0, 0x17E0, 0x17E0, 0x17E0, 0x17E0, 0x17E0, 0x17E0,
    0x17E0, 0x17E0, 0x17E0, 0x17E0, 0x17E0, 0x17C1, 0x17E0, 0x17E0, 0x27C3, 0x2D84, 0x1002, 0x0821,
    0x0B80, 0x2EA4, 0x0FE0, 0x1FE2, 0x1FE0, 0x17E0, 0x17E0, 0x17E0, 0x17E0, 0x17E0, 0x17E0, 0x17E0,
    0x17E0, 0x17E0, 0x17E0, 0x17E0, 0x17E0, 0x17E0, 0x17E0, 0x17E0, 0x17E0, 0x17E0, 0x17E0, 0x17E0,
    0x17E0, 0x17E0, 0x17E0, 0x17E0, 0x17E0, 0x17E0, 0x17E0, 0x17E0, 0x17E0, 0x17E0, 0x17E0, 0x17E0,
    0x17E0, 0x17E0, 0x17E0, 0x17E0, 0x17E0, 0x17E0, 0x17E0, 0x17E0, 0x17E0, 0x17E0, 0x17E0, 0x17E0,
    0x17E0, 0x17E0, 0x17E0, 0x17E0, 0x17E0, 0x17E0, 0x17E0, 0x17E0, 0x17E0, 0x17E0, 0x17E0, 0x17E0,
    0x17E0, 0x17E0, 0x17E0, 0x17E0, 0x17E0, 0x17E0, 0x17E0, 0x17E0, 0x17E0, 0x17E0, 0x17E0, 0x17E0,
    0x17E0, 0x1FE0, 0x0FC1, 0x17E0, 0x1FC0, 0x2DC3, 0x01C0, 0x1002, 0x01E0, 0x1FA2, 0x17C0, 0x0FE1,
    0x17C0, 0x17E0, 0x17E0, 0x17E0, 0x17E0, 0x17E0, 0x17E0, 0x17E0, 0x17E0, 0x17E0, 0x17E0, 0x17E0,
    0x17E0, 0x17E0, 0x17E0, 0x17E0, 0x17E0, 0x17E0, 0x17E0, 0x17E0, 0x2742, 0x0001, 0x0021, 0x0021,
    0x0000, 0x0000, 0x0000, 0x0000, 0x0000, 0x0000, 0x0000, 0x0000, 0x0000, 0x0000, 0x0000, 0x0000,
    0x0000, 0x0000, 0x0000, 0x0000, 0x0000, 0x0000, 0x0000, 0x0000, 0x0000, 0x0000, 0x0000, 0x0000,
    0x0000, 0x0000, 0x0000, 0x0000, 0x0000, 0x0000, 0x0000, 0x0000, 0x0000, 0x0000, 0x0000, 0x0000,
    0x0000, 0x0000, 0x0000, 0x0000, 0x0000, 0x0000, 0x0000, 0x0000, 0x0000, 0x0000, 0x0000, 0x0000,
    0x0000, 0x0000, 0x0000, 0x0000, 0x0000, 0x0000, 0x0000, 0x0000, 0x11C1, 0x3665, 0x17E0, 0x17E0,
    0x17E0, 0x17E0, 0x17E0, 0x17E0, 0x17E0, 0x17E0, 0x17E0, 0x17E0, 0x17E0, 0x17E0, 0x17E0, 0x17E0,
    0x17E0, 0x17E0, 0x17E0, 0x17E0, 0x17E0, 0x1FC1, 0x0FE0, 0x0FC0, 0x1CC2, 0x00A1, 0x0801, 0x0040,
    0x0802, 0x0101, 0x2F83, 0x0FC1, 0x17E0, 0x17E0, 0x17E0, 0x17E0, 0x17E0, 0x17E0, 0x17E0, 0x17E0,
    0x17E0, 0x17E0, 0x17E0, 0x17E0, 0x17E0, 0x17E0, 0x17E0, 0x17E0, 0x17E0, 0x17E0, 0x17E0, 0x17E0,
    0x17E0, 0x17E0, 0x17E0, 0x17E0, 0x17E0, 0x17E0, 0x17E0, 0x17E0, 0x17E0, 0x17E0, 0x17E0, 0x17E0,
    0x17E0, 0x17E0, 0x17E0, 0x17E0, 0x17E0, 0x17E0, 0x17E0, 0x17E0, 0x17E0, 0x17E0, 0x17E0, 0x17E0,
    0x17E0, 0x17E0, 0x17E0, 0x17E0, 0x17E0, 0x17E0, 0x17E0, 0x17E0, 0x17E0, 0x17E0, 0x17E0, 0x17E0,
    0x17E0, 0x17E0, 0x17E0, 0x17E0, 0x17E0, 0x17E0, 0x17E0, 0x17E0, 0x17E0, 0x17E0, 0x17E0, 0x17E0,
    0x17E0, 0x0FE0, 0x1FA0, 0x1FE3, 0x2643, 0x0000, 0x0820, 0x0800, 0x0841, 0x24E3, 0x2FA4, 0x17E0,
    0x17E0, 0x17E0, 0x17E0, 0x17E0, 0x17E0, 0x17E0, 0x17E0, 0x17E0, 0x17E0, 0x17E0, 0x17E0, 0x17E0,
    0x17E0, 0x17E0, 0x17E0, 0x17E0, 0x17E0, 0x17E0, 0x17E0, 0x17E0, 0x1FE3, 0x0020, 0x0020, 0x0000,
    0x0000, 0x0000, 0x0000, 0x0000, 0x0000, 0x0000, 0x0000, 0x0000, 0x0000, 0x0000, 0x0000, 0x0000,
    0x0000, 0x0000, 0x0000, 0x0000, 0x0000, 0x0000, 0x0000, 0x0000, 0x0000, 0x0000, 0x0000, 0x0000,
    0x0000, 0x0000, 0x0000, 0x0000, 0x0000, 0x0000, 0x0000, 0x0000, 0x0000, 0x0000, 0x0000, 0x0000,
    0x0000, 0x0000, 0x0000, 0x0000, 0x0000, 0x0000, 0x0000, 0x0000, 0x0000, 0x0000, 0x0000, 0x0000,
    0x0000, 0x0000, 0x0000, 0x0000, 0x0000, 0x0000, 0x0000, 0x0020, 0x1221, 0x36E5, 0x17E0, 0x17E0,
    0x17E0, 0x17E0, 0x17E0, 0x17E0, 0x17E0, 0x17E0, 0x17E0, 0x17E0, 0x17E0, 0x17E0, 0x17E0, 0x17E0,
    0x17E0, 0x17E0, 0x17E0, 0x17E0, 0x17E0, 0x1FE1, 0x0FE0, 0x1FC2, 0x0A20, 0x0841, 0x0000, 0x0040,
    0x1042, 0x0021, 0x2DA4, 0x27C3, 0x17E0, 0x17E0, 0x17E0, 0x17E0, 0x17E0, 0x17E0, 0x17E0, 0x17E0,
    0x17E0, 0x17E0, 0x17E0, 0x17E0, 0x17E0, 0x17E0, 0x17E0, 0x17E0, 0x17E0, 0x17E0, 0x17E0, 0x17E0,
    0x17E0, 0x17E0, 0x17E0, 0x17E0, 0x17E0, 0x17E0, 0x17E0, 0x17E0, 0x17E0, 0x17E0, 0x17E0, 0x17E0,
    0x17E0, 0x17E0, 0x17E0, 0x17E0, 0x17E0, 0x17E0, 0x17E0, 0x17E0, 0x17E0, 0x17E0, 0x17E0, 0x17E0,
    0x17E0, 0x17E0, 0x17E0, 0x17E0, 0x17E0, 0x17E0, 0x17E0, 0x17E0, 0x17E0, 0x17E0, 0x17E0, 0x17E0,
    0x17E0, 0x17E0, 0x17E0, 0x17E0, 0x17E0, 0x17E0, 0x17E0, 0x17E0, 0x17E0, 0x17E0, 0x17E0, 0x17E0,
    0x17E0, 0x17E1, 0x1FA1, 0x26C3, 0x13A2, 0x0000, 0x0000, 0x0020, 0x0821, 0x0A80, 0x2684, 0x17E0,
    0x1FE1, 0x17E0, 0x17E0, 0x17E0, 0x17E0, 0x17E0, 0x17E0, 0x17E0, 0x17E0, 0x17E0, 0x17E0, 0x17E0,
    0x17E0, 0x17E0, 0x17E0, 0x17E0, 0x17E0, 0x17E0, 0x17E0, 0x17E0, 0x1FE2, 0x0020, 0x0020, 0x0000,
    0x0000, 0x0000, 0x0000, 0x0000, 0x0000, 0x0000, 0x0000, 0x0000, 0x0000, 0x0000, 0x0000, 0x0000,
    0x0000, 0x0000, 0x0000, 0x0000, 0x0000, 0x0000, 0x0000, 0x0000, 0x0000, 0x0000, 0x0000, 0x0000,
    0x0000, 0x0000, 0x0000, 0x0000, 0x0000, 0x0000, 0x0000, 0x0000, 0x0000, 0x0000, 0x0000, 0x0000,
    0x0000, 0x0000, 0x0000, 0x0000, 0x0000, 0x0000, 0x0000, 0x0000, 0x0000, 0x0000, 0x0000, 0x0000,
    0x0000, 0x0000, 0x0000, 0x0000, 0x0000, 0x0000, 0x0020, 0x0020, 0x1A63, 0x3F07, 0x17C1, 0x17E1,
    0x17E0, 0x17E0, 0x17E0, 0x17E0, 0x17E0, 0x17E0, 0x17E0, 0x17E0, 0x17E0, 0x17E0, 0x17E0, 0x17E0,
    0x17E0, 0x17E0, 0x17E0, 0x17E0, 0x17E0, 0x17C1, 0x27C1, 0x2E64, 0x0802, 0x0000, 0x0000, 0x0000,
    0x0021, 0x0001, 0x1080, 0x2343, 0x17E1, 0x1FC1, 0x17C1, 0x0FE0, 0x1FE1, 0x17E0, 0x17E0, 0x17E0,
    0x17E0, 0x17E0, 0x17E0, 0x17E0, 0x17E0, 0x17E0, 0x17E0, 0x17E0, 0x17E0, 0x17E0, 0x17E0, 0x17E0,
    0x17E0, 0x17E0, 0x17E0, 0x17E0, 0x17E0, 0x17E0, 0x17E0, 0x17E0, 0x17E0, 0x17E0, 0x17E0, 0x17E0,
    0x17E0, 0x17E0, 0x17E0, 0x17E0, 0x17E0, 0x17E0, 0x17E0, 0x17E0, 0x17E0, 0x17E0, 0x17E0, 0x17E0,
    0x17E0, 0x17E0, 0x17E0, 0x17E0, 0x17E0, 0x17E0, 0x17E0, 0x17E0, 0x17E0, 0x17E0, 0x17E0, 0x17E0,
    0x17E0, 0x17E0, 0x17E0, 0x17E0, 0x17E0, 0x17E0, 0x17E0, 0x17E0, 0x17E0, 0x17E0, 0x1FC2, 0x0FE0,
    0x17E1, 0x1FC3, 0x3EC6, 0x0060, 0x0000, 0x0000, 0x0000, 0x0000, 0x0000, 0x0842, 0x0A20, 0x17E1,
    0x17E0, 0x17E0, 0x17E0, 0x17E0, 0x17E0, 0x17E0, 0x17E0, 0x17E0, 0x17E0, 0x17E0, 0x17E0, 0x17E0,
    0x17E0, 0x17E0, 0x17E0, 0x17E0, 0x17E0, 0x17E0, 0x17E0, 0x17E0, 0x17C1, 0x0801, 0x0020, 0x0020,
    0x0000, 0x0000, 0x0000, 0x0000, 0x0000, 0x0000, 0x0000, 0x0000, 0x0000, 0x0000, 0x0000, 0x0000,
    0x0000, 0x0000, 0x0000, 0x0000, 0x0000, 0x0000, 0x0000, 0x0000, 0x0000, 0x0000, 0x0000, 0x0000,
    0x0000, 0x0000, 0x0000, 0x0000, 0x0000, 0x0000, 0x0000, 0x0000, 0x0000, 0x0000, 0x0000, 0x0000,
    0x0000, 0x0000, 0x0000, 0x0000, 0x0000, 0x0000, 0x0000, 0x0000, 0x0000, 0x0000, 0x0000, 0x0000,
    0x0000, 0x0000, 0x0000, 0x0000, 0x0000, 0x0000, 0x0000, 0x0000, 0x1A62, 0x3EE6, 0x17C1, 0x17E1,
    0x17E0, 0x17E0, 0x17E0, 0x17E0, 0x17E0, 0x17E0, 0x17E0, 0x17E0, 0x17E0, 0x17E0, 0x17E0, 0x17E0,
    0x17E0, 0x17E0, 0x17E0, 0x17E0, 0x17E0, 0x17E0, 0x2F83, 0x1D02, 0x0802, 0x0000, 0x0000, 0x0000,
    0x0000, 0x0020, 0x0000, 0x0120, 0x2724, 0x17E2, 0x1FC0, 0x1FE1, 0x17E0, 0x17E0, 0x17E0, 0x17E0,
    0x17E0, 0x17E0, 0x17E0, 0x17E0, 0x17E0, 0x17E0, 0x17E0, 0x17E0, 0x17E0, 0x17E0, 0x17E0, 0x17E0,
    0x17E0, 0x17E0, 0x17E0, 0x17E0, 0x17E0, 0x17E0, 0x17E0, 0x17E0, 0x17E0, 0x17E0, 0x17E0, 0x17E0,
    0x17E0, 0x17E0, 0x17E0, 0x17E0, 0x17E0, 0x17E0, 0x17E0, 0x17E0, 0x17E0, 0x17E0, 0x17E0, 0x17E0,
    0x17E0, 0x17E0, 0x17E0, 0x17E0, 0x17E0, 0x17E0, 0x17E0, 0x17E0, 0x17E0, 0x17E0, 0x17E0, 0x17E0,
    0x17E0, 0x17E0, 0x17E0, 0x17E0, 0x17E0, 0x17E0, 0x17E0, 0x17E0, 0x17E0, 0x17E0, 0x1F80, 0x27A1,
    0x17E1, 0x2E65, 0x0BA1, 0x0000, 0x0021, 0x0000, 0x0000, 0x0000, 0x0000, 0x0000, 0x0120, 0x1F82,
    0x0FE0, 0x17E0, 0x17E0, 0x17E0, 0x17E0, 0x17E0, 0x17E0, 0x17E0, 0x17E0, 0x17E0, 0x17E0, 0x17E0,
    0x17E0, 0x17E0, 0x17E0, 0x17E0, 0x17E0, 0x17E0, 0x17E0, 0x17E0, 0x17C1, 0x0801, 0x0020, 0x0000,
    0x0000, 0x0000, 0x0000, 0x0000, 0x0000, 0x0000, 0x0000, 0x0000, 0x0000, 0x0000, 0x0000, 0x0000,
    0x0000, 0x0000, 0x0000, 0x0000, 0x0000, 0x0000, 0x0000, 0x0000, 0x0000, 0x0000, 0x0000, 0x0000,
    0x0000, 0x0000, 0x0000, 0x0000, 0x0000, 0x0000, 0x0000, 0x0000, 0x0000, 0x0000, 0x0000, 0x0000,
    0x0000, 0x0000, 0x0000, 0x0000, 0x0000, 0x0000, 0x0000, 0x0000, 0x0000, 0x0000, 0x0000, 0x0000,
    0x0000, 0x0000, 0x0000, 0x0000, 0x0000, 0x0000, 0x0000, 0x0020, 0x1A42, 0x3EE6, 0x17C1, 0x17E1,
    0x17E0, 0x17E0, 0x17E0, 0x17E0, 0x17E0, 0x17E0, 0x17E0, 0x17E0, 0x17E0, 0x17E0, 0x17E0, 0x17E0,
    0x17E0, 0x17E0, 0x17E0, 0x17E0, 0x17E0, 0x17E0, 0x3625, 0x0A21, 0x0000, 0x0000, 0x0000, 0x0000,
    0x0000, 0x0020, 0x0821, 0x1002, 0x09E0, 0x24C2, 0x17E2, 0x1FA2, 0x17E0, 0x17E0, 0x17E0, 0x17E0,
    0x17E0, 0x17E0, 0x17E0, 0x17E0, 0x17E0, 0x17E0, 0x17E0, 0x17E0, 0x17E0, 0x17E0, 0x17E0, 0x17E0,
    0x17E0, 0x17E0, 0x17E0, 0x17E0, 0x17E0, 0x17E0, 0x17E0, 0x17E0, 0x17E0, 0x17E0, 0x17E0, 0x17E0,
    0x17E0, 0x17E0, 0x17E0, 0x17E0, 0x17E0, 0x17E0, 0x17E0, 0x17E0, 0x17E0, 0x17E0, 0x17E0, 0x17E0,
    0x17E0, 0x17E0, 0x17E0, 0x17E0, 0x17E0, 0x17E0, 0x17E0, 0x17E0, 0x17E0, 0x17E0, 0x17E0, 0x17E0,
    0x17E0, 0x17E0, 0x17E0, 0x17E0, 0x17E0, 0x17E0, 0x17E0, 0x17E0, 0x17E0, 0x17E0, 0x0FE1, 0x17E1,
    0x2D64, 0x0000, 0x0001, 0x0801, 0x0000, 0x0000, 0x0000, 0x0000, 0x0000, 0x1041, 0x0800, 0x3DC7,
    0x1FA2, 0x17E0, 0x17E0, 0x17E0, 0x17E0, 0x17E0, 0x17E0, 0x17E0, 0x17E0, 0x17E0, 0x17E0, 0x17E0,
    0x17E0, 0x17E0, 0x17E0, 0x17E0, 0x17E0, 0x17E0, 0x17E0, 0x17E0, 0x17E1, 0x0000, 0x0040, 0x0000,
    0x0000, 0x0000, 0x0000, 0x0000, 0x0000, 0x0000, 0x0000, 0x0000, 0x0000, 0x0000, 0x0000, 0x0000,
    0x0000, 0x0000, 0x0000, 0x0000, 0x0000, 0x0000, 0x0000, 0x0000, 0x0000, 0x0000, 0x0000, 0x0000,
    0x0000, 0x0000, 0x0000, 0x0000, 0x0000, 0x0000, 0x0000, 0x0000, 0x0000, 0x0000, 0x0000, 0x0000,
    0x0000, 0x0000, 0x0000, 0x0000, 0x0000, 0x0000, 0x0000, 0x0000, 0x0000, 0x0000, 0x0000, 0x0000,
    0x0000, 0x0000, 0x0000, 0x0000, 0x0000, 0x0000, 0x0000, 0x0020, 0x1221, 0x36C6, 0x17C1, 0x17E1,
    0x17E0, 0x17E0, 0x17E0, 0x17E0, 0x17E0, 0x17E0, 0x17E0, 0x17E0, 0x17E0, 0x17E0, 0x17E0, 0x17E0,
    0x17E0, 0x17E0, 0x17E0, 0x17E0, 0x17E0, 0x17E0, 0x1C82, 0x00E1, 0x0020, 0x0000, 0x0000, 0x0000,
    0x0000, 0x0000, 0x0000, 0x0801, 0x0020, 0x0180, 0x2F45, 0x17A1, 0x1FE0, 0x17E0, 0x17E0, 0x17E0,
    0x17E0, 0x17E0, 0x17E0, 0x17E0, 0x17E0, 0x17E0, 0x17E0, 0x17E0, 0x17E0, 0x17E0, 0x17E0, 0x17E0,
    0x17E0, 0x17E0, 0x17E0, 0x17E0, 0x17E0, 0x17E0, 0x17E0, 0x17E0, 0x17E0, 0x17E0, 0x17E0, 0x17E0,
    0x17E0, 0x17E0, 0x17E0, 0x17E0, 0x17E0, 0x17E0, 0x17E0, 0x17E0, 0x17E0, 0x17E0, 0x17E0, 0x17E0,
    0x17E0, 0x17E0, 0x17E0, 0x17E0, 0x17E0, 0x17E0, 0x17E0, 0x17E0, 0x17E0, 0x17E0, 0x17E0, 0x17E0,
    0x17E0, 0x17E0, 0x17E0, 0x17E0, 0x17E0, 0x17E0, 0x17E0, 0x17E0, 0x17E0, 0x17E0, 0x2FA3, 0x36C5,
    0x0200, 0x0821, 0x0001, 0x0000, 0x0020, 0x0000, 0x0000, 0x0000, 0x0000, 0x0820, 0x0800, 0x1BC4,
    0x2F64, 0x17E0, 0x17E0, 0x17E0, 0x17E0, 0x17E0, 0x17E0, 0x17E0, 0x17E0, 0x17E0, 0x17E0, 0x17E0,
    0x17E0, 0x17E0, 0x17E0, 0x17E0, 0x17E0, 0x17E0, 0x17E0, 0x17E0, 0x17E1, 0x0000, 0x0040, 0x0000,
    0x0000, 0x0000, 0x0000, 0x0000, 0x0000, 0x0000, 0x0000, 0x0000, 0x0000, 0x0000, 0x0000, 0x0000,
    0x0000, 0x0000, 0x0000, 0x0000, 0x0000, 0x0000, 0x0000, 0x0000, 0x0000, 0x0000, 0x0000, 0x0000,
    0x0000, 0x0000, 0x0000, 0x0000, 0x0000, 0x0000, 0x0000, 0x0000, 0x0000, 0x0000, 0x0000, 0x0000,
    0x0000, 0x0000, 0x0000, 0x0000, 0x0000, 0x0000, 0x0000, 0x0000, 0x0000, 0x0000, 0x0000, 0x0000,
    0x0000, 0x0000, 0x0000, 0x0000, 0x0000, 0x0000, 0x0821, 0x0000, 0x1161, 0x4644, 0x17C0, 0x17C0,
    0x17E0, 0x17E0, 0x17E0, 0x17E0, 0x17E0, 0x17E0, 0x17E0, 0x17E0, 0x17E0, 0x17E0, 0x17E0, 0x17E0,
    0x17E0, 0x17E0, 0x17E0, 0x17E0, 0x17E0, 0x17E0, 0x08E1, 0x0822, 0x0000, 0x0000, 0x0000, 0x0000,
    0x0000, 0x0000, 0x0000, 0x0000, 0x0040, 0x0000, 0x08E1, 0x1B82, 0x2783, 0x17E0, 0x17C0, 0x17C0,
    0x07C0, 0x17C0, 0x0FE0, 0x1FA2, 0x17E0, 0x17E0, 0x17E0, 0x17E0, 0x17E0, 0x17E0, 0x17E0, 0x17E0,
    0x17E0, 0x17E0, 0x17E0, 0x17E0, 0x17E0, 0x17E0, 0x17E0, 0x17E0, 0x17E0, 0x1FE1, 0x17E1, 0x0FC0,
    0x17E1, 0x1FC1, 0x1FE2, 0x17C0, 0x17C0, 0x1FE1, 0x17E0, 0x17E0, 0x0FE0, 0x17E0, 0x1FE0, 0x17E0,
    0x17E0, 0x17E0, 0x17E0, 0x17E0, 0x17E0, 0x17E0, 0x17E0, 0x17E0, 0x17E0, 0x17E0, 0x17E0, 0x17E0,
    0x17E0, 0x17E0, 0x1FE0, 0x17E0, 0x17E0, 0x17E1, 0x17E0, 0x17E0, 0x1F82, 0x2F23, 0x0A80, 0x0060,
    0x0000, 0x0000, 0x0000, 0x0000, 0x0000, 0x0000, 0x0000, 0x0000, 0x0000, 0x0801, 0x0001, 0x0040,
    0x2583, 0x1FC1, 0x1FE1, 0x17E0, 0x17E0, 0x17E0, 0x17E0, 0x17E0, 0x17E0, 0x17E0, 0x17E0, 0x17E0,
    0x17E0, 0x17E0, 0x17E0, 0x17E0, 0x17E0, 0x17E0, 0x17E0, 0x17E0, 0x27C3, 0x0820, 0x0801, 0x0000,
    0x0000, 0x0000, 0x0000, 0x0000, 0x0000, 0x0000, 0x0000, 0x0000, 0x0000, 0x0000, 0x0000, 0x0000,
    0x0000, 0x0000, 0x0000, 0x0000, 0x0000, 0x0000, 0x0000, 0x0000, 0x0000, 0x0000, 0x0000, 0x0000,
    0x0000, 0x0000, 0x0000, 0x0000, 0x0000, 0x0000, 0x0000, 0x0000, 0x0000, 0x0000, 0x0000, 0x0000,
    0x0000, 0x0000, 0x0000, 0x0000, 0x0000, 0x0000, 0x0000, 0x0000, 0x0000, 0x0000, 0x0000, 0x0000,
    0x0000, 0x0000, 0x0000, 0x0000, 0x0000, 0x0000, 0x0821, 0x0000, 0x0100, 0x35A3, 0x17C0, 0x17C0,
    0x17E0, 0x17E0, 0x17E0, 0x17E0, 0x17E0, 0x17E0, 0x17E0, 0x17E0, 0x17E0, 0x17E0, 0x17E0, 0x17E0,
    0x17E0, 0x17E0, 0x17E0, 0x17E0, 0x17E0, 0x1FA1, 0x0060, 0x0002, 0x0000, 0x0000, 0x0000, 0x0000,
    0x0000, 0x0000, 0x0000, 0x0000, 0x0020, 0x0020, 0x0000, 0x00A0, 0x1443, 0x27A3, 0x0FE0, 0x27A1,
    0x1F81, 0x1FA2, 0x17A0, 0x0FE0, 0x17E0, 0x17E0, 0x17E0, 0x17E0, 0x17E0, 0x17E0, 0x17E0, 0x17E0,
    0x17E0, 0x17E0, 0x17E0, 0x17E0, 0x17E0, 0x17E0, 0x17E0, 0x17E0, 0x17C0, 0x17C0, 0x17E0, 0x2FA3,
    0x0FE0, 0x07E0, 0x27C2, 0x1FA4, 0x1F81, 0x1FE0, 0x17E0, 0x1FC0, 0x1FC1, 0x17E1, 0x0FE1, 0x17E0,
    0x17E0, 0x17E0, 0x17E0, 0x17E0, 0x17E0, 0x17E0, 0x17E0, 0x17E0, 0x17E0, 0x17E0, 0x17E0, 0x17E0,
    0x17E0, 0x17E0, 0x17E1, 0x17E1, 0x1FC0, 0x1FC0, 0x0FA0, 0x17C0, 0x25C5, 0x1362, 0x0040, 0x0801,
    0x0000, 0x0000, 0x0000, 0x0000, 0x0000, 0x0000, 0x0000, 0x0000, 0x0000, 0x0801, 0x0000, 0x0000,
    0x1481, 0x1FC1, 0x1FE1, 0x17E0, 0x17E0, 0x17E0, 0x17E0, 0x17E0, 0x17E0, 0x17E0, 0x17E0, 0x17E0,
    0x17E0, 0x17E0, 0x17E0, 0x17E0, 0x17E0, 0x17E0, 0x17E0, 0x17E0, 0x2783, 0x0020, 0x0801, 0x0000,
    0x0000, 0x0000, 0x0000, 0x0000, 0x0000, 0x0000, 0x0000, 0x0000, 0x0000, 0x0000, 0x0000, 0x0000,
    0x0000, 0x0000, 0x0000, 0x0000, 0x0000, 0x0000, 0x0000, 0x0000, 0x0000, 0x0000, 0x0000, 0x0000,
    0x0000, 0x0000, 0x0000, 0x0000, 0x0000, 0x0000, 0x0000, 0x0000, 0x0000, 0x0000, 0x0000, 0x0000,
    0x0000, 0x0000, 0x0000, 0x0000, 0x0000, 0x0000, 0x0000, 0x0000, 0x0000, 0x0000, 0x0000, 0x0000,
    0x0000, 0x0000, 0x0000, 0x0000, 0x0000, 0x0000, 0x0000, 0x0000, 0x0040, 0x1BE1, 0x17C0, 0x17C0,
    0x17E0, 0x17E0, 0x17E0, 0x17E0, 0x17E0, 0x17E0, 0x17E0, 0x17E0, 0x17E0, 0x17E0, 0x17E0, 0x17E0,
    0x17E0, 0x17E0, 0x17E0, 0x17E0, 0x17E0, 0x2F44, 0x0000, 0x0021, 0x0020, 0x0000, 0x0000, 0x0000,
    0x0000, 0x0000, 0x0000, 0x0000, 0x0000, 0x0000, 0x0040, 0x0020, 0x0820, 0x0862, 0x09E1, 0x3664,
    0x2FC3, 0x07E0, 0x1FE1, 0x17E0, 0x17E0, 0x17E0, 0x17E0, 0x17E0, 0x17E0, 0x17E0, 0x17E0, 0x17E0,
    0x17E0, 0x17E0, 0x17E0, 0x17E0, 0x17E0, 0x17E0, 0x17E0, 0x1FE0, 0x17E0, 0x17E1, 0x1FC0, 0x17E0,
    0x2744, 0x25A4, 0x08E1, 0x0801, 0x0B81, 0x1F23, 0x17C3, 0x17E1, 0x17E0, 0x17E0, 0x1FE1, 0x17E0,
    0x17E0, 0x17E0, 0x17E0, 0x17E0, 0x17E0, 0x17E0, 0x17E0, 0x17E0, 0x17E0, 0x17E0, 0x17E0, 0x17E0,
    0x17E0, 0x17E0, 0x17E0, 0x0FE0, 0x1FC2, 0x2783, 0x24A2, 0x1A62, 0x1022, 0x0801, 0x0040, 0x0040,
    0x0000, 0x0000, 0x0000, 0x0000, 0x0000, 0x0000, 0x0000, 0x0000, 0x0000, 0x0000, 0x0000, 0x1002,
    0x1322, 0x1FC1, 0x1FE1, 0x17E0, 0x17E0, 0x17E0, 0x17E0, 0x17E0, 0x17E0, 0x17E0, 0x17E0, 0x17E0,
    0x17E0, 0x17E0, 0x17E0, 0x17E0, 0x17E0, 0x17E0, 0x17E0, 0x17E0, 0x26C3, 0x0021, 0x0040, 0x0000,
    0x0000, 0x0000, 0x0000, 0x0000, 0x0000, 0x0000, 0x0000, 0x0000, 0x0000, 0x0000, 0x0000, 0x0000,
    0x0000, 0x0000, 0x0000, 0x0000, 0x0000, 0x0000, 0x0000, 0x0000, 0x0000, 0x0000, 0x0000, 0x0000,
    0x0000, 0x0000, 0x0000, 0x0000, 0x0000, 0x0000, 0x0000, 0x0000, 0x0000, 0x0000, 0x0000, 0x0000,
    0x0000, 0x0000, 0x0000, 0x0000, 0x0000, 0x0000, 0x0000, 0x0000, 0x0000, 0x0000, 0x0000, 0x0000,
    0x0000, 0x0000, 0x0000, 0x0000, 0x0000, 0x0000, 0x0000, 0x0000, 0x0000, 0x1300, 0x17C0, 0x17C0,
    0x17E0, 0x17E0, 0x17E0, 0x17E0, 0x17E0, 0x17E0, 0x17E0, 0x17E0, 0x17E0, 0x17E0, 0x17E0, 0x17E0,
    0x17E0, 0x17E0, 0x17E0, 0x17E0, 0x17E0, 0x2EE3, 0x0000, 0x0020, 0x0040, 0x0000, 0x0000, 0x0000,
    0x0000, 0x0000, 0x0000, 0x0000, 0x0820, 0x0000, 0x0020, 0x0841, 0x00A1, 0x0001, 0x0801, 0x1A01,
    0x2D86, 0x0FE0, 0x17C0, 0x17E0, 0x17E0, 0x17E0, 0x17E0, 0x17E0, 0x17E0, 0x17E0, 0x17E0, 0x17E0,
    0x17E0, 0x17E0, 0x17E0, 0x17E0, 0x17E0, 0x17E0, 0x17E0, 0x17E0, 0x17E0, 0x1FE1, 0x1F61, 0x2F05,
    0x1BC2, 0x0160, 0x1022, 0x0001, 0x1040, 0x1322, 0x3DC8, 0x2F64, 0x27E2, 0x17E0, 0x1FE1, 0x17E0,
    0x17E0, 0x17E0, 0x17E0, 0x17E0, 0x17E0, 0x17E0, 0x17E0, 0x17E0, 0x17E0, 0x17E0, 0x17E0, 0x17E0,
    0x17E0, 0x17E0, 0x17E0, 0x07E0, 0x36A4, 0x2483, 0x00C0, 0x0000, 0x0021, 0x0820, 0x0040, 0x0020,
    0x0000, 0x0000, 0x0000, 0x0000, 0x0000, 0x0000, 0x0000, 0x0000, 0x0000, 0x0000, 0x0000, 0x1803,
    0x0A61, 0x1FC1, 0x1FE1, 0x17E0, 0x17E0, 0x17E0, 0x17E0, 0x17E0, 0x17E0, 0x17E0, 0x17E0, 0x17E0,
    0x17E0, 0x17E0, 0x17E0, 0x17E0, 0x17E0, 0x17E0, 0x17E0, 0x17E0, 0x2662, 0x0022, 0x0040, 0x0000,
    0x0000, 0x0000, 0x0000, 0x0000, 0x0000, 0x0000, 0x0000, 0x0000, 0x0000, 0x0000, 0x0000, 0x0000,
    0x0000, 0x0000, 0x0000, 0x0000, 0x0000, 0x0000, 0x0000, 0x0000, 0x0000, 0x0000, 0x0000, 0x0000,
    0x0000, 0x0000, 0x0000, 0x0000, 0x0000, 0x0000, 0x0000, 0x0000, 0x0000, 0x0000, 0x0000, 0x0000,
    0x0000, 0x0000, 0x0000, 0x0000, 0x0000, 0x0000, 0x0000, 0x0000, 0x0000, 0x0000, 0x0000, 0x0000,
    0x0000, 0x0000, 0x0000, 0x0000, 0x0000, 0x0000, 0x0800, 0x0060, 0x0001, 0x0140, 0x1FC1, 0x1FC2,
    0x0FE0, 0x17E0, 0x17E0, 0x17E0, 0x17E0, 0x17E0, 0x17E0, 0x17E0, 0x17E0, 0x17E0, 0x17E0, 0x17E0,
    0x17E0, 0x17E0, 0x17C0, 0x17E1, 0x17E1, 0x2DC3, 0x0000, 0x0801, 0x0020, 0x0000, 0x0000, 0x0000,
    0x0000, 0x0000, 0x0000, 0x0000, 0x0000, 0x0000, 0x0000, 0x0000, 0x0000, 0x0000, 0x0000, 0x0020,
    0x0000, 0x2682, 0x1FE1, 0x17C0, 0x17E0, 0x17E0, 0x17E0, 0x17E0, 0x17E0, 0x17E0, 0x17E0, 0x17E0,
    0x1FE2, 0x1FA1, 0x17E0, 0x1FC1, 0x17E1, 0x17E1, 0x1FC2, 0x2763, 0x1DE3, 0x24A4, 0x09C1, 0x0080,
    0x0000, 0x0020, 0x0000, 0x0000, 0x0000, 0x0000, 0x0000, 0x0942, 0x1AC3, 0x25A3, 0x36A5, 0x1FA3,
    0x1FC1, 0x17E1, 0x17E1, 0x17E1, 0x17E0, 0x0FE0, 0x0FE0, 0x17E0, 0x17E0, 0x17E0, 0x17E0, 0x17E0,
    0x17E0, 0x17E0, 0x1FC0, 0x1FC0, 0x1360, 0x0042, 0x0000, 0x0000, 0x0000, 0x0000, 0x0000, 0x0000,
    0x0000, 0x0000, 0x0000, 0x0000, 0x0000, 0x0000, 0x0000, 0x0000, 0x0000, 0x0020, 0x0000, 0x0020,
    0x00E0, 0x1FC1, 0x0FE0, 0x0FE0, 0x17E0, 0x17E0, 0x17E0, 0x17E0, 0x17E0, 0x17E0, 0x17E0, 0x17E0,
    0x17E0, 0x17E0, 0x17E0, 0x17E0, 0x0FE0, 0x1FE1, 0x0FE0, 0x17E0, 0x2503, 0x0001, 0x0040, 0x0000,
    0x0000, 0x0000, 0x0000, 0x0000, 0x0000, 0x0000, 0x0000, 0x0000, 0x0000, 0x0000, 0x0000, 0x0000,
    0x0000, 0x0000, 0x0000, 0x0000, 0x0000, 0x0000, 0x0000, 0x0000, 0x0000, 0x0000, 0x0000, 0x0000,
    0x0000, 0x0000, 0x0000, 0x0000, 0x0000, 0x0000, 0x0000, 0x0000, 0x0000, 0x0000, 0x0000, 0x0000,
    0x0000, 0x0000, 0x0000, 0x0000, 0x0000, 0x0000, 0x0000, 0x0000, 0x0000, 0x0000, 0x0000, 0x0000,
    0x0000, 0x0000, 0x0000, 0x0000, 0x0000, 0x0000, 0x0000, 0x0060, 0x0802, 0x00A0, 0x1FA1, 0x17C0,
    0x17E0, 0x1FE0, 0x17E0, 0x17E0, 0x17E0, 0x17E0, 0x17E0, 0x17E0, 0x17E0, 0x17E0, 0x17E0, 0x17E0,
    0x17E0, 0x17E0, 0x17C0, 0x17E0, 0x17E1, 0x1CE2, 0x0000, 0x0800, 0x0020, 0x0000, 0x0000, 0x0000,
    0x0000, 0x0000, 0x0000, 0x0000, 0x0000, 0x0000, 0x0000, 0x0000, 0x0000, 0x0000, 0x0000, 0x0020,
    0x0800, 0x1BE3, 0x2F64, 0x1F82, 0x17E0, 0x17E0, 0x17E0, 0x17E0, 0x17E0, 0x17E0, 0x17E0, 0x17E0,
    0x17E0, 0x0FE0, 0x1FE2, 0x27C3, 0x2722, 0x2683, 0x24E3, 0x1382, 0x0100, 0x0040, 0x0801, 0x0020,
    0x0000, 0x0020, 0x0000, 0x0000, 0x0000, 0x0000, 0x0000, 0x0020, 0x0020, 0x0060, 0x00A0, 0x24E4,
    0x3666, 0x2783, 0x1FA2, 0x1FE1, 0x1FE0, 0x17C1, 0x17E1, 0x17E0, 0x17E0, 0x17E0, 0x17E0, 0x17E0,
    0x17E0, 0x17E0, 0x17A0, 0x17C0, 0x0AA0, 0x0021, 0x0000, 0x0000, 0x0000, 0x0000, 0x0000, 0x0000,
    0x0000, 0x0000, 0x0000, 0x0000, 0x0000, 0x0000, 0x0000, 0x0000, 0x0000, 0x0000, 0x0000, 0x0000,
    0x0040, 0x2782, 0x0FE0, 0x0FE0, 0x17E0, 0x17E0, 0x17E0, 0x17E0, 0x17E0, 0x17E0, 0x17E0, 0x17E0,
    0x17E0, 0x17E0, 0x17E0, 0x17E0, 0x17E0, 0x17C0, 0x0FE0, 0x17C0, 0x2404, 0x0842, 0x0020, 0x0000,
    0x0000, 0x0000, 0x0000, 0x0000, 0x0000, 0x0000, 0x0000, 0x0000, 0x0000, 0x0000, 0x0000, 0x0000,
    0x0000, 0x0000, 0x0000, 0x0000, 0x0000, 0x0000, 0x0000, 0x0000, 0x0000, 0x0000, 0x0000, 0x0000,
    0x0000, 0x0000, 0x0000, 0x0000, 0x0000, 0x0000, 0x0000, 0x0000, 0x0000, 0x0000, 0x0000, 0x0000,
    0x0000, 0x0000, 0x0000, 0x0000, 0x0000, 0x0000, 0x0000, 0x0000, 0x0000, 0x0000, 0x0000, 0x0000,
    0x0000, 0x0000, 0x0000, 0x0000, 0x0000, 0x0000, 0x0000, 0x0000, 0x0001, 0x0000, 0x2EE4, 0x17E0,
    0x1FC1, 0x1FE0, 0x17E0, 0x17E0, 0x17E0, 0x17E0, 0x17E0, 0x17E0, 0x17E0, 0x17E0, 0x17E0, 0x17E0,
    0x17E0, 0x17E0, 0x17E0, 0x1FE0, 0x1F82, 0x1342, 0x0000, 0x0020, 0x0020, 0x0000, 0x0000, 0x0000,
    0x0000, 0x0000, 0x0000, 0x0000, 0x0000, 0x0000, 0x0000, 0x0000, 0x0000, 0x0000, 0x0000, 0x0000,
    0x0020, 0x0841, 0x0C00, 0x17E0, 0x17E0, 0x17E0, 0x17E0, 0x17E0, 0x17E0, 0x17E0, 0x17E0, 0x17E0,
    0x1FA0, 0x25A2, 0x08A0, 0x0880, 0x0000, 0x0000, 0x0040, 0x0020, 0x0000, 0x0020, 0x0040, 0x0020,
    0x0000, 0x0000, 0x0000, 0x0000, 0x0000, 0x0000, 0x0000, 0x0020, 0x0020, 0x0020, 0x0020, 0x0822,
    0x0842, 0x0021, 0x0081, 0x01A0, 0x1381, 0x1FE2, 0x0FE0, 0x17E0, 0x17E0, 0x17E0, 0x17E0, 0x17E0,
    0x17E0, 0x17E0, 0x1FE0, 0x1FE2, 0x0920, 0x0821, 0x0000, 0x0000, 0x0000, 0x0000, 0x0000, 0x0000,
    0x0000, 0x0000, 0x0000, 0x0000, 0x0000, 0x0000, 0x0000, 0x0000, 0x0000, 0x0000, 0x0000, 0x0821,
    0x0001, 0x2F24, 0x17E0, 0x0FE0, 0x17E0, 0x17E0, 0x17E0, 0x17E0, 0x17E0, 0x17E0, 0x17E0, 0x17E0,
    0x17E0, 0x17E0, 0x17E0, 0x17E0, 0x17E0, 0x17E1, 0x17E0, 0x2783, 0x08E2, 0x0021, 0x0000, 0x0000,
    0x0000, 0x0000, 0x0000, 0x0000, 0x0000, 0x0000, 0x0000, 0x0000, 0x0000, 0x0000, 0x0000, 0x0000,
    0x0000, 0x0000, 0x0000, 0x0000, 0x0000, 0x0000, 0x0000, 0x0000, 0x0000, 0x0000, 0x0000, 0x0000,
    0x0000, 0x0000, 0x0000, 0x0000, 0x0000, 0x0000, 0x0000, 0x0000, 0x0000, 0x0000, 0x0000, 0x0000,
    0x0000, 0x0000, 0x0000, 0x0000, 0x0000, 0x0000, 0x0000, 0x0000, 0x0000, 0x0000, 0x0000, 0x0000,
    0x0000, 0x0000, 0x0000, 0x0000, 0x0000, 0x0000, 0x0000, 0x0000, 0x0020, 0x0020, 0x2E04, 0x1FE2,
    0x1FC2, 0x17E0, 0x17E0, 0x17E0, 0x17E0, 0x17E0, 0x17E0, 0x17E0, 0x17E0, 0x17E0, 0x17E0, 0x17E0,
    0x17E0, 0x17E0, 0x17E0, 0x1FE0, 0x1F62, 0x0A81, 0x0020, 0x0020, 0x0000, 0x0000, 0x0000, 0x0000,
    0x0000, 0x0000, 0x0000, 0x0000, 0x0000, 0x0000, 0x0000, 0x0000, 0x0000, 0x0000, 0x0000, 0x0000,
    0x0000, 0x0000, 0x0A41, 0x17E0, 0x17E0, 0x17E0, 0x17E0, 0x17E0, 0x17E0, 0x17E0, 0x17E0, 0x17E0,
    0x2783, 0x0BE1, 0x0801, 0x0820, 0x0000, 0x0000, 0x0020, 0x0020, 0x0000, 0x0000, 0x0000, 0x0000,
    0x0000, 0x0000, 0x0000, 0x0000, 0x0000, 0x0000, 0x0000, 0x0000, 0x0000, 0x0020, 0x0040, 0x0000,
    0x0001, 0x0021, 0x0862, 0x0801, 0x0100, 0x27C3, 0x0FE0, 0x17E0, 0x17E0, 0x17E0, 0x17E0, 0x17E0,
    0x17E0, 0x17E0, 0x1FE0, 0x1FC2, 0x0060, 0x0800, 0x0000, 0x0000, 0x0000, 0x0000, 0x0000, 0x0000,
    0x0000, 0x0000, 0x0000, 0x0000, 0x0000, 0x0000, 0x0000, 0x0000, 0x0000, 0x0020, 0x0000, 0x0020,
    0x0000, 0x3705, 0x1FE0, 0x0FE0, 0x17E0, 0x17E0, 0x17E0, 0x17E0, 0x17E0, 0x17E0, 0x17E0, 0x17E0,
    0x17E0, 0x17E0, 0x17E0, 0x17E0, 0x17E0, 0x17E1, 0x1FE1, 0x2743, 0x0000, 0x0020, 0x0801, 0x0000,
    0x0000, 0x0000, 0x0000, 0x0000, 0x0000, 0x0000, 0x0000, 0x0000, 0x0000, 0x0000, 0x0000, 0x0000,
    0x0000, 0x0000, 0x0000, 0x0000, 0x0000, 0x0000, 0x0000, 0x0000, 0x0000, 0x0000, 0x0000, 0x0000,
    0x0000, 0x0000, 0x0000, 0x0000, 0x0000, 0x0000, 0x0000, 0x0000, 0x0000, 0x0000, 0x0000, 0x0000,
    0x0000, 0x0000, 0x0000, 0x0000, 0x0000, 0x0000, 0x0000, 0x0000, 0x0000, 0x0000, 0x0000, 0x0000,
    0x0000, 0x0000, 0x0000, 0x0000, 0x0000, 0x0000, 0x0000, 0x0000, 0x0000, 0x0000, 0x1BA4, 0x2764,
    0x27E1, 0x17E0, 0x17E0, 0x17E0, 0x17E0, 0x17E0, 0x17E0, 0x17E0, 0x17E0, 0x17E0, 0x17E0, 0x17E0,
    0x17E0, 0x1FE0, 0x17E0, 0x17E1, 0x1F02, 0x0181, 0x0020, 0x0020, 0x0000, 0x0000, 0x0000, 0x0000,
    0x0000, 0x0000, 0x0000, 0x0000, 0x0000, 0x0000, 0x0000, 0x0000, 0x0000, 0x0000, 0x0000, 0x0000,
    0x0021, 0x0001, 0x00C0, 0x1FC2, 0x17E0, 0x17E0, 0x17E0, 0x17E0, 0x17E0, 0x17E0, 0x17E0, 0x17E0,
    0x2F65, 0x0A81, 0x0040, 0x0000, 0x0000, 0x0000, 0x0000, 0x0000, 0x0000, 0x0000, 0x0000, 0x0000,
    0x0000, 0x0000, 0x0000, 0x0000, 0x0000, 0x0000, 0x0000, 0x0000, 0x0000, 0x0000, 0x0000, 0x0000,
    0x0000, 0x0000, 0x0000, 0x0020, 0x0821, 0x4746, 0x0FE0, 0x17E0, 0x17E0, 0x17E0, 0x17E0, 0x17E0,
    0x17E0, 0x17E0, 0x17E0, 0x2F64, 0x0820, 0x0020, 0x0000, 0x0000, 0x0000, 0x0000, 0x0000, 0x0000,
    0x0000, 0x0000, 0x0000, 0x0000, 0x0000, 0x0000, 0x0000, 0x0000, 0x0000, 0x0000, 0x0000, 0x0060,
    0x0001, 0x3765, 0x07E0, 0x17C0, 0x17E0, 0x17E0, 0x17E0, 0x17E0, 0x17E0, 0x17E0, 0x17E0, 0x17E0,
    0x17E0, 0x17E0, 0x17E0, 0x17E0, 0x1FC0, 0x07E0, 0x1F80, 0x2602, 0x0000, 0x0000, 0x0000, 0x0000,
    0x0000, 0x0000, 0x0000, 0x0000, 0x0000, 0x0000, 0x0000, 0x0000, 0x0000, 0x0000, 0x0000, 0x0000,
    0x0000, 0x0000, 0x0000, 0x0000, 0x0000, 0x0000, 0x0000, 0x0000, 0x0000, 0x0000, 0x0000, 0x0000,
    0x0000, 0x0000, 0x0000, 0x0000, 0x0000, 0x0000, 0x0000, 0x0000, 0x0000, 0x0000, 0x0000, 0x0000,
    0x0000, 0x0000, 0x0000, 0x0000, 0x0000, 0x0000, 0x0000, 0x0000, 0x0000, 0x0000, 0x0000, 0x0000,
    0x0000, 0x0000, 0x0000, 0x0000, 0x0000, 0x0000, 0x0000, 0x0000, 0x0000, 0x0000, 0x01A0, 0x3685,
    0x1FE0, 0x1FC1, 0x17E0, 0x17E0, 0x17E0, 0x17E0, 0x17E0, 0x17E0, 0x17E0, 0x17E0, 0x17E0, 0x17E0,
    0x17E0, 0x17E0, 0x17E0, 0x17E1, 0x1F22, 0x01A1, 0x0822, 0x0020, 0x0020, 0x0000, 0x0000, 0x0000,
    0x0000, 0x0000, 0x0000, 0x0000, 0x0000, 0x0000, 0x0000, 0x0000, 0x0000, 0x0000, 0x0000, 0x0000,
    0x0820, 0x0801, 0x0080, 0x1FA1, 0x17E0, 0x17E0, 0x17E0, 0x17E0, 0x17E0, 0x17E0, 0x17E0, 0x17E0,
    0x2F44, 0x0A41, 0x0020, 0x0000, 0x0000, 0x0000, 0x0000, 0x0000, 0x0000, 0x0000, 0x0000, 0x0000,
    0x0000, 0x0000, 0x0000, 0x0000, 0x0000, 0x0000, 0x0000, 0x0000, 0x0000, 0x0000, 0x0000, 0x0000,
    0x0000, 0x0000, 0x0000, 0x0041, 0x0000, 0x3EE6, 0x17E0, 0x17E0, 0x17E0, 0x17E0, 0x17E0, 0x17E0,
    0x17E0, 0x17E0, 0x1FE1, 0x2EC4, 0x1022, 0x0001, 0x0000, 0x0000, 0x0000, 0x0000, 0x0000, 0x0000,
    0x0000, 0x0000, 0x0000, 0x0000, 0x0000, 0x0000, 0x0000, 0x0000, 0x0000, 0x0000, 0x0020, 0x1062,
    0x0001, 0x2F64, 0x07E0, 0x17C0, 0x17E0, 0x17E0, 0x17E0, 0x17E0, 0x17E0, 0x17E0, 0x17E0, 0x17E0,
    0x17E0, 0x17E0, 0x17E0, 0x17E0, 0x17C0, 0x1FE0, 0x1FC2, 0x14C2, 0x0000, 0x0000, 0x0000, 0x0000,
    0x0000, 0x0000, 0x0000, 0x0000, 0x0000, 0x0000, 0x0000, 0x0000, 0x0000, 0x0000, 0x0000, 0x0000,
    0x0000, 0x0000, 0x0000, 0x0000, 0x0000, 0x0000, 0x0000, 0x0000, 0x0000, 0x0000, 0x0000, 0x0000,
    0x0000, 0x0000, 0x0000, 0x0000, 0x0000, 0x0000, 0x0000, 0x0000, 0x0000, 0x0000, 0x0000, 0x0000,
    0x0000, 0x0000, 0x0000, 0x0000, 0x0000, 0x0000, 0x0000, 0x0000, 0x0000, 0x0000, 0x0000, 0x0000,
    0x0000, 0x0000, 0x0000, 0x0000, 0x0000, 0x0000, 0x0000, 0x0000, 0x0000, 0x0000, 0x0021, 0x1301,
    0x0FE0, 0x17E1, 0x17E0, 0x17E0, 0x17E0, 0x17E0, 0x17E0, 0x17E0, 0x17E0, 0x17E0, 0x17E0, 0x17E0,
    0x17E0, 0x17E0, 0x17E0, 0x17E1, 0x1FC1, 0x0BA3, 0x0001, 0x0001, 0x0040, 0x0000, 0x0000, 0x0000,
    0x0000, 0x0000, 0x0000, 0x0000, 0x0000, 0x0000, 0x0000, 0x0000, 0x0000, 0x0000, 0x0000, 0x0000,
    0x0000, 0x0801, 0x0020, 0x2EE3, 0x17E0, 0x17E0, 0x17E0, 0x17E0, 0x17E0, 0x17E0, 0x17E0, 0x17E0,
    0x26A3, 0x0181, 0x0020, 0x0000, 0x0000, 0x0000, 0x0000, 0x0000, 0x0000, 0x0000, 0x0000, 0x0000,
    0x0000, 0x0000, 0x0000, 0x0000, 0x0000, 0x0000, 0x0000, 0x0000, 0x0000, 0x0000, 0x0000, 0x0000,
    0x0000, 0x0000, 0x0000, 0x0020, 0x0801, 0x25A4, 0x1FE2, 0x17E0, 0x17E0, 0x17E0, 0x17E0, 0x17E0,
    0x17E0, 0x17E0, 0x2723, 0x2444, 0x1001, 0x0821, 0x0000, 0x0000, 0x0000, 0x0000, 0x0000, 0x0000,
    0x0000, 0x0000, 0x0000, 0x0000, 0x0000, 0x0000, 0x0000, 0x0000, 0x0000, 0x0020, 0x0040, 0x0802,
    0x0120, 0x17A1, 0x17E0, 0x0FE0, 0x17E0, 0x17E0, 0x17E0, 0x17E0, 0x17E0, 0x17E0, 0x17E0, 0x17E0,
    0x17E0, 0x17E0, 0x17E0, 0x17E0, 0x17E1, 0x1FC1, 0x1DC3, 0x01A1, 0x0000, 0x0000, 0x0000, 0x0000,
    0x0000, 0x0000, 0x0000, 0x0000, 0x0000, 0x0000, 0x0000, 0x0000, 0x0000, 0x0000, 0x0000, 0x0000,
    0x0000, 0x0000, 0x0000, 0x0000, 0x0000, 0x0000, 0x0000, 0x0000, 0x0000, 0x0000, 0x0000, 0x0000,
    0x0000, 0x0000, 0x0000, 0x0000, 0x0000, 0x0000, 0x0000, 0x0000, 0x0000, 0x0000, 0x0000, 0x0000,
    0x0000, 0x0000, 0x0000, 0x0000, 0x0000, 0x0000, 0x0000, 0x0000, 0x0000, 0x0000, 0x0000, 0x0000,
    0x0000, 0x0000, 0x0000, 0x0000, 0x0000, 0x0000, 0x0000, 0x0000, 0x0000, 0x0000, 0x0821, 0x0880,
    0x2F84, 0x17E2, 0x17E1, 0x17E0, 0x17E0, 0x17E0, 0x17E0, 0x17E0, 0x17E0, 0x17E0, 0x17E0, 0x17E0,
    0x17E0, 0x17E0, 0x17E0, 0x17E0, 0x17E1, 0x26E3, 0x0001, 0x0801, 0x0041, 0x0000, 0x0000, 0x0000,
    0x0000, 0x0000, 0x0000, 0x0000, 0x0000, 0x0000, 0x0000, 0x0000, 0x0000, 0x0000, 0x0000, 0x0000,
    0x0801, 0x0020, 0x0801, 0x3565, 0x0FE0, 0x1FE1, 0x17C0, 0x0FE0, 0x17E0, 0x17E0, 0x17E0, 0x17E0,
    0x2E24, 0x08E0, 0x0000, 0x0001, 0x0000, 0x0000, 0x0000, 0x0000, 0x0000, 0x0000, 0x0000, 0x0000,
    0x0000, 0x0000, 0x0000, 0x0000, 0x0000, 0x0000, 0x0000, 0x0000, 0x0000, 0x0000, 0x0000, 0x0000,
    0x0000, 0x0000, 0x0000, 0x0001, 0x0821, 0x1C63, 0x1FC3, 0x17E0, 0x17E0, 0x17E0, 0x17E0, 0x17E0,
    0x1FC1, 0x17E0, 0x3585, 0x0921, 0x0800, 0x0021, 0x0000, 0x0000, 0x0000, 0x0000, 0x0000, 0x0000,
    0x0000, 0x0000, 0x0000, 0x0000, 0x0000, 0x0000, 0x0000, 0x0000, 0x0000, 0x0020, 0x0040, 0x0820,
    0x13C2, 0x17E0, 0x17E0, 0x17E0, 0x17E0, 0x17E0, 0x17E0, 0x17E0, 0x17E0, 0x17E0, 0x17E0, 0x17E0,
    0x17E0, 0x17E0, 0x17E0, 0x17E0, 0x17C1, 0x0FC0, 0x12C1, 0x1043, 0x0000, 0x0000, 0x0000, 0x0000,
    0x0000, 0x0000, 0x0000, 0x0000, 0x0000, 0x0000, 0x0000, 0x0000, 0x0000, 0x0000, 0x0000, 0x0000,
    0x0000, 0x0000, 0x0000, 0x0000, 0x0000, 0x0000, 0x0000, 0x0000, 0x0000, 0x0000, 0x0000, 0x0000,
    0x0000, 0x0000, 0x0000, 0x0000, 0x0000, 0x0000, 0x0000, 0x0000, 0x0000, 0x0000, 0x0000, 0x0000,
    0x0000, 0x0000, 0x0000, 0x0000, 0x0000, 0x0000, 0x0000, 0x0000, 0x0000, 0x0000, 0x0000, 0x0000,
    0x0000, 0x0000, 0x0000, 0x0000, 0x0000, 0x0000, 0x0000, 0x0000, 0x0000, 0x0000, 0x0820, 0x0800,
    0x2EC3, 0x17E2, 0x17E1, 0x17E0, 0x17E0, 0x17E0, 0x17E0, 0x17E0, 0x17E0, 0x17E0, 0x17E0, 0x17E0,
    0x17E0, 0x17E0, 0x17E0, 0x17E0, 0x17E0, 0x27A3, 0x00E0, 0x0000, 0x0000, 0x0000, 0x0000, 0x0000,
    0x0000, 0x0000, 0x0000, 0x0000, 0x0000, 0x0000, 0x0000, 0x0000, 0x0000, 0x0000, 0x0000, 0x0000,
    0x0800, 0x0020, 0x0802, 0x2C24, 0x1FE1, 0x17E1, 0x17E0, 0x17E1, 0x17E0, 0x17E0, 0x17E0, 0x17E0,
    0x2E04, 0x0060, 0x0000, 0x0001, 0x0000, 0x0000, 0x0000, 0x0000, 0x0000, 0x0000, 0x0000, 0x0000,
    0x0000, 0x0000, 0x0000, 0x0000, 0x0000, 0x0000, 0x0000, 0x0000, 0x0000, 0x0000, 0x0000, 0x0000,
    0x0000, 0x0000, 0x0000, 0x0001, 0x0020, 0x1BE3, 0x1FA3, 0x17E0, 0x17E0, 0x17E0, 0x17E0, 0x17E0,
    0x1FC1, 0x0FC0, 0x1BA3, 0x0820, 0x0000, 0x0000, 0x0000, 0x0000, 0x0000, 0x0000, 0x0000, 0x0000,
    0x0000, 0x0000, 0x0000, 0x0000, 0x0000, 0x0000, 0x0000, 0x0000, 0x0000, 0x0040, 0x0001, 0x00A0,
    0x1D22, 0x17E0, 0x17E0, 0x17E0, 0x17E0, 0x17E0, 0x17E0, 0x17E0, 0x17E0, 0x17E0, 0x17E0, 0x17E0,
    0x17E1, 0x17E0, 0x17E0, 0x17E0, 0x17E1, 0x1FE1, 0x00E0, 0x0802, 0x0000, 0x0000, 0x0000, 0x0000,
    0x0000, 0x0000, 0x0000, 0x0000, 0x0000, 0x0000, 0x0000, 0x0000, 0x0000, 0x0000, 0x0000, 0x0000,
    0x0000, 0x0000, 0x0000, 0x0000, 0x0000, 0x0000, 0x0000, 0x0000, 0x0000, 0x0000, 0x0000, 0x0000,
    0x0000, 0x0000, 0x0000, 0x0000, 0x0000, 0x0000, 0x0000, 0x0000, 0x0000, 0x0000, 0x0000, 0x0000,
    0x0000, 0x0000, 0x0000, 0x0000, 0x0000, 0x0000, 0x0000, 0x0000, 0x0000, 0x0000, 0x0000, 0x0000,
    0x0000, 0x0000, 0x0000, 0x0000, 0x0000, 0x0000, 0x0000, 0x0000, 0x0000, 0x0000, 0x0020, 0x0001,
    0x0260, 0x17C1, 0x17C1, 0x17E0, 0x17E0, 0x17E0, 0x17E0, 0x17E0, 0x17E0, 0x17E0, 0x17E0, 0x17E0,
    0x17E0, 0x17E0, 0x17E0, 0x17E0, 0x17E0, 0x17E1, 0x2E83, 0x12A2, 0x0020, 0x0000, 0x0000, 0x0000,
    0x0000, 0x0000, 0x0000, 0x0000, 0x0000, 0x0000, 0x0000, 0x0000, 0x0000, 0x0000, 0x0000, 0x0000,
    0x0000, 0x0000, 0x0801, 0x0080, 0x2DE3, 0x0FE0, 0x17E0, 0x17E0, 0x17E0, 0x17E0, 0x17E0, 0x17E0,
    0x1D42, 0x0020, 0x0000, 0x0000, 0x0000, 0x0000, 0x0000, 0x0000, 0x0000, 0x0000, 0x0000, 0x0000,
    0x0000, 0x0000, 0x0000, 0x0000, 0x0000, 0x0000, 0x0000, 0x0000, 0x0000, 0x0000, 0x0000, 0x0000,
    0x0000, 0x0000, 0x0000, 0x0001, 0x0000, 0x02A1, 0x2723, 0x17E0, 0x17E0, 0x17E0, 0x17C0, 0x17E1,
    0x17E0, 0x2F83, 0x0040, 0x0801, 0x0821, 0x0000, 0x0000, 0x0000, 0x0000, 0x0000, 0x0000, 0x0000,
    0x0000, 0x0000, 0x0000, 0x0000, 0x0000, 0x0000, 0x0000, 0x0000, 0x0000, 0x0001, 0x0801, 0x2D64,
    0x2FC3, 0x17E0, 0x17E0, 0x17E0, 0x17E0, 0x17E0, 0x17E0, 0x17E0, 0x17E0, 0x17E0, 0x17E0, 0x17E0,
    0x17E0, 0x17C0, 0x17C0, 0x17C0, 0x1FA2, 0x2543, 0x0801, 0x0841, 0x0000, 0x0000, 0x0000, 0x0000,
    0x0000, 0x0000, 0x0000, 0x0000, 0x0000, 0x0000, 0x0000, 0x0000, 0x0000, 0x0000, 0x0000, 0x0000,
    0x0000, 0x0000, 0x0000, 0x0000, 0x0000, 0x0000, 0x0000, 0x0000, 0x0000, 0x0000, 0x0000, 0x0000,
    0x0000, 0x0000, 0x0000, 0x0000, 0x0000, 0x0000, 0x0000, 0x0000, 0x0000, 0x0000, 0x0000, 0x0000,
    0x0000, 0x0000, 0x0000, 0x0000, 0x0000, 0x0000, 0x0000, 0x0000, 0x0000, 0x0000, 0x0000, 0x0000,
    0x0000, 0x0000, 0x0000, 0x0000, 0x0000, 0x0000, 0x0000, 0x0000, 0x0000, 0x0000, 0x0000, 0x0001,
    0x0060, 0x27A3, 0x17C1, 0x17E0, 0x1FE0, 0x17E0, 0x17E0, 0x17E0, 0x17E0, 0x17E0, 0x17E0, 0x17E0,
    0x17E0, 0x17E0, 0x17E0, 0x17E0, 0x17E0, 0x17C1, 0x27C2, 0x1D22, 0x0000, 0x0000, 0x0000, 0x0000,
    0x0000, 0x0000, 0x0000, 0x0000, 0x0000, 0x0000, 0x0000, 0x0000, 0x0000, 0x0000, 0x0000, 0x0000,
    0x0000, 0x0000, 0x0000, 0x0000, 0x1B82, 0x0FE0, 0x17E0, 0x0FE0, 0x17E0, 0x17E0, 0x17E0, 0x17E0,
    0x1501, 0x0000, 0x0800, 0x0000, 0x0000, 0x0000, 0x0000, 0x0000, 0x0000, 0x0000, 0x0000, 0x0000,
    0x0000, 0x0000, 0x0000, 0x0000, 0x0000, 0x0000, 0x0000, 0x0000, 0x0000, 0x0000, 0x0000, 0x0000,
    0x0000, 0x0000, 0x0000, 0x0000, 0x0000, 0x0200, 0x26E4, 0x17E0, 0x17E0, 0x17E0, 0x17A0, 0x1FE2,
    0x1FE1, 0x36A4, 0x0001, 0x0821, 0x0802, 0x0001, 0x0000, 0x0000, 0x0000, 0x0000, 0x0000, 0x0000,
    0x0000, 0x0000, 0x0000, 0x0000, 0x0000, 0x0000, 0x0000, 0x0000, 0x0000, 0x0001, 0x08C1, 0x2F65,
    0x17E1, 0x17E0, 0x17E0, 0x17E0, 0x17E0, 0x17E0, 0x17E0, 0x17E0, 0x17E0, 0x17E0, 0x17E0, 0x17E0,
    0x17E0, 0x17E0, 0x17C0, 0x17E0, 0x2F24, 0x1B62, 0x0800, 0x0861, 0x0000, 0x0000, 0x0000, 0x0000,
    0x0000, 0x0000, 0x0000, 0x0000, 0x0000, 0x0000, 0x0000, 0x0000, 0x0000, 0x0000, 0x0000, 0x0000,
    0x0000, 0x0000, 0x0000, 0x0000, 0x0000, 0x0000, 0x0000, 0x0000, 0x0000, 0x0000, 0x0000, 0x0000,
    0x0000, 0x0000, 0x0000, 0x0000, 0x0000, 0x0000, 0x0000, 0x0000, 0x0000, 0x0000, 0x0000, 0x0000,
    0x0000, 0x0000, 0x0000, 0x0000, 0x0000, 0x0000, 0x0000, 0x0000, 0x0000, 0x0000, 0x0000, 0x0000,
    0x0000, 0x0000, 0x0000, 0x0000, 0x0000, 0x0000, 0x0000, 0x0000, 0x0000, 0x0000, 0x0000, 0x0000,
    0x0000, 0x1D44, 0x2743, 0x17E0, 0x0780, 0x17E0, 0x17E0, 0x17E0, 0x17E0, 0x17E0, 0x17E0, 0x17E0,
    0x17E0, 0x17E0, 0x17E0, 0x17E0, 0x17E0, 0x17E1, 0x07E0, 0x1FE2, 0x0300, 0x1022, 0x0060, 0x1022,
    0x0040, 0x0000, 0x0000, 0x0000, 0x0000, 0x0000, 0x0000, 0x0000, 0x0000, 0x0000, 0x0000, 0x0000,
    0x0000, 0x0000, 0x0000, 0x0820, 0x1082, 0x37C4, 0x0FC0, 0x17C1, 0x17E0, 0x17E0, 0x17E0, 0x17E0,
    0x1C03, 0x0000, 0x0800, 0x0000, 0x0000, 0x0000, 0x0000, 0x0000, 0x0000, 0x0000, 0x0000, 0x0000,
    0x0000, 0x0000, 0x0000, 0x0000, 0x0000, 0x0000, 0x0000, 0x0000, 0x0000, 0x0000, 0x0000, 0x0000,
    0x0000, 0x0000, 0x0000, 0x0000, 0x0020, 0x0140, 0x1E63, 0x17C1, 0x17E0, 0x17E0, 0x0FA1, 0x17E2,
    0x2724, 0x1B63, 0x0000, 0x0000, 0x0000, 0x0000, 0x0000, 0x0000, 0x0000, 0x0000, 0x0000, 0x0000,
    0x0000, 0x0000, 0x0000, 0x0000, 0x0000, 0x0000, 0x0000, 0x0040, 0x0040, 0x0100, 0x0501, 0x17C0,
    0x17E0, 0x17E0, 0x17E0, 0x17E0, 0x17E0, 0x17E0, 0x17E0, 0x17E0, 0x17E0, 0x17E0, 0x17E0, 0x17E0,
    0x17E0, 0x1FE1, 0x1FE0, 0x17A1, 0x2B65, 0x00A0, 0x0000, 0x0000, 0x0000, 0x0000, 0x0000, 0x0000,
    0x0000, 0x0000, 0x0000, 0x0000, 0x0000, 0x0000, 0x0000, 0x0000, 0x0000, 0x0000, 0x0000, 0x0000,
    0x0000, 0x0000, 0x0000, 0x0000, 0x0000, 0x0000, 0x0000, 0x0000, 0x0000, 0x0000, 0x0000, 0x0000,
    0x0000, 0x0000, 0x0000, 0x0000, 0x0000, 0x0000, 0x0000, 0x0000, 0x0000, 0x0000, 0x0000, 0x0000,
    0x0000, 0x0000, 0x0000, 0x0000, 0x0000, 0x0000, 0x0000, 0x0000, 0x0000, 0x0000, 0x0000, 0x0000,
    0x0000, 0x0000, 0x0000, 0x0000, 0x0000, 0x0000, 0x0000, 0x0000, 0x0000, 0x0000, 0x0000, 0x0000,
    0x0000, 0x0B41, 0x2E64, 0x0FE0, 0x17E1, 0x17E0, 0x17E0, 0x17E0, 0x17E0, 0x17E0, 0x17E0, 0x17E0,
    0x17E0, 0x17E0, 0x17E0, 0x17E0, 0x17E0, 0x17E1, 0x0FE0, 0x1FE2, 0x1D42, 0x0960, 0x0062, 0x0000,
    0x0020, 0x0000, 0x0000, 0x0000, 0x0000, 0x0000, 0x0000, 0x0000, 0x0000, 0x0000, 0x0000, 0x0000,
    0x0000, 0x0000, 0x0000, 0x0020, 0x1002, 0x2DE4, 0x27C3, 0x1FC2, 0x17E0, 0x17E0, 0x17E0, 0x17E0,
    0x13A3, 0x0000, 0x0800, 0x0000, 0x0000, 0x0000, 0x0000, 0x0000, 0x0000, 0x0000, 0x0000, 0x0000,
    0x0000, 0x0000, 0x0000, 0x0000, 0x0000, 0x0000, 0x0000, 0x0000, 0x0000, 0x0000, 0x0000, 0x0000,
    0x0000, 0x0000, 0x0000, 0x0000, 0x0020, 0x0120, 0x1E42, 0x17C1, 0x17E0, 0x17E0, 0x1FE1, 0x0FC0,
    0x2503, 0x0140, 0x0000, 0x0000, 0x0000, 0x0000, 0x0000, 0x0000, 0x0000, 0x0000, 0x0000, 0x0000,
    0x0000, 0x0000, 0x0000, 0x0000, 0x0000, 0x0000, 0x0001, 0x0000, 0x0020, 0x1321, 0x26C4, 0x17C0,
    0x17C0, 0x17E0, 0x17E0, 0x17E0, 0x17E0, 0x17E0, 0x17E0, 0x17E0, 0x17E0, 0x17E0, 0x17E0, 0x17E0,
    0x17E0, 0x1FC0, 0x0FC0, 0x2FC4, 0x19C3, 0x0020, 0x0000, 0x0000, 0x0000, 0x0000, 0x0000, 0x0000,
    0x0000, 0x0000, 0x0000, 0x0000, 0x0000, 0x0000, 0x0000, 0x0000, 0x0000, 0x0000, 0x0000, 0x0000,
    0x0000, 0x0000, 0x0000, 0x0000, 0x0000, 0x0000, 0x0000, 0x0000, 0x0000, 0x0000, 0x0000, 0x0000,
    0x0000, 0x0000, 0x0000, 0x0000, 0x0000, 0x0000, 0x0000, 0x0000, 0x0000, 0x0000, 0x0000, 0x0000,
    0x0000, 0x0000, 0x0000, 0x0000, 0x0000, 0x0000, 0x0000, 0x0000, 0x0000, 0x0000, 0x0000, 0x0000,
    0x0000, 0x0000, 0x0000, 0x0000, 0x0000, 0x0000, 0x0000, 0x0000, 0x0000, 0x0000, 0x0000, 0x0000,
    0x0020, 0x1000, 0x0100, 0x1FE3, 0x1FE0, 0x17E1, 0x17E0, 0x17E0, 0x17E0, 0x17E0, 0x17E0, 0x17E0,
    0x17E0, 0x17E0, 0x17E0, 0x17E0, 0x17E0, 0x17E0, 0x1FE1, 0x1FC0, 0x17E0, 0x1E42, 0x0801, 0x0060,
    0x0801, 0x0000, 0x0000, 0x0000, 0x0000, 0x0000, 0x0000, 0x0000, 0x0000, 0x0000, 0x0000, 0x0000,
    0x0000, 0x0000, 0x0000, 0x0000, 0x0080, 0x0060, 0x14C1, 0x0FA0, 0x17E0, 0x17E0, 0x17E0, 0x17E0,
    0x02C0, 0x0800, 0x0800, 0x0000, 0x0000, 0x0000, 0x0000, 0x0000, 0x0000, 0x0000, 0x0000, 0x0000,
    0x0000, 0x0000, 0x0000, 0x0000, 0x0000, 0x0000, 0x0000, 0x0000, 0x0000, 0x0000, 0x0000, 0x0000,
    0x0000, 0x0000, 0x0000, 0x0000, 0x0020, 0x00C0, 0x1E02, 0x17C1, 0x17E0, 0x17E0, 0x17E1, 0x2743,
    0x0001, 0x0821, 0x0000, 0x0000, 0x0000, 0x0000, 0x0000, 0x0000, 0x0000, 0x0000, 0x0000, 0x0000,
    0x0000, 0x0000, 0x0000, 0x0000, 0x0000, 0x0000, 0x0000, 0x0001, 0x0100, 0x2F83, 0x17C0, 0x1FE1,
    0x17C0, 0x17E0, 0x17E0, 0x17E0, 0x17E0, 0x17E0, 0x17E0, 0x17E0, 0x17E0, 0x17E0, 0x17E0, 0x17E0,
    0x0FE1, 0x1FC0, 0x2FC4, 0x1D23, 0x0000, 0x0000, 0x0000, 0x0020, 0x0000, 0x0000, 0x0000, 0x0000,
    0x0000, 0x0000, 0x0000, 0x0000, 0x0000, 0x0000, 0x0000, 0x0000, 0x0000, 0x0000, 0x0000, 0x0000,
    0x0000, 0x0000, 0x0000, 0x0000, 0x0000, 0x0000, 0x0000, 0x0000, 0x0000, 0x0000, 0x0000, 0x0000,
    0x0000, 0x0000, 0x0000, 0x0000, 0x0000, 0x0000, 0x0000, 0x0000, 0x0000, 0x0000, 0x0000, 0x0000,
    0x0000, 0x0000, 0x0000, 0x0000, 0x0000, 0x0000, 0x0000, 0x0000, 0x0000, 0x0000, 0x0000, 0x0000,
    0x0000, 0x0000, 0x0000, 0x0000, 0x0000, 0x0000, 0x0000, 0x0000, 0x0000, 0x0000, 0x0000, 0x0000,
    0x0020, 0x1022, 0x0020, 0x2F04, 0x17C0, 0x17E1, 0x17E0, 0x17E0, 0x17E0, 0x17E0, 0x17E0, 0x17E0,
    0x17E0, 0x17E0, 0x17E0, 0x17E0, 0x17E0, 0x17C0, 0x1FE1, 0x27E1, 0x0FE0, 0x1F82, 0x0920, 0x0040,
    0x0800, 0x0000, 0x0000, 0x0000, 0x0000, 0x0000, 0x0000, 0x0000, 0x0000, 0x0000, 0x0000, 0x0000,
    0x0000, 0x0000, 0x0000, 0x0000, 0x0020, 0x0020, 0x1261, 0x2782, 0x1FE0, 0x17E0, 0x17E0, 0x1FE0,
    0x0261, 0x0801, 0x0800, 0x0020, 0x0000, 0x0000, 0x0000, 0x0000, 0x0000, 0x0000, 0x0000, 0x0000,
    0x0000, 0x0000, 0x0000, 0x0000, 0x0000, 0x0000, 0x0000, 0x0000, 0x0000, 0x0000, 0x0000, 0x0000,
    0x0000, 0x0000, 0x0000, 0x0000, 0x0820, 0x00A0, 0x1DE2, 0x17C1, 0x17E0, 0x17E1, 0x3766, 0x1C83,
    0x0001, 0x0801, 0x0000, 0x0000, 0x0000, 0x0000, 0x0000, 0x0000, 0x0000, 0x0000, 0x0000, 0x0000,
    0x0000, 0x0000, 0x0000, 0x0000, 0x0000, 0x0000, 0x0020, 0x0080, 0x0BA0, 0x1FC1, 0x1FE0, 0x0FC1,
    0x17C0, 0x17E0, 0x17E0, 0x17E0, 0x17E0, 0x17E0, 0x17E0, 0x17E0, 0x17E0, 0x17E0, 0x17E0, 0x17E0,
    0x17C0, 0x17E0, 0x3EC5, 0x1B22, 0x0000, 0x0000, 0x0000, 0x0000, 0x0000, 0x0000, 0x0000, 0x0000,
    0x0000, 0x0000, 0x0000, 0x0000, 0x0000, 0x0000, 0x0000, 0x0000, 0x0000, 0x0000, 0x0000, 0x0000,
    0x0000, 0x0000, 0x0000, 0x0000, 0x0000, 0x0000, 0x0000, 0x0000, 0x0000, 0x0000, 0x0000, 0x0000,
    0x0000, 0x0000, 0x0000, 0x0000, 0x0000, 0x0000, 0x0000, 0x0000, 0x0000, 0x0000, 0x0000, 0x0000,
    0x0000, 0x0000, 0x0000, 0x0000, 0x0000, 0x0000, 0x0000, 0x0000, 0x0000, 0x0000, 0x0000, 0x0000,
    0x0000, 0x0000, 0x0000, 0x0000, 0x0000, 0x0000, 0x0000, 0x0000, 0x0000, 0x0000, 0x0000, 0x0000,
    0x0000, 0x0000, 0x1042, 0x12E2, 0x36C4, 0x0FE0, 0x17E1, 0x0FE0, 0x0FE0, 0x17E0, 0x17E0, 0x17E0,
    0x17E0, 0x17E0, 0x17E0, 0x17E0, 0x17E0, 0x17E0, 0x17E0, 0x17E0, 0x1FE1, 0x1FA2, 0x2683, 0x0222,
    0x0020, 0x0060, 0x0801, 0x0000, 0x0000, 0x0000, 0x0000, 0x0000, 0x0000, 0x0000, 0x0000, 0x0000,
    0x0000, 0x0000, 0x0000, 0x0000, 0x0000, 0x0020, 0x0000, 0x2144, 0x26A1, 0x1FC1, 0x0FC0, 0x17C0,
    0x0980, 0x0021, 0x0800, 0x0000, 0x0000, 0x0000, 0x0000, 0x0000, 0x0000, 0x0000, 0x0000, 0x0000,
    0x0000, 0x0000, 0x0000, 0x0000, 0x0000, 0x0000, 0x0000, 0x0000, 0x0000, 0x0000, 0x0000, 0x0000,
    0x0000, 0x0000, 0x0000, 0x0040, 0x0000, 0x00C0, 0x25C3, 0x1FE1, 0x1FC2, 0x27C3, 0x1121, 0x0000,
    0x0000, 0x0000, 0x0000, 0x0000, 0x0000, 0x0000, 0x0000, 0x0000, 0x0000, 0x0000, 0x0000, 0x0000,
    0x0000, 0x0000, 0x0000, 0x0000, 0x0000, 0x0040, 0x1041, 0x25C1, 0x0FC0, 0x17E0, 0x17E0, 0x17E0,
    0x17E0, 0x17E0, 0x17E0, 0x17E0, 0x17E0, 0x17E0, 0x17E0, 0x17E0, 0x1FC0, 0x17E1, 0x17E0, 0x17E0,
    0x0FE0, 0x27A2, 0x0962, 0x0802, 0x0000, 0x0000, 0x0000, 0x0000, 0x0000, 0x0000, 0x0000, 0x0000,
    0x0000, 0x0000, 0x0000, 0x0000, 0x0000, 0x0000, 0x0000, 0x0000, 0x0000, 0x0000, 0x0000, 0x0000,
    0x0000, 0x0000, 0x0000, 0x0000, 0x0000, 0x0000, 0x0000, 0x0000, 0x0000, 0x0000, 0x0000, 0x0000,
    0x0000, 0x0000, 0x0000, 0x0000, 0x0000, 0x0000, 0x0000, 0x0000, 0x0000, 0x0000, 0x0000, 0x0000,
    0x0000, 0x0000, 0x0000, 0x0000, 0x0000, 0x0000, 0x0000, 0x0000, 0x0000, 0x0000, 0x0000, 0x0000,
    0x0000, 0x0000, 0x0000, 0x0000, 0x0000, 0x0000, 0x0000, 0x0000, 0x0000, 0x0000, 0x0000, 0x0000,
    0x0000, 0x0000, 0x0000, 0x0120, 0x1422, 0x17E0, 0x1FE0, 0x1FE1, 0x17C0, 0x17E0, 0x17E0, 0x17E0,
    0x17E0, 0x17E0, 0x17E0, 0x17E0, 0x17E0, 0x17E0, 0x17E0, 0x17E0, 0x17E1, 0x17C1, 0x3785, 0x24A4,
    0x0801, 0x0841, 0x0000, 0x0000, 0x0000, 0x0000, 0x0000, 0x0000, 0x0000, 0x0000, 0x0000, 0x0000,
    0x0000, 0x0000, 0x0000, 0x0000, 0x0000, 0x0020, 0x0000, 0x0861, 0x0B21, 0x1F82, 0x0FC0, 0x1FE2,
    0x0180, 0x0022, 0x0000, 0x0000, 0x0000, 0x0000, 0x0000, 0x0000, 0x0000, 0x0000, 0x0000, 0x0000,
    0x0000, 0x0000, 0x0000, 0x0000, 0x0000, 0x0000, 0x0000, 0x0000, 0x0000, 0x0000, 0x0000, 0x0000,
    0x0000, 0x0000, 0x0000, 0x0040, 0x0000, 0x00C0, 0x2D64, 0x0FE0, 0x2F84, 0x2524, 0x0060, 0x0000,
    0x0000, 0x0000, 0x0000, 0x0000, 0x0000, 0x0000, 0x0000, 0x0000, 0x0000, 0x0000, 0x0000, 0x0000,
    0x0000, 0x0000, 0x0000, 0x0000, 0x0000, 0x0801, 0x0020, 0x26C3, 0x1FE2, 0x17E0, 0x17E0, 0x17E0,
    0x17E0, 0x17E0, 0x17E0, 0x17E0, 0x17E0, 0x17E0, 0x17E0, 0x17E0, 0x1FE0, 0x1FC0, 0x1FE0, 0x17E0,
    0x17C2, 0x3684, 0x0080, 0x0000, 0x0000, 0x0000, 0x0000, 0x0000, 0x0000, 0x0000, 0x0000, 0x0000,
    0x0000, 0x0000, 0x0000, 0x0000, 0x0000, 0x0000, 0x0000, 0x0000, 0x0000, 0x0000, 0x0000, 0x0000,
    0x0000, 0x0000, 0x0000, 0x0000, 0x0000, 0x0000, 0x0000, 0x0000, 0x0000, 0x0000, 0x0000, 0x0000,
    0x0000, 0x0000, 0x0000, 0x0000, 0x0000, 0x0000, 0x0000, 0x0000, 0x0000, 0x0000, 0x0000, 0x0000,
    0x0000, 0x0000, 0x0000, 0x0000, 0x0000, 0x0000, 0x0000, 0x0000, 0x0000, 0x0000, 0x0000, 0x0000,
    0x0000, 0x0000, 0x0000, 0x0000, 0x0000, 0x0000, 0x0000, 0x0000, 0x0000, 0x0000, 0x0000, 0x0000,
    0x0000, 0x0000, 0x0020, 0x1803, 0x0822, 0x26C3, 0x27C2, 0x17E1, 0x1FC1, 0x17E0, 0x17E0, 0x17E0,
    0x17E0, 0x17E0, 0x17E0, 0x17E0, 0x17E0, 0x17E0, 0x17E0, 0x17E0, 0x17E0, 0x17E0, 0x0FC0, 0x1FE2,
    0x09E0, 0x0001, 0x0020, 0x0020, 0x0000, 0x0000, 0x0000, 0x0000, 0x0000, 0x0000, 0x0000, 0x0000,
    0x0000, 0x0000, 0x0000, 0x0000, 0x0000, 0x0000, 0x0020, 0x0020, 0x1001, 0x0160, 0x24A3, 0x1F83,
    0x0100, 0x0002, 0x0000, 0x0000, 0x0000, 0x0000, 0x0000, 0x0000, 0x0000, 0x0000, 0x0000, 0x0000,
    0x0000, 0x0000, 0x0000, 0x0000, 0x0000, 0x0000, 0x0000, 0x0000, 0x0000, 0x0000, 0x0000, 0x0000,
    0x0000, 0x0000, 0x0000, 0x0020, 0x0000, 0x0060, 0x13C2, 0x46C7, 0x0200, 0x0001, 0x0842, 0x0001,
    0x0000, 0x0000, 0x0000, 0x0000, 0x0000, 0x0000, 0x0000, 0x0000, 0x0000, 0x0000, 0x0000, 0x0000,
    0x0000, 0x0000, 0x0000, 0x0000, 0x0000, 0x08C0, 0x3485, 0x1FC1, 0x1F81, 0x17E0, 0x17E0, 0x17E0,
    0x17E0, 0x17E0, 0x17E0, 0x17E0, 0x17E0, 0x17E0, 0x17E0, 0x17E0, 0x07E0, 0x17E1, 0x0FE0, 0x17C1,
    0x1CE4, 0x0140, 0x0021, 0x0020, 0x0000, 0x0000, 0x0000, 0x0000, 0x0000, 0x0000, 0x0000, 0x0000,
    0x0000, 0x0000, 0x0000, 0x0000, 0x0000, 0x0000, 0x0000, 0x0000, 0x0000, 0x0000, 0x0000, 0x0000,
    0x0000, 0x0000, 0x0000, 0x0000, 0x0000, 0x0000, 0x0000, 0x0000, 0x0000, 0x0000, 0x0000, 0x0000,
    0x0000, 0x0000, 0x0000, 0x0000, 0x0000, 0x0000, 0x0000, 0x0000, 0x0000, 0x0000, 0x0000, 0x0000,
    0x0000, 0x0000, 0x0000, 0x0000, 0x0000, 0x0000, 0x0000, 0x0000, 0x0000, 0x0000, 0x0000, 0x0000,
    0x0000, 0x0000, 0x0000, 0x0000, 0x0000, 0x0000, 0x0000, 0x0000, 0x0000, 0x0000, 0x0000, 0x0000,
    0x0000, 0x0000, 0x0020, 0x1001, 0x0000, 0x1C03, 0x2684, 0x0FE0, 0x1FE2, 0x17E0, 0x17E0, 0x17E0,
    0x17E0, 0x17E0, 0x17E0, 0x17E0, 0x17E0, 0x17E0, 0x17E0, 0x17E0, 0x17E0, 0x17C0, 0x17E0, 0x17E0,
    0x2502, 0x0900, 0x0821, 0x0820, 0x0000, 0x0000, 0x0000, 0x0000, 0x0000, 0x0000, 0x0000, 0x0000,
    0x0000, 0x0000, 0x0000, 0x0000, 0x0000, 0x0000, 0x0000, 0x0000, 0x0020, 0x1022, 0x0120, 0x1C82,
    0x0820, 0x0000, 0x0800, 0x0000, 0x0000, 0x0000, 0x0000, 0x0000, 0x0000, 0x0000, 0x0000, 0x0000,
    0x0000, 0x0000, 0x0000, 0x0000, 0x0000, 0x0000, 0x0000, 0x0000, 0x0000, 0x0000, 0x0000, 0x0000,
    0x0000, 0x0000, 0x0000, 0x0020, 0x0020, 0x0021, 0x0160, 0x1282, 0x0060, 0x0021, 0x0000, 0x0000,
    0x0000, 0x0000, 0x0000, 0x0000, 0x0000, 0x0000, 0x0000, 0x0000, 0x0000, 0x0000, 0x0000, 0x0000,
    0x0000, 0x0000, 0x0000, 0x0000, 0x0000, 0x1341, 0x3705, 0x1FE1, 0x17A0, 0x17E0, 0x17E0, 0x17E0,
    0x17E0, 0x17E0, 0x17E0, 0x17E0, 0x17E0, 0x17E0, 0x17E0, 0x17E0, 0x0FE1, 0x1FE2, 0x0FE0, 0x2764,
    0x0181, 0x0060, 0x0000, 0x0020, 0x0000, 0x0000, 0x0000, 0x0000, 0x0000, 0x0000, 0x0000, 0x0000,
    0x0000, 0x0000, 0x0000, 0x0000, 0x0000, 0x0000, 0x0000, 0x0000, 0x0000, 0x0000, 0x0000, 0x0000,
    0x0000, 0x0000, 0x0000, 0x0000, 0x0000, 0x0000, 0x0000, 0x0000, 0x0000, 0x0000, 0x0000, 0x0000,
    0x0000, 0x0000, 0x0000, 0x0000, 0x0000, 0x0000, 0x0000, 0x0000, 0x0000, 0x0000, 0x0000, 0x0000,
    0x0000, 0x0000, 0x0000, 0x0000, 0x0000, 0x0000, 0x0000, 0x0000, 0x0000, 0x0000, 0x0000, 0x0000,
    0x0000, 0x0000, 0x0000, 0x0000, 0x0000, 0x0000, 0x0000, 0x0000, 0x0000, 0x0000, 0x0000, 0x0000,
    0x0000, 0x0000, 0x0000, 0x0000, 0x0000, 0x0021, 0x11E2, 0x2F63, 0x17E0, 0x1FE0, 0x17E0, 0x17E0,
    0x1FC0, 0x17E0, 0x17E0, 0x17E0, 0x17E0, 0x17E0, 0x17E0, 0x17E0, 0x17E0, 0x17E0, 0x17E0, 0x17E0,
    0x1FE2, 0x25C3, 0x0801, 0x0040, 0x0801, 0x0000, 0x0000, 0x0000, 0x0000, 0x0000, 0x0000, 0x0000,
    0x0000, 0x0000, 0x0000, 0x0000, 0x0000, 0x0000, 0x0000, 0x0000, 0x0000, 0x0000, 0x0020, 0x0020,
    0x0020, 0x0000, 0x0000, 0x0000, 0x0000, 0x0000, 0x0000, 0x0000, 0x0000, 0x0000, 0x0000, 0x0000,
    0x0000, 0x0000, 0x0000, 0x0000, 0x0000, 0x0000, 0x0000, 0x0000, 0x0000, 0x0000, 0x0000, 0x0000,
    0x0000, 0x0000, 0x0000, 0x0000, 0x0000, 0x0000, 0x0000, 0x0020, 0x0000, 0x0000, 0x0000, 0x0000,
    0x0000, 0x0000, 0x0000, 0x0000, 0x0000, 0x0000, 0x0000, 0x0000, 0x0000, 0x0000, 0x0000, 0x0000,
    0x0000, 0x0000, 0x0020, 0x0822, 0x00C0, 0x2783, 0x1FA2, 0x0FE0, 0x17E0, 0x17E0, 0x17E0, 0x17E0,
    0x17E0, 0x17E0, 0x17E0, 0x17E0, 0x17E0, 0x0FE1, 0x17E0, 0x17E0, 0x2FC0, 0x17A0, 0x1E62, 0x0B20,
    0x0020, 0x0020, 0x0000, 0x0000, 0x0000, 0x0000, 0x0000, 0x0000, 0x0000, 0x0000, 0x0000, 0x0000,
    0x0000, 0x0000, 0x0000, 0x0000, 0x0000, 0x0000, 0x0000, 0x0000, 0x0000, 0x0000, 0x0000, 0x0000,
    0x0000, 0x0000, 0x0000, 0x0000, 0x0000, 0x0000, 0x0000, 0x0000, 0x0000, 0x0000, 0x0000, 0x0000,
    0x0000, 0x0000, 0x0000, 0x0000, 0x0000, 0x0000, 0x0000, 0x0000, 0x0000, 0x0000, 0x0000, 0x0000,
    0x0000, 0x0000, 0x0000, 0x0000, 0x0000, 0x0000, 0x0000, 0x0000, 0x0000, 0x0000, 0x0000, 0x0000,
    0x0000, 0x0000, 0x0000, 0x0000, 0x0000, 0x0000, 0x0000, 0x0000, 0x0000, 0x0000, 0x0000, 0x0000,
    0x0000, 0x0000, 0x0000, 0x0000, 0x0000, 0x0061, 0x0020, 0x25A4, 0x1F83, 0x27A2, 0x1FE2, 0x1FC0,
    0x17C0, 0x17E0, 0x17E0, 0x17E0, 0x17E0, 0x17E0, 0x17E0, 0x17E0, 0x17E0, 0x17E0, 0x17E0, 0x17E0,
    0x17E0, 0x2743, 0x00C0, 0x0841, 0x0020, 0x0000, 0x0000, 0x0000, 0x0000, 0x0000, 0x0000, 0x0000,
    0x0000, 0x0000, 0x0000, 0x0000, 0x0000, 0x0000, 0x0000, 0x0000, 0x0000, 0x0000, 0x0000, 0x0020,
    0x0000, 0x0000, 0x0000, 0x0000, 0x0000, 0x0000, 0x0000, 0x0000, 0x0000, 0x0000, 0x0000, 0x0000,
    0x0000, 0x0000, 0x0000, 0x0000, 0x0000, 0x0000, 0x0000, 0x0000, 0x0000, 0x0000, 0x0000, 0x0000,
    0x0000, 0x0000, 0x0000, 0x0000, 0x0000, 0x0000, 0x0000, 0x0020, 0x0000, 0x0000, 0x0000, 0x0000,
    0x0000, 0x0000, 0x0000, 0x0000, 0x0000, 0x0000, 0x0000, 0x0000, 0x0000, 0x0000, 0x0000, 0x0000,
    0x0000, 0x0000, 0x0000, 0x0021, 0x0AA0, 0x1FA1, 0x17C1, 0x17E0, 0x17E0, 0x17E0, 0x17E0, 0x17E0,
    0x17E0, 0x17E0, 0x17E0, 0x17E0, 0x17E0, 0x1FE1, 0x1FC1, 0x17C1, 0x1F81, 0x17C2, 0x0B00, 0x0880,
    0x0020, 0x0000, 0x0000, 0x0000, 0x0000, 0x0000, 0x0000, 0x0000, 0x0000, 0x0000, 0x0000, 0x0000,
    0x0000, 0x0000, 0x0000, 0x0000, 0x0000, 0x0000, 0x0000, 0x0000, 0x0000, 0x0000, 0x0000, 0x0000,
    0x0000, 0x0000, 0x0000, 0x0000, 0x0000, 0x0000, 0x0000, 0x0000, 0x0000, 0x0000, 0x0000, 0x0000,
    0x0000, 0x0000, 0x0000, 0x0000, 0x0000, 0x0000, 0x0000, 0x0000, 0x0000, 0x0000, 0x0000, 0x0000,
    0x0000, 0x0000, 0x0000, 0x0000, 0x0000, 0x0000, 0x0000, 0x0000, 0x0000, 0x0000, 0x0000, 0x0000,
    0x0000, 0x0000, 0x0000, 0x0000, 0x0000, 0x0000, 0x0000, 0x0000, 0x0000, 0x0000, 0x0000, 0x0000,
    0x0000, 0x0000, 0x0000, 0x0000, 0x0000, 0x1000, 0x0001, 0x1021, 0x0A60, 0x1FA1, 0x17E1, 0x17A0,
    0x1FE1, 0x17E0, 0x17E0, 0x17E0, 0x17E0, 0x17E0, 0x17E0, 0x17E0, 0x17E0, 0x17E0, 0x17E0, 0x17E0,
    0x17C0, 0x17E0, 0x2D65, 0x0962, 0x0000, 0x0000, 0x0000, 0x0000, 0x0000, 0x0000, 0x0000, 0x0000,
    0x0000, 0x0000, 0x0000, 0x0000, 0x0000, 0x0000, 0x0000, 0x0000, 0x0000, 0x0000, 0x0000, 0x0000,
    0x0000, 0x0000, 0x0000, 0x0000, 0x0000, 0x0000, 0x0000, 0x0000, 0x0000, 0x0000, 0x0000, 0x0000,
    0x0000, 0x0000, 0x0000, 0x0000, 0x0000, 0x0000, 0x0000, 0x0000, 0x0000, 0x0000, 0x0000, 0x0000,
    0x0000, 0x0000, 0x0000, 0x0000, 0x0000, 0x0000, 0x0000, 0x0000, 0x0000, 0x0000, 0x0000, 0x0000,
    0x0000, 0x0000, 0x0000, 0x0000, 0x0000, 0x0000, 0x0000, 0x0000, 0x0000, 0x0000, 0x0000, 0x0000,
    0x0000, 0x0020, 0x1001, 0x1BA1, 0x2702, 0x17E0, 0x17E0, 0x17E0, 0x17E0, 0x17E0, 0x17E0, 0x17E0,
    0x17E0, 0x17E0, 0x17E0, 0x17E0, 0x17E0, 0x17E2, 0x0FC0, 0x1FE0, 0x2E63, 0x1300, 0x0801, 0x0020,
    0x0000, 0x0000, 0x0000, 0x0000, 0x0000, 0x0000, 0x0000, 0x0000, 0x0000, 0x0000, 0x0000, 0x0000,
    0x0000, 0x0000, 0x0000, 0x0000, 0x0000, 0x0000, 0x0000, 0x0000, 0x0000, 0x0000, 0x0000, 0x0000,
    0x0000, 0x0000, 0x0000, 0x0000, 0x0000, 0x0000, 0x0000, 0x0000, 0x0000, 0x0000, 0x0000, 0x0000,
    0x0000, 0x0000, 0x0000, 0x0000, 0x0000, 0x0000, 0x0000, 0x0000, 0x0000, 0x0000, 0x0000, 0x0000,
    0x0000, 0x0000, 0x0000, 0x0000, 0x0000, 0x0000, 0x0000, 0x0000, 0x0000, 0x0000, 0x0000, 0x0000,
    0x0000, 0x0000, 0x0000, 0x0000, 0x0000, 0x0000, 0x0000, 0x0000, 0x0000, 0x0000, 0x0000, 0x0000,
    0x0000, 0x0000, 0x0000, 0x0000, 0x0000, 0x0020, 0x0020, 0x0020, 0x0000, 0x0860, 0x2444, 0x1FE2,
    0x17E0, 0x17E0, 0x17E0, 0x17E0, 0x17E0, 0x17E0, 0x17E0, 0x17E0, 0x17E0, 0x17E0, 0x17E0, 0x17E0,
    0x1FC1, 0x1780, 0x0FC0, 0x2643, 0x0000, 0x0000, 0x0000, 0x0000, 0x0000, 0x0000, 0x0000, 0x0000,
    0x0000, 0x0000, 0x0000, 0x0000, 0x0000, 0x0000, 0x0000, 0x0000, 0x0000, 0x0000, 0x0000, 0x0000,
    0x0000, 0x0000, 0x0000, 0x0000, 0x0000, 0x0000, 0x0000, 0x0000, 0x0000, 0x0000, 0x0000, 0x0000,
    0x0000, 0x0000, 0x0000, 0x0000, 0x0000, 0x0000, 0x0000, 0x0000, 0x0000, 0x0000, 0x0000, 0x0000,
    0x0000, 0x0000, 0x0000, 0x0000, 0x0000, 0x0000, 0x0000, 0x0000, 0x0000, 0x0000, 0x0000, 0x0000,
    0x0000, 0x0000, 0x0000, 0x0000, 0x0000, 0x0000, 0x0000, 0x0000, 0x0000, 0x0000, 0x0000, 0x0000,
    0x0000, 0x0001, 0x0040, 0x3745, 0x1FE1, 0x17C1, 0x17C1, 0x17E0, 0x17E0, 0x17E0, 0x17E0, 0x17E0,
    0x17E0, 0x17E0, 0x17E0, 0x17E0, 0x27C0, 0x1FE0, 0x2763, 0x2524, 0x1004, 0x0000, 0x0041, 0x0000,
    0x0000, 0x0000, 0x0000, 0x0000, 0x0000, 0x0000, 0x0000, 0x0000, 0x0000, 0x0000, 0x0000, 0x0000,
    0x0000, 0x0000, 0x0000, 0x0000, 0x0000, 0x0000, 0x0000, 0x0000, 0x0000, 0x0000, 0x0000, 0x0000,
    0x0000, 0x0000, 0x0000, 0x0000, 0x0000, 0x0000, 0x0000, 0x0000, 0x0000, 0x0000, 0x0000, 0x0000,
    0x0000, 0x0000, 0x0000, 0x0000, 0x0000, 0x0000, 0x0000, 0x0000, 0x0000, 0x0000, 0x0000, 0x0000,
    0x0000, 0x0000, 0x0000, 0x0000, 0x0000, 0x0000, 0x0000, 0x0000, 0x0000, 0x0000, 0x0000, 0x0000,
    0x0000, 0x0000, 0x0000, 0x0000, 0x0000, 0x0000, 0x0000, 0x0000, 0x0000, 0x0000, 0x0000, 0x0000,
    0x0000, 0x0000, 0x0000, 0x0000, 0x0000, 0x0000, 0x0000, 0x0000, 0x0000, 0x1800, 0x08A0, 0x1DC5,
    0x2724, 0x17C0, 0x17E1, 0x1FC1, 0x1FE1, 0x17E0, 0x17E0, 0x17E0, 0x17E0, 0x17E0, 0x17E0, 0x17E0,
    0x17E0, 0x17C0, 0x17C0, 0x2FC3, 0x0101, 0x0002, 0x0020, 0x0020, 0x0000, 0x0000, 0x0000, 0x0000,
    0x0000, 0x0000, 0x0000, 0x0000, 0x0000, 0x0000, 0x0000, 0x0000, 0x0000, 0x0000, 0x0000, 0x0000,
    0x0000, 0x0000, 0x0000, 0x0000, 0x0000, 0x0000, 0x0000, 0x0000, 0x0000, 0x0000, 0x0000, 0x0000,
    0x0000, 0x0000, 0x0000, 0x0000, 0x0000, 0x0000, 0x0000, 0x0000, 0x0000, 0x0000, 0x0000, 0x0000,
    0x0000, 0x0000, 0x0000, 0x0000, 0x0000, 0x0000, 0x0000, 0x0000, 0x0000, 0x0000, 0x0000, 0x0000,
    0x0000, 0x0000, 0x0000, 0x0000, 0x0000, 0x0000, 0x0000, 0x0000, 0x0000, 0x0000, 0x0800, 0x0800,
    0x0000, 0x0021, 0x1241, 0x17A1, 0x27C1, 0x17E0, 0x17E0, 0x17E0, 0x17E0, 0x17E0, 0x17E0, 0x17E0,
    0x17E0, 0x17E0, 0x17C0, 0x17C1, 0x0FE1, 0x27C2, 0x1C22, 0x0120, 0x0000, 0x0000, 0x0000, 0x0000,
    0x0000, 0x0000, 0x0000, 0x0000, 0x0000, 0x0000, 0x0000, 0x0000, 0x0000, 0x0000, 0x0000, 0x0000,
    0x0000, 0x0000, 0x0000, 0x0000, 0x0000, 0x0000, 0x0000, 0x0000, 0x0000, 0x0000, 0x0000, 0x0000,
    0x0000, 0x0000, 0x0000, 0x0000, 0x0000, 0x0000, 0x0000, 0x0000, 0x0000, 0x0000, 0x0000, 0x0000,
    0x0000, 0x0000, 0x0000, 0x0000, 0x0000, 0x0000, 0x0000, 0x0000, 0x0000, 0x0000, 0x0000, 0x0000,
    0x0000, 0x0000, 0x0000, 0x0000, 0x0000, 0x0000, 0x0000, 0x0000, 0x0000, 0x0000, 0x0000, 0x0000,
    0x0000, 0x0000, 0x0000, 0x0000, 0x0000, 0x0000, 0x0000, 0x0000, 0x0000, 0x0000, 0x0000, 0x0000,
    0x0000, 0x0000, 0x0000, 0x0000, 0x0000, 0x0000, 0x0000, 0x0000, 0x0000, 0x0001, 0x0802, 0x0821,
    0x0020, 0x2CC5, 0x2EA5, 0x0FE0, 0x1FA2, 0x17E0, 0x17E0, 0x17E0, 0x17E0, 0x17E0, 0x17E0, 0x17E0,
    0x17E0, 0x17C0, 0x0FE1, 0x0FE0, 0x2D44, 0x0140, 0x0801, 0x0000, 0x0000, 0x0000, 0x0000, 0x0000,
    0x0000, 0x0000, 0x0000, 0x0000, 0x0000, 0x0000, 0x0000, 0x0000, 0x0000, 0x0000, 0x0000, 0x0000,
    0x0000, 0x0000, 0x0000, 0x0000, 0x0000, 0x0000, 0x0000, 0x0000, 0x0000, 0x0000, 0x0000, 0x0000,
    0x0000, 0x0000, 0x0000, 0x0000, 0x0000, 0x0000, 0x0000, 0x0000, 0x0000, 0x0000, 0x0000, 0x0000,
    0x0000, 0x0000, 0x0000, 0x0000, 0x0000, 0x0000, 0x0000, 0x0000, 0x0000, 0x0000, 0x0000, 0x0000,
    0x0000, 0x0000, 0x0000, 0x0000, 0x0000, 0x0000, 0x0000, 0x0000, 0x0000, 0x0000, 0x0000, 0x0000,
    0x0801, 0x1302, 0x26E2, 0x1FC2, 0x1761, 0x17E0, 0x17E0, 0x17E0, 0x17E0, 0x17E0, 0x17E0, 0x17E0,
    0x17E0, 0x17C0, 0x27C3, 0x17C1, 0x2463, 0x01C0, 0x1804, 0x0802, 0x0000, 0x0000, 0x0000, 0x0000,
    0x0000, 0x0000, 0x0000, 0x0000, 0x0000, 0x0000, 0x0000, 0x0000, 0x0000, 0x0000, 0x0000, 0x0000,
    0x0000, 0x0000, 0x0000, 0x0000, 0x0000, 0x0000, 0x0000, 0x0000, 0x0000, 0x0000, 0x0000, 0x0000,
    0x0000, 0x0000, 0x0000, 0x0000, 0x0000, 0x0000, 0x0000, 0x0000, 0x0000, 0x0000, 0x0000, 0x0000,
    0x0000, 0x0000, 0x0000, 0x0000, 0x0000, 0x0000, 0x0000, 0x0000, 0x0000, 0x0000, 0x0000, 0x0000,
    0x0000, 0x0000, 0x0000, 0x0000, 0x0000, 0x0000, 0x0000, 0x0000, 0x0000, 0x0000, 0x0000, 0x0000,
    0x0000, 0x0000, 0x0000, 0x0000, 0x0000, 0x0000, 0x0000, 0x0000, 0x0000, 0x0000, 0x0000, 0x0000,
    0x0000, 0x0000, 0x0000, 0x0000, 0x0000, 0x0000, 0x0000, 0x0000, 0x0000, 0x0000, 0x0821, 0x0021,
    0x0821, 0x08C0, 0x1B22, 0x2F84, 0x0FE0, 0x17E0, 0x17E0, 0x17E0, 0x17E0, 0x17E0, 0x17E0, 0x17E0,
    0x17E0, 0x17E0, 0x17E1, 0x0FE0, 0x3705, 0x13A1, 0x0801, 0x0001, 0x0000, 0x0000, 0x0000, 0x0000,
    0x0000, 0x0000, 0x0000, 0x0000, 0x0000, 0x0000, 0x0000, 0x0000, 0x0000, 0x0000, 0x0000, 0x0000,
    0x0000, 0x0000, 0x0000, 0x0000, 0x0000, 0x0000, 0x0000, 0x0000, 0x0000, 0x0000, 0x0000, 0x0000,
    0x0000, 0x0000, 0x0000, 0x0000, 0x0000, 0x0000, 0x0000, 0x0000, 0x0000, 0x0000, 0x0000, 0x0000,
    0x0000, 0x0000, 0x0000, 0x0000, 0x0000, 0x0000, 0x0000, 0x0000, 0x0000, 0x0000, 0x0000, 0x0000,
    0x0000, 0x0000, 0x0000, 0x0000, 0x0000, 0x0000, 0x0000, 0x0000, 0x0000, 0x0000, 0x0000, 0x0000,
    0x0020, 0x2D84, 0x1FC2, 0x17C1, 0x17C1, 0x17E0, 0x17E0, 0x17E0, 0x17E0, 0x17E0, 0x17E0, 0x17E0,
    0x17E0, 0x17E0, 0x17E0, 0x25E3, 0x08A1, 0x0020, 0x0041, 0x0020, 0x0000, 0x0000, 0x0000, 0x0000,
    0x0000, 0x0000, 0x0000, 0x0000, 0x0000, 0x0000, 0x0000, 0x0000, 0x0000, 0x0000, 0x0000, 0x0000,
    0x0000, 0x0000, 0x0000, 0x0000, 0x0000, 0x0000, 0x0000, 0x0000, 0x0000, 0x0000, 0x0000, 0x0000,
    0x0000, 0x0000, 0x0000, 0x0000, 0x0000, 0x0000, 0x0000, 0x0000, 0x0000, 0x0000, 0x0000, 0x0000,
    0x0000, 0x0000, 0x0000, 0x0000, 0x0000, 0x0000, 0x0000, 0x0000, 0x0000, 0x0000, 0x0000, 0x0000,
    0x0000, 0x0000, 0x0000, 0x0000, 0x0000, 0x0000, 0x0000, 0x0000, 0x0000, 0x0000, 0x0000, 0x0000,
    0x0000, 0x0000, 0x0000, 0x0000, 0x0000, 0x0000, 0x0000, 0x0000, 0x0000, 0x0000, 0x0000, 0x0000,
    0x0000, 0x0000, 0x0000, 0x0000, 0x0000, 0x0000, 0x0000, 0x0000, 0x0000, 0x0800, 0x0800, 0x0020,
    0x0020, 0x0020, 0x0020, 0x1303, 0x0FC0, 0x17E0, 0x1FE0, 0x17E0, 0x17E0, 0x17E0, 0x17E0, 0x17E0,
    0x17E0, 0x17E0, 0x1FE0, 0x1FC1, 0x17E0, 0x37A5, 0x00E0, 0x1822, 0x0000, 0x0000, 0x0000, 0x0000,
    0x0000, 0x0000, 0x0000, 0x0000, 0x0000, 0x0000, 0x0000, 0x0000, 0x0000, 0x0000, 0x0000, 0x0000,
    0x0000, 0x0000, 0x0000, 0x0000, 0x0000, 0x0000, 0x0000, 0x0000, 0x0000, 0x0000, 0x0000, 0x0000,
    0x0000, 0x0000, 0x0000, 0x0000, 0x0000, 0x0000, 0x0000, 0x0000, 0x0000, 0x0000, 0x0000, 0x0000,
    0x0000, 0x0000, 0x0000, 0x0000, 0x0000, 0x0000, 0x0000, 0x0000, 0x0000, 0x0000, 0x0000, 0x0000,
    0x0000, 0x0000, 0x0000, 0x0000, 0x0000, 0x0000, 0x0000, 0x0000, 0x0000, 0x0000, 0x0020, 0x0801,
    0x0A40, 0x1FE0, 0x17E2, 0x17E0, 0x07E0, 0x17E0, 0x17E0, 0x17E0, 0x17E0, 0x17E0, 0x1FE0, 0x17E0,
    0x17E0, 0x2FE3, 0x2662, 0x1004, 0x0040, 0x0000, 0x0801, 0x0000, 0x0000, 0x0000, 0x0000, 0x0000,
    0x0000, 0x0000, 0x0000, 0x0000, 0x0000, 0x0000, 0x0000, 0x0000, 0x0000, 0x0000, 0x0000, 0x0000,
    0x0000, 0x0000, 0x0000, 0x0000, 0x0000, 0x0000, 0x0000, 0x0000, 0x0000, 0x0000, 0x0000, 0x0000,
    0x0000, 0x0000, 0x0000, 0x0000, 0x0000, 0x0000, 0x0000, 0x0000, 0x0000, 0x0000, 0x0000, 0x0000,
    0x0000, 0x0000, 0x0000, 0x0000, 0x0000, 0x0000, 0x0000, 0x0000, 0x0000, 0x0000, 0x0000, 0x0000,
    0x0000, 0x0000, 0x0000, 0x0000, 0x0000, 0x0000, 0x0000, 0x0000, 0x0000, 0x0000, 0x0000, 0x0000,
    0x0000, 0x0000, 0x0000, 0x0000, 0x0000, 0x0000, 0x0000, 0x0000, 0x0000, 0x0000, 0x0000, 0x0000,
    0x0000, 0x0000, 0x0000, 0x0000, 0x0000, 0x0000, 0x0000, 0x0000, 0x0000, 0x0000, 0x0000, 0x0000,
    0x0000, 0x0000, 0x0020, 0x08A0, 0x27C2, 0x0FE0, 0x1FC1, 0x17E0, 0x17C0, 0x17E0, 0x17E0, 0x17E0,
    0x17E0, 0x17E0, 0x17E0, 0x17E0, 0x17C0, 0x27E3, 0x0AA0, 0x1001, 0x0000, 0x0000, 0x0000, 0x0000,
    0x0000, 0x0000, 0x0000, 0x0000, 0x0000, 0x0000, 0x0000, 0x0000, 0x0000, 0x0000, 0x0000, 0x0000,
    0x0000, 0x0000, 0x0000, 0x0000, 0x0000, 0x0000, 0x0000, 0x0000, 0x0000, 0x0000, 0x0000, 0x0000,
    0x0000, 0x0000, 0x0000, 0x0000, 0x0000, 0x0000, 0x0000, 0x0000, 0x0000, 0x0000, 0x0000, 0x0000,
    0x0000, 0x0000, 0x0000, 0x0020, 0x0020, 0x0000, 0x0000, 0x0020, 0x0020, 0x0000, 0x0000, 0x0000,
    0x0000, 0x0000, 0x0000, 0x0000, 0x0000, 0x0000, 0x0000, 0x0000, 0x0000, 0x0000, 0x0800, 0x1802,
    0x1C63, 0x17E0, 0x17E0, 0x17E0, 0x17E0, 0x17E0, 0x17E0, 0x17E0, 0x17E0, 0x17E0, 0x1FE1, 0x17E1,
    0x17E1, 0x2FA4, 0x1422, 0x1003, 0x0020, 0x0000, 0x0000, 0x0000, 0x0000, 0x0000, 0x0000, 0x0000,
    0x0000, 0x0000, 0x0000, 0x0000, 0x0000, 0x0000, 0x0000, 0x0000, 0x0000, 0x0000, 0x0000, 0x0000,
    0x0000, 0x0000, 0x0000, 0x0000, 0x0000, 0x0000, 0x0000, 0x0000, 0x0000, 0x0000, 0x0000, 0x0000,
    0x0000, 0x0000, 0x0000, 0x0000, 0x0000, 0x0000, 0x0000, 0x0000, 0x0000, 0x0000, 0x0000, 0x0000,
    0x0000, 0x0000, 0x0000, 0x0000, 0x0000, 0x0000, 0x0000, 0x0000, 0x0000, 0x0000, 0x0000, 0x0000,
    0x0000, 0x0000, 0x0000, 0x0000, 0x0000, 0x0000, 0x0000, 0x0000, 0x0000, 0x0000, 0x0000, 0x0000,
    0x0000, 0x0000, 0x0000, 0x0000, 0x0000, 0x0000, 0x0000, 0x0000, 0x0000, 0x0000, 0x0000, 0x0000,
    0x0000, 0x0000, 0x0000, 0x0000, 0x0000, 0x0000, 0x0000, 0x0000, 0x0000, 0x0000, 0x0000, 0x0000,
    0x0000, 0x0000, 0x0020, 0x0801, 0x2444, 0x2783, 0x0FE0, 0x1FE1, 0x1FE1, 0x17E0, 0x17E0, 0x17E0,
    0x17E0, 0x17E0, 0x17E0, 0x17E0, 0x17E1, 0x0FE0, 0x2EE4, 0x02C0, 0x0000, 0x0000, 0x0000, 0x0000,
    0x0000, 0x0000, 0x0000, 0x0000, 0x0000, 0x0000, 0x0000, 0x0000, 0x0000, 0x0000, 0x0001, 0x0801,
    0x0000, 0x0000, 0x0000, 0x0000, 0x0000, 0x0000, 0x0000, 0x0000, 0x0000, 0x0000, 0x0000, 0x0000,
    0x0000, 0x0000, 0x0000, 0x0000, 0x0000, 0x0000, 0x0000, 0x0000, 0x0000, 0x0000, 0x0000, 0x0000,
    0x0000, 0x0000, 0x0000, 0x0000, 0x0000, 0x0000, 0x0800, 0x0001, 0x0000, 0x0000, 0x0000, 0x0000,
    0x0000, 0x0000, 0x0000, 0x0000, 0x0000, 0x0000, 0x0000, 0x0000, 0x0000, 0x0000, 0x0801, 0x0040,
    0x2F44, 0x17E0, 0x17E0, 0x17E0, 0x17E0, 0x17E0, 0x17E0, 0x17E0, 0x17E0, 0x17E0, 0x17C0, 0x0FE0,
    0x17C0, 0x0B60, 0x0021, 0x0040, 0x0001, 0x0000, 0x0000, 0x0000, 0x0000, 0x0000, 0x0000, 0x0000,
    0x0000, 0x0000, 0x0000, 0x0000, 0x0000, 0x0000, 0x0000, 0x0000, 0x0000, 0x0000, 0x0000, 0x0000,
    0x0000, 0x0000, 0x0000, 0x0000, 0x0000, 0x0000, 0x0000, 0x0000, 0x0000, 0x0000, 0x0000, 0x0000,
    0x0000, 0x0000, 0x0000, 0x0000, 0x0000, 0x0000, 0x0000, 0x0000, 0x0000, 0x0000, 0x0000, 0x0000,
    0x0000, 0x0000, 0x0000, 0x0000, 0x0000, 0x0000, 0x0000, 0x0000, 0x0000, 0x0000, 0x0000, 0x0000,
    0x0000, 0x0000, 0x0000, 0x0000, 0x0000, 0x0000, 0x0000, 0x0000, 0x0000, 0x0000, 0x0000, 0x0000,
    0x0000, 0x0000, 0x0000, 0x0000, 0x0000, 0x0000, 0x0000, 0x0000, 0x0000, 0x0000, 0x0000, 0x0000,
    0x0000, 0x0000, 0x0000, 0x0000, 0x0000, 0x0000, 0x0000, 0x0000, 0x0000, 0x0000, 0x0000, 0x0000,
    0x0000, 0x0000, 0x0021, 0x0801, 0x09A2, 0x36A5, 0x07E0, 0x1FE1, 0x17E1, 0x17E0, 0x17E0, 0x17E0,
    0x17E0, 0x17E0, 0x17E0, 0x17E0, 0x17E1, 0x1FC1, 0x2FA4, 0x2544, 0x0000, 0x0000, 0x0000, 0x0000,
    0x0000, 0x0000, 0x0000, 0x0000, 0x0000, 0x0000, 0x0000, 0x0000, 0x0000, 0x0021, 0x0021, 0x0020,
    0x0801, 0x0802, 0x0040, 0x0020, 0x0000, 0x0000, 0x0000, 0x0000, 0x0000, 0x0000, 0x0000, 0x0000,
    0x0000, 0x0000, 0x0000, 0x0000, 0x0000, 0x0000, 0x0000, 0x0000, 0x0000, 0x0000, 0x0000, 0x0000,
    0x0000, 0x0000, 0x0000, 0x0000, 0x0021, 0x0020, 0x0020, 0x0020, 0x0020, 0x0000, 0x0000, 0x0000,
    0x0000, 0x0000, 0x0000, 0x0000, 0x0000, 0x0000, 0x0000, 0x0000, 0x0000, 0x0000, 0x0000, 0x01C0,
    0x1FC3, 0x17E0, 0x17E0, 0x17E0, 0x17E0, 0x17E0, 0x17E0, 0x17E0, 0x17E0, 0x17E1, 0x1FE0, 0x17E1,
    0x27A2, 0x0180, 0x0801, 0x0020, 0x0000, 0x0000, 0x0000, 0x0000, 0x0000, 0x0000, 0x0000, 0x0000,
    0x0000, 0x0000, 0x0000, 0x0000, 0x0000, 0x0000, 0x0000, 0x0000, 0x0000, 0x0000, 0x0000, 0x0000,
    0x0000, 0x0000, 0x0000, 0x0000, 0x0000, 0x0000, 0x0000, 0x0000, 0x0000, 0x0000, 0x0000, 0x0000,
    0x0000, 0x0000, 0x0000, 0x0000, 0x0000, 0x0000, 0x0000, 0x0000, 0x0000, 0x0000, 0x0000, 0x0000,
    0x0000, 0x0000, 0x0000, 0x0000, 0x0000, 0x0000, 0x0000, 0x0000, 0x0000, 0x0000, 0x0000, 0x0000,
    0x0000, 0x0000, 0x0000, 0x0000, 0x0000, 0x0000, 0x0000, 0x0000, 0x0000, 0x0000, 0x0000, 0x0000,
    0x0000, 0x0000, 0x0000, 0x0000, 0x0000, 0x0000, 0x0000, 0x0000, 0x0000, 0x0000, 0x0000, 0x0000,
    0x0000, 0x0000, 0x0000, 0x0000, 0x0000, 0x0000, 0x0000, 0x0000, 0x0000, 0x0000, 0x0000, 0x0000,
    0x0000, 0x0000, 0x0000, 0x0020, 0x0000, 0x1322, 0x07E0, 0x1FE2, 0x17E0, 0x17E0, 0x17E0, 0x17E0,
    0x17E0, 0x17E0, 0x17E0, 0x17E0, 0x0FE0, 0x1FE0, 0x17E0, 0x27E4, 0x01A0, 0x0020, 0x0020, 0x0000,
    0x0000, 0x0000, 0x0000, 0x0000, 0x0000, 0x0000, 0x0000, 0x0000, 0x0040, 0x1003, 0x0160, 0x2E05,
    0x23E3, 0x00A0, 0x0801, 0x0000, 0x0000, 0x0000, 0x0000, 0x0000, 0x0000, 0x0000, 0x0000, 0x0000,
    0x0000, 0x0000, 0x0000, 0x0000, 0x0000, 0x0000, 0x0000, 0x0000, 0x0000, 0x0000, 0x0000, 0x0000,
    0x0000, 0x0000, 0x0000, 0x0020, 0x1002, 0x1C62, 0x2DC5, 0x0A80, 0x1002, 0x0821, 0x0020, 0x0020,
    0x0000, 0x0000, 0x0000, 0x0000, 0x0000, 0x0000, 0x0000, 0x0001, 0x0020, 0x0040, 0x0B21, 0x2EA4,
    0x17E0, 0x17E0, 0x17E0, 0x17E0, 0x17E0, 0x17E0, 0x17E0, 0x17E0, 0x17E0, 0x17E1, 0x17E2, 0x27C3,
    0x1D83, 0x0020, 0x0020, 0x0800, 0x0000, 0x0000, 0x0000, 0x0000, 0x0000, 0x0000, 0x0000, 0x0000,
    0x0000, 0x0000, 0x0000, 0x0000, 0x0000, 0x0000, 0x0000, 0x0000, 0x0000, 0x0000, 0x0000, 0x0000,
    0x0000, 0x0000, 0x0000, 0x0000, 0x0000, 0x0000, 0x0000, 0x0000, 0x0000, 0x0000, 0x0000, 0x0000,
    0x0000, 0x0000, 0x0000, 0x0000, 0x0000, 0x0000, 0x0000, 0x0000, 0x0000, 0x0000, 0x0000, 0x0000,
    0x0000, 0x0000, 0x0000, 0x0000, 0x0000, 0x0000, 0x0000, 0x0000, 0x0000, 0x0000, 0x0000, 0x0000,
    0x0000, 0x0000, 0x0000, 0x0000, 0x0000, 0x0000, 0x0000, 0x0000, 0x0000, 0x0000, 0x0000, 0x0000,
    0x0000, 0x0000, 0x0000, 0x0000, 0x0000, 0x0000, 0x0000, 0x0000, 0x0000, 0x0000, 0x0000, 0x0000,
    0x0000, 0x0000, 0x0000, 0x0000, 0x0000, 0x0000, 0x0000, 0x0000, 0x0000, 0x0000, 0x0000, 0x0000,
    0x0000, 0x0000, 0x0000, 0x0020, 0x0020, 0x0160, 0x1FA2, 0x17E0, 0x1FE1, 0x17E0, 0x17E0, 0x17E0,
    0x17E0, 0x17E0, 0x17E0, 0x17E0, 0x0FE0, 0x17C0, 0x17E1, 0x1FE3, 0x1301, 0x0000, 0x0020, 0x0000,
    0x0000, 0x0000, 0x0000, 0x0000, 0x0000, 0x0000, 0x0000, 0x0000, 0x0020, 0x08A2, 0x1BE2, 0x17A2,
    0x35C5, 0x0180, 0x0000, 0x0020, 0x0000, 0x0000, 0x0000, 0x0000, 0x0000, 0x0000, 0x0000, 0x0000,
    0x0000, 0x0000, 0x0000, 0x0000, 0x0000, 0x0000, 0x0000, 0x0000, 0x0000, 0x0000, 0x0000, 0x0000,
    0x0000, 0x0000, 0x0000, 0x0040, 0x1003, 0x2E83, 0x27A3, 0x2DA3, 0x0041, 0x0800, 0x0041, 0x0020,
    0x0000, 0x0000, 0x0000, 0x0000, 0x0000, 0x0000, 0x0001, 0x0001, 0x0020, 0x0041, 0x1D03, 0x1FA2,
    0x17E0, 0x17E0, 0x17E0, 0x17E0, 0x17E0, 0x17E0, 0x17E0, 0x17E0, 0x17E0, 0x17E0, 0x17C1, 0x26E3,
    0x1342, 0x0020, 0x0000, 0x0000, 0x0000, 0x0000, 0x0000, 0x0000, 0x0000, 0x0000, 0x0000, 0x0000,
    0x0000, 0x0000, 0x0000, 0x0000, 0x0000, 0x0000, 0x0000, 0x0000, 0x0000, 0x0000, 0x0000, 0x0000,
    0x0000, 0x0000, 0x0000, 0x0000, 0x0000, 0x0000, 0x0000, 0x0000, 0x0000, 0x0000, 0x0000, 0x0000,
    0x0000, 0x0000, 0x0000, 0x0000, 0x0000, 0x0000, 0x0000, 0x0000, 0x0000, 0x0000, 0x0000, 0x0000,
    0x0000, 0x0000, 0x0000, 0x0000, 0x0000, 0x0000, 0x0000, 0x0000, 0x0000, 0x0000, 0x0000, 0x0000,
    0x0000, 0x0000, 0x0000, 0x0000, 0x0000, 0x0000, 0x0000, 0x0000, 0x0000, 0x0000, 0x0000, 0x0000,
    0x0000, 0x0000, 0x0000, 0x0000, 0x0000, 0x0000, 0x0000, 0x0000, 0x0000, 0x0000, 0x0000, 0x0000,
    0x0000, 0x0000, 0x0000, 0x0000, 0x0000, 0x0000, 0x0000, 0x0000, 0x0000, 0x0000, 0x0000, 0x0000,
    0x0000, 0x0000, 0x0000, 0x0000, 0x0000, 0x0801, 0x2D03, 0x1FC3, 0x2781, 0x17E0, 0x17E0, 0x17E0,
    0x17E0, 0x17E0, 0x17E0, 0x17E0, 0x17E1, 0x17C0, 0x0FE0, 0x17E0, 0x36E5, 0x0061, 0x1002, 0x0020,
    0x0000, 0x0000, 0x0000, 0x0000, 0x0000, 0x0000, 0x0000, 0x0020, 0x1062, 0x26A3, 0x27C2, 0x17E1,
    0x2FA4, 0x1C42, 0x1022, 0x0000, 0x0000, 0x0000, 0x0000, 0x0000, 0x0000, 0x0000, 0x0000, 0x0000,
    0x0000, 0x0000, 0x0000, 0x0000, 0x0000, 0x0000, 0x0000, 0x0000, 0x0000, 0x0000, 0x0000, 0x0000,
    0x0000, 0x0000, 0x0000, 0x0020, 0x08E1, 0x27E2, 0x0FC0, 0x17E0, 0x1D63, 0x09A2, 0x0000, 0x0000,
    0x0000, 0x0000, 0x0000, 0x0000, 0x0000, 0x0000, 0x0020, 0x0020, 0x0001, 0x0061, 0x2F84, 0x0FE0,
    0x27E1, 0x17E0, 0x17E0, 0x17E0, 0x17E0, 0x17E0, 0x17E0, 0x17E0, 0x17E0, 0x0FE1, 0x1FE0, 0x0AC3,
    0x0801, 0x0020, 0x0000, 0x0000, 0x0000, 0x0000, 0x0000, 0x0000, 0x0000, 0x0000, 0x0000, 0x0000,
    0x0000, 0x0000, 0x0000, 0x0000, 0x0000, 0x0000, 0x0000, 0x0000, 0x0000, 0x0000, 0x0000, 0x0000,
    0x0000, 0x0000, 0x0000, 0x0000, 0x0000, 0x0000, 0x0000, 0x0000, 0x0000, 0x0000, 0x0000, 0x0000,
    0x0000, 0x0000, 0x0000, 0x0000, 0x0000, 0x0000, 0x0000, 0x0000, 0x0000, 0x0000, 0x0000, 0x0000,
    0x0000, 0x0000, 0x0000, 0x0000, 0x0000, 0x0000, 0x0000, 0x0000, 0x0000, 0x0000, 0x0000, 0x0000,
    0x0000, 0x0000, 0x0000, 0x0000, 0x0000, 0x0000, 0x0000, 0x0000, 0x0000, 0x0000, 0x0000, 0x0000,
    0x0000, 0x0000, 0x0000, 0x0000, 0x0000, 0x0000, 0x0000, 0x0000, 0x0000, 0x0000, 0x0000, 0x0000,
    0x0000, 0x0000, 0x0000, 0x0000, 0x0000, 0x0000, 0x0000, 0x0000, 0x0000, 0x0000, 0x0000, 0x0000,
    0x0000, 0x0000, 0x0000, 0x0000, 0x0000, 0x0821, 0x0A80, 0x1EA3, 0x1FE1, 0x17E0, 0x17E0, 0x17E0,
    0x17E0, 0x17E0, 0x17E0, 0x17E0, 0x17E1, 0x17C0, 0x17E0, 0x1FE1, 0x2FE3, 0x0160, 0x0801, 0x0000,
    0x0000, 0x0000, 0x0000, 0x0000, 0x0000, 0x0000, 0x0020, 0x0020, 0x1202, 0x27C2, 0x17C0, 0x1FE2,
    0x1FC1, 0x2523, 0x1002, 0x0000, 0x0000, 0x0000, 0x0000, 0x0000, 0x0000, 0x0000, 0x0000, 0x0000,
    0x0000, 0x0000, 0x0000, 0x0000, 0x0000, 0x0000, 0x0000, 0x0000, 0x0000, 0x0000, 0x0000, 0x0000,
    0x0000, 0x0000, 0x0000, 0x0020, 0x0160, 0x17E1, 0x17E0, 0x17C0, 0x2F45, 0x2424, 0x0000, 0x0020,
    0x0000, 0x0000, 0x0000, 0x0000, 0x0000, 0x0000, 0x0020, 0x0020, 0x0080, 0x0A61, 0x1FE1, 0x0FE0,
    0x1FE1, 0x17E0, 0x17E0, 0x17E0, 0x17E0, 0x17E0, 0x17E0, 0x17E0, 0x17E0, 0x07C0, 0x2FA2, 0x00E1,
    0x0001, 0x0020, 0x0000, 0x0000, 0x0000, 0x0000, 0x0000, 0x0000, 0x0000, 0x0000, 0x0000, 0x0000,
    0x0000, 0x0000, 0x0000, 0x0000, 0x0000, 0x0000, 0x0000, 0x0000, 0x0000, 0x0000, 0x0000, 0x0000,
    0x0000, 0x0000, 0x0000, 0x0000, 0x0000, 0x0000, 0x0000, 0x0000, 0x0000, 0x0000, 0x0000, 0x0000,
    0x0000, 0x0000, 0x0000, 0x0000, 0x0000, 0x0000, 0x0000, 0x0000, 0x0000, 0x0000, 0x0000, 0x0000,
    0x0000, 0x0000, 0x0000, 0x0000, 0x0000, 0x0000, 0x0000, 0x0000, 0x0000, 0x0000, 0x0000, 0x0000,
    0x0000, 0x0000, 0x0000, 0x0000, 0x0000, 0x0000, 0x0000, 0x0000, 0x0000, 0x0000, 0x0000, 0x0000,
    0x0000, 0x0000, 0x0000, 0x0000, 0x0000, 0x0000, 0x0000, 0x0000, 0x0000, 0x0000, 0x0000, 0x0000,
    0x0000, 0x0000, 0x0000, 0x0000, 0x0000, 0x0000, 0x0000, 0x0000, 0x0000, 0x0000, 0x0000, 0x0000,
    0x0000, 0x0000, 0x0000, 0x0000, 0x0000, 0x0021, 0x0800, 0x1260, 0x17E1, 0x17E1, 0x17E0, 0x17E2,
    0x1FE0, 0x17E0, 0x17E0, 0x17E0, 0x17E0, 0x17E0, 0x17E0, 0x17C0, 0x0FE0, 0x2543, 0x0160, 0x0020,
    0x0000, 0x0000, 0x0000, 0x0000, 0x0800, 0x0020, 0x1002, 0x1B42, 0x1F41, 0x17E1, 0x17E1, 0x17E1,
    0x07E0, 0x1EE3, 0x1002, 0x0020, 0x0000, 0x0000, 0x0000, 0x0000, 0x0000, 0x0000, 0x0000, 0x0000,
    0x0000, 0x0000, 0x0000, 0x0000, 0x0000, 0x0000, 0x0000, 0x0000, 0x0000, 0x0000, 0x0000, 0x0000,
    0x0000, 0x0000, 0x0000, 0x0801, 0x12C1, 0x17E0, 0x17E0, 0x1FC0, 0x17E0, 0x1FA1, 0x01C0, 0x0001,
    0x0020, 0x0020, 0x0000, 0x0000, 0x0000, 0x0000, 0x0020, 0x0040, 0x13C3, 0x2744, 0x17E0, 0x17E0,
    0x17E0, 0x17E0, 0x17E0, 0x17E0, 0x17E0, 0x17E0, 0x17E1, 0x1FC0, 0x17E1, 0x3724, 0x1362, 0x0820,
    0x0020, 0x0000, 0x0000, 0x0000, 0x0000, 0x0000, 0x0000, 0x0000, 0x0000, 0x0000, 0x0000, 0x0000,
    0x0000, 0x0000, 0x0000, 0x0000, 0x0000, 0x0000, 0x0000, 0x0000, 0x0000, 0x0000, 0x0000, 0x0000,
    0x0000, 0x0000, 0x0000, 0x0000, 0x0000, 0x0000, 0x0000, 0x0000, 0x0000, 0x0000, 0x0000, 0x0000,
    0x0000, 0x0000, 0x0000, 0x0000, 0x0000, 0x0000, 0x0000, 0x0000, 0x0000, 0x0000, 0x0000, 0x0000,
    0x0000, 0x0000, 0x0000, 0x0000, 0x0000, 0x0000, 0x0000, 0x0000, 0x0000, 0x0000, 0x0000, 0x0000,
    0x0000, 0x0000, 0x0000, 0x0000, 0x0000, 0x0000, 0x0000, 0x0000, 0x0000, 0x0000, 0x0000, 0x0000,
    0x0000, 0x0000, 0x0000, 0x0000, 0x0000, 0x0000, 0x0000, 0x0000, 0x0000, 0x0000, 0x0000, 0x0000,
    0x0000, 0x0000, 0x0000, 0x0000, 0x0000, 0x0000, 0x0000, 0x0000, 0x0000, 0x0000, 0x0000, 0x0000,
    0x0000, 0x0000, 0x0000, 0x0000, 0x0000, 0x0000, 0x0820, 0x00C0, 0x2783, 0x0FE0, 0x17E0, 0x0FC1,
    0x17C0, 0x17E0, 0x17E0, 0x17E0, 0x17E0, 0x17E0, 0x17E0, 0x17E0, 0x17E0, 0x2EC4, 0x12E1, 0x0001,
    0x0000, 0x0000, 0x0000, 0x0000, 0x0000, 0x0001, 0x0802, 0x2DC5, 0x17C1, 0x17E1, 0x17E1, 0x17E1,
    0x0FE0, 0x1F42, 0x1002, 0x0020, 0x0000, 0x0000, 0x0000, 0x0000, 0x0000, 0x0000, 0x0000, 0x0000,
    0x0000, 0x0000, 0x0000, 0x0000, 0x0000, 0x0000, 0x0000, 0x0000, 0x0000, 0x0000, 0x0000, 0x0000,
    0x0000, 0x0000, 0x0000, 0x0801, 0x1341, 0x17E0, 0x17E0, 0x17E0, 0x17C1, 0x17C1, 0x1401, 0x00A1,
    0x0020, 0x0000, 0x0000, 0x0000, 0x0000, 0x0000, 0x0000, 0x0000, 0x2D65, 0x1FC2, 0x17E0, 0x17E0,
    0x17E0, 0x17E0, 0x17E0, 0x17E0, 0x17E0, 0x1FE0, 0x17E1, 0x1FC0, 0x0FA0, 0x1D82, 0x0100, 0x0020,
    0x0020, 0x0000, 0x0000, 0x0000, 0x0000, 0x0000, 0x0000, 0x0000, 0x0000, 0x0000, 0x0000, 0x0000,
    0x0000, 0x0000, 0x0000, 0x0000, 0x0000, 0x0000, 0x0000, 0x0000, 0x0000, 0x0000, 0x0000, 0x0000,
    0x0000, 0x0000, 0x0000, 0x0000, 0x0000, 0x0000, 0x0000, 0x0000, 0x0000, 0x0000, 0x0000, 0x0000,
    0x0000, 0x0000, 0x0000, 0x0000, 0x0000, 0x0000, 0x0000, 0x0000, 0x0000, 0x0000, 0x0000, 0x0000,
    0x0000, 0x0000, 0x0000, 0x0000, 0x0000, 0x0000, 0x0000, 0x0000, 0x0000, 0x0000, 0x0000, 0x0000,
    0x0000, 0x0000, 0x0000, 0x0000, 0x0000, 0x0000, 0x0000, 0x0000, 0x0000, 0x0000, 0x0000, 0x0000,
    0x0000, 0x0000, 0x0000, 0x0000, 0x0000, 0x0000, 0x0000, 0x0000, 0x0000, 0x0000, 0x0000, 0x0000,
    0x0000, 0x0000, 0x0000, 0x0000, 0x0000, 0x0000, 0x0000, 0x0000, 0x0000, 0x0000, 0x0000, 0x0000,
    0x0000, 0x0000, 0x0000, 0x0000, 0x0000, 0x0000, 0x0001, 0x0002, 0x1B22, 0x26C3, 0x17A0, 0x1FE1,
    0x17E1, 0x17E0, 0x17E0, 0x17E0, 0x17E0, 0x17E0, 0x17E0, 0x17E0, 0x27A1, 0x0FE1, 0x36C3, 0x0002,
    0x0000, 0x0000, 0x0000, 0x0000, 0x0020, 0x0800, 0x1301, 0x0FE1, 0x17C0, 0x17E0, 0x17E0, 0x17E0,
    0x17E1, 0x1F82, 0x0000, 0x0000, 0x0000, 0x0000, 0x0000, 0x0000, 0x0000, 0x0000, 0x0000, 0x0000,
    0x0000, 0x0000, 0x0000, 0x0000, 0x0000, 0x0000, 0x0000, 0x0000, 0x0000, 0x0000, 0x0000, 0x0000,
    0x0000, 0x0000, 0x0020, 0x0021, 0x13A1, 0x17E0, 0x17E1, 0x17E0, 0x17E0, 0x0FE1, 0x27A2, 0x2D84,
    0x0001, 0x0842, 0x0000, 0x0000, 0x0000, 0x0000, 0x0802, 0x1183, 0x17A0, 0x1FC0, 0x17E0, 0x17E0,
    0x17E0, 0x17E0, 0x17E0, 0x17E0, 0x17E0, 0x1FA0, 0x17E0, 0x17E1, 0x2F44, 0x0100, 0x0801, 0x0020,
    0x0020, 0x0000, 0x0000, 0x0000, 0x0000, 0x0000, 0x0000, 0x0000, 0x0000, 0x0000, 0x0000, 0x0000,
    0x0000, 0x0000, 0x0000, 0x0000, 0x0000, 0x0000, 0x0000, 0x0000, 0x0000, 0x0000, 0x0000, 0x0000,
    0x0000, 0x0000, 0x0000, 0x0000, 0x0000, 0x0000, 0x0000, 0x0000, 0x0000, 0x0000, 0x0000, 0x0000,
    0x0000, 0x0000, 0x0000, 0x0000, 0x0000, 0x0000, 0x0000, 0x0000, 0x0000, 0x0000, 0x0000, 0x0000,
    0x0000, 0x0000, 0x0000, 0x0000, 0x0000, 0x0000, 0x0000, 0x0000, 0x0000, 0x0000, 0x0000, 0x0000,
    0x0000, 0x0000, 0x0000, 0x0000, 0x0000, 0x0000, 0x0000, 0x0000, 0x0000, 0x0000, 0x0000, 0x0000,
    0x0000, 0x0000, 0x0000, 0x0000, 0x0000, 0x0000, 0x0000, 0x0000, 0x0000, 0x0000, 0x0000, 0x0000,
    0x0000, 0x0000, 0x0000, 0x0000, 0x0000, 0x0000, 0x0000, 0x0000, 0x0000, 0x0000, 0x0000, 0x0000,
    0x0000, 0x0000, 0x0000, 0x0000, 0x0000, 0x0000, 0x0001, 0x0822, 0x08C0, 0x2C84, 0x17C0, 0x27E1,
    0x17E0, 0x17E0, 0x17E0, 0x17E0, 0x17E0, 0x17E0, 0x17E0, 0x17E0, 0x17A0, 0x17C0, 0x2FE4, 0x00E0,
    0x0000, 0x0000, 0x0000, 0x0000, 0x0040, 0x00E0, 0x2523, 0x17E0, 0x17C0, 0x17E0, 0x17E0, 0x17E0,
    0x1FE2, 0x1FA2, 0x0000, 0x0000, 0x0000, 0x0000, 0x0000, 0x0000, 0x0000, 0x0000, 0x0000, 0x0000,
    0x0000, 0x0000, 0x0000, 0x0000, 0x0000, 0x0000, 0x0000, 0x0000, 0x0000, 0x0000, 0x0000, 0x0000,
    0x0000, 0x0000, 0x0020, 0x0000, 0x13C1, 0x17E0, 0x17E1, 0x17E0, 0x17E0, 0x17E1, 0x17E0, 0x2F23,
    0x0040, 0x0821, 0x0000, 0x0000, 0x0000, 0x0000, 0x0060, 0x1BA2, 0x17E0, 0x1F80, 0x17E0, 0x17E0,
    0x17E0, 0x17E0, 0x17E0, 0x17E0, 0x17E0, 0x17C0, 0x1FE1, 0x27A3, 0x35A5, 0x0801, 0x0821, 0x0000,
    0x0000, 0x0000, 0x0000, 0x0000, 0x0000, 0x0000, 0x0000, 0x0000, 0x0000, 0x0000, 0x0000, 0x0000,
    0x0000, 0x0000, 0x0000, 0x0000, 0x0000, 0x0000, 0x0000, 0x0000, 0x0000, 0x0000, 0x0000, 0x0000,
    0x0000, 0x0000, 0x0000, 0x0000, 0x0000, 0x0000, 0x0000, 0x0000, 0x0000, 0x0000, 0x0000, 0x0000,
    0x0000, 0x0000, 0x0000, 0x0000, 0x0000, 0x0000, 0x0000, 0x0000, 0x0000, 0x0000, 0x0000, 0x0000,
    0x0000, 0x0000, 0x0000, 0x0000, 0x0000, 0x0000, 0x0000, 0x0000, 0x0000, 0x0000, 0x0000, 0x0000,
    0x0000, 0x0000, 0x0000, 0x0000, 0x0000, 0x0000, 0x0000, 0x0000, 0x0000, 0x0000, 0x0000, 0x0000,
    0x0000, 0x0000, 0x0000, 0x0000, 0x0000, 0x0000, 0x0000, 0x0000, 0x0000, 0x0000, 0x0000, 0x0000,
    0x0000, 0x0000, 0x0000, 0x0000, 0x0000, 0x0000, 0x0000, 0x0000, 0x0000, 0x0000, 0x0000, 0x0000,
    0x0000, 0x0000, 0x0000, 0x0000, 0x0000, 0x0000, 0x0000, 0x0000, 0x0801, 0x1021, 0x3665, 0x2FC2,
    0x0FC0, 0x1FE1, 0x1FE0, 0x1FE0, 0x17E1, 0x17E0, 0x17E0, 0x17E0, 0x17E0, 0x1FA1, 0x17E1, 0x14E2,
    0x0062, 0x0060, 0x0041, 0x0040, 0x2004, 0x2682, 0x1FE2, 0x17C0, 0x17E0, 0x17E0, 0x17E0, 0x17E0,
    0x17E1, 0x1FC2, 0x0000, 0x0000, 0x0000, 0x0000, 0x0000, 0x0000, 0x0000, 0x0000, 0x0000, 0x0000,
    0x0000, 0x0000, 0x0000, 0x0000, 0x0000, 0x0000, 0x0000, 0x0000, 0x0000, 0x0000, 0x0000, 0x0000,
    0x0000, 0x0000, 0x0000, 0x0021, 0x13E1, 0x17E0, 0x17E1, 0x17E0, 0x17E0, 0x17E0, 0x17C0, 0x17E0,
    0x24C3, 0x08A1, 0x0020, 0x0040, 0x0060, 0x0800, 0x1C61, 0x1F82, 0x27E1, 0x17E0, 0x17E0, 0x17E0,
    0x17E0, 0x17E0, 0x17E0, 0x17E0, 0x17E0, 0x1FC0, 0x0FE0, 0x2483, 0x00A0, 0x0000, 0x0000, 0x0000,
    0x0000, 0x0000, 0x0000, 0x0000, 0x0000, 0x0000, 0x0000, 0x0000, 0x0000, 0x0000, 0x0000, 0x0000,
    0x0000, 0x0000, 0x0000, 0x0000, 0x0000, 0x0000, 0x0000, 0x0000, 0x0000, 0x0000, 0x0000, 0x0000,
    0x0000, 0x0000, 0x0000, 0x0000, 0x0000, 0x0000, 0x0000, 0x0000, 0x0000, 0x0000, 0x0000, 0x0000,
    0x0000, 0x0000, 0x0000, 0x0000, 0x0000, 0x0000, 0x0000, 0x0000, 0x0000, 0x0000, 0x0000, 0x0000,
    0x0000, 0x0000, 0x0000, 0x0000, 0x0000, 0x0000, 0x0000, 0x0000, 0x0000, 0x0000, 0x0000, 0x0000,
    0x0000, 0x0000, 0x0000, 0x0000, 0x0000, 0x0000, 0x0000, 0x0000, 0x0000, 0x0000, 0x0000, 0x0000,
    0x0000, 0x0000, 0x0000, 0x0000, 0x0000, 0x0000, 0x0000, 0x0000, 0x0000, 0x0000, 0x0000, 0x0000,
    0x0000, 0x0000, 0x0000, 0x0000, 0x0000, 0x0000, 0x0000, 0x0000, 0x0000, 0x0000, 0x0000, 0x0000,
    0x0000, 0x0000, 0x0000, 0x0000, 0x0000, 0x0000, 0x0000, 0x0000, 0x0020, 0x0820, 0x0180, 0x0CE3,
    0x27E2, 0x0FE0, 0x17E1, 0x17E0, 0x1FE0, 0x17E0, 0x17E0, 0x17E0, 0x17E0, 0x1FE1, 0x0FE0, 0x2F63,
    0x1C63, 0x1024, 0x0020, 0x0802, 0x0A41, 0x27C2, 0x0FE0, 0x17E0, 0x17E0, 0x17E0, 0x17E0, 0x17E0,
    0x17E0, 0x1FC2, 0x0000, 0x0000, 0x0000, 0x0000, 0x0000, 0x0000, 0x0000, 0x0000, 0x0000, 0x0000,
    0x0000, 0x0000, 0x0000, 0x0000, 0x0000, 0x0000, 0x0000, 0x0000, 0x0000, 0x0000, 0x0000, 0x0000,
    0x0000, 0x0000, 0x0000, 0x0001, 0x13C1, 0x17E0, 0x17E1, 0x17E0, 0x17E0, 0x17E0, 0x1FE1, 0x0FC0,
    0x3745, 0x2CE4, 0x0801, 0x0821, 0x0802, 0x0020, 0x3725, 0x0FE1, 0x1FC1, 0x17E0, 0x17E0, 0x17E0,
    0x17E0, 0x1FE0, 0x17C0, 0x17E0, 0x17E1, 0x27E3, 0x3665, 0x0841, 0x0801, 0x0000, 0x0000, 0x0000,
    0x0000, 0x0000, 0x0000, 0x0000, 0x0000, 0x0000, 0x0000, 0x0000, 0x0000, 0x0000, 0x0000, 0x0000,
    0x0000, 0x0000, 0x0000, 0x0000, 0x0000, 0x0000, 0x0000, 0x0000, 0x0000, 0x0000, 0x0000, 0x0000,
    0x0000, 0x0000, 0x0000, 0x0000, 0x0000, 0x0000, 0x0000, 0x0000, 0x0000, 0x0000, 0x0000, 0x0000,
    0x0000, 0x0000, 0x0000, 0x0000, 0x0000, 0x0000, 0x0000, 0x0000, 0x0000, 0x0000, 0x0000, 0x0000,
    0x0000, 0x0000, 0x0000, 0x0000, 0x0000, 0x0000, 0x0000, 0x0000, 0x0000, 0x0000, 0x0000, 0x0000,
    0x0000, 0x0000, 0x0000, 0x0000, 0x0000, 0x0000, 0x0000, 0x0000, 0x0000, 0x0000, 0x0000, 0x0000,
    0x0000, 0x0000, 0x0000, 0x0000, 0x0000, 0x0000, 0x0000, 0x0000, 0x0000, 0x0000, 0x0000, 0x0000,
    0x0000, 0x0000, 0x0000, 0x0000, 0x0000, 0x0000, 0x0000, 0x0000, 0x0000, 0x0000, 0x0000, 0x0000,
    0x0000, 0x0000, 0x0000, 0x0000, 0x0000, 0x0000, 0x0000, 0x0000, 0x0000, 0x0820, 0x0802, 0x0160,
    0x2FC4, 0x17E0, 0x17E1, 0x1FE1, 0x1FE0, 0x17E0, 0x17E0, 0x17E0, 0x17E1, 0x17E1, 0x0FE0, 0x1FC2,
    0x26C3, 0x0803, 0x0041, 0x0001, 0x14C2, 0x17E1, 0x17E0, 0x1FE0, 0x17E0, 0x17E0, 0x17E0, 0x17E0,
    0x17E0, 0x1FC2, 0x0000, 0x0000, 0x0000, 0x0000, 0x0000, 0x0000, 0x0000, 0x0000, 0x0000, 0x0000,
    0x0000, 0x0000, 0x0000, 0x0000, 0x0000, 0x0000, 0x0000, 0x0000, 0x0000, 0x0000, 0x0000, 0x0000,
    0x0000, 0x0000, 0x0000, 0x0001, 0x13C1, 0x17E0, 0x17E0, 0x17E0, 0x17E0, 0x17E0, 0x1FE1, 0x17C0,
    0x1FA1, 0x36C4, 0x0001, 0x1042, 0x1023, 0x09C0, 0x2FE4, 0x07E0, 0x17A0, 0x1FE1, 0x17E0, 0x17E0,
    0x17E0, 0x17C0, 0x17E0, 0x17E0, 0x17E1, 0x2763, 0x0BA1, 0x1022, 0x0000, 0x0000, 0x0000, 0x0000,
    0x0000, 0x0000, 0x0000, 0x0000, 0x0000, 0x0000, 0x0000, 0x0000, 0x0000, 0x0000, 0x0000, 0x0000,
    0x0000, 0x0000, 0x0000, 0x0000, 0x0000, 0x0000, 0x0000, 0x0000, 0x0000, 0x0000, 0x0000, 0x0000,
    0x0000, 0x0000, 0x0000, 0x0000, 0x0000, 0x0000, 0x0000, 0x0000, 0x0000, 0x0000, 0x0000, 0x0000,
    0x0000, 0x0000, 0x0000, 0x0000, 0x0000, 0x0000, 0x0000, 0x0000, 0x0000, 0x0000, 0x0000, 0x0000,
    0x0000, 0x0000, 0x0000, 0x0000, 0x0000, 0x0000, 0x0000, 0x0000, 0x0000, 0x0000, 0x0000, 0x0000,
    0x0000, 0x0000, 0x0000, 0x0000, 0x0000, 0x0000, 0x0000, 0x0000, 0x0000, 0x0000, 0x0000, 0x0000,
    0x0000, 0x0000, 0x0000, 0x0000, 0x0000, 0x0000, 0x0000, 0x0000, 0x0000, 0x0000, 0x0000, 0x0000,
    0x0000, 0x0000, 0x0000, 0x0000, 0x0000, 0x0000, 0x0000, 0x0000, 0x0000, 0x0000, 0x0000, 0x0000,
    0x0000, 0x0000, 0x0000, 0x0000, 0x0000, 0x0000, 0x0000, 0x0000, 0x0000, 0x0001, 0x0020, 0x0001,
    0x0B40, 0x1E42, 0x1FE0, 0x17E1, 0x17E0, 0x17E0, 0x17E0, 0x17E0, 0x17E0, 0x17E1, 0x17A0, 0x17C1,
    0x0FA0, 0x09E0, 0x1023, 0x2D05, 0x2782, 0x0FE0, 0x17E1, 0x17E0, 0x17E0, 0x17E0, 0x17E0, 0x17E0,
    0x17E0, 0x1FC2, 0x0000, 0x0000, 0x0000, 0x0000, 0x0000, 0x0000, 0x0000, 0x0000, 0x0000, 0x0000,
    0x0000, 0x0000, 0x0000, 0x0000, 0x0000, 0x0000, 0x0000, 0x0000, 0x0000, 0x0000, 0x0000, 0x0000,
    0x0000, 0x0000, 0x0000, 0x0001, 0x13A2, 0x17E0, 0x17E0, 0x17E0, 0x17E0, 0x17E0, 0x1FE0, 0x1FC1,
    0x17E0, 0x17C1, 0x2B65, 0x0841, 0x11C2, 0x2663, 0x1FA2, 0x1FC2, 0x17E0, 0x17E1, 0x17E0, 0x17E0,
    0x17E0, 0x0FE1, 0x17E0, 0x27E1, 0x1F82, 0x1222, 0x0821, 0x0040, 0x0000, 0x0000, 0x0000, 0x0000,
    0x0000, 0x0000, 0x0000, 0x0000, 0x0000, 0x0000, 0x0000, 0x0000, 0x0000, 0x0000, 0x0000, 0x0000,
    0x0000, 0x0000, 0x0000, 0x0000, 0x0000, 0x0000, 0x0000, 0x0000, 0x0000, 0x0000, 0x0000, 0x0000,
    0x0000, 0x0000, 0x0000, 0x0000, 0x0000, 0x0000, 0x0000, 0x0000, 0x0000, 0x0000, 0x0000, 0x0000,
    0x0000, 0x0000, 0x0000, 0x0000, 0x0000, 0x0000, 0x0000, 0x0000, 0x0000, 0x0000, 0x0000, 0x0000,
    0x0000, 0x0000, 0x0000, 0x0000, 0x0000, 0x0000, 0x0000, 0x0000, 0x0000, 0x0000, 0x0000, 0x0000,
    0x0000, 0x0000, 0x0000, 0x0000, 0x0000, 0x0000, 0x0000, 0x0000, 0x0000, 0x0000, 0x0000, 0x0000,
    0x0000, 0x0000, 0x0000, 0x0000, 0x0000, 0x0000, 0x0000, 0x0000, 0x0000, 0x0000, 0x0000, 0x0000,
    0x0000, 0x0000, 0x0000, 0x0000, 0x0000, 0x0000, 0x0000, 0x0000, 0x0000, 0x0000, 0x0000, 0x0000,
    0x0000, 0x0000, 0x0000, 0x0000, 0x0000, 0x0000, 0x0000, 0x0000, 0x0000, 0x0000, 0x0000, 0x0000,
    0x0841, 0x12C1, 0x0FC0, 0x1782, 0x17E0, 0x17E0, 0x17E0, 0x17E0, 0x17E0, 0x17E0, 0x17E0, 0x17E0,
    0x17C1, 0x2C44, 0x0040, 0x2702, 0x17E0, 0x17E0, 0x17E0, 0x17E0, 0x17E0, 0x17E0, 0x17E0, 0x17E0,
    0x17E0, 0x1FA2, 0x0001, 0x0000, 0x0020, 0x0020, 0x0020, 0x0000, 0x0000, 0x0000, 0x0020, 0x0001,
    0x0001, 0x0001, 0x0001, 0x0000, 0x0000, 0x0000, 0x0000, 0x0001, 0x0001, 0x0800, 0x0800, 0x0000,
    0x0000, 0x0000, 0x0000, 0x0000, 0x0B81, 0x0FE0, 0x17E0, 0x17E0, 0x17E0, 0x17E0, 0x17E0, 0x17E0,
    0x17E0, 0x17E0, 0x3644, 0x1201, 0x2422, 0x2762, 0x17E0, 0x17E0, 0x17E0, 0x17E0, 0x17E0, 0x17E0,
    0x17E0, 0x1FC1, 0x1FC0, 0x1FE5, 0x3E27, 0x0000, 0x0000, 0x0000, 0x0000, 0x0000, 0x0000, 0x0000,
    0x0000, 0x0000, 0x0000, 0x0000, 0x0000, 0x0000, 0x0000, 0x0000, 0x0000, 0x0000, 0x0000, 0x0000,
    0x0000, 0x0000, 0x0000, 0x0000, 0x0000, 0x0000, 0x0000, 0x0000, 0x0000, 0x0000, 0x0000, 0x0000,
    0x0000, 0x0000, 0x0000, 0x0000, 0x0000, 0x0000, 0x0000, 0x0000, 0x0000, 0x0000, 0x0000, 0x0000,
    0x0000, 0x0000, 0x0000, 0x0000, 0x0000, 0x0000, 0x0000, 0x0000, 0x0000, 0x0000, 0x0000, 0x0000,
    0x0000, 0x0000, 0x0000, 0x0000, 0x0000, 0x0000, 0x0000, 0x0000, 0x0000, 0x0000, 0x0000, 0x0000,
    0x0000, 0x0000, 0x0000, 0x0000, 0x0000, 0x0000, 0x0000, 0x0000, 0x0000, 0x0000, 0x0000, 0x0000,
    0x0000, 0x0000, 0x0000, 0x0000, 0x0000, 0x0000, 0x0000, 0x0000, 0x0000, 0x0000, 0x0000, 0x0000,
    0x0000, 0x0000, 0x0000, 0x0000, 0x0000, 0x0000, 0x0000, 0x0000, 0x0000, 0x0000, 0x0000, 0x0000,
    0x0000, 0x0000, 0x0000, 0x0000, 0x0000, 0x0000, 0x0000, 0x0000, 0x0000, 0x0000, 0x0000, 0x0000,
    0x0020, 0x0821, 0x2E23, 0x17E0, 0x1FC1, 0x17E0, 0x17E0, 0x17E0, 0x17E0, 0x17E0, 0x17E0, 0x17E0,
    0x0FE0, 0x27A2, 0x1E81, 0x0FE0, 0x17E0, 0x17E0, 0x17E0, 0x17E0, 0x17E0, 0x17E0, 0x17E0, 0x17E0,
    0x17C1, 0x2782, 0x0800, 0x0800, 0x0020, 0x0020, 0x0020, 0x0000, 0x0000, 0x0000, 0x0000, 0x0000,
    0x0000, 0x0000, 0x0000, 0x0000, 0x0000, 0x0000, 0x0000, 0x0800, 0x0000, 0x0801, 0x0802, 0x0000,
    0x0000, 0x0001, 0x0001, 0x0000, 0x0B00, 0x17E1, 0x17E0, 0x17E0, 0x17E0, 0x17E0, 0x17E0, 0x17E0,
    0x17E0, 0x17E0, 0x1FC2, 0x26C3, 0x2F84, 0x0FE0, 0x17E0, 0x17E0, 0x17E0, 0x17E0, 0x17E0, 0x17E0,
    0x17E0, 0x17E1, 0x07E1, 0x2CC3, 0x0140, 0x0000, 0x0000, 0x0000, 0x0000, 0x0000, 0x0000, 0x0000,
    0x0000, 0x0000, 0x0000, 0x0000, 0x0000, 0x0000, 0x0000, 0x0000, 0x0000, 0x0000, 0x0000, 0x0000,
    0x0000, 0x0000, 0x0000, 0x0000, 0x0000, 0x0000, 0x0000, 0x0000, 0x0000, 0x0000, 0x0000, 0x0000,
    0x0000, 0x0000, 0x0000, 0x0000, 0x0000, 0x0000, 0x0000, 0x0000, 0x0000, 0x0000, 0x0000, 0x0000,
    0x0000, 0x0000, 0x0000, 0x0000, 0x0000, 0x0000, 0x0000, 0x0000, 0x0000, 0x0000, 0x0000, 0x0000,
    0x0000, 0x0000, 0x0000, 0x0000, 0x0000, 0x0000, 0x0000, 0x0000, 0x0000, 0x0000, 0x0000, 0x0000,
    0x0000, 0x0000, 0x0000, 0x0000, 0x0000, 0x0000, 0x0000, 0x0000, 0x0000, 0x0000, 0x0000, 0x0000,
    0x0000, 0x0000, 0x0000, 0x0000, 0x0000, 0x0000, 0x0000, 0x0000, 0x0000, 0x0000, 0x0000, 0x0000,
    0x0000, 0x0000, 0x0000, 0x0000, 0x0000, 0x0000, 0x0000, 0x0000, 0x0000, 0x0000, 0x0000, 0x0000,
    0x0000, 0x0000, 0x0000, 0x0000, 0x0000, 0x0000, 0x0000, 0x0000, 0x0000, 0x0000, 0x0000, 0x0000,
    0x0000, 0x1823, 0x24E3, 0x1FC1, 0x1FC1, 0x17E0, 0x17E0, 0x17E0, 0x17E0, 0x17E0, 0x17E0, 0x17E0,
    0x17C1, 0x1FE1, 0x27E2, 0x17E0, 0x17E0, 0x17E0, 0x17E0, 0x17E0, 0x17E0, 0x17E0, 0x17E0, 0x17E0,
    0x17C0, 0x1F62, 0x1002, 0x1002, 0x0000, 0x0020, 0x0080, 0x0100, 0x09C0, 0x0A60, 0x0B20, 0x0BA0,
    0x0BE1, 0x1402, 0x1C23, 0x1C42, 0x1C22, 0x1401, 0x1401, 0x0B61, 0x1301, 0x0A20, 0x09E0, 0x00C0,
    0x0060, 0x0802, 0x1002, 0x1001, 0x1301, 0x17E1, 0x0FE0, 0x17E0, 0x17E0, 0x17E0, 0x17E0, 0x17E0,
    0x17E0, 0x17E0, 0x1FE0, 0x1FC1, 0x1FC0, 0x17E0, 0x17E0, 0x17E0, 0x17E0, 0x17E0, 0x17E0, 0x17E0,
    0x17E0, 0x17E1, 0x0FE1, 0x0A00, 0x1001, 0x0000, 0x0000, 0x0000, 0x0000, 0x0000, 0x0000, 0x0000,
    0x0000, 0x0000, 0x0000, 0x0000, 0x0000, 0x0000, 0x0000, 0x0000, 0x0000, 0x0000, 0x0000, 0x0000,
    0x0000, 0x0000, 0x0000, 0x0000, 0x0000, 0x0000, 0x0000, 0x0000, 0x0000, 0x0000, 0x0000, 0x0000,
    0x0000, 0x0000, 0x0000, 0x0000, 0x0000, 0x0000, 0x0000, 0x0000, 0x0000, 0x0000, 0x0000, 0x0000,
    0x0000, 0x0000, 0x0000, 0x0000, 0x0000, 0x0000, 0x0000, 0x0000, 0x0000, 0x0000, 0x0000, 0x0000,
    0x0000, 0x0000, 0x0000, 0x0000, 0x0000, 0x0000, 0x0000, 0x0000, 0x0000, 0x0000, 0x0000, 0x0000,
    0x0000, 0x0000, 0x0000, 0x0000, 0x0000, 0x0000, 0x0000, 0x0000, 0x0000, 0x0000, 0x0000, 0x0000,
    0x0000, 0x0000, 0x0000, 0x0000, 0x0000, 0x0000, 0x0000, 0x0000, 0x0000, 0x0000, 0x0000, 0x0000,
    0x0000, 0x0000, 0x0000, 0x0000, 0x0000, 0x0000, 0x0000, 0x0000, 0x0000, 0x0000, 0x0000, 0x0000,
    0x0000, 0x0000, 0x0000, 0x0000, 0x0000, 0x0000, 0x0000, 0x0000, 0x0000, 0x0000, 0x0000, 0x0000,
    0x0020, 0x0000, 0x01E0, 0x3E46, 0x0FE0, 0x17E0, 0x17E0, 0x17E0, 0x17E0, 0x17E0, 0x17E0, 0x17E0,
    0x17E0, 0x1FC1, 0x17E0, 0x1FE2, 0x17E0, 0x17E0, 0x17E0, 0x17E0, 0x17E0, 0x17E0, 0x17E0, 0x1FE1,
    0x0F80, 0x0FE1, 0x3E67, 0x2E84, 0x2723, 0x27A3, 0x17C1, 0x17C1, 0x17E0, 0x17E0, 0x0FE0, 0x17C1,
    0x1FC1, 0x1FC1, 0x1FC1, 0x17C1, 0x1FC1, 0x1FE2, 0x1FE2, 0x1FE0, 0x17E1, 0x17E1, 0x0FE2, 0x17E1,
    0x27C2, 0x3F25, 0x3EE4, 0x3643, 0x1F42, 0x0FE0, 0x17C0, 0x17E0, 0x17E0, 0x17E0, 0x17E0, 0x17E0,
    0x17E0, 0x17E0, 0x0FA0, 0x1FE1, 0x1FE1, 0x17C1, 0x17E0, 0x17E0, 0x17E0, 0x17E0, 0x17E0, 0x17E0,
    0x17E0, 0x1FE0, 0x3723, 0x0022, 0x0842, 0x0000, 0x0000, 0x0000, 0x0000, 0x0000, 0x0000, 0x0000,
    0x0000, 0x0000, 0x0000, 0x0000, 0x0000, 0x0000, 0x0000, 0x0000, 0x0000, 0x0000, 0x0000, 0x0000,
    0x0000, 0x0000, 0x0000, 0x0000, 0x0000, 0x0000, 0x0000, 0x0000, 0x0000, 0x0000, 0x0000, 0x0000,
    0x0000, 0x0000, 0x0000, 0x0000, 0x0000, 0x0000, 0x0000, 0x0000, 0x0000, 0x0000, 0x0000, 0x0000,
    0x0000, 0x0000, 0x0000, 0x0000, 0x0000, 0x0000, 0x0000, 0x0000, 0x0000, 0x0000, 0x0000, 0x0000,
    0x0000, 0x0000, 0x0000, 0x0000, 0x0000, 0x0000, 0x0000, 0x0000, 0x0000, 0x0000, 0x0000, 0x0000,
    0x0000, 0x0000, 0x0000, 0x0000, 0x0000, 0x0000, 0x0000, 0x0000, 0x0000, 0x0000, 0x0000, 0x0000,
    0x0000, 0x0000, 0x0000, 0x0000, 0x0000, 0x0000, 0x0000, 0x0000, 0x0000, 0x0000, 0x0000, 0x0000,
    0x0000, 0x0000, 0x0000, 0x0000, 0x0000, 0x0000, 0x0000, 0x0000, 0x0000, 0x0000, 0x0000, 0x0000,
    0x0000, 0x0000, 0x0000, 0x0000, 0x0000, 0x0000, 0x0000, 0x0000, 0x0000, 0x0000, 0x0000, 0x0000,
    0x0000, 0x0020, 0x0901, 0x25C2, 0x17E0, 0x17E0, 0x17E0, 0x17E0, 0x17E0, 0x17E0, 0x17E0, 0x17E0,
    0x17E0, 0x17E0, 0x17E0, 0x17E0, 0x17E0, 0x17E0, 0x17E0, 0x17E0, 0x17E0, 0x17E0, 0x17E0, 0x17E0,
    0x17E0, 0x17E0, 0x17E0, 0x17E1, 0x17C1, 0x17C1, 0x17C1, 0x17E1, 0x17E0, 0x17E0, 0x17E0, 0x17E0,
    0x17E0, 0x17E0, 0x17E0, 0x17E0, 0x17E0, 0x17E0, 0x17E0, 0x17E0, 0x17E0, 0x17E0, 0x17E0, 0x17E0,
    0x17E0, 0x17E0, 0x17E0, 0x1FE1, 0x17E1, 0x17E1, 0x17E1, 0x17E0, 0x17E0, 0x17E0, 0x17E0, 0x17E0,
    0x17E0, 0x17E0, 0x17E0, 0x17E0, 0x17E0, 0x17E0, 0x17E0, 0x17E0, 0x17E0, 0x17E0, 0x17E0, 0x17E0,
    0x17E0, 0x17E1, 0x2F84, 0x1001, 0x0000, 0x0000, 0x0000, 0x0000, 0x0000, 0x0000, 0x0000, 0x0000,
    0x0000, 0x0000, 0x0000, 0x0000, 0x0000, 0x0000, 0x0000, 0x0000, 0x0000, 0x0000, 0x0000, 0x0000,
    0x0000, 0x0000, 0x0000, 0x0000, 0x0000, 0x0000, 0x0000, 0x0000, 0x0000, 0x0000, 0x0000, 0x0000,
    0x0000, 0x0000, 0x0000, 0x0000, 0x0000, 0x0000, 0x0000, 0x0000, 0x0000, 0x0000, 0x0000, 0x0000,
    0x0000, 0x0000, 0x0000, 0x0000, 0x0000, 0x0000, 0x0000, 0x0000, 0x0000, 0x0000, 0x0000, 0x0000,
    0x0000, 0x0000, 0x0000, 0x0000, 0x0000, 0x0000, 0x0000, 0x0000, 0x0000, 0x0000, 0x0000, 0x0000,
    0x0000, 0x0000, 0x0000, 0x0000, 0x0000, 0x0000, 0x0000, 0x0000, 0x0000, 0x0000, 0x0000, 0x0000,
    0x0000, 0x0000, 0x0000, 0x0000, 0x0000, 0x0000, 0x0000, 0x0000, 0x0000, 0x0000, 0x0000, 0x0000,
    0x0000, 0x0000, 0x0000, 0x0000, 0x0000, 0x0000, 0x0000, 0x0000, 0x0000, 0x0000, 0x0000, 0x0000,
    0x0000, 0x0000, 0x0000, 0x0000, 0x0000, 0x0000, 0x0000, 0x0000, 0x0000, 0x0000, 0x0000, 0x0000,
    0x0000, 0x0000, 0x0881, 0x1D42, 0x17C1, 0x17E0, 0x17E0, 0x17E0, 0x17E0, 0x17E0, 0x17E0, 0x17E0,
    0x17E0, 0x17E0, 0x17E0, 0x17E0, 0x17E0, 0x17E0, 0x17E0, 0x17E0, 0x17E0, 0x17E0, 0x17E0, 0x17E0,
    0x17E0, 0x17E0, 0x17E0, 0x17E0, 0x17E0, 0x17E0, 0x17E0, 0x17E0, 0x17E0, 0x17E0, 0x17E0, 0x17E0,
    0x17E0, 0x17E0, 0x17E0, 0x17E0, 0x17E0, 0x17E0, 0x17E0, 0x17E0, 0x17E0, 0x17E0, 0x17E0, 0x17E0,
    0x17E0, 0x17E0, 0x17E0, 0x17E0, 0x17E0, 0x17E0, 0x17E0, 0x17E0, 0x17E0, 0x17E0, 0x17E0, 0x17E0,
    0x17E0, 0x17E0, 0x17E0, 0x17E0, 0x17E0, 0x17E0, 0x17E0, 0x17E0, 0x17E0, 0x17E0, 0x17E0, 0x17E0,
    0x17E0, 0x1FC1, 0x27A3, 0x0000, 0x0020, 0x0000, 0x0000, 0x0000, 0x0000, 0x0000, 0x0000, 0x0000,
    0x0000, 0x0000, 0x0000, 0x0000, 0x0000, 0x0000, 0x0000, 0x0000, 0x0000, 0x0000, 0x0000, 0x0000,
    0x0000, 0x0000, 0x0000, 0x0000, 0x0000, 0x0000, 0x0000, 0x0000, 0x0000, 0x0000, 0x0000, 0x0000,
    0x0000, 0x0000, 0x0000, 0x0000, 0x0000, 0x0000, 0x0000, 0x0000, 0x0000, 0x0000, 0x0000, 0x0000,
    0x0000, 0x0000, 0x0000, 0x0000, 0x0000, 0x0000, 0x0000, 0x0000, 0x0000, 0x0000, 0x0000, 0x0000,
    0x0000, 0x0000, 0x0000, 0x0000, 0x0000, 0x0000, 0x0000, 0x0000, 0x0000, 0x0000, 0x0000, 0x0000,
    0x0000, 0x0000, 0x0000, 0x0000, 0x0000, 0x0000, 0x0000, 0x0000, 0x0000, 0x0000, 0x0000, 0x0000,
    0x0000, 0x0000, 0x0000, 0x0000, 0x0000, 0x0000, 0x0000, 0x0000, 0x0000, 0x0000, 0x0000, 0x0000,
    0x0000, 0x0000, 0x0000, 0x0000, 0x0000, 0x0000, 0x0000, 0x0000, 0x0000, 0x0000, 0x0000, 0x0000,
    0x0000, 0x0000, 0x0000, 0x0000, 0x0000, 0x0000, 0x0000, 0x0000, 0x0000, 0x0000, 0x0000, 0x0000,
    0x0000, 0x0000, 0x0100, 0x1DA3, 0x17C1, 0x17E0, 0x17E0, 0x17E0, 0x17E0, 0x17E0, 0x17E0, 0x17E0,
    0x17E0, 0x17E0, 0x17E0, 0x17E0, 0x17E0, 0x17E0, 0x17E0, 0x17E0, 0x17E0, 0x17E0, 0x17E0, 0x17E0,
    0x17E0, 0x17E0, 0x17E0, 0x17E0, 0x17E0, 0x17E0, 0x17E0, 0x17E0, 0x17E0, 0x17E0, 0x17E0, 0x17E0,
    0x17E0, 0x17E0, 0x17E0, 0x17E0, 0x17E0, 0x17E0, 0x17E0, 0x17E0, 0x17E0, 0x17E0, 0x17E0, 0x17E0,
    0x17E0, 0x17E0, 0x17E0, 0x17E0, 0x17E0, 0x17E0, 0x17E0, 0x17E0, 0x17E0, 0x17E0, 0x17E0, 0x17E0,
    0x17E0, 0x17E0, 0x17E0, 0x17E0, 0x17E0, 0x17E0, 0x17E0, 0x17E0, 0x17E0, 0x17E0, 0x17E0, 0x17E0,
    0x17E0, 0x1FC1, 0x1FC2, 0x0040, 0x0020, 0x0000, 0x0000, 0x0000, 0x0000, 0x0000, 0x0000, 0x0000,
    0x0000, 0x0000, 0x0000, 0x0000, 0x0000, 0x0000, 0x0000, 0x0000, 0x0000, 0x0000, 0x0000, 0x0000,
    0x0000, 0x0000, 0x0000, 0x0000, 0x0000, 0x0000, 0x0000, 0x0000, 0x0000, 0x0000, 0x0000, 0x0000,
    0x0000, 0x0000, 0x0000, 0x0000, 0x0000, 0x0000, 0x0000, 0x0000, 0x0000, 0x0000, 0x0000, 0x0000,
    0x0000, 0x0000, 0x0000, 0x0000, 0x0000, 0x0000, 0x0000, 0x0000, 0x0000, 0x0000, 0x0000, 0x0000,
    0x0000, 0x0000, 0x0000, 0x0000, 0x0000, 0x0000, 0x0000, 0x0000, 0x0000, 0x0000, 0x0000, 0x0000,
    0x0000, 0x0000, 0x0000, 0x0000, 0x0000, 0x0000, 0x0000, 0x0000, 0x0000, 0x0000, 0x0000, 0x0000,
    0x0000, 0x0000, 0x0000, 0x0000, 0x0000, 0x0000, 0x0000, 0x0000, 0x0000, 0x0000, 0x0000, 0x0000,
    0x0000, 0x0000, 0x0000, 0x0000, 0x0000, 0x0000, 0x0000, 0x0000, 0x0000, 0x0000, 0x0000, 0x0000,
    0x0000, 0x0000, 0x0000, 0x0000, 0x0000, 0x0000, 0x0000, 0x0000, 0x0000, 0x0000, 0x0000, 0x0000,
    0x0000, 0x0060, 0x1261, 0x3704, 0x17E0, 0x17E0, 0x17E0, 0x17E0, 0x17E0, 0x17E0, 0x17E0, 0x17E0,
    0x17E0, 0x17E0, 0x17E0, 0x17E0, 0x17E0, 0x17E0, 0x17E0, 0x17E0, 0x17E0, 0x17E0, 0x17E0, 0x17E0,
    0x17E0, 0x17E0, 0x17E0, 0x17E0, 0x17E1, 0x17E1, 0x17E1, 0x17E0, 0x17E0, 0x17E0, 0x17E0, 0x17E0,
    0x17E0, 0x17E0, 0x17E0, 0x17E0, 0x17E0, 0x17E0, 0x17E0, 0x17E0, 0x17E0, 0x17E0, 0x17E0, 0x17E0,
    0x17E0, 0x17E0, 0x17E0, 0x17E0, 0x17E0, 0x17E0, 0x17E0, 0x17E0, 0x17E0, 0x17E0, 0x17E0, 0x17E0,
    0x17E0, 0x17E0, 0x17E0, 0x17E0, 0x17E0, 0x17E0, 0x17E0, 0x17E0, 0x17E0, 0x17E0, 0x17E0, 0x17E0,
    0x17E0, 0x17E0, 0x0FE0, 0x09E1, 0x0040, 0x0000, 0x0000, 0x0000, 0x0000, 0x0000, 0x0000, 0x0000,
    0x0000, 0x0000, 0x0000, 0x0000, 0x0000, 0x0000, 0x0000, 0x0000, 0x0000, 0x0000, 0x0000, 0x0000,
    0x0000, 0x0000, 0x0000, 0x0000, 0x0000, 0x0000, 0x0000, 0x0000, 0x0000, 0x0000, 0x0000, 0x0000,
    0x0000, 0x0000, 0x0000, 0x0000, 0x0000, 0x0000, 0x0000, 0x0000, 0x0000, 0x0000, 0x0000, 0x0000,
    0x0000, 0x0000, 0x0000, 0x0000, 0x0000, 0x0000, 0x0000, 0x0000, 0x0000, 0x0000, 0x0000, 0x0000,
    0x0000, 0x0000, 0x0000, 0x0000, 0x0000, 0x0000, 0x0000, 0x0000, 0x0000, 0x0000, 0x0000, 0x0000,
    0x0000, 0x0000, 0x0000, 0x0000, 0x0000, 0x0000, 0x0000, 0x0000, 0x0000, 0x0000, 0x0000, 0x0000,
    0x0000, 0x0000, 0x0000, 0x0000, 0x0000, 0x0000, 0x0000, 0x0000, 0x0000, 0x0000, 0x0000, 0x0000,
    0x0000, 0x0000, 0x0000, 0x0000, 0x0000, 0x0000, 0x0000, 0x0000, 0x0000, 0x0000, 0x0000, 0x0000,
    0x0000, 0x0000, 0x0000, 0x0000, 0x0000, 0x0000, 0x0000, 0x0000, 0x0000, 0x0000, 0x0000, 0x0000,
    0x0000, 0x0001, 0x2BE2, 0x27A3, 0x1FC0, 0x17E0, 0x17E0, 0x17E0, 0x17E0, 0x17E0, 0x17E0, 0x17E0,
    0x17E0, 0x17E0, 0x17E0, 0x17E0, 0x17E0, 0x17E0, 0x17E0, 0x17E0, 0x17E0, 0x17E0, 0x17E0, 0x17E0,
    0x17E0, 0x17E0, 0x17E0, 0x17E0, 0x17E0, 0x17E0, 0x17E0, 0x17E0, 0x17E0, 0x17E0, 0x17E0, 0x17E0,
    0x17E0, 0x17E0, 0x17E0, 0x17E0, 0x17E0, 0x17E0, 0x17E0, 0x17E0, 0x17E0, 0x17E0, 0x17E0, 0x17E0,
    0x17E0, 0x17E0, 0x17E0, 0x17E0, 0x17E0, 0x17E0, 0x17E0, 0x17E0, 0x17E0, 0x17E0, 0x17E0, 0x17E0,
    0x17E0, 0x17E0, 0x17E0, 0x17E0, 0x17E0, 0x17E0, 0x17E0, 0x17E0, 0x17E0, 0x17E0, 0x17E0, 0x17E0,
    0x17E0, 0x1FE0, 0x17E1, 0x23A3, 0x0801, 0x0000, 0x0000, 0x0000, 0x0000, 0x0000, 0x0000, 0x0000,
    0x0000, 0x0000, 0x0000, 0x0000, 0x0000, 0x0000, 0x0000, 0x0000, 0x0000, 0x0000, 0x0000, 0x0000,
    0x0000, 0x0000, 0x0000, 0x0000, 0x0000, 0x0000, 0x0000, 0x0000, 0x0000, 0x0000, 0x0000, 0x0000,
    0x0000, 0x0000, 0x0000, 0x0000, 0x0000, 0x0000, 0x0000, 0x0000, 0x0000, 0x0000, 0x0000, 0x0000,
    0x0000, 0x0000, 0x0000, 0x0000, 0x0000, 0x0000, 0x0000, 0x0000, 0x0000, 0x0000, 0x0000, 0x0000,
    0x0000, 0x0000, 0x0000, 0x0000, 0x0000, 0x0000, 0x0000, 0x0000, 0x0000, 0x0000, 0x0000, 0x0000,
    0x0000, 0x0000, 0x0000, 0x0000, 0x0000, 0x0000, 0x0000, 0x0000, 0x0000, 0x0000, 0x0000, 0x0000,
    0x0000, 0x0000, 0x0000, 0x0000, 0x0000, 0x0000, 0x0000, 0x0000, 0x0000, 0x0000, 0x0000, 0x0000,
    0x0000, 0x0000, 0x0000, 0x0000, 0x0000, 0x0000, 0x0000, 0x0000, 0x0000, 0x0000, 0x0000, 0x0000,
    0x0000, 0x0000, 0x0000, 0x0000, 0x0000, 0x0000, 0x0000, 0x0000, 0x0000, 0x0000, 0x0000, 0x0000,
    0x0020, 0x0020, 0x35E5, 0x1FC1, 0x17C1, 0x17E0, 0x17E0, 0x17E0, 0x17E0, 0x17E0, 0x17E0, 0x17E0,
    0x17E0, 0x17E0, 0x17E0, 0x17E0, 0x17E0, 0x17E0, 0x17E0, 0x17E0, 0x17E0, 0x17E0, 0x17E0, 0x17E0,
    0x17E0, 0x17E0, 0x17E0, 0x17E0, 0x17E0, 0x17E0, 0x17E0, 0x17E0, 0x17E0, 0x17E0, 0x17E0, 0x17E0,
    0x17E0, 0x17E0, 0x17E0, 0x17E0, 0x17E0, 0x17E0, 0x17E0, 0x17E0, 0x17E0, 0x17E0, 0x17E0, 0x17E0,
    0x17E0, 0x17E0, 0x17E0, 0x17E0, 0x17E0, 0x17E0, 0x17E0, 0x17E0, 0x17E0, 0x17E0, 0x17E0, 0x17E0,
    0x17E0, 0x17E0, 0x17E0, 0x17E0, 0x17E0, 0x17E0, 0x17E0, 0x17E0, 0x17E0, 0x17E0, 0x17E0, 0x17E0,
    0x17E0, 0x17E0, 0x17E1, 0x2CE4, 0x08A1, 0x0000, 0x0000, 0x0000, 0x0000, 0x0000, 0x0000, 0x0000,
    0x0000, 0x0000, 0x0000, 0x0000, 0x0000, 0x0000, 0x0000, 0x0000, 0x0000, 0x0000, 0x0000, 0x0000,
    0x0000, 0x0000, 0x0000, 0x0000, 0x0000, 0x0000, 0x0000, 0x0000, 0x0000, 0x0000, 0x0000, 0x0000,
    0x0000, 0x0000, 0x0000, 0x0000, 0x0000, 0x0000, 0x0000, 0x0000, 0x0000, 0x0000, 0x0000, 0x0000,
    0x0000, 0x0000, 0x0000, 0x0000, 0x0000, 0x0000, 0x0000, 0x0000, 0x0000, 0x0000, 0x0000, 0x0000,
    0x0000, 0x0000, 0x0000, 0x0000, 0x0000, 0x0000, 0x0000, 0x0000, 0x0000, 0x0000, 0x0000, 0x0000,
    0x0000, 0x0000, 0x0000, 0x0000, 0x0000, 0x0000, 0x0000, 0x0000, 0x0000, 0x0000, 0x0000, 0x0000,
    0x0000, 0x0000, 0x0000, 0x0000, 0x0000, 0x0000, 0x0000, 0x0000, 0x0000, 0x0000, 0x0000, 0x0000,
    0x0000, 0x0000, 0x0000, 0x0000, 0x0000, 0x0000, 0x0000, 0x0000, 0x0000, 0x0000, 0x0000, 0x0000,
    0x0000, 0x0000, 0x0000, 0x0000, 0x0000, 0x0000, 0x0000, 0x0000, 0x0000, 0x0000, 0x0000, 0x0000,
    0x0020, 0x0820, 0x2EA5, 0x0FE0, 0x17C1, 0x17E0, 0x17E0, 0x17E0, 0x17E0, 0x17E0, 0x17E0, 0x17E0,
    0x17E0, 0x17E0, 0x17E0, 0x17E0, 0x17E0, 0x17E0, 0x17E0, 0x17E0, 0x17E0, 0x17E0, 0x17E0, 0x17E0,
    0x17E0, 0x17E0, 0x17E0, 0x17E0, 0x17E0, 0x17E0, 0x17E0, 0x17E0, 0x17E0, 0x17E0, 0x17E0, 0x17E0,
    0x17E0, 0x17E0, 0x17E0, 0x17E0, 0x17E0, 0x17E0, 0x17E0, 0x17E0, 0x17E0, 0x17E0, 0x17E0, 0x17E0,
    0x17E0, 0x17E0, 0x17E0, 0x17E0, 0x17E0, 0x17E0, 0x17E0, 0x17E0, 0x17E0, 0x17E0, 0x17E0, 0x17E0,
    0x17E0, 0x17E0, 0x17E0, 0x17E0, 0x17E0, 0x17E0, 0x17E0, 0x17E0, 0x17E0, 0x17E0, 0x17E0, 0x17E0,
    0x17E0, 0x17E0, 0x17E2, 0x2D84, 0x0901, 0x0000, 0x0000, 0x0000, 0x0000, 0x0000, 0x0000, 0x0000,
    0x0000, 0x0000, 0x0000, 0x0000, 0x0000, 0x0000, 0x0000, 0x0000, 0x0000, 0x0000, 0x0000, 0x0000,
    0x0000, 0x0000, 0x0000, 0x0000, 0x0000, 0x0000, 0x0000, 0x0000, 0x0000, 0x0000, 0x0000, 0x0000,
    0x0000, 0x0000, 0x0000, 0x0000, 0x0000, 0x0000, 0x0000, 0x0000, 0x0000, 0x0000, 0x0000, 0x0000,
    0x0000, 0x0000, 0x0000, 0x0000, 0x0000, 0x0000, 0x0000, 0x0000, 0x0000, 0x0000, 0x0000, 0x0000,
    0x0000, 0x0000, 0x0000, 0x0000, 0x0000, 0x0000, 0x0000, 0x0000, 0x0000, 0x0000, 0x0000, 0x0000,
    0x0000, 0x0000, 0x0000, 0x0000, 0x0000, 0x0000, 0x0000, 0x0000, 0x0000, 0x0000, 0x0000, 0x0000,
    0x0000, 0x0000, 0x0000, 0x0000, 0x0000, 0x0000, 0x0000, 0x0000, 0x0000, 0x0000, 0x0000, 0x0000,
    0x0000, 0x0000, 0x0000, 0x0000, 0x0000, 0x0000, 0x0000, 0x0000, 0x0000, 0x0000, 0x0000, 0x0000,
    0x0000, 0x0000, 0x0000, 0x0000, 0x0000, 0x0000, 0x0000, 0x0000, 0x0000, 0x0000, 0x0000, 0x0000,
    0x0020, 0x0800, 0x2F45, 0x0FE0, 0x17E2, 0x17E0, 0x17E0, 0x17E0, 0x17E0, 0x17E0, 0x17E0, 0x17E0,
    0x17E0, 0x17E0, 0x17E0, 0x17E0, 0x17E0, 0x17E0, 0x17E0, 0x17E0, 0x17E0, 0x17E0, 0x17E0, 0x17E0,
    0x17E0, 0x17E0, 0x17E0, 0x17E0, 0x17E0, 0x17E0, 0x17E0, 0x17E0, 0x17E0, 0x17E0, 0x17E0, 0x17E0,
    0x17E0, 0x17E0, 0x17E0, 0x17E0, 0x17E0, 0x17E0, 0x17E0, 0x17E0, 0x17E0, 0x17E0, 0x17E0, 0x17E0,
    0x17E0, 0x17E0, 0x17E0, 0x17E0, 0x17E0, 0x17E0, 0x17E0, 0x17E0, 0x17E0, 0x17E0, 0x17E0, 0x17E0,
    0x17E0, 0x17E0, 0x17E0, 0x17E0, 0x17E0, 0x17E0, 0x17E0, 0x17E0, 0x17E0, 0x17E0, 0x17E0, 0x17E0,
    0x17E0, 0x17E1, 0x1FE2, 0x25E2, 0x0160, 0x0000, 0x0000, 0x0000, 0x0000, 0x0000, 0x0000, 0x0000,
    0x0000, 0x0000, 0x0000, 0x0000, 0x0000, 0x0000, 0x0000, 0x0000, 0x0000, 0x0000, 0x0000, 0x0000,
    0x0000, 0x0000, 0x0000, 0x0000, 0x0000, 0x0000, 0x0000, 0x0000, 0x0000, 0x0000, 0x0000, 0x0000,
    0x0000, 0x0000, 0x0000, 0x0000, 0x0000, 0x0000, 0x0000, 0x0000, 0x0000, 0x0000, 0x0000, 0x0000,
    0x0000, 0x0000, 0x0000, 0x0000, 0x0000, 0x0000, 0x0000, 0x0000, 0x0000, 0x0000, 0x0000, 0x0000,
    0x0000, 0x0000, 0x0000, 0x0000, 0x0000, 0x0000, 0x0000, 0x0000, 0x0000, 0x0000, 0x0000, 0x0000,
    0x0000, 0x0000, 0x0000, 0x0000, 0x0000, 0x0000, 0x0000, 0x0000, 0x0000, 0x0000, 0x0000, 0x0000,
    0x0000, 0x0000, 0x0000, 0x0000, 0x0000, 0x0000, 0x0000, 0x0000, 0x0000, 0x0000, 0x0000, 0x0000,
    0x0000, 0x0000, 0x0000, 0x0000, 0x0000, 0x0000, 0x0000, 0x0000, 0x0000, 0x0000, 0x0000, 0x0000,
    0x0000, 0x0000, 0x0000, 0x0000, 0x0000, 0x0000, 0x0000, 0x0000, 0x0000, 0x0000, 0x0000, 0x0000,
    0x0020, 0x0000, 0x2F24, 0x17E2, 0x17E0, 0x17E0, 0x17E0, 0x17E0, 0x17E0, 0x17E0, 0x17E0, 0x17E0,
    0x17E0, 0x17E0, 0x17E0, 0x17E0, 0x17E0, 0x17E0, 0x17E0, 0x17E0, 0x17E0, 0x17E0, 0x17E0, 0x17E0,
    0x17E0, 0x17E0, 0x17E0, 0x17E0, 0x17E0, 0x17E0, 0x17E0, 0x17E0, 0x17E0, 0x17E0, 0x17E0, 0x17E0,
    0x17E0, 0x17E0, 0x17E0, 0x17E0, 0x17E0, 0x17E0, 0x17E0, 0x17E0, 0x17E0, 0x17E0, 0x17E0, 0x17E0,
    0x17E0, 0x17E0, 0x17E0, 0x17E0, 0x17E0, 0x17E0, 0x17E0, 0x17E0, 0x17E0, 0x17E0, 0x17E0, 0x17E0,
    0x17E0, 0x17E0, 0x17E0, 0x17E0, 0x17E0, 0x17E0, 0x17E0, 0x17E0, 0x17E0, 0x17E0, 0x17E0, 0x17E0,
    0x17E0, 0x17E0, 0x0FC1, 0x2582, 0x0120, 0x0000, 0x0000, 0x0000, 0x0000, 0x0000, 0x0000, 0x0000,
    0x0000, 0x0000, 0x0000, 0x0000, 0x0000, 0x0000, 0x0000, 0x0000, 0x0000, 0x0000, 0x0000, 0x0000,
    0x0000, 0x0000, 0x0000, 0x0000, 0x0000, 0x0000, 0x0000, 0x0000, 0x0000, 0x0000, 0x0000, 0x0000,
    0x0000, 0x0000, 0x0000, 0x0000, 0x0000, 0x0000, 0x0000, 0x0000, 0x0000, 0x0000, 0x0000, 0x0000,
    0x0000, 0x0000, 0x0000, 0x0000, 0x0000, 0x0000, 0x0000, 0x0000, 0x0000, 0x0000, 0x0000, 0x0000,
    0x0000, 0x0000, 0x0000, 0x0000, 0x0000, 0x0000, 0x0000, 0x0000, 0x0000, 0x0000, 0x0000, 0x0000,
    0x0000, 0x0000, 0x0000, 0x0000, 0x0000, 0x0000, 0x0000, 0x0000, 0x0000, 0x0000, 0x0000, 0x0000,
    0x0000, 0x0000, 0x0000, 0x0000, 0x0000, 0x0000, 0x0000, 0x0000, 0x0000, 0x0000, 0x0000, 0x0000,
    0x0000, 0x0000, 0x0000, 0x0000, 0x0000, 0x0000, 0x0000, 0x0000, 0x0000, 0x0000, 0x0000, 0x0000,
    0x0000, 0x0000, 0x0000, 0x0000, 0x0000, 0x0000, 0x0000, 0x0000, 0x0000, 0x0000, 0x0000, 0x0000,
    0x0020, 0x0000, 0x26C3, 0x1FE2, 0x17E0, 0x17E0, 0x17E0, 0x17E0, 0x17E0, 0x17E0, 0x17E0, 0x17E0,
    0x17E0, 0x17E0, 0x17E0, 0x17E0, 0x17E0, 0x17E0, 0x17E0, 0x17E0, 0x17E0, 0x17E0, 0x17E0, 0x17E0,
    0x17E0, 0x17E0, 0x17E0, 0x17E0, 0x17E0, 0x17E0, 0x17E0, 0x17E0, 0x17E0, 0x17E0, 0x17E0, 0x17E0,
    0x17E0, 0x17E0, 0x17E0, 0x17E0, 0x17E0, 0x17E0, 0x17E0, 0x17E0, 0x17E0, 0x17E0, 0x17E0, 0x17E0,
    0x17E0, 0x17E0, 0x17E0, 0x17E0, 0x17E0, 0x17E0, 0x17E0, 0x17E0, 0x17E0, 0x17E0, 0x17E0, 0x17E0,
    0x17E0, 0x17E0, 0x17E0, 0x17E0, 0x17E0, 0x17E0, 0x17E0, 0x17E0, 0x17E0, 0x17E0, 0x17E0, 0x17E0,
    0x17E0, 0x17E0, 0x0FA0, 0x2503, 0x00C1, 0x0000, 0x0000, 0x0000, 0x0000, 0x0000, 0x0000, 0x0000,
    0x0000, 0x0000, 0x0000, 0x0000, 0x0000, 0x0000, 0x0000, 0x0000, 0x0000, 0x0000, 0x0000, 0x0000,
    0x0000, 0x0000, 0x0000, 0x0000, 0x0000, 0x0000, 0x0000, 0x0000, 0x0000, 0x0000, 0x0000, 0x0000,
    0x0000, 0x0000, 0x0000, 0x0000, 0x0000, 0x0000, 0x0000, 0x0000, 0x0000, 0x0000, 0x0000, 0x0000,
    0x0000, 0x0000, 0x0000, 0x0000, 0x0000, 0x0000, 0x0000, 0x0000, 0x0000, 0x0000, 0x0000, 0x0000,
    0x0000, 0x0000, 0x0000, 0x0000, 0x0000, 0x0000, 0x0000, 0x0000, 0x0000, 0x0000, 0x0000, 0x0000,
    0x0000, 0x0000, 0x0000, 0x0000, 0x0000, 0x0000, 0x0000, 0x0000, 0x0000, 0x0000, 0x0000, 0x0000,
    0x0000, 0x0000, 0x0000, 0x0000, 0x0000, 0x0000, 0x0000, 0x0000, 0x0000, 0x0000, 0x0000, 0x0000,
    0x0000, 0x0000, 0x0000, 0x0000, 0x0000, 0x0000, 0x0000, 0x0000, 0x0000, 0x0000, 0x0000, 0x0000,
    0x0000, 0x0000, 0x0000, 0x0000, 0x0000, 0x0000, 0x0000, 0x0000, 0x0000, 0x0000, 0x0000, 0x0000,
    0x0020, 0x1803, 0x25A2, 0x1FC2, 0x1FE0, 0x17E0, 0x17E0, 0x17E0, 0x17E0, 0x17E0, 0x17E0, 0x17E0,
    0x17E0, 0x17E0, 0x17E0, 0x17E0, 0x17E0, 0x17E0, 0x17E0, 0x17E0, 0x17E0, 0x17E0, 0x17E0, 0x17E0,
    0x17E0, 0x17E0, 0x17E0, 0x17E0, 0x17E0, 0x17E0, 0x17E0, 0x17E0, 0x17E0, 0x17E0, 0x17E0, 0x17E0,
    0x17E0, 0x17E0, 0x17E0, 0x17E0, 0x17E0, 0x17E0, 0x17E0, 0x17E0, 0x17E0, 0x17E0, 0x17E0, 0x17E0,
    0x17E0, 0x17E0, 0x17E0, 0x17E0, 0x17E0, 0x17E0, 0x17E0, 0x17E0, 0x17E0, 0x17E0, 0x17E0, 0x17E0,
    0x17E0, 0x17E0, 0x17E0, 0x17E0, 0x17E0, 0x17E0, 0x17E0, 0x17E0, 0x17E0, 0x17E0, 0x17E0, 0x17E0,
    0x17E0, 0x17C0, 0x17E1, 0x1341, 0x1002, 0x0000, 0x0000, 0x0000, 0x0000, 0x0000, 0x0000, 0x0000,
    0x0000, 0x0000, 0x0000, 0x0000, 0x0000, 0x0000, 0x0000, 0x0000, 0x0000, 0x0000, 0x0000, 0x0000,
    0x0000, 0x0000, 0x0000, 0x0000, 0x0000, 0x0000, 0x0000, 0x0000, 0x0000, 0x0000, 0x0000, 0x0000,
    0x0000, 0x0000, 0x0000, 0x0000, 0x0000, 0x0000, 0x0000, 0x0000, 0x0000, 0x0000, 0x0000, 0x0000,
    0x0000, 0x0000, 0x0000, 0x0000, 0x0000, 0x0000, 0x0000, 0x0000, 0x0000, 0x0000, 0x0000, 0x0000,
    0x0000, 0x0000, 0x0000, 0x0000, 0x0000, 0x0000, 0x0000, 0x0000, 0x0000, 0x0000, 0x0000, 0x0000,
    0x0000, 0x0000, 0x0000, 0x0000, 0x0000, 0x0000, 0x0000, 0x0000, 0x0000, 0x0000, 0x0000, 0x0000,
    0x0000, 0x0000, 0x0000, 0x0000, 0x0000, 0x0000, 0x0000, 0x0000, 0x0000, 0x0000, 0x0000, 0x0000,
    0x0000, 0x0000, 0x0000, 0x0000, 0x0000, 0x0000, 0x0000, 0x0000, 0x0000, 0x0000, 0x0000, 0x0000,
    0x0000, 0x0000, 0x0000, 0x0000, 0x0000, 0x0000, 0x0000, 0x0000, 0x0000, 0x0000, 0x0000, 0x0000,
    0x0020, 0x1843, 0x1C82, 0x1F82, 0x1FE2, 0x17E1, 0x17E0, 0x17E0, 0x17E0, 0x17E0, 0x17E0, 0x17E0,
    0x17E0, 0x17E0, 0x17E0, 0x17E0, 0x17E0, 0x17E0, 0x17E0, 0x17E0, 0x17E0, 0x17E0, 0x17E0, 0x17E0,
    0x17E0, 0x17E0, 0x17E0, 0x17E0, 0x17E0, 0x17E0, 0x17E0, 0x17E0, 0x17E0, 0x17E0, 0x17E0, 0x17E0,
    0x17E0, 0x17E0, 0x17E0, 0x17E0, 0x17E0, 0x17E0, 0x17E0, 0x17E0, 0x17E0, 0x17E0, 0x17E0, 0x17E0,
    0x17E0, 0x17E0, 0x17E0, 0x17E0, 0x17E0, 0x17E0, 0x17E0, 0x17E0, 0x17E0, 0x17E0, 0x17E0, 0x17E0,
    0x17E0, 0x17E0, 0x17E0, 0x17E0, 0x17E0, 0x17E0, 0x17E0, 0x17E0, 0x17E0, 0x17E0, 0x17E0, 0x17E0,
    0x17E0, 0x17C0, 0x1FA1, 0x0200, 0x1002, 0x0000, 0x0000, 0x0000, 0x0000, 0x0000, 0x0000, 0x0000,
    0x0000, 0x0000, 0x0000, 0x0000, 0x0000, 0x0000, 0x0000, 0x0000, 0x0000, 0x0000, 0x0000, 0x0000,
    0x0000, 0x0000, 0x0000, 0x0000, 0x0000, 0x0000, 0x0000, 0x0000, 0x0000, 0x0000, 0x0000, 0x0000,
    0x0000, 0x0000, 0x0000, 0x0000, 0x0000, 0x0000, 0x0000, 0x0000, 0x0000, 0x0000, 0x0000, 0x0000,
    0x0000, 0x0000, 0x0000, 0x0000, 0x0000, 0x0000, 0x0000, 0x0000, 0x0000, 0x0000, 0x0000, 0x0000,
    0x0000, 0x0000, 0x0000, 0x0000, 0x0000, 0x0000, 0x0000, 0x0000, 0x0000, 0x0000, 0x0000, 0x0000,
    0x0000, 0x0000, 0x0000, 0x0000, 0x0000, 0x0000, 0x0000, 0x0000, 0x0000, 0x0000, 0x0000, 0x0000,
    0x0000, 0x0000, 0x0000, 0x0000, 0x0000, 0x0000, 0x0000, 0x0000, 0x0000, 0x0000, 0x0000, 0x0000,
    0x0000, 0x0000, 0x0000, 0x0000, 0x0000, 0x0000, 0x0000, 0x0000, 0x0000, 0x0000, 0x0000, 0x0000,
    0x0000, 0x0000, 0x0000, 0x0000, 0x0000, 0x0000, 0x0000, 0x0000, 0x0000, 0x0000, 0x0000, 0x0000,
    0x0000, 0x0000, 0x0100, 0x24A4, 0x0FE0, 0x17E0, 0x17E1, 0x17E0, 0x17E0, 0x17E0, 0x17E0, 0x17E0,
    0x17E0, 0x17E0, 0x17E0, 0x17E0, 0x17E0, 0x17E0, 0x17E0, 0x17E0, 0x17E0, 0x17E0, 0x17E0, 0x17E0,
    0x17E0, 0x17E0, 0x17E0, 0x17E0, 0x17E0, 0x17E0, 0x17E0, 0x17E0, 0x17E0, 0x17E0, 0x17E0, 0x17E0,
    0x17E0, 0x17E0, 0x17E0, 0x17E0, 0x17E0, 0x17E0, 0x17E0, 0x17E0, 0x17E0, 0x17E0, 0x17E0, 0x17E0,
    0x17E0, 0x17E0, 0x17E0, 0x17E0, 0x17E0, 0x17E0, 0x17E0, 0x17E0, 0x17E0, 0x17E0, 0x17E0, 0x17E0,
    0x17E0, 0x17E0, 0x17E0, 0x17E0, 0x17E0, 0x17E0, 0x17E0, 0x17E0, 0x17E0, 0x17E0, 0x17E0, 0x17E0,
    0x17E0, 0x17E1, 0x2EC4, 0x0020, 0x0821, 0x0000, 0x0000, 0x0000, 0x0000, 0x0000, 0x0000, 0x0000,
    0x0000, 0x0000, 0x0000, 0x0000, 0x0000, 0x0000, 0x0000, 0x0000, 0x0000, 0x0000, 0x0000, 0x0000,
    0x0000, 0x0000, 0x0000, 0x0000, 0x0000, 0x0000, 0x0000, 0x0000, 0x0000, 0x0000, 0x0000, 0x0000,
    0x0000, 0x0000, 0x0000, 0x0000, 0x0000, 0x0000, 0x0000, 0x0000, 0x0000, 0x0000, 0x0000, 0x0000,
    0x0000, 0x0000, 0x0000, 0x0000, 0x0000, 0x0000, 0x0000, 0x0000, 0x0000, 0x0000, 0x0000, 0x0000,
    0x0000, 0x0000, 0x0000, 0x0000, 0x0000, 0x0000, 0x0000, 0x0000, 0x0000, 0x0000, 0x0000, 0x0000,
    0x0000, 0x0000, 0x0000, 0x0000, 0x0000, 0x0000, 0x0000, 0x0000, 0x0000, 0x0000, 0x0000, 0x0000,
    0x0000, 0x0000, 0x0000, 0x0000, 0x0000, 0x0000, 0x0000, 0x0000, 0x0000, 0x0000, 0x0000, 0x0000,
    0x0000, 0x0000, 0x0000, 0x0000, 0x0000, 0x0000, 0x0000, 0x0000, 0x0000, 0x0000, 0x0000, 0x0000,
    0x0000, 0x0000, 0x0000, 0x0000, 0x0000, 0x0000, 0x0000, 0x0000, 0x0000, 0x0000, 0x0000, 0x0000,
    0x0001, 0x0020, 0x0000, 0x0A22, 0x1FE1, 0x17E0, 0x0FE1, 0x17E1, 0x17E0, 0x17E0, 0x17E0, 0x17E0,
    0x17E0, 0x17E0, 0x17E0, 0x17E0, 0x17E0, 0x17E0, 0x17E0, 0x17E0, 0x17E0, 0x17E0, 0x17E0, 0x17E0,
    0x17E0, 0x17E0, 0x17E0, 0x17E0, 0x17E0, 0x17E0, 0x17E0, 0x17E0, 0x17E0, 0x17E0, 0x17E0, 0x17E0,
    0x17E0, 0x17E0, 0x17E0, 0x17E0, 0x17E0, 0x17E0, 0x17E0, 0x17E0, 0x17E0, 0x17E0, 0x17E0, 0x17E0,
    0x17E0, 0x17E0, 0x17E0, 0x17E0, 0x17E0, 0x17E0, 0x17E0, 0x17E0, 0x17E0, 0x17E0, 0x17E0, 0x17E0,
    0x17E0, 0x17E0, 0x17E0, 0x17E0, 0x17E0, 0x17E0, 0x17E0, 0x17E0, 0x17E0, 0x17E0, 0x17E0, 0x17E0,
    0x17E1, 0x2783, 0x2523, 0x1022, 0x0820, 0x0000, 0x0000, 0x0000, 0x0000, 0x0000, 0x0000, 0x0000,
    0x0000, 0x0000, 0x0000, 0x0000, 0x0000, 0x0000, 0x0000, 0x0000, 0x0000, 0x0000, 0x0000, 0x0000,
    0x0000, 0x0000, 0x0000, 0x0000, 0x0000, 0x0000, 0x0000, 0x0000, 0x0000, 0x0000, 0x0000, 0x0000,
    0x0000, 0x0000, 0x0000, 0x0000, 0x0000, 0x0000, 0x0000, 0x0000, 0x0000, 0x0000, 0x0000, 0x0000,
    0x0000, 0x0000, 0x0000, 0x0000, 0x0000, 0x0000, 0x0000, 0x0000, 0x0000, 0x0000, 0x0000, 0x0000,
    0x0000, 0x0000, 0x0000, 0x0000, 0x0000, 0x0000, 0x0000, 0x0000, 0x0000, 0x0000, 0x0000, 0x0000,
    0x0000, 0x0000, 0x0000, 0x0000, 0x0000, 0x0000, 0x0000, 0x0000, 0x0000, 0x0000, 0x0000, 0x0000,
    0x0000, 0x0000, 0x0000, 0x0000, 0x0000, 0x0000, 0x0000, 0x0000, 0x0000, 0x0000, 0x0000, 0x0000,
    0x0000, 0x0000, 0x0000, 0x0000, 0x0000, 0x0000, 0x0000, 0x0000, 0x0000, 0x0000, 0x0000, 0x0000,
    0x0000, 0x0000, 0x0000, 0x0000, 0x0000, 0x0000, 0x0000, 0x0000, 0x0000, 0x0000, 0x0000, 0x0000,
    0x0020, 0x0020, 0x0801, 0x0000, 0x1D62, 0x2743, 0x0FE0, 0x0FE0, 0x17E0, 0x17E0, 0x17E0, 0x17E0,
    0x17E0, 0x17E0, 0x17E0, 0x17E0, 0x17E0, 0x17E0, 0x17E0, 0x17E0, 0x17E0, 0x17E0, 0x17E0, 0x17E0,
    0x17E0, 0x17E0, 0x17E0, 0x17E0, 0x17E0, 0x17E0, 0x17E0, 0x17E0, 0x17E0, 0x17E0, 0x17E0, 0x17E0,
    0x17E0, 0x17E0, 0x17E0, 0x17E0, 0x17E0, 0x17E0, 0x17E0, 0x17E0, 0x17E0, 0x17E0, 0x17E0, 0x17E0,
    0x17E0, 0x17E0, 0x17E0, 0x17E0, 0x17E0, 0x17E0, 0x17E0, 0x17E0, 0x17E0, 0x17E0, 0x17E0, 0x17E0,
    0x17E0, 0x17E0, 0x17E0, 0x17E0, 0x17E0, 0x17E0, 0x17E0, 0x17E0, 0x17E0, 0x17E0, 0x0FE0, 0x17E1,
    0x1FC2, 0x2403, 0x0100, 0x0001, 0x0020, 0x0000, 0x0000, 0x0000, 0x0000, 0x0000, 0x0000, 0x0000,
    0x0000, 0x0000, 0x0000, 0x0000, 0x0000, 0x0000, 0x0000, 0x0000, 0x0000, 0x0000, 0x0000, 0x0000,
    0x0000, 0x0000, 0x0000, 0x0000, 0x0000, 0x0000, 0x0000, 0x0000, 0x0000, 0x0000, 0x0000, 0x0000,
    0x0000, 0x0000, 0x0000, 0x0000, 0x0000, 0x0000, 0x0000, 0x0000, 0x0000, 0x0000, 0x0000, 0x0000,
    0x0000, 0x0000, 0x0000, 0x0000, 0x0000, 0x0000, 0x0000, 0x0000, 0x0000, 0x0000, 0x0000, 0x0000,
    0x0000, 0x0000, 0x0000, 0x0000, 0x0000, 0x0000, 0x0000, 0x0000, 0x0000, 0x0000, 0x0000, 0x0000,
    0x0000, 0x0000, 0x0000, 0x0000, 0x0000, 0x0000, 0x0000, 0x0000, 0x0000, 0x0000, 0x0000, 0x0000,
    0x0000, 0x0000, 0x0000, 0x0000, 0x0000, 0x0000, 0x0000, 0x0000, 0x0000, 0x0000, 0x0000, 0x0000,
    0x0000, 0x0000, 0x0000, 0x0000, 0x0000, 0x0000, 0x0000, 0x0000, 0x0000, 0x0000, 0x0000, 0x0000,
    0x0000, 0x0000, 0x0000, 0x0000, 0x0000, 0x0000, 0x0000, 0x0000, 0x0000, 0x0000, 0x0000, 0x0000,
    0x0000, 0x0020, 0x0000, 0x0020, 0x0AE2, 0x2D85, 0x0FC0, 0x17E0, 0x17E0, 0x17E0, 0x17E0, 0x17C1,
    0x17E0, 0x17E0, 0x17E0, 0x17E0, 0x17E0, 0x17E0, 0x17E0, 0x17E0, 0x17E0, 0x17E0, 0x17E0, 0x17E0,
    0x17E0, 0x17E0, 0x17E0, 0x17E0, 0x17E0, 0x17E0, 0x17E0, 0x17E0, 0x17E0, 0x17E0, 0x17E0, 0x17E1,
    0x17E0, 0x17E0, 0x17E0, 0x0FE0, 0x17E1, 0x17E1, 0x17E0, 0x17E0, 0x17E0, 0x17E0, 0x17E0, 0x17E0,
    0x17E0, 0x17E0, 0x17E0, 0x17E0, 0x17E0, 0x17E0, 0x17E0, 0x17E0, 0x17E0, 0x17E0, 0x17E0, 0x17E0,
    0x17E0, 0x17E0, 0x17E0, 0x17E0, 0x17E0, 0x17E0, 0x17E1, 0x17E0, 0x0FE0, 0x17E0, 0x17E0, 0x0FE0,
    0x2F24, 0x0960, 0x0020, 0x0020, 0x0020, 0x0000, 0x0000, 0x0000, 0x0000, 0x0000, 0x0000, 0x0000,
    0x0000, 0x0000, 0x0000, 0x0000, 0x0000, 0x0000, 0x0000, 0x0000, 0x0000, 0x0000, 0x0000, 0x0000,
    0x0000, 0x0000, 0x0000, 0x0000, 0x0000, 0x0000, 0x0000, 0x0000, 0x0000, 0x0000, 0x0000, 0x0000,
    0x0000, 0x0000, 0x0000, 0x0000, 0x0000, 0x0000, 0x0000, 0x0000, 0x0000, 0x0000, 0x0000, 0x0000,
    0x0000, 0x0000, 0x0000, 0x0000, 0x0000, 0x0000, 0x0000, 0x0000, 0x0000, 0x0000, 0x0000, 0x0000,
    0x0000, 0x0000, 0x0000, 0x0000, 0x0000, 0x0000, 0x0000, 0x0000, 0x0000, 0x0000, 0x0000, 0x0000,
    0x0000, 0x0000, 0x0000, 0x0000, 0x0000, 0x0000, 0x0000, 0x0000, 0x0000, 0x0000, 0x0000, 0x0000,
    0x0000, 0x0000, 0x0000, 0x0000, 0x0000, 0x0000, 0x0000, 0x0000, 0x0000, 0x0000, 0x0000, 0x0000,
    0x0000, 0x0000, 0x0000, 0x0000, 0x0000, 0x0000, 0x0000, 0x0000, 0x0000, 0x0000, 0x0000, 0x0000,
    0x0000, 0x0000, 0x0000, 0x0000, 0x0000, 0x0000, 0x0000, 0x0000, 0x0000, 0x0000, 0x0000, 0x0000,
    0x0000, 0x0000, 0x0000, 0x0000, 0x0020, 0x0020, 0x1E23, 0x27C2, 0x17C1, 0x1FC2, 0x1FC1, 0x17E0,
    0x17E0, 0x17E0, 0x17E0, 0x17E0, 0x17E0, 0x17E0, 0x17E0, 0x17E0, 0x17E0, 0x17E0, 0x17E0, 0x17E0,
    0x17E0, 0x17E0, 0x17E0, 0x17E0, 0x17E0, 0x17E0, 0x17E0, 0x17E0, 0x17E0, 0x17E0, 0x17E0, 0x17E0,
    0x17E0, 0x17E0, 0x17E0, 0x1FC2, 0x1FC1, 0x17E0, 0x0FE0, 0x17E0, 0x17E0, 0x17E0, 0x17E0, 0x17E0,
    0x17E0, 0x17E0, 0x17E0, 0x17E0, 0x17E0, 0x17E0, 0x17E0, 0x17E0, 0x17E0, 0x17E0, 0x17E0, 0x17E0,
    0x17E0, 0x17E0, 0x17E0, 0x17E0, 0x17E0, 0x17E0, 0x17E0, 0x1FE2, 0x1FC2, 0x1FE1, 0x17A1, 0x2F64,
    0x0220, 0x0020, 0x0000, 0x0000, 0x0000, 0x0000, 0x0000, 0x0000, 0x0000, 0x0000, 0x0000, 0x0000,
    0x0000, 0x0000, 0x0000, 0x0000, 0x0000, 0x0000, 0x0000, 0x0000, 0x0000, 0x0000, 0x0000, 0x0000,
    0x0000, 0x0000, 0x0000, 0x0000, 0x0000, 0x0000, 0x0000, 0x0000, 0x0000, 0x0000, 0x0000, 0x0000,
    0x0000, 0x0000, 0x0000, 0x0000, 0x0000, 0x0000, 0x0000, 0x0000, 0x0000, 0x0000, 0x0000, 0x0000,
    0x0000, 0x0000, 0x0000, 0x0000, 0x0000, 0x0000, 0x0000, 0x0000, 0x0000, 0x0000, 0x0000, 0x0000,
    0x0000, 0x0000, 0x0000, 0x0000, 0x0000, 0x0000, 0x0000, 0x0000, 0x0000, 0x0000, 0x0000, 0x0000,
    0x0000, 0x0000, 0x0000, 0x0000, 0x0000, 0x0000, 0x0000, 0x0000, 0x0000, 0x0000, 0x0000, 0x0000,
    0x0000, 0x0000, 0x0000, 0x0000, 0x0000, 0x0000, 0x0000, 0x0000, 0x0000, 0x0000, 0x0000, 0x0000,
    0x0000, 0x0000, 0x0000, 0x0000, 0x0000, 0x0000, 0x0000, 0x0000, 0x0000, 0x0000, 0x0000, 0x0000,
    0x0000, 0x0000, 0x0000, 0x0000, 0x0000, 0x0000, 0x0000, 0x0000, 0x0000, 0x0000, 0x0000, 0x0000,
    0x0000, 0x0000, 0x0000, 0x0000, 0x0001, 0x0001, 0x1260, 0x2D24, 0x0FE1, 0x0FE0, 0x17E1, 0x17E0,
    0x17E0, 0x17E0, 0x17E0, 0x17E0, 0x17E0, 0x17E0, 0x17E0, 0x17E0, 0x17E0, 0x17E0, 0x17E0, 0x17E0,
    0x17E0, 0x17E0, 0x17E0, 0x17E0, 0x17E0, 0x17E0, 0x17E0, 0x17E0, 0x17E0, 0x17E0, 0x17E0, 0x17E0,
    0x0FE0, 0x0FE0, 0x17E0, 0x0FE0, 0x17E0, 0x17E0, 0x17E1, 0x17E0, 0x17E0, 0x17E0, 0x17E0, 0x17E0,
    0x17E0, 0x17E0, 0x17E0, 0x17E0, 0x17E0, 0x17E0, 0x17E0, 0x17E0, 0x17E0, 0x17E0, 0x17E0, 0x17E0,
    0x17E0, 0x17E0, 0x17E0, 0x17E0, 0x17E0, 0x17E0, 0x17E1, 0x1FE1, 0x0FE0, 0x07E0, 0x36E5, 0x2445,
    0x0021, 0x0020, 0x0000, 0x0000, 0x0000, 0x0000, 0x0000, 0x0000, 0x0000, 0x0000, 0x0000, 0x0000,
    0x0000, 0x0000, 0x0000, 0x0000, 0x0000, 0x0000, 0x0000, 0x0000, 0x0000, 0x0000, 0x0000, 0x0000,
    0x0000, 0x0000, 0x0000, 0x0000, 0x0000, 0x0000, 0x0000, 0x0000, 0x0000, 0x0000, 0x0000, 0x0000,
    0x0000, 0x0000, 0x0000, 0x0000, 0x0000, 0x0000, 0x0000, 0x0000, 0x0000, 0x0000, 0x0000, 0x0000,
    0x0000, 0x0000, 0x0000, 0x0000, 0x0000, 0x0000, 0x0000, 0x0000, 0x0000, 0x0000, 0x0000, 0x0000,
    0x0000, 0x0000, 0x0000, 0x0000, 0x0000, 0x0000, 0x0000, 0x0000, 0x0000, 0x0000, 0x0000, 0x0000,
    0x0000, 0x0000, 0x0000, 0x0000, 0x0000, 0x0000, 0x0000, 0x0000, 0x0000, 0x0000, 0x0000, 0x0000,
    0x0000, 0x0000, 0x0000, 0x0000, 0x0000, 0x0000, 0x0000, 0x0000, 0x0000, 0x0000, 0x0000, 0x0000,
    0x0000, 0x0000, 0x0000, 0x0000, 0x0000, 0x0000, 0x0000, 0x0000, 0x0000, 0x0000, 0x0000, 0x0000,
    0x0000, 0x0000, 0x0000, 0x0000, 0x0000, 0x0000, 0x0000, 0x0000, 0x0000, 0x0000, 0x0000, 0x0000,
    0x0000, 0x0000, 0x0000, 0x0000, 0x0040, 0x0000, 0x0021, 0x0040, 0x1BA2, 0x2F63, 0x17E0, 0x17C2,
    0x17E0, 0x17E0, 0x17E0, 0x17E0, 0x17E0, 0x17E0, 0x17E0, 0x17E0, 0x17E0, 0x17E0, 0x17E0, 0x17E0,
    0x17E0, 0x17E0, 0x17E0, 0x17E0, 0x17E0, 0x17E0, 0x17E0, 0x17E0, 0x17E0, 0x17E0, 0x17E0, 0x1FE0,
    0x17E1, 0x1FE2, 0x1F21, 0x1D83, 0x2703, 0x17E0, 0x0FE0, 0x17E0, 0x17E0, 0x17E0, 0x17E0, 0x17E0,
    0x17E0, 0x17E0, 0x17E0, 0x17E0, 0x17E0, 0x17E0, 0x17E0, 0x17E0, 0x17E0, 0x17E0, 0x17E0, 0x17E0,
    0x17E0, 0x17E0, 0x17E0, 0x17E0, 0x17E0, 0x17E0, 0x17C0, 0x17E0, 0x2664, 0x1D03, 0x08A0, 0x0820,
    0x0040, 0x0000, 0x0000, 0x0000, 0x0000, 0x0000, 0x0000, 0x0000, 0x0000, 0x0000, 0x0000, 0x0000,
    0x0000, 0x0000, 0x0000, 0x0000, 0x0000, 0x0000, 0x0000, 0x0000, 0x0000, 0x0000, 0x0000, 0x0000,
    0x0000, 0x0000, 0x0000, 0x0000, 0x0000, 0x0000, 0x0000, 0x0000, 0x0000, 0x0000, 0x0000, 0x0000,
    0x0000, 0x0000, 0x0000, 0x0000, 0x0000, 0x0000, 0x0000, 0x0000, 0x0000, 0x0000, 0x0000, 0x0000,
    0x0000, 0x0000, 0x0000, 0x0000, 0x0000, 0x0000, 0x0000, 0x0000, 0x0000, 0x0000, 0x0000, 0x0000,
    0x0000, 0x0000, 0x0000, 0x0000, 0x0000, 0x0000, 0x0000, 0x0000, 0x0000, 0x0000, 0x0000, 0x0000,
    0x0000, 0x0000, 0x0000, 0x0000, 0x0000, 0x0000, 0x0000, 0x0000, 0x0000, 0x0000, 0x0000, 0x0000,
    0x0000, 0x0000, 0x0000, 0x0000, 0x0000, 0x0000, 0x0000, 0x0000, 0x0000, 0x0000, 0x0000, 0x0000,
    0x0000, 0x0000, 0x0000, 0x0000, 0x0000, 0x0000, 0x0000, 0x0000, 0x0000, 0x0000, 0x0000, 0x0000,
    0x0000, 0x0000, 0x0000, 0x0000, 0x0000, 0x0000, 0x0000, 0x0000, 0x0000, 0x0000, 0x0000, 0x0000,
    0x0000, 0x0000, 0x0000, 0x0000, 0x0000, 0x0000, 0x0000, 0x0000, 0x0080, 0x2C05, 0x4647, 0x0FE1,
    0x1FA3, 0x0FE0, 0x0FE0, 0x17A0, 0x0FE0, 0x17E0, 0x17E0, 0x1FE0, 0x1FE1, 0x1FE0, 0x1FE0, 0x1FC1,
    0x17C0, 0x17C1, 0x17C0, 0x17C0, 0x17E1, 0x17E1, 0x1FE0, 0x27C1, 0x17C1, 0x0FC0, 0x0FE1, 0x2764,
    0x1FE0, 0x2FE2, 0x0B60, 0x0160, 0x2C03, 0x2FE3, 0x07E0, 0x17E0, 0x17E0, 0x17E0, 0x0FE0, 0x0FE0,
    0x0FE0, 0x0FE0, 0x0FE0, 0x17C1, 0x17C1, 0x1FC2, 0x1FC1, 0x17E1, 0x17E1, 0x17E1, 0x1FE1, 0x17E1,
    0x0FC0, 0x0FE1, 0x17E0, 0x0FE0, 0x27E2, 0x27A2, 0x27E2, 0x3F06, 0x12C1, 0x0140, 0x0000, 0x0000,
    0x0000, 0x0000, 0x0000, 0x0000, 0x0000, 0x0000, 0x0000, 0x0000, 0x0000, 0x0000, 0x0000, 0x0000,
    0x0000, 0x0000, 0x0000, 0x0000, 0x0000, 0x0000, 0x0000, 0x0000, 0x0000, 0x0000, 0x0000, 0x0000,
    0x0000, 0x0000, 0x0000, 0x0000, 0x0000, 0x0000, 0x0000, 0x0000, 0x0000, 0x0000, 0x0000, 0x0000,
    0x0000, 0x0000, 0x0000, 0x0000, 0x0000, 0x0000, 0x0000, 0x0000, 0x0000, 0x0000, 0x0000, 0x0000,
    0x0000, 0x0000, 0x0000, 0x0000, 0x0000, 0x0000, 0x0000, 0x0000, 0x0000, 0x0000, 0x0000, 0x0000,
    0x0000, 0x0000, 0x0000, 0x0000, 0x0000, 0x0000, 0x0000, 0x0000, 0x0000, 0x0000, 0x0000, 0x0000,
    0x0000, 0x0000, 0x0000, 0x0000, 0x0000, 0x0000, 0x0000, 0x0000, 0x0000, 0x0000, 0x0000, 0x0000,
    0x0000, 0x0000, 0x0000, 0x0000, 0x0000, 0x0000, 0x0000, 0x0000, 0x0000, 0x0000, 0x0000, 0x0000,
    0x0000, 0x0000, 0x0000, 0x0000, 0x0000, 0x0000, 0x0000, 0x0000, 0x0000, 0x0000, 0x0000, 0x0000,
    0x0000, 0x0000, 0x0000, 0x0000, 0x0000, 0x0000, 0x0000, 0x0000, 0x0000, 0x0000, 0x0000, 0x0000,
    0x0000, 0x0000, 0x0000, 0x0000, 0x0000, 0x0000, 0x0000, 0x0000, 0x0800, 0x0801, 0x0020, 0x1282,
    0x1481, 0x2EA4, 0x2FA3, 0x1FC1, 0x0FE0, 0x17E0, 0x17C0, 0x1FC2, 0x1FE2, 0x1FE1, 0x1FE1, 0x1FE1,
    0x1FE1, 0x1FE1, 0x17C1, 0x17C0, 0x17E0, 0x17E0, 0x0FE0, 0x0FE0, 0x27E2, 0x3784, 0x2E22, 0x1D21,
    0x01A0, 0x0822, 0x0041, 0x0801, 0x0000, 0x09E0, 0x1AE2, 0x2523, 0x2DE4, 0x2EE3, 0x2F23, 0x1FC1,
    0x1FC1, 0x17C1, 0x17C1, 0x17C1, 0x17C1, 0x17C0, 0x17C0, 0x1FC1, 0x1FC1, 0x1FC1, 0x1FC0, 0x17C0,
    0x17E0, 0x17E0, 0x1FC1, 0x2762, 0x2DA3, 0x1480, 0x0960, 0x0040, 0x1002, 0x0801, 0x0000, 0x0000,
    0x0000, 0x0000, 0x0000, 0x0000, 0x0000, 0x0000, 0x0000, 0x0000, 0x0000, 0x0000, 0x0000, 0x0000,
    0x0000, 0x0000, 0x0000, 0x0000, 0x0000, 0x0000, 0x0000, 0x0000, 0x0000, 0x0000, 0x0000, 0x0000,
    0x0000, 0x0000, 0x0000, 0x0000, 0x0000, 0x0000, 0x0000, 0x0000, 0x0000, 0x0000, 0x0000, 0x0000,
    0x0000, 0x0000, 0x0000, 0x0000, 0x0000, 0x0000, 0x0000, 0x0000, 0x0000, 0x0000, 0x0000, 0x0000,
    0x0000, 0x0000, 0x0000, 0x0000, 0x0000, 0x0000, 0x0000, 0x0000, 0x0000, 0x0000, 0x0000, 0x0000,
    0x0000, 0x0000, 0x0000, 0x0000, 0x0000, 0x0000, 0x0000, 0x0000, 0x0000, 0x0000, 0x0000, 0x0000,
    0x0000, 0x0000, 0x0000, 0x0000, 0x0000, 0x0000, 0x0000, 0x0000, 0x0000, 0x0000, 0x0000, 0x0000,
    0x0000, 0x0000, 0x0000, 0x0000, 0x0000, 0x0000, 0x0000, 0x0000, 0x0000, 0x0000, 0x0000, 0x0000,
    0x0000, 0x0000, 0x0000, 0x0000, 0x0000, 0x0000, 0x0000, 0x0000, 0x0000, 0x0000, 0x0000, 0x0000,
    0x0000, 0x0000, 0x0000, 0x0000, 0x0000, 0x0000, 0x0000, 0x0000, 0x0000, 0x0000, 0x0000, 0x0000,
    0x0000, 0x0000, 0x0000, 0x0000, 0x0000, 0x0000, 0x0000, 0x0000, 0x0000, 0x0821, 0x0801, 0x0000,
    0x0801, 0x1241, 0x13E1, 0x36A5, 0x27A4, 0x27E3, 0x1FE1, 0x17C0, 0x17C1, 0x17E0, 0x0FE0, 0x0FE0,
    0x17E0, 0x17E0, 0x0FC0, 0x0FC0, 0x07E0, 0x17E0, 0x37C3, 0x3F83, 0x3DE4, 0x3485, 0x0120, 0x0842,
    0x0802, 0x0001, 0x0040, 0x0020, 0x0001, 0x0001, 0x0001, 0x0060, 0x00E0, 0x0280, 0x1342, 0x3665,
    0x3724, 0x17C0, 0x17C0, 0x1FC1, 0x17E0, 0x0FE0, 0x0FE0, 0x0FE0, 0x17E1, 0x17E1, 0x1FE0, 0x1FE1,
    0x27C4, 0x2764, 0x25C3, 0x13E1, 0x08E1, 0x0821, 0x0800, 0x1021, 0x0020, 0x0000, 0x0000, 0x0000,
    0x0000, 0x0000, 0x0000, 0x0000, 0x0000, 0x0000, 0x0000, 0x0000, 0x0000, 0x0000, 0x0000, 0x0000,
    0x0000, 0x0000, 0x0000, 0x0000, 0x0000, 0x0000, 0x0000, 0x0000, 0x0000, 0x0000, 0x0000, 0x0000,
    0x0000, 0x0000, 0x0000, 0x0000, 0x0000, 0x0000, 0x0000, 0x0000, 0x0000, 0x0000, 0x0000, 0x0000,
    0x0000, 0x0000, 0x0000, 0x0000, 0x0000, 0x0000, 0x0000, 0x0000, 0x0000, 0x0000, 0x0000, 0x0000,
    0x0000, 0x0000, 0x0000, 0x0000, 0x0000, 0x0000, 0x0000, 0x0000, 0x0000, 0x0000, 0x0000, 0x0000,
    0x0000, 0x0000, 0x0000, 0x0000, 0x0000, 0x0000, 0x0000, 0x0000, 0x0000, 0x0000, 0x0000, 0x0000,
    0x0000, 0x0000, 0x0000, 0x0000, 0x0000, 0x0000, 0x0000, 0x0000, 0x0000, 0x0000, 0x0000, 0x0000,
    0x0000, 0x0000, 0x0000, 0x0000, 0x0000, 0x0000, 0x0000, 0x0000, 0x0000, 0x0000, 0x0000, 0x0000,
    0x0000, 0x0000, 0x0000, 0x0000, 0x0000, 0x0000, 0x0000, 0x0000, 0x0000, 0x0000, 0x0000, 0x0000,
    0x0000, 0x0000, 0x0000, 0x0000, 0x0000, 0x0000, 0x0000, 0x0000, 0x0000, 0x0000, 0x0000, 0x0000,
    0x0000, 0x0000, 0x0000, 0x0000, 0x0000, 0x0000, 0x0000, 0x0000, 0x0800, 0x0000, 0x0000, 0x0020,
    0x0020, 0x0000, 0x0000, 0x0020, 0x0002, 0x00E1, 0x0181, 0x1282, 0x0B22, 0x23E3, 0x2404, 0x2404,
    0x2C24, 0x2424, 0x2403, 0x23A3, 0x12A2, 0x1222, 0x00A1, 0x0022, 0x0801, 0x0800, 0x0021, 0x0040,
    0x0001, 0x0001, 0x0040, 0x0000, 0x0000, 0x0020, 0x0020, 0x0020, 0x0000, 0x0000, 0x0801, 0x0801,
    0x0000, 0x0020, 0x08E1, 0x0A21, 0x0A61, 0x1301, 0x1341, 0x1B62, 0x1301, 0x0AC1, 0x0A21, 0x09C1,
    0x0061, 0x0001, 0x0000, 0x0801, 0x0001, 0x0000, 0x0000, 0x0000, 0x0000, 0x0801, 0x0000, 0x0000,
    0x0000, 0x0000, 0x0000, 0x0000, 0x0000, 0x0000, 0x0000, 0x0000, 0x0000, 0x0000, 0x0000, 0x0000,
    0x0000, 0x0000, 0x0000, 0x0000, 0x0000, 0x0000, 0x0000, 0x0000, 0x0000, 0x0000, 0x0000, 0x0000,
    0x0000, 0x0000, 0x0000, 0x0000, 0x0000, 0x0000, 0x0000, 0x0000, 0x0000, 0x0000, 0x0000, 0x0000,
    0x0000, 0x0000, 0x0000, 0x0000, 0x0000, 0x0000, 0x0000, 0x0000, 0x0000, 0x0000, 0x0000, 0x0000,
    0x0000, 0x0000, 0x0000, 0x0000, 0x0000, 0x0000, 0x0000, 0x0000, 0x0000, 0x0000, 0x0000, 0x0000,
    0x0000, 0x0000, 0x0000, 0x0000, 0x0000, 0x0000, 0x0000, 0x0000, 0x0000, 0x0000, 0x0000, 0x0000,
    0x0000, 0x0000, 0x0000, 0x0000, 0x0000, 0x0000, 0x0000, 0x0000, 0x0000, 0x0000, 0x0000, 0x0000,
    0x0000, 0x0000, 0x0000, 0x0000, 0x0000, 0x0000, 0x0000, 0x0000, 0x0000, 0x0000, 0x0000, 0x0000,
    0x0000, 0x0000, 0x0000, 0x0000, 0x0000, 0x0000, 0x0000, 0x0000, 0x0000, 0x0000, 0x0000, 0x0000,
    0x0000, 0x0000, 0x0000, 0x0000, 0x0000, 0x0000, 0x0000, 0x0000, 0x0000, 0x0000, 0x0000, 0x0000,
    0x0000, 0x0000, 0x0000, 0x0000, 0x0000, 0x0000, 0x0000, 0x0000, 0x0000, 0x0000, 0x0000, 0x0000,
    0x0000, 0x0000, 0x0000, 0x0000, 0x0000, 0x0000, 0x0000, 0x0000, 0x0000, 0x0000, 0x0000, 0x0000,
    0x0000, 0x0000, 0x0001, 0x0000, 0x0000, 0x0000, 0x0000, 0x0000, 0x0000, 0x0000, 0x0000, 0x0000,
    0x0000, 0x0000, 0x0000, 0x0000, 0x0000, 0x0000, 0x0000, 0x0000, 0x0000, 0x0000, 0x0000, 0x0000,
    0x0000, 0x0000, 0x0000, 0x0000, 0x0000, 0x0020, 0x0020, 0x0020, 0x0021, 0x0001, 0x0800, 0x0000,
    0x0000, 0x0000, 0x0000, 0x0000, 0x0000, 0x0000, 0x0000, 0x0000, 0x0000, 0x0000, 0x0000, 0x0000,
    0x0000, 0x0000, 0x0000, 0x0000, 0x0000, 0x0000, 0x0000, 0x0000, 0x0000, 0x0000, 0x0000, 0x0000,
    0x0000, 0x0000, 0x0000, 0x0000, 0x0000, 0x0000, 0x0000, 0x0000, 0x0000, 0x0000, 0x0000, 0x0000,
    0x0000, 0x0000, 0x0000, 0x0000, 0x0000, 0x0000, 0x0000, 0x0000, 0x0000, 0x0000, 0x0000, 0x0000,
    0x0000, 0x0000, 0x0000, 0x0000, 0x0000, 0x0000, 0x0000, 0x0000, 0x0000, 0x0000, 0x0000, 0x0000,
    0x0000, 0x0000, 0x0000, 0x0000, 0x0000, 0x0000, 0x0000, 0x0000, 0x0000, 0x0000, 0x0000, 0x0000,
    0x0000, 0x0000, 0x0000, 0x0000, 0x0000, 0x0000, 0x0000, 0x0000, 0x0000, 0x0000, 0x0000, 0x0000,
    0x0000, 0x0000, 0x0000, 0x0000, 0x0000, 0x0000, 0x0000, 0x0000, 0x0000, 0x0000, 0x0000, 0x0000,
    0x0000, 0x0000, 0x0000, 0x0000, 0x0000, 0x0000, 0x0000, 0x0000, 0x0000, 0x0000, 0x0000, 0x0000,
    0x0000, 0x0000, 0x0000, 0x0000, 0x0000, 0x0000, 0x0000, 0x0000, 0x0000, 0x0000, 0x0000, 0x0000,
    0x0000, 0x0000, 0x0000, 0x0000, 0x0000, 0x0000, 0x0000, 0x0000, 0x0000, 0x0000, 0x0000, 0x0000,
    0x0000, 0x0000, 0x0000, 0x0000, 0x0000, 0x0000, 0x0000, 0x0000, 0x0000, 0x0000, 0x0000, 0x0000,
    0x0000, 0x0000, 0x0000, 0x0000, 0x0000, 0x0000, 0x0000, 0x0000, 0x0000, 0x0000, 0x0000, 0x0000,
    0x0001, 0x0001, 0x0001, 0x0001, 0x0000, 0x0000, 0x0000, 0x0000, 0x0000, 0x0000, 0x0000, 0x0000,
    0x0000, 0x0000, 0x0000, 0x0000, 0x0000, 0x0000, 0x0000, 0x0000, 0x0000, 0x0000, 0x0000, 0x0000,
    0x0000, 0x0000, 0x0000, 0x0000, 0x0000, 0x0000, 0x0000, 0x0801, 0x0800, 0x0000, 0x0000, 0x0000,
    0x0000, 0x0000, 0x0000, 0x0000, 0x0000, 0x0000, 0x0000, 0x0000, 0x0000, 0x0000, 0x0000, 0x0000,
    0x0000, 0x0000, 0x0000, 0x0000, 0x0000, 0x0000, 0x0000, 0x0000, 0x0000, 0x0000, 0x0000, 0x0000,
    0x0000, 0x0000, 0x0000, 0x0000, 0x0000, 0x0000, 0x0000, 0x0000, 0x0000, 0x0000, 0x0000, 0x0000,
    0x0000, 0x0000, 0x0000, 0x0000, 0x0000, 0x0000, 0x0000, 0x0000, 0x0000, 0x0000, 0x0000, 0x0000,
    0x0000, 0x0000, 0x0000, 0x0000, 0x0000, 0x0000, 0x0000, 0x0000, 0x0000, 0x0000, 0x0000, 0x0000,
    0x0000, 0x0000, 0x0000, 0x0000, 0x0000, 0x0000, 0x0000, 0x0000, 0x0000, 0x0000, 0x0000, 0x0000,
    0x0000, 0x0000, 0x0000, 0x0000, 0x0000, 0x0000, 0x0000, 0x0000, 0x0000, 0x0000, 0x0000, 0x0000,
    0x0000, 0x0000, 0x0000, 0x0000, 0x0000, 0x0000, 0x0000, 0x0000, 0x0000, 0x0000, 0x0000, 0x0000,
    0x0000, 0x0000, 0x0000, 0x0000, 0x0000, 0x0000, 0x0000, 0x0000, 0x0000, 0x0000, 0x0000, 0x0000,
    0x0000, 0x0000, 0x0000, 0x0000, 0x0000, 0x0000, 0x0000, 0x0000, 0x0000, 0x0000, 0x0000, 0x0000,
    0x0000, 0x0000, 0x0000, 0x0000, 0x0000, 0x0000, 0x0000, 0x0000, 0x0000, 0x0000, 0x0000, 0x0000,
    0x0000, 0x0000, 0x0000, 0x0000, 0x0000, 0x0000, 0x0000, 0x0000, 0x0000, 0x0000, 0x0000, 0x0000,
    0x0000, 0x0000, 0x0000, 0x0000, 0x0000, 0x0000, 0x0000, 0x0000, 0x0000, 0x0000, 0x0000, 0x0000,
    0x0000, 0x0000, 0x0000, 0x0000, 0x0000, 0x0000, 0x0000, 0x0000, 0x0000, 0x0000, 0x0000, 0x0000,
    0x0000, 0x0000, 0x0000, 0x0000, 0x0000, 0x0000, 0x0000, 0x0000, 0x0000, 0x0000, 0x0000, 0x0000,
    0x0000, 0x0000, 0x0000, 0x0000, 0x0000, 0x0000, 0x0000, 0x0000, 0x0000, 0x0000, 0x0000, 0x0000,
    0x0000, 0x0000, 0x0000, 0x0000, 0x0000, 0x0000, 0x0000, 0x0000, 0x0000, 0x0000, 0x0000, 0x0000,
    0x0000, 0x0000, 0x0000, 0x0000, 0x0000, 0x0000, 0x0000, 0x0000, 0x0000, 0x0000, 0x0000, 0x0000,
    0x0000, 0x0000, 0x0000, 0x0000, 0x0000, 0x0000, 0x0000, 0x0000, 0x0000, 0x0000, 0x0000, 0x0000,
    0x0000, 0x0000, 0x0000, 0x0000, 0x0000, 0x0000, 0x0000, 0x0000, 0x0000, 0x0000, 0x0000, 0x0000,
    0x0000, 0x0000, 0x0000, 0x0000, 0x0000, 0x0000, 0x0000, 0x0000, 0x0000, 0x0000, 0x0000, 0x0000,
    0x0000, 0x0000, 0x0000, 0x0000, 0x0000, 0x0000, 0x0000, 0x0000, 0x0000, 0x0000, 0x0000, 0x0000,
    0x0000, 0x0000, 0x0000, 0x0000, 0x0000, 0x0000, 0x0000, 0x0000, 0x0000, 0x0000, 0x0000, 0x0000,
    0x0000, 0x0000, 0x0000, 0x0000, 0x0000, 0x0000, 0x0000, 0x0000, 0x0000, 0x0000, 0x0000, 0x0000,
    0x0000, 0x0000, 0x0000, 0x0000, 0x0000, 0x0000, 0x0000, 0x0000, 0x0000, 0x0000, 0x0000, 0x0000,
    0x0000, 0x0000, 0x0000, 0x0000, 0x0000, 0x0000, 0x0000, 0x0000, 0x0000, 0x0000, 0x0000, 0x0000,
    0x0000, 0x0000, 0x0000, 0x0000, 0x0000, 0x0000, 0x0000, 0x0000, 0x0000, 0x0000, 0x0000, 0x0000,
    0x0000, 0x0000, 0x0000, 0x0000, 0x0000, 0x0000, 0x0000, 0x0000, 0x0000, 0x0000, 0x0000, 0x0000,
    0x0000, 0x0000, 0x0000, 0x0000, 0x0000, 0x0000, 0x0000, 0x0000, 0x0000, 0x0000, 0x0000, 0x0000,
    0x0000, 0x0000, 0x0000, 0x0000, 0x0000, 0x0000, 0x0000, 0x0000, 0x0000, 0x0000, 0x0000, 0x0000,
    0x0000, 0x0000, 0x0000, 0x0000, 0x0000, 0x0000, 0x0000, 0x0000, 0x0000, 0x0000, 0x0000, 0x0000,
    0x0000, 0x0000, 0x0000, 0x0000, 0x0000, 0x0000, 0x0000, 0x0000, 0x0000, 0x0000, 0x0000, 0x0000,
    0x0000, 0x0000, 0x0000, 0x0000, 0x0000, 0x0000, 0x0000, 0x0000, 0x0000, 0x0000, 0x0000, 0x0000,
    0x0000, 0x0000, 0x0000, 0x0000, 0x0000, 0x0000, 0x0000, 0x0000, 0x0000, 0x0000, 0x0000, 0x0000,
    0x0000, 0x0000, 0x0000, 0x0000, 0x0000, 0x0000, 0x0000, 0x0000, 0x0000, 0x0000, 0x0000, 0x0000,
    0x0000, 0x0000, 0x0000, 0x0000, 0x0000, 0x0000, 0x0000, 0x0000, 0x0000, 0x0000, 0x0000, 0x0000,
    0x0000, 0x0000, 0x0000, 0x0000, 0x0000, 0x0000, 0x0000, 0x0000, 0x0000, 0x0000, 0x0000, 0x0000,
    0x0000, 0x0000, 0x0000, 0x0000, 0x0000, 0x0000, 0x0000, 0x0000, 0x0000, 0x0000, 0x0000, 0x0000,
    0x0000, 0x0000, 0x0000, 0x0000, 0x0000, 0x0000, 0x0000, 0x0000, 0x0000, 0x0000, 0x0000, 0x0000,
    0x0000, 0x0000, 0x0000, 0x0000, 0x0000, 0x0000, 0x0000, 0x0000, 0x0000, 0x0000, 0x0000, 0x0000,
    0x0000, 0x0000, 0x0000, 0x0000, 0x0000, 0x0000, 0x0000, 0x0000, 0x0000, 0x0000, 0x0000, 0x0000,
    0x0000, 0x0000, 0x0000, 0x0000, 0x0000, 0x0000, 0x0000, 0x0000, 0x0000, 0x0000, 0x0000, 0x0000,
    0x0000, 0x0000, 0x0000, 0x0000, 0x0000, 0x0000, 0x0000, 0x0000, 0x0000, 0x0000, 0x0000, 0x0000,
    0x0000, 0x0000, 0x0000, 0x0000, 0x0000, 0x0000, 0x0000, 0x0000, 0x0000, 0x0000, 0x0000, 0x0000,
    0x0000, 0x0000, 0x0000, 0x0000, 0x0000, 0x0000, 0x0000, 0x0000, 0x0000, 0x0000, 0x0000, 0x0000,
    0x0000, 0x0000, 0x0000, 0x0000, 0x0000, 0x0000, 0x0000, 0x0000, 0x0000, 0x0000, 0x0000, 0x0000,
    0x0000, 0x0000, 0x0000, 0x0000, 0x0000, 0x0000, 0x0000, 0x0000, 0x0000, 0x0000, 0x0000, 0x0000,
    0x0000, 0x0000, 0x0000, 0x0000, 0x0000, 0x0000, 0x0000, 0x0000, 0x0000, 0x0000, 0x0000, 0x0000,
    0x0000, 0x0000, 0x0000, 0x0000, 0x0000, 0x0000, 0x0000, 0x0000, 0x0000, 0x0000, 0x0000, 0x0000,
    0x0000, 0x0000, 0x0000, 0x0000, 0x0000, 0x0000, 0x0000, 0x0000, 0x0000, 0x0000, 0x0000, 0x0000,
    0x0000, 0x0000, 0x0000, 0x0000, 0x0000, 0x0000, 0x0000, 0x0000, 0x0000, 0x0000, 0x0000, 0x0000,
    0x0000, 0x0000, 0x0000, 0x0000, 0x0000, 0x0000, 0x0000, 0x0000, 0x0000, 0x0000, 0x0000, 0x0000,
    0x0000, 0x0000, 0x0000, 0x0000, 0x0000, 0x0000, 0x0000, 0x0000, 0x0000, 0x0000, 0x0000, 0x0000,
    0x0000, 0x0000, 0x0000, 0x0000, 0x0000, 0x0000, 0x0000, 0x0000, 0x0000, 0x0000, 0x0000, 0x0000,
    0x0000, 0x0000, 0x0000, 0x0000, 0x0000, 0x0000, 0x0000, 0x0000, 0x0000, 0x0000, 0x0000, 0x0000,
    0x0000, 0x0000, 0x0000, 0x0000, 0x0000, 0x0000, 0x0000, 0x0000, 0x0000, 0x0000, 0x0000, 0x0000,
    0x0000, 0x0000, 0x0000, 0x0000, 0x0000, 0x0000, 0x0000, 0x0000, 0x0000, 0x0000, 0x0000, 0x0000,
    0x0000, 0x0000, 0x0000, 0x0000, 0x0000, 0x0000, 0x0000, 0x0000, 0x0000, 0x0000, 0x0000, 0x0000,
    0x0000, 0x0000, 0x0000, 0x0000, 0x0000, 0x0000, 0x0000, 0x0000, 0x0000, 0x0000, 0x0000, 0x0000,
    0x0000, 0x0000, 0x0000, 0x0000, 0x0000, 0x0000, 0x0000, 0x0000, 0x0000, 0x0000, 0x0000, 0x0000,
    0x0000, 0x0000, 0x0000, 0x0000, 0x0000, 0x0000, 0x0000, 0x0000, 0x0000, 0x0000, 0x0000, 0x0000,
    0x0000, 0x0000, 0x0000, 0x0000, 0x0000, 0x0000, 0x0000, 0x0000, 0x0000, 0x0000, 0x0000, 0x0000,
    0x0000, 0x0000, 0x0000, 0x0000, 0x0000, 0x0000, 0x0000, 0x0000, 0x0000, 0x0000, 0x0000, 0x0000,
    0x0000, 0x0000, 0x0000, 0x0000, 0x0000, 0x0000, 0x0000, 0x0000, 0x0000, 0x0000, 0x0000, 0x0000,
    0x0000, 0x0000, 0x0000, 0x0000, 0x0000, 0x0000, 0x0000, 0x0000, 0x0000, 0x0000, 0x0000, 0x0000,
    0x0000, 0x0000, 0x0000, 0x0000, 0x0000, 0x0000, 0x0000, 0x0000, 0x0000, 0x0000, 0x0000, 0x0000,
    0x0000, 0x0000, 0x0000, 0x0000, 0x0000, 0x0000, 0x0000, 0x0000, 0x0000, 0x0000, 0x0000, 0x0000,
    0x0000, 0x0000, 0x0000, 0x0000, 0x0000, 0x0000, 0x0000, 0x0000, 0x0000, 0x0000, 0x0000, 0x0000,
    0x0000, 0x0000, 0x0000, 0x0000, 0x0000, 0x0000, 0x0000, 0x0000, 0x0000, 0x0000, 0x0000, 0x0000,
    0x0000, 0x0000, 0x0000, 0x0000, 0x0000, 0x0000, 0x0000, 0x0000, 0x0000, 0x0000, 0x0000, 0x0000,
    0x0000, 0x0000, 0x0000, 0x0000, 0x0000, 0x0000, 0x0000, 0x0000, 0x0000, 0x0000, 0x0000, 0x0000,
    0x0000, 0x0000, 0x0000, 0x0000, 0x0000, 0x0000, 0x0000, 0x0000, 0x0000, 0x0000, 0x0000, 0x0000,
    0x0000, 0x0000, 0x0000, 0x0000, 0x0000, 0x0000, 0x0000, 0x0000, 0x0000, 0x0000, 0x0000, 0x0000,
    0x0000, 0x0000, 0x0000, 0x0000, 0x0000, 0x0000, 0x0000, 0x0000, 0x0000, 0x0000, 0x0000, 0x0000,
    0x0000, 0x0000, 0x0000, 0x0000, 0x0000, 0x0000, 0x0000, 0x0000, 0x0000, 0x0000, 0x0000, 0x0000,
    0x0000, 0x0000, 0x0000, 0x0000, 0x0000, 0x0000, 0x0000, 0x0000, 0x0000, 0x0000, 0x0000, 0x0000,
    0x0000, 0x0000, 0x0000, 0x0000, 0x0000, 0x0000, 0x0000, 0x0000, 0x0000, 0x0000, 0x0000, 0x0000,
    0x0000, 0x0000, 0x0000, 0x0000, 0x0000, 0x0000, 0x0000, 0x0000, 0x0000, 0x0000, 0x0000, 0x0000,
    0x0000, 0x0000, 0x0000, 0x0000, 0x0000, 0x0000, 0x0000, 0x0000, 0x0000, 0x0000, 0x0000, 0x0000,
    0x0000, 0x0000, 0x0000, 0x0000, 0x0000, 0x0000, 0x0000, 0x0000, 0x0000, 0x0000, 0x0000, 0x0000,
    0x0000, 0x0000, 0x0000, 0x0000, 0x0000, 0x0000, 0x0000, 0x0000, 0x0000, 0x0000, 0x0000, 0x0000,
    0x0000, 0x0000, 0x0000, 0x0000, 0x0000, 0x0000, 0x0000, 0x0000, 0x0000, 0x0000, 0x0000, 0x0000,
    0x0000, 0x0000, 0x0000, 0x0000, 0x0000, 0x0000, 0x0000, 0x0000, 0x0000, 0x0000, 0x0000, 0x0000,
    0x0000, 0x0000, 0x0000, 0x0000, 0x0000, 0x0000, 0x0000, 0x0000, 0x0000, 0x0000, 0x0000, 0x0000,
    0x0000, 0x0000, 0x0000, 0x0000, 0x0000, 0x0000, 0x0000, 0x0000, 0x0000, 0x0000, 0x0000, 0x0000,
    0x0000, 0x0000, 0x0000, 0x0000, 0x0000, 0x0000, 0x0000, 0x0000, 0x0000, 0x0000, 0x0000, 0x0000,
    0x0000, 0x0000, 0x0000, 0x0000, 0x0000, 0x0000, 0x0000, 0x0000, 0x0000, 0x0000, 0x0000, 0x0000,
    0x0000, 0x0000, 0x0000, 0x0000, 0x0000, 0x0000, 0x0000, 0x0000, 0x0000, 0x0000, 0x0000, 0x0000,
    0x0000, 0x0000, 0x0000, 0x0000, 0x0000, 0x0000, 0x0000, 0x0000, 0x0000, 0x0000, 0x0000, 0x0000,
    0x0000, 0x0000, 0x0000, 0x0000, 0x0000, 0x0000, 0x0000, 0x0000, 0x0000, 0x0000, 0x0000, 0x0000,
    0x0000, 0x0000, 0x0000, 0x0000, 0x0000, 0x0000, 0x0000, 0x0000, 0x0000, 0x0000, 0x0000, 0x0000,
    0x0000, 0x0000, 0x0000, 0x0000, 0x0000, 0x0000, 0x0000, 0x0000, 0x0000, 0x0000, 0x0000, 0x0000,
    0x0000, 0x0000, 0x0000, 0x0000, 0x0000, 0x0000, 0x0000, 0x0000, 0x0000, 0x0000, 0x0000, 0x0000,
    0x0000, 0x0000, 0x0000, 0x0000, 0x0000, 0x0000, 0x0000, 0x0000, 0x0000, 0x0000, 0x0000, 0x0000,
    0x0000, 0x0000, 0x0000, 0x0000, 0x0000, 0x0000, 0x0000, 0x0000, 0x0000, 0x0000, 0x0000, 0x0000,
    0x0000, 0x0000, 0x0000, 0x0000, 0x0000, 0x0000, 0x0000, 0x0000, 0x0000, 0x0000, 0x0000, 0x0000,
    0x0000, 0x0000, 0x0000, 0x0000, 0x0000, 0x0000, 0x0000, 0x0000, 0x0000, 0x0000, 0x0000, 0x0000,
    0x0000, 0x0000, 0x0000, 0x0000, 0x0000, 0x0000, 0x0000, 0x0000, 0x0000, 0x0000, 0x0000, 0x0000,
    0x0000, 0x0000, 0x0000, 0x0000, 0x0000, 0x0000, 0x0000, 0x0000, 0x0000, 0x0000, 0x0000, 0x0000,
    0x0000, 0x0000, 0x0000, 0x0000, 0x0000, 0x0000, 0x0000, 0x0000, 0x0000, 0x0000, 0x0000, 0x0000,
    0x0000, 0x0000, 0x0000, 0x0000, 0x0000, 0x0000, 0x0000, 0x0000, 0x0000, 0x0000, 0x0000, 0x0000,
    0x0000, 0x0000, 0x0000, 0x0000, 0x0000, 0x0000, 0x0000, 0x0000, 0x0000, 0x0000, 0x0000, 0x0000,
    0x0000, 0x0000, 0x0000, 0x0000, 0x0000, 0x0000, 0x0000, 0x0000, 0x0000, 0x0000, 0x0000, 0x0000,
    0x0000, 0x0000, 0x0000, 0x0000, 0x0000, 0x0000, 0x0000, 0x0000, 0x0000, 0x0000, 0x0000, 0x0000,
    0x0000, 0x0000, 0x0000, 0x0000, 0x0000, 0x0000, 0x0000, 0x0000, 0x0000, 0x0000, 0x0000, 0x0000,
    0x0000, 0x0000, 0x0000, 0x0000, 0x0000, 0x0000, 0x0000, 0x0000, 0x0000, 0x0000, 0x0000, 0x0000,
    0x0000, 0x0000, 0x0000, 0x0000, 0x0000, 0x0000, 0x0000, 0x0000, 0x0000, 0x0000, 0x0000, 0x0000,
    0x0000, 0x0000, 0x0000, 0x0000, 0x0000, 0x0000, 0x0000, 0x0000, 0x0000, 0x0000, 0x0000, 0x0000,
    0x0000, 0x0000, 0x0000, 0x0000, 0x0000, 0x0000, 0x0000, 0x0000, 0x0000, 0x0000, 0x0000, 0x0000,
    0x0000, 0x0000, 0x0000, 0x0000, 0x0000, 0x0000, 0x0000, 0x0000, 0x0000, 0x0000, 0x0000, 0x0000,
    0x0000, 0x0000, 0x0000, 0x0000, 0x0000, 0x0000, 0x0000, 0x0000, 0x0000, 0x0000, 0x0000, 0x0000,
    0x0000, 0x0000, 0x0000, 0x0000, 0x0000, 0x0000, 0x0000, 0x0000, 0x0000, 0x0000, 0x0000, 0x0000,
    0x0000, 0x0000, 0x0000, 0x0000, 0x0000, 0x0000, 0x0000, 0x0000, 0x0000, 0x0000, 0x0000, 0x0000,
    0x0000, 0x0000, 0x0000, 0x0000, 0x0000, 0x0000, 0x0000, 0x0000, 0x0000, 0x0000, 0x0000, 0x0000,
    0x0000, 0x0000, 0x0000, 0x0000, 0x0000, 0x0000, 0x0000, 0x0000, 0x0000, 0x0000, 0x0000, 0x0000,
    0x0000, 0x0000, 0x0000, 0x0000, 0x0000, 0x0000, 0x0000, 0x0000, 0x0000, 0x0000, 0x0000, 0x0000,
    0x0000, 0x0000, 0x0000, 0x0000, 0x0000, 0x0000, 0x0000, 0x0000, 0x0000, 0x0000, 0x0000, 0x0000,
    0x0000, 0x0000, 0x0000, 0x0000, 0x0000, 0x0000, 0x0000, 0x0000, 0x0000, 0x0000, 0x0000, 0x0000,
    0x0000, 0x0000, 0x0000, 0x0000, 0x0000, 0x0000, 0x0000, 0x0000, 0x0000, 0x0000, 0x0000, 0x0000,
  },
  {
    0x0000, 0x0000, 0x0000, 0x0000, 0x0000, 0x0000, 0x0000, 0x0000, 0x0000, 0x0000, 0x0000, 0x0000,
    0x0000, 0x0000, 0x0000, 0x0000, 0x0000, 0x0000, 0x0000, 0x0000, 0x0000, 0x0000, 0x0000, 0x0000,
    0x0000, 0x0000, 0x0000, 0x0000, 0x0000, 0x0000, 0x0000, 0x0000, 0x0000, 0x0000, 0x0000, 0x0000,
    0x0000, 0x0000, 0x0000, 0x0000, 0x0000, 0x0000, 0x0000, 0x0000, 0x0000, 0x0000, 0x0000, 0x0000,
    0x0000, 0x0000, 0x0000, 0x0000, 0x0000, 0x0000, 0x0000, 0x0000, 0x0000, 0x0000, 0x0000, 0x0000,
    0x0000, 0x0000, 0x0000, 0x0000, 0x0000, 0x0000, 0x0000, 0x0000, 0x0000, 0x0000, 0x0000, 0x0000,
    0x0000, 0x0000, 0x0000, 0x0000, 0x0000, 0x0000, 0x0000, 0x0000, 0x0000, 0x0000, 0x0000, 0x0000,
    0x0000, 0x0000, 0x0000, 0x0000, 0x0000, 0x0000, 0x0000, 0x0000, 0x0000, 0x0000, 0x0000, 0x0000,
    0x0000, 0x0000, 0x0000, 0x0000, 0x0000, 0x0000, 0x0000, 0x0000, 0x0000, 0x0000, 0x0000, 0x0000,
    0x0000, 0x0000, 0x0000, 0x0000, 0x0000, 0x0000, 0x0000, 0x0000, 0x0000, 0x0000, 0x0000, 0x0000,
    0x0000, 0x0000, 0x0000, 0x0000, 0x0000, 0x0000, 0x0000, 0x0000, 0x0000, 0x0000, 0x0000, 0x0000,
    0x0000, 0x0000, 0x0000, 0x0000, 0x0000, 0x0000, 0x0000, 0x0000, 0x0000, 0x0000, 0x0000, 0x0000,
    0x0000, 0x0000, 0x0000, 0x0000, 0x0000, 0x0000, 0x0000, 0x0000, 0x0000, 0x0000, 0x0000, 0x0000,
    0x0000, 0x0000, 0x0000, 0x0000, 0x0000, 0x0000, 0x0000, 0x0000, 0x0000, 0x0000, 0x0000, 0x0000,
    0x0000, 0x0000, 0x0000, 0x0000, 0x0000, 0x0000, 0x0000, 0x0000, 0x0000, 0x0000, 0x0000, 0x0000,
    0x0000, 0x0000, 0x0000, 0x0000, 0x0000, 0x0000, 0x0000, 0x0000, 0x0000, 0x0000, 0x0000, 0x0000,
    0x0000, 0x0000, 0x0000, 0x0000, 0x0000, 0x0000, 0x0000, 0x0000, 0x0000, 0x0000, 0x0000, 0x0000,
    0x0000, 0x0000, 0x0000, 0x0000, 0x0000, 0x0000, 0x0000, 0x0000, 0x0000, 0x0000, 0x0000, 0x0000,
    0x0000, 0x0000, 0x0000, 0x0000, 0x0000, 0x0000, 0x0000, 0x0000, 0x0000, 0x0000, 0x0000, 0x0000,
    0x0000, 0x0000, 0x0000, 0x0000, 0x0000, 0x0000, 0x0000, 0x0000, 0x0000, 0x0000, 0x0000, 0x0000,
    0x0000, 0x0000, 0x0000, 0x0000, 0x0000, 0x0000, 0x0000, 0x0000, 0x0000, 0x0000, 0x0000, 0x0000,
    0x0000, 0x0000, 0x0000, 0x0000, 0x0000, 0x0000, 0x0000, 0x0000, 0x0000, 0x0000, 0x0000, 0x0000,
    0x0000, 0x0000, 0x0000, 0x0000, 0x0000, 0x0000, 0x0000, 0x0000, 0x0000, 0x0000, 0x0000, 0x0000,
    0x0000, 0x0000, 0x0000, 0x0000, 0x0000, 0x0000, 0x0000, 0x0000, 0x0000, 0x0000, 0x0000, 0x0000,
    0x0000, 0x0000, 0x0000, 0x0000, 0x0000, 0x0000, 0x0000, 0x0000, 0x0000, 0x0000, 0x0000, 0x0000,
    0x0000, 0x0000, 0x0000, 0x0000, 0x0000, 0x0000, 0x0000, 0x0000, 0x0000, 0x0000, 0x0000, 0x0000,
    0x0000, 0x0000, 0x0000, 0x0000, 0x0000, 0x0000, 0x0000, 0x0000, 0x0000, 0x0000, 0x0000, 0x0000,
    0x0000, 0x0000, 0x0000, 0x0000, 0x0000, 0x0000, 0x0000, 0x0000, 0x0000, 0x0000, 0x0000, 0x0000,
    0x0000, 0x0000, 0x0000, 0x0000, 0x0000, 0x0000, 0x0000, 0x0000, 0x0000, 0x0000, 0x0000, 0x0000,
    0x0000, 0x0000, 0x0000, 0x0000, 0x0000, 0x0000, 0x0000, 0x0000, 0x0000, 0x0000, 0x0000, 0x0000,
    0x0000, 0x0000, 0x0000, 0x0000, 0x0000, 0x0000, 0x0000, 0x0000, 0x0000, 0x0000, 0x0000, 0x0000,
    0x0000, 0x0000, 0x0000, 0x0000, 0x0000, 0x0000, 0x0000, 0x0000, 0x0000, 0x0000, 0x0000, 0x0000,
    0x0000, 0x0000, 0x0000, 0x0000, 0x0000, 0x0000, 0x0000, 0x0000, 0x0000, 0x0000, 0x0000, 0x0000,
    0x0000, 0x0000, 0x0000, 0x0000, 0x0000, 0x0000, 0x0000, 0x0000, 0x0000, 0x0000, 0x0000, 0x0000,
    0x0000, 0x0000, 0x0000, 0x0000, 0x0000, 0x0000, 0x0000, 0x0000, 0x0000, 0x0000, 0x0000, 0x0000,
    0x0000, 0x0000, 0x0000, 0x0000, 0x0000, 0x0000, 0x0000, 0x0000, 0x0000, 0x0000, 0x0000, 0x0000,
    0x0000, 0x0000, 0x0000, 0x0000, 0x0000, 0x0000, 0x0000, 0x0000, 0x0000, 0x0000, 0x0000, 0x0000,
    0x0000, 0x0000, 0x0000, 0x0000, 0x0000, 0x0000, 0x0000, 0x0000, 0x0000, 0x0000, 0x0000, 0x0000,
    0x0000, 0x0000, 0x0000, 0x0000, 0x0000, 0x0000, 0x0000, 0x0000, 0x0000, 0x0000, 0x0000, 0x0000,
    0x0000, 0x0000, 0x0000, 0x0000, 0x0000, 0x0000, 0x0000, 0x0000, 0x0000, 0x0000, 0x0000, 0x0000,
    0x0000, 0x0000, 0x0000, 0x0000, 0x0000, 0x0000, 0x0000, 0x0000, 0x0000, 0x0000, 0x0000, 0x0000,
    0x0000, 0x0000, 0x0000, 0x0000, 0x0000, 0x0000, 0x0000, 0x0000, 0x0000, 0x0000, 0x0000, 0x0000,
    0x0000, 0x0000, 0x0000, 0x0000, 0x0000, 0x0000, 0x0000, 0x0000, 0x0000, 0x0000, 0x0000, 0x0000,
    0x0000, 0x0000, 0x0000, 0x0000, 0x0000, 0x0000, 0x0000, 0x0000, 0x0000, 0x0000, 0x0000, 0x0000,
    0x0000, 0x0000, 0x0000, 0x0000, 0x0000, 0x0000, 0x0000, 0x0000, 0x0000, 0x0000, 0x0000, 0x0000,
    0x0000, 0x0000, 0x0000, 0x0000, 0x0000, 0x0000, 0x0000, 0x0000, 0x0000, 0x0000, 0x0000, 0x0000,
    0x0000, 0x0000, 0x0000, 0x0000, 0x0000, 0x0000, 0x0000, 0x0000, 0x0000, 0x0000, 0x0000, 0x0000,
    0x0000, 0x0000, 0x0000, 0x0000, 0x0000, 0x0000, 0x0000, 0x0000, 0x0000, 0x0000, 0x0000, 0x0000,
    0x0000, 0x0000, 0x0000, 0x0000, 0x0000, 0x0000, 0x0000, 0x0000, 0x0000, 0x0000, 0x0000, 0x0000,
    0x0000, 0x0000, 0x0000, 0x0000, 0x0000, 0x0000, 0x0000, 0x0000, 0x0000, 0x0000, 0x0000, 0x0000,
    0x0000, 0x0000, 0x0000, 0x0000, 0x0000, 0x0000, 0x0000, 0x0000, 0x0000, 0x0000, 0x0000, 0x0000,
    0x0000, 0x0000, 0x0000, 0x0000, 0x0000, 0x0000, 0x0000, 0x0000, 0x0000, 0x0000, 0x0000, 0x0000,
    0x0000, 0x0000, 0x0000, 0x0000, 0x0000, 0x0000, 0x0000, 0x0000, 0x0000, 0x0000, 0x0000, 0x0000,
    0x0000, 0x0000, 0x0000, 0x0000, 0x0000, 0x0000, 0x0000, 0x0000, 0x0000, 0x0000, 0x0000, 0x0000,
    0x0000, 0x0000, 0x0000, 0x0000, 0x0000, 0x0000, 0x0000, 0x0000, 0x0000, 0x0000, 0x0000, 0x0000,
    0x0000, 0x0000, 0x0000, 0x0000, 0x0000, 0x0000, 0x0000, 0x0000, 0x0000, 0x0000, 0x0000, 0x0000,
    0x0000, 0x0000, 0x0000, 0x0000, 0x0000, 0x0000, 0x0000, 0x0000, 0x0000, 0x0000, 0x0000, 0x0000,
    0x0000, 0x0000, 0x0000, 0x0000, 0x0000, 0x0000, 0x0000, 0x0000, 0x0000, 0x0000, 0x0000, 0x0000,
    0x0000, 0x0000, 0x0000, 0x0000, 0x0000, 0x0000, 0x0000, 0x0000, 0x0000, 0x0000, 0x0000, 0x0000,
    0x0000, 0x0000, 0x0000, 0x0000, 0x0000, 0x0000, 0x0000, 0x0000, 0x0000, 0x0000, 0x0000, 0x0000,
    0x0000, 0x0000, 0x0000, 0x0000, 0x0000, 0x0000, 0x0000, 0x0000, 0x0000, 0x0000, 0x0000, 0x0000,
    0x0000, 0x0000, 0x0000, 0x0000, 0x0000, 0x0000, 0x0000, 0x0000, 0x0000, 0x0000, 0x0000, 0x0000,
    0x0000, 0x0000, 0x0000, 0x0000, 0x0000, 0x0000, 0x0000, 0x0000, 0x0000, 0x0000, 0x0000, 0x0000,
    0x0000, 0x0000, 0x0000, 0x0000, 0x0000, 0x0000, 0x0000, 0x0000, 0x0000, 0x0000, 0x0000, 0x0000,
    0x0000, 0x0000, 0x0000, 0x0000, 0x0000, 0x0000, 0x0000, 0x0000, 0x0000, 0x0000, 0x0000, 0x0000,
    0x0000, 0x0000, 0x0000, 0x0000, 0x0000, 0x0000, 0x0000, 0x0000, 0x0000, 0x0000, 0x0000, 0x0000,
    0x0000, 0x0000, 0x0000, 0x0000, 0x0000, 0x0000, 0x0000, 0x0000, 0x0000, 0x0000, 0x0000, 0x0000,
    0x0000, 0x0000, 0x0000, 0x0000, 0x0000, 0x0000, 0x0000, 0x0000, 0x0000, 0x0000, 0x0000, 0x0000,
    0x0000, 0x0000, 0x0000, 0x0000, 0x0000, 0x0000, 0x0000, 0x0000, 0x0000, 0x0000, 0x0000, 0x0000,
    0x0000, 0x0000, 0x0000, 0x0000, 0x0000, 0x0000, 0x0000, 0x0000, 0x0000, 0x0000, 0x0000, 0x0000,
    0x0000, 0x0000, 0x0000, 0x0000, 0x0000, 0x0000, 0x0000, 0x0000, 0x0000, 0x0000, 0x0000, 0x0000,
    0x0000, 0x0000, 0x0000, 0x0000, 0x0000, 0x0000, 0x0000, 0x0000, 0x0000, 0x0000, 0x0000, 0x0000,
    0x0000, 0x0000, 0x0000, 0x0000, 0x0000, 0x0000, 0x0000, 0x0000, 0x0000, 0x0000, 0x0000, 0x0000,
    0x0000, 0x0000, 0x0000, 0x0000, 0x0000, 0x0000, 0x0000, 0x0000, 0x0000, 0x0000, 0x0000, 0x0000,
    0x0000, 0x0000, 0x0000, 0x0000, 0x0000, 0x0000, 0x0000, 0x0000, 0x0000, 0x0000, 0x0000, 0x0000,
    0x0000, 0x0000, 0x0000, 0x0000, 0x0000, 0x0000, 0x0000, 0x0000, 0x0000, 0x0000, 0x0000, 0x0000,
    0x0000, 0x0000, 0x0000, 0x0000, 0x0000, 0x0000, 0x0000, 0x0000, 0x0000, 0x0000, 0x0000, 0x0000,
    0x0000, 0x0000, 0x0000, 0x0000, 0x0000, 0x0000, 0x0000, 0x0000, 0x0000, 0x0000, 0x0000, 0x0000,
    0x0000, 0x0000, 0x0000, 0x0000, 0x0000, 0x0000, 0x0000, 0x0000, 0x0000, 0x0000, 0x0000, 0x0000,
    0x0000, 0x0000, 0x0000, 0x0000, 0x0000, 0x0000, 0x0000, 0x0000, 0x0000, 0x0000, 0x0000, 0x0000,
    0x0000, 0x0000, 0x0000, 0x0000, 0x0000, 0x0000, 0x0000, 0x0000, 0x0000, 0x0000, 0x0000, 0x0000,
    0x0000, 0x0000, 0x0000, 0x0000, 0x0000, 0x0000, 0x0000, 0x0000, 0x0000, 0x0000, 0x0000, 0x0000,
    0x0000, 0x0000, 0x0000, 0x0000, 0x0000, 0x0000, 0x0000, 0x0000, 0x0000, 0x0000, 0x0000, 0x0000,
    0x0000, 0x0000, 0x0000, 0x0000, 0x0000, 0x0000, 0x0000, 0x0000, 0x0000, 0x0000, 0x0000, 0x0000,
    0x0000, 0x0000, 0x0000, 0x0000, 0x0000, 0x0000, 0x0000, 0x0000, 0x0000, 0x0000, 0x0000, 0x0000,
    0x0000, 0x0000, 0x0000, 0x0000, 0x0000, 0x0000, 0x0000, 0x0000, 0x0000, 0x0000, 0x0000, 0x0000,
    0x0000, 0x0000, 0x0000, 0x0000, 0x0000, 0x0000, 0x0000, 0x0000, 0x0000, 0x0000, 0x0000, 0x0000,
    0x0000, 0x0000, 0x0000, 0x0000, 0x0000, 0x0000, 0x0000, 0x0000, 0x0000, 0x0000, 0x0000, 0x0000,
    0x0000, 0x0000, 0x0000, 0x0000, 0x0000, 0x0000, 0x0000, 0x0000, 0x0000, 0x0000, 0x0000, 0x0000,
    0x0000, 0x0000, 0x0000, 0x0000, 0x0000, 0x0000, 0x0000, 0x0000, 0x0000, 0x0000, 0x0000, 0x0000,
    0x0000, 0x0000, 0x0000, 0x0000, 0x0000, 0x0000, 0x0000, 0x0000, 0x0000, 0x0000, 0x0000, 0x0000,
    0x0000, 0x0000, 0x0000, 0x0000, 0x0000, 0x0000, 0x0000, 0x0000, 0x0000, 0x0000, 0x0000, 0x0000,
    0x0000, 0x0000, 0x0000, 0x0000, 0x0000, 0x0000, 0x0000, 0x0000, 0x0000, 0x0000, 0x0000, 0x0000,
    0x0000, 0x0000, 0x0000, 0x0000, 0x0000, 0x0000, 0x0000, 0x0000, 0x0000, 0x0000, 0x0000, 0x0000,
    0x0000, 0x0000, 0x0000, 0x0000, 0x0000, 0x0000, 0x0000, 0x0000, 0x0000, 0x0000, 0x0000, 0x0000,
    0x0000, 0x0000, 0x0000, 0x0000, 0x0000, 0x0000, 0x0000, 0x0000, 0x0000, 0x0000, 0x0000, 0x0000,
    0x0000, 0x0000, 0x0000, 0x0000, 0x0000, 0x0000, 0x0000, 0x0000, 0x0000, 0x0000, 0x0000, 0x0000,
    0x0000, 0x0000, 0x0000, 0x0000, 0x0000, 0x0000, 0x0000, 0x0000, 0x0000, 0x0000, 0x0000, 0x0000,
    0x0000, 0x0000, 0x0000, 0x0000, 0x0000, 0x0000, 0x0000, 0x0000, 0x0000, 0x0000, 0x0000, 0x0000,
    0x0000, 0x0000, 0x0000, 0x0000, 0x0000, 0x0000, 0x0000, 0x0000, 0x0000, 0x0000, 0x0000, 0x0000,
    0x0000, 0x0000, 0x0000, 0x0000, 0x0000, 0x0000, 0x0000, 0x0000, 0x0000, 0x0000, 0x0000, 0x0000,
    0x0000, 0x0000, 0x0000, 0x0000, 0x0000, 0x0000, 0x0000, 0x0000, 0x0000, 0x0000, 0x0000, 0x0000,
    0x0000, 0x0000, 0x0000, 0x0000, 0x0000, 0x0000, 0x0000, 0x0000, 0x0000, 0x0000, 0x0000, 0x0000,
    0x0000, 0x0000, 0x0000, 0x0000, 0x0000, 0x0000, 0x0000, 0x0000, 0x0000, 0x0000, 0x0000, 0x0000,
    0x0000, 0x0000, 0x0000, 0x0000, 0x0000, 0x0000, 0x0000, 0x0000, 0x0000, 0x0000, 0x0000, 0x0000,
    0x0000, 0x0000, 0x0000, 0x0000, 0x0000, 0x0000, 0x0000, 0x0000, 0x0000, 0x0000, 0x0000, 0x0000,
    0x0000, 0x0000, 0x0000, 0x0000, 0x0000, 0x0000, 0x0000, 0x0000, 0x0000, 0x0000, 0x0000, 0x0000,
    0x0000, 0x0000, 0x0000, 0x0000, 0x0000, 0x0000, 0x0000, 0x0000, 0x0000, 0x0000, 0x0000, 0x0000,
    0x0000, 0x0000, 0x0000, 0x0000, 0x0000, 0x0000, 0x0000, 0x0000, 0x0000, 0x0000, 0x0000, 0x0000,
    0x0000, 0x0000, 0x0000, 0x0000, 0x0000, 0x0000, 0x0000, 0x0000, 0x0000, 0x0000, 0x0000, 0x0000,
    0x0000, 0x0000, 0x0000, 0x0000, 0x0000, 0x0000, 0x0000, 0x0000, 0x0000, 0x0000, 0x0000, 0x0000,
    0x0000, 0x0000, 0x0000, 0x0000, 0x0000, 0x0000, 0x0000, 0x0000, 0x0000, 0x0000, 0x0000, 0x0000,
    0x0000, 0x0000, 0x0000, 0x0000, 0x0000, 0x0000, 0x0000, 0x0000, 0x0000, 0x0000, 0x0000, 0x0000,
    0x0000, 0x0000, 0x0000, 0x0000, 0x0000, 0x0000, 0x0000, 0x0000, 0x0000, 0x0000, 0x0000, 0x0000,
    0x0000, 0x0000, 0x0000, 0x0000, 0x0000, 0x0000, 0x0000, 0x0000, 0x0000, 0x0000, 0x0000, 0x0000,
    0x0000, 0x0000, 0x0000, 0x0000, 0x0000, 0x0000, 0x0000, 0x0000, 0x0000, 0x0000, 0x0000, 0x0000,
    0x0000, 0x0000, 0x0000, 0x0000, 0x0000, 0x0000, 0x0000, 0x0000, 0x0000, 0x0000, 0x0000, 0x0000,
    0x0000, 0x0000, 0x0000, 0x0000, 0x0000, 0x0000, 0x0000, 0x0000, 0x0000, 0x0000, 0x0000, 0x0000,
    0x0000, 0x0000, 0x0000, 0x0000, 0x0000, 0x0000, 0x0000, 0x0000, 0x0000, 0x0000, 0x0000, 0x0000,
    0x0000, 0x0000, 0x0000, 0x0000, 0x0000, 0x0000, 0x0000, 0x0000, 0x0000, 0x0000, 0x0000, 0x0000,
    0x0000, 0x0000, 0x0000, 0x0000, 0x0000, 0x0000, 0x0000, 0x0000, 0x0000, 0x0000, 0x0000, 0x0000,
    0x0000, 0x0000, 0x0000, 0x0000, 0x0000, 0x0000, 0x0000, 0x0000, 0x0000, 0x0000, 0x0000, 0x0000,
    0x0000, 0x0000, 0x0000, 0x0000, 0x0000, 0x0000, 0x0000, 0x0000, 0x0000, 0x0000, 0x0000, 0x0000,
    0x0000, 0x0000, 0x0000, 0x0000, 0x0000, 0x0000, 0x0000, 0x0000, 0x0000, 0x0000, 0x0000, 0x0000,
    0x0000, 0x0000, 0x0000, 0x0000, 0x0000, 0x0000, 0x0000, 0x0000, 0x0000, 0x0000, 0x0000, 0x0000,
    0x0000, 0x0000, 0x0000, 0x0000, 0x0000, 0x0000, 0x0000, 0x0000, 0x0000, 0x0000, 0x0000, 0x0000,
    0x0000, 0x0000, 0x0000, 0x0000, 0x0000, 0x0000, 0x0000, 0x0000, 0x0000, 0x0000, 0x0000, 0x0000,
    0x0000, 0x0000, 0x0000, 0x0000, 0x0000, 0x0000, 0x0000, 0x0000, 0x0000, 0x0000, 0x0000, 0x0000,
    0x0000, 0x0000, 0x0000, 0x0000, 0x0000, 0x0000, 0x0000, 0x0000, 0x0000, 0x0000, 0x0000, 0x0000,
    0x0000, 0x0000, 0x0000, 0x0000, 0x0000, 0x0000, 0x0000, 0x0000, 0x0000, 0x0000, 0x0000, 0x0000,
    0x0000, 0x0000, 0x0000, 0x0000, 0x0000, 0x0000, 0x0000, 0x0000, 0x0000, 0x0000, 0x0000, 0x0000,
    0x0000, 0x0000, 0x0000, 0x0000, 0x0000, 0x0000, 0x0000, 0x0000, 0x0000, 0x0000, 0x0000, 0x0000,
    0x0000, 0x0000, 0x0000, 0x0000, 0x0000, 0x0000, 0x0000, 0x0000, 0x0000, 0x0000, 0x0000, 0x0000,
    0x0000, 0x0000, 0x0000, 0x0000, 0x0000, 0x0000, 0x0000, 0x0000, 0x0000, 0x0000, 0x0000, 0x0000,
    0x0000, 0x0000, 0x0000, 0x0000, 0x0000, 0x0000, 0x0000, 0x0000, 0x0000, 0x0000, 0x0000, 0x0000,
    0x0000, 0x0000, 0x0000, 0x0000, 0x0000, 0x0000, 0x0000, 0x0000, 0x0000, 0x0000, 0x0000, 0x0000,
    0x0000, 0x0000, 0x0000, 0x0000, 0x0000, 0x0000, 0x0000, 0x0000, 0x0000, 0x0000, 0x0000, 0x0000,
    0x0000, 0x0000, 0x0000, 0x0000, 0x0000, 0x0000, 0x0000, 0x0000, 0x0000, 0x0000, 0x0000, 0x0000,
    0x0000, 0x0000, 0x0000, 0x0000, 0x0000, 0x0000, 0x0000, 0x0000, 0x0000, 0x0000, 0x0000, 0x0000,
    0x0000, 0x0000, 0x0000, 0x0000, 0x0000, 0x0000, 0x0000, 0x0000, 0x0000, 0x0000, 0x0000, 0x0000,
    0x0000, 0x0000, 0x0000, 0x0000, 0x0000, 0x0000, 0x0000, 0x0000, 0x0000, 0x0000, 0x0000, 0x0000,
    0x0000, 0x0000, 0x0000, 0x0000, 0x0000, 0x0000, 0x0000, 0x0000, 0x0000, 0x0000, 0x0000, 0x0000,
    0x0000, 0x0000, 0x0000, 0x0000, 0x0000, 0x0000, 0x0000, 0x0000, 0x0000, 0x0000, 0x0000, 0x0000,
    0x0000, 0x0000, 0x0000, 0x0000, 0x0000, 0x0000, 0x0000, 0x0000, 0x0000, 0x0000, 0x0000, 0x0000,
    0x0000, 0x0000, 0x0000, 0x0000, 0x0000, 0x0000, 0x0000, 0x0000, 0x0000, 0x0000, 0x0000, 0x0000,
    0x0000, 0x0000, 0x0000, 0x0000, 0x0000, 0x0000, 0x0000, 0x0000, 0x0000, 0x0000, 0x0000, 0x0000,
    0x0000, 0x0000, 0x0000, 0x0000, 0x0000, 0x0000, 0x0000, 0x0000, 0x0000, 0x0000, 0x0000, 0x0000,
    0x0000, 0x0000, 0x0000, 0x0000, 0x0000, 0x0000, 0x0000, 0x0000, 0x0000, 0x0000, 0x0000, 0x0000,
    0x0000, 0x0000, 0x0000, 0x0000, 0x0000, 0x0000, 0x0000, 0x0000, 0x0000, 0x0000, 0x0000, 0x0000,
    0x0000, 0x0000, 0x0000, 0x0000, 0x0000, 0x0000, 0x0000, 0x0000, 0x0000, 0x0000, 0x0000, 0x0000,
    0x0000, 0x0000, 0x0000, 0x0000, 0x0000, 0x0000, 0x0000, 0x0000, 0x0000, 0x0000, 0x0000, 0x0000,
    0x0000, 0x0000, 0x0000, 0x0000, 0x0000, 0x0000, 0x0000, 0x0000, 0x0000, 0x0000, 0x0000, 0x0000,
    0x0000, 0x0000, 0x0000, 0x0000, 0x0000, 0x0000, 0x0000, 0x0000, 0x0000, 0x0000, 0x0000, 0x0000,
    0x0000, 0x0000, 0x0000, 0x0000, 0x0000, 0x0000, 0x0000, 0x0000, 0x0000, 0x0000, 0x0000, 0x0000,
    0x0000, 0x0000, 0x0000, 0x0000, 0x0000, 0x0000, 0x0000, 0x0000, 0x0000, 0x0000, 0x0000, 0x0000,
    0x0000, 0x0000, 0x0000, 0x0000, 0x0000, 0x0000, 0x0000, 0x0000, 0x0000, 0x0000, 0x0000, 0x0000,
    0x0000, 0x0000, 0x0000, 0x0000, 0x0000, 0x0000, 0x0000, 0x0000, 0x0000, 0x0000, 0x0000, 0x0000,
    0x0000, 0x0000, 0x31A6, 0x10A2, 0x0000, 0x0000, 0x0000, 0x0000, 0x0000, 0x0000, 0x0000, 0x0000,
    0x0000, 0x0000, 0x0000, 0x0000, 0x0000, 0x0000, 0x0000, 0x0000, 0x0000, 0x0000, 0x0000, 0x0000,
    0x0000, 0x0000, 0x0000, 0x0000, 0x0000, 0x0000, 0x0000, 0x0000, 0x0000, 0x0000, 0x0000, 0x0000,
    0x0000, 0x0000, 0x0000, 0x0000, 0x0000, 0x0000, 0x0000, 0x0000, 0x0000, 0x0000, 0x0000, 0x0000,
    0x0000, 0x0000, 0x0000, 0x0000, 0x0000, 0x0000, 0x0000, 0x0000, 0x0000, 0x0000, 0x0000, 0x0000,
    0x0000, 0x0000, 0x0000, 0x0000, 0x0000, 0x0000, 0x0000, 0x0000, 0x0000, 0x0000, 0x0000, 0x0000,
    0x0000, 0x0000, 0x0000, 0x0000, 0x0000, 0x0000, 0x0000, 0x0000, 0x0000, 0x0000, 0x0000, 0x0000,
    0x0000, 0x0000, 0x0000, 0x0000, 0x0000, 0x0000, 0x0000, 0x0000, 0x0000, 0x0000, 0x0000, 0x0000,
    0x0000, 0x0000, 0x0000, 0x0000, 0x0000, 0x0000, 0x0000, 0x0000, 0x0000, 0x0000, 0x0000, 0x0000,
    0x0000, 0x0000, 0x0000, 0x0000, 0x0000, 0x0000, 0x0000, 0x0000, 0x0000, 0x0000, 0x0000, 0x0000,
    0x0000, 0x0000, 0x0000, 0x0000, 0x0000, 0x0000, 0x0000, 0x0000, 0x0000, 0x0000, 0x0000, 0x0000,
    0x0000, 0x0000, 0x0000, 0x0000, 0x0000, 0x0000, 0x0000, 0x0000, 0x0000, 0x0000, 0x0000, 0x0000,
    0x0000, 0x0000, 0x0000, 0x0000, 0x0000, 0x0000, 0x0000, 0x0000, 0x0000, 0x0000, 0x0000, 0x0000,
    0x0000, 0x0000, 0x0000, 0x0000, 0x0000, 0x0000, 0x0000, 0x0000, 0x0000, 0x0000, 0x0000, 0x0000,
    0x0000, 0x0000, 0x0000, 0x0000, 0x0000, 0x0000, 0x0000, 0x0000, 0x0000, 0x0000, 0x0000, 0x0000,
    0x0000, 0x0000, 0x0000, 0x0000, 0x0000, 0x2945, 0x4A6A, 0x2945, 0x0000, 0x0000, 0x0000, 0x0000,
    0x0000, 0x4208, 0xE71C, 0xEF7D, 0xDEDB, 0xAD55, 0x8C72, 0x3A08, 0x0841, 0x0000, 0x0000, 0x0000,
    0x0000, 0x0000, 0x0000, 0x0000, 0x0000, 0x0000, 0x0000, 0x0000, 0x0000, 0x0000, 0x0000, 0x0000,
    0x0000, 0x0000, 0x0000, 0x0000, 0x0000, 0x0000, 0x0000, 0x0000, 0x0000, 0x0000, 0x0000, 0x0000,
    0x0000, 0x0000, 0x0000, 0x0000, 0x0000, 0x0000, 0x0000, 0x0000, 0x0000, 0x0000, 0x0000, 0x0000,
    0x0000, 0x0000, 0x0000, 0x0000, 0x0000, 0x0000, 0x0000, 0x0000, 0x0000, 0x0000, 0x0000, 0x0000,
    0x0000, 0x0000, 0x0000, 0x0000, 0x0000, 0x0000, 0x0000, 0x0000, 0x0000, 0x0000, 0x0000, 0x0000,
    0x0000, 0x0000, 0x0000, 0x0000, 0x0000, 0x0000, 0x0000, 0x0000, 0x0000, 0x0000, 0x0000, 0x0000,
    0x0000, 0x0000, 0x0000, 0x0000, 0x0000, 0x0000, 0x0000, 0x0000, 0x0000, 0x0000, 0x0000, 0x0000,
    0x0000, 0x0000, 0x0000, 0x0000, 0x0000, 0x0000, 0x0000, 0x0000, 0x0000, 0x0000, 0x0000, 0x0000,
    0x0000, 0x0000, 0x0000, 0x0000, 0x0000, 0x0000, 0x0000, 0x0000, 0x0000, 0x0000, 0x0000, 0x0000,
    0x0000, 0x0000, 0x0000, 0x0000, 0x0000, 0x0000, 0x0000, 0x0000, 0x0000, 0x0000, 0x0000, 0x0000,
    0x0000, 0x0000, 0x0000, 0x0000, 0x0000, 0x0000, 0x0000, 0x0000, 0x0000, 0x0000, 0x0000, 0x0000,
    0x0000, 0x0000, 0x0000, 0x0000, 0x0000, 0x0000, 0x0000, 0x0000, 0x0000, 0x0000, 0x0000, 0x0000,
    0x0000, 0x0000, 0x0000, 0x0000, 0x0000, 0x0000, 0x0000, 0x0000, 0x0000, 0x0000, 0x0000, 0x0000,
    0x0000, 0x0000, 0x0000, 0x0000, 0x0000, 0x0000, 0x0000, 0x0000, 0x0000, 0x0000, 0x0000, 0x0000,
    0x0000, 0x0000, 0x0000, 0x0000, 0x5AEB, 0x9CF3, 0xC638, 0x7BF0, 0x0000, 0x0000, 0x0000, 0x0000,
    0x0000, 0x8C71, 0xF79E, 0xFFFF, 0xFFFF, 0xF79E, 0xE73C, 0xA514, 0x39E7, 0x0000, 0x0000, 0x0000,
    0x0000, 0x0000, 0x0000, 0x0000, 0x0000, 0x0000, 0x0000, 0x0000, 0x0000, 0x0000, 0x0000, 0x0000,
    0x0000, 0x0000, 0x0000, 0x0000, 0x0000, 0x0000, 0x0000, 0x0000, 0x0000, 0x0000, 0x0000, 0x0000,
    0x0000, 0x0000, 0x0000, 0x0000, 0x0000, 0x0000, 0x0000, 0x0000, 0x0000, 0x0000, 0x0000, 0x0000,
    0x0000, 0x0000, 0x0000, 0x0000, 0x0000, 0x0000, 0x0000, 0x0000, 0x0000, 0x0000, 0x0000, 0x0000,
    0x0000, 0x0000, 0x0000, 0x0000, 0x0000, 0x0000, 0x0000, 0x0000, 0x0000, 0x0000, 0x0000, 0x0000,
    0x0000, 0x0000, 0x0000, 0x0000, 0x0000, 0x0000, 0x0000, 0x0000, 0x0000, 0x0000, 0x0000, 0x0000,
    0x0000, 0x0000, 0x0000, 0x0000, 0x0000, 0x0000, 0x0000, 0x0000, 0x0000, 0x0000, 0x0000, 0x0000,
    0x0000, 0x0000, 0x0000, 0x0000, 0x0000, 0x0000, 0x0000, 0x0000, 0x0000, 0x0000, 0x0000, 0x0000,
    0x0000, 0x0000, 0x0000, 0x0000, 0x0000, 0x0000, 0x0000, 0x0000, 0x0000, 0x0000, 0x0000, 0x0000,
    0x0000, 0x0000, 0x0000, 0x0000, 0x0000, 0x0000, 0x0000, 0x0000, 0x0000, 0x0000, 0x0000, 0x0000,
    0x0000, 0x0000, 0x0000, 0x0000, 0x0000, 0x0000, 0x0000, 0x0000, 0x0000, 0x0000, 0x0000, 0x0000,
    0x0000, 0x0000, 0x0000, 0x0000, 0x0000, 0x0000, 0x0000, 0x0000, 0x0000, 0x0000, 0x0000, 0x0000,
    0x0000, 0x0000, 0x0000, 0x0000, 0x0000, 0x0000, 0x0000, 0x0000, 0x0000, 0x0000, 0x0000, 0x0000,
    0x0000, 0x0000, 0x0000, 0x0000, 0x0000, 0x0000, 0x0000, 0x0000, 0x0000, 0x0000, 0x0000, 0x0000,
    0x0000, 0x0000, 0x7BEF, 0xBDF7, 0xFFFF, 0xFFFF, 0xFFFF, 0xF7BE, 0x0861, 0x10A2, 0x2104, 0x5ACB,
    0x528A, 0xEF5D, 0xFFFF, 0xFFFF, 0xFFFF, 0xFFFF, 0xFFFF, 0xDEDB, 0x73CF, 0x0000, 0x0000, 0x0000,
    0x0000, 0x0000, 0x0000, 0x0000, 0x0000, 0x0000, 0x0000, 0x0000, 0x0000, 0x0000, 0x0000, 0x0000,
    0x0000, 0x0000, 0x0000, 0x0000, 0x0000, 0x0000, 0x0000, 0x0000, 0x0000, 0x0000, 0x0000, 0x0000,
    0x0000, 0x0000, 0x0000, 0x0000, 0x0000, 0x0000, 0x0000, 0x0000, 0x0000, 0x0000, 0x0000, 0x0000,
    0x0000, 0x0000, 0x0000, 0x0000, 0x0000, 0x0000, 0x0000, 0x0000, 0x0000, 0x0000, 0x0000, 0x0000,
    0x0000, 0x0000, 0x0000, 0x0000, 0x0000, 0x0000, 0x0000, 0x0000, 0x0000, 0x0000, 0x0000, 0x0000,
    0x0000, 0x0000, 0x0000, 0x0000, 0x0000, 0x0000, 0x0000, 0x0000, 0x0000, 0x0000, 0x0000, 0x0000,
    0x0000, 0x0000, 0x0000, 0x0000, 0x0000, 0x0000, 0x0000, 0x0000, 0x0000, 0x0000, 0x0000, 0x0000,
    0x0000, 0x0000, 0x0000, 0x0000, 0x0000, 0x0000, 0x0000, 0x0000, 0x0000, 0x0000, 0x0000, 0x0000,
    0x0000, 0x0000, 0x0000, 0x0000, 0x0000, 0x0000, 0x0000, 0x0000, 0x0000, 0x0000, 0x0000, 0x0000,
    0x0000, 0x0000, 0x0000, 0x0000, 0x0000, 0x0000, 0x0000, 0x0000, 0x0000, 0x0000, 0x0000, 0x0000,
    0x0000, 0x0000, 0x0000, 0x0000, 0x0000, 0x0000, 0x0000, 0x0000, 0x0000, 0x0000, 0x0000, 0x0000,
    0x0000, 0x0000, 0x0000, 0x0000, 0x0000, 0x0000, 0x0000, 0x0000, 0x0000, 0x0000, 0x0000, 0x0000,
    0x0000, 0x0000, 0x0000, 0x0000, 0x0000, 0x0000, 0x0000, 0x0000, 0x0000, 0x0000, 0x0000, 0x0000,
    0x0000, 0x0000, 0x0000, 0x0000, 0x0000, 0x0000, 0x0000, 0x0000, 0x0000, 0x0000, 0x0000, 0x0000,
    0x0841, 0x5AEC, 0xE73C, 0xF7BE, 0xFFFF, 0xFFFF, 0xFFFF, 0xFFFF, 0xBDD7, 0x8C71, 0xBDF7, 0xC658,
    0xCE59, 0xFFFF, 0xFFFF, 0xFFFF, 0xFFFF, 0xFFFF, 0xFFFF, 0xC638, 0x5AEB, 0x0000, 0x0000, 0x0000,
    0x0000, 0x0000, 0x0000, 0x0000, 0x0000, 0x0000, 0x0000, 0x0000, 0x0000, 0x0000, 0x0000, 0x0000,
    0x0000, 0x0000, 0x0000, 0x0000, 0x0000, 0x0000, 0x0000, 0x0000, 0x0000, 0x0000, 0x0000, 0x0000,
    0x0000, 0x0000, 0x0000, 0x0000, 0x0000, 0x0000, 0x0000, 0x0000, 0x0000, 0x0000, 0x0000, 0x0000,
    0x0000, 0x0000, 0x0000, 0x0000, 0x0000, 0x0000, 0x0000, 0x0000, 0x0000, 0x0000, 0x0000, 0x0000,
    0x0000, 0x0000, 0x0000, 0x0000, 0x0000, 0x0000, 0x0000, 0x0000, 0x0000, 0x0000, 0x0000, 0x0000,
    0x0000, 0x0000, 0x0000, 0x0000, 0x0000, 0x0000, 0x0000, 0x0000, 0x0000, 0x0000, 0x0000, 0x0000,
    0x0000, 0x0000, 0x0000, 0x0000, 0x0000, 0x0000, 0x0000, 0x0000, 0x0000, 0x0000, 0x0000, 0x0000,
    0x0000, 0x0000, 0x0000, 0x0000, 0x0000, 0x0000, 0x0000, 0x0000, 0x0000, 0x0000, 0x0000, 0x0000,
    0x0000, 0x0000, 0x0000, 0x0000, 0x0000, 0x0000, 0x0000, 0x0000, 0x0000, 0x0000, 0x0000, 0x0000,
    0x0000, 0x0000, 0x0000, 0x0000, 0x0000, 0x0000, 0x0000, 0x0000, 0x0000, 0x0000, 0x0000, 0x0000,
    0x0000, 0x0000, 0x0000, 0x0000, 0x0000, 0x0000, 0x0000, 0x0000, 0x0000, 0x0000, 0x0000, 0x0000,
    0x0000, 0x0000, 0x0000, 0x0000, 0x0000, 0x0000, 0x0000, 0x0000, 0x0000, 0x0000, 0x0000, 0x0000,
    0x0000, 0x0000, 0x0000, 0x0000, 0x0000, 0x0000, 0x0000, 0x0000, 0x0000, 0x0000, 0x0000, 0x0000,
    0x0000, 0x0000, 0x0000, 0x0000, 0x0000, 0x0000, 0x0000, 0x0000, 0x0000, 0x0000, 0x0000, 0x0000,
    0x0000, 0x4208, 0xFFFF, 0xFFFF, 0xFFFF, 0xFFFF, 0xFFFF, 0xFFFF, 0xFFFF, 0xFFFF, 0xFFFF, 0xFFFF,
    0xFFFF, 0xFFFF, 0xFFFF, 0xFFFF, 0xFFFF, 0xFFFF, 0xFFFF, 0xC639, 0x4228, 0x0000, 0x0000, 0x0000,
    0x0000, 0x0000, 0x0000, 0x0000, 0x0000, 0x0000, 0x0000, 0x0000, 0x0000, 0x0000, 0x0000, 0x0000,
    0x0000, 0x0000, 0x0000, 0x0000, 0x0000, 0x0000, 0x0000, 0x0000, 0x0000, 0x0000, 0x0000, 0x0000,
    0x0000, 0x0000, 0x0000, 0x0000, 0x0000, 0x0000, 0x0000, 0x0000, 0x0000, 0x0000, 0x0000, 0x0000,
    0x0000, 0x0000, 0x0000, 0x0000, 0x0000, 0x0000, 0x0000, 0x0000, 0x0000, 0x0000, 0x0000, 0x0000,
    0x0000, 0x0000, 0x0000, 0x0000, 0x0000, 0x0000, 0x0000, 0x0000, 0x0000, 0x0000, 0x0000, 0x0000,
    0x0000, 0x0000, 0x0000, 0x0000, 0x0000, 0x0000, 0x0000, 0x0000, 0x0000, 0x0000, 0x0000, 0x0000,
    0x0000, 0x0000, 0x0000, 0x0000, 0x0000, 0x0000, 0x0000, 0x0000, 0x0000, 0x0000, 0x0000, 0x0000,
    0x0000, 0x0000, 0x0000, 0x0000, 0x0000, 0x0000, 0x0000, 0x0000, 0x0000, 0x0000, 0x0000, 0x0000,
    0x0000, 0x0000, 0x0000, 0x0000, 0x0000, 0x0000, 0x0000, 0x0000, 0x0000, 0x0000, 0x0000, 0x0000,
    0x0000, 0x0000, 0x0000, 0x0000, 0x0000, 0x0000, 0x0000, 0x0000, 0x0000, 0x0000, 0x0000, 0x0000,
    0x0000, 0x0000, 0x0000, 0x0000, 0x0000, 0x0000, 0x0000, 0x0000, 0x0000, 0x0000, 0x0000, 0x0000,
    0x0000, 0x0000, 0x0000, 0x0000, 0x0000, 0x0000, 0x0000, 0x0000, 0x0000, 0x0000, 0x0000, 0x0000,
    0x0000, 0x0000, 0x0000, 0x0000, 0x0000, 0x0000, 0x0000, 0x0000, 0x0000, 0x0000, 0x0000, 0x0000,
    0x0000, 0x0000, 0x0000, 0x0000, 0x0000, 0x0000, 0x0000, 0x0000, 0x0000, 0x0000, 0x0000, 0x0000,
    0x0000, 0x0000, 0xF79E, 0xFFFF, 0xFFFF, 0xFFFF, 0xFFFF, 0xFFFF, 0xFFFF, 0xFFFF, 0xFFFF, 0xFFFF,
    0xFFFF, 0xFFFF, 0xFFFF, 0xFFFF, 0xFFFF, 0xFFFF, 0xFFFF, 0xE73C, 0xA514, 0x10C2, 0x0000, 0x0000,
    0x0000, 0x0000, 0x0000, 0x0000, 0x0000, 0x0000, 0x0000, 0x0000, 0x0000, 0x0000, 0x0000, 0x0000,
    0x0000, 0x0000, 0x0000, 0x0000, 0x0000, 0x0000, 0x0000, 0x0000, 0x0000, 0x0000, 0x0000, 0x0000,
    0x0000, 0x0000, 0x0000, 0x0000, 0x0000, 0x0000, 0x0000, 0x0000, 0x0000, 0x0000, 0x0000, 0x0000,
    0x0000, 0x0000, 0x0000, 0x0000, 0x0000, 0x0000, 0x0000, 0x0000, 0x0000, 0x0000, 0x0000, 0x0000,
    0x0000, 0x0000, 0x0000, 0x0000, 0x0000, 0x0000, 0x0000, 0x0000, 0x0000, 0x0000, 0x0000, 0x0000,
    0x0000, 0x0000, 0x0000, 0x0000, 0x0000, 0x0000, 0x0000, 0x0000, 0x0000, 0x0000, 0x0000, 0x0000,
    0x0000, 0x0000, 0x0000, 0x0000, 0x0000, 0x0000, 0x0000, 0x0000, 0x0000, 0x0000, 0x0000, 0x0000,
    0x0000, 0x0000, 0x0000, 0x0000, 0x0000, 0x0000, 0x0000, 0x0000, 0x0000, 0x0000, 0x0000, 0x0000,
    0x0000, 0x0000, 0x0000, 0x0000, 0x0000, 0x0000, 0x0000, 0x0000, 0x0000, 0x0000, 0x0000, 0x0000,
    0x0000, 0x0000, 0x0000, 0x0000, 0x0000, 0x0000, 0x0000, 0x0000, 0x0000, 0x0000, 0x0000, 0x0000,
    0x0000, 0x0000, 0x0000, 0x0000, 0x0000, 0x0000, 0x0000, 0x0000, 0x0000, 0x0000, 0x0000, 0x0000,
    0x0000, 0x0000, 0x0000, 0x0000, 0x0000, 0x0000, 0x0000, 0x0000, 0x0000, 0x0000, 0x0000, 0x0000,
    0x0000, 0x0000, 0x0000, 0x0000, 0x0000, 0x0000, 0x0000, 0x0000, 0x0000, 0x0000, 0x0000, 0x0000,
    0x0000, 0x0000, 0x0000, 0x0000, 0x0000, 0x0000, 0x0000, 0x0000, 0x0000, 0x0000, 0x0000, 0x0000,
    0x0000, 0x0000, 0xB5B6, 0xFFDF, 0xFFFF, 0xFFFF, 0xFFFF, 0xFFFF, 0xFFFF, 0xFFFF, 0xFFFF, 0xFFFF,
    0xFFFF, 0xFFFF, 0xFFFF, 0xFFFF, 0xFFFF, 0xFFFF, 0xFFFF, 0xFFFF, 0xFFFF, 0xD6DB, 0x8430, 0x0000,
    0x4228, 0x73AE, 0x4A69, 0x0841, 0x0000, 0x0000, 0x0000, 0x0000, 0x0000, 0x0000, 0x0000, 0x0000,
    0x0000, 0x0000, 0x0000, 0x0000, 0x0000, 0x0000, 0x0000, 0x0000, 0x0000, 0x0000, 0x0000, 0x0000,
    0x0000, 0x0000, 0x0000, 0x0000, 0x0000, 0x0000, 0x0000, 0x0000, 0x0000, 0x0000, 0x0000, 0x0000,
    0x0000, 0x0000, 0x0000, 0x0000, 0x0000, 0x0000, 0x0000, 0x0000, 0x0000, 0x0000, 0x0000, 0x0000,
    0x0000, 0x0000, 0x0000, 0x0000, 0x0000, 0x0000, 0x0000, 0x0000, 0x0000, 0x0000, 0x0000, 0x0000,
    0x0000, 0x0000, 0x0000, 0x0000, 0x0000, 0x0000, 0x0000, 0x0000, 0x0000, 0x0000, 0x0000, 0x0000,
    0x0000, 0x0000, 0x0000, 0x0000, 0x0000, 0x0000, 0x0000, 0x0000, 0x0000, 0x0000, 0x0000, 0x0000,
    0x0000, 0x0000, 0x0000, 0x0000, 0x0000, 0x0000, 0x0000, 0x0000, 0x0000, 0x0000, 0x0000, 0x0000,
    0x0000, 0x0000, 0x0000, 0x0000, 0x0000, 0x0000, 0x0000, 0x0000, 0x0000, 0x0000, 0x0000, 0x0000,
    0x0000, 0x0000, 0x0000, 0x0000, 0x0000, 0x0000, 0x0000, 0x0000, 0x0000, 0x0000, 0x0000, 0x0000,
    0x0000, 0x0000, 0x0000, 0x0000, 0x0000, 0x0000, 0x0000, 0x0000, 0x0000, 0x0000, 0x0000, 0x0000,
    0x0000, 0x0000, 0x0000, 0x0000, 0x0000, 0x0000, 0x0000, 0x0000, 0x0000, 0x0000, 0x0000, 0x0000,
    0x0000, 0x0000, 0x0000, 0x0000, 0x0000, 0x0000, 0x0000, 0x0000, 0x0000, 0x0000, 0x0000, 0x0000,
    0x0000, 0x0000, 0x0000, 0x0000, 0x0000, 0x0000, 0x0000, 0x0000, 0x0000, 0x0000, 0x0000, 0x0000,
    0x0000, 0x0000, 0xC618, 0xFFFF, 0xFFFF, 0xFFFF, 0xFFFF, 0xFFFF, 0xFFFF, 0xFFFF, 0xFFFF, 0xFFFF,
    0xFFFF, 0xFFFF, 0xFFFF, 0xFFFF, 0xFFFF, 0xFFFF, 0xFFFF, 0xFFFF, 0xFFFF, 0xF7DF, 0xD6DB, 0x6B6D,
    0xC638, 0xDEFB, 0xAD96, 0x4228, 0x0000, 0x0000, 0x0000, 0x0000, 0x0000, 0x0000, 0x0000, 0x0000,
    0x0000, 0x0000, 0x0000, 0x0000, 0x0000, 0x0000, 0x0000, 0x0000, 0x0000, 0x0000, 0x0000, 0x0000,
    0x0000, 0x0000, 0x0000, 0x0000, 0x0000, 0x0000, 0x0000, 0x0000, 0x0000, 0x0000, 0x0000, 0x0000,
    0x0000, 0x0000, 0x0000, 0x0000, 0x0000, 0x0000, 0x0000, 0x0000, 0x0000, 0x0000, 0x0000, 0x0000,
    0x0000, 0x0000, 0x0000, 0x0000, 0x0000, 0x0000, 0x0000, 0x0000, 0x0000, 0x0000, 0x0000, 0x0000,
    0x0000, 0x0000, 0x0000, 0x0000, 0x0000, 0x0000, 0x0000, 0x0000, 0x0000, 0x0000, 0x0000, 0x0000,
    0x0000, 0x0000, 0x0000, 0x0000, 0x0000, 0x0000, 0x0000, 0x0000, 0x0000, 0x0000, 0x0000, 0x0000,
    0x0000, 0x0000, 0x0000, 0x0000, 0x0000, 0x0000, 0x0000, 0x0000, 0x0000, 0x0000, 0x0000, 0x0000,
    0x0000, 0x0000, 0x0000, 0x0000, 0x0000, 0x0000, 0x0000, 0x0000, 0x0000, 0x0000, 0x0000, 0x0000,
    0x0000, 0x0000, 0x0000, 0x0000, 0x0000, 0x0000, 0x0000, 0x0000, 0x0000, 0x0000, 0x0000, 0x0000,
    0x0000, 0x0000, 0x0000, 0x0000, 0x0000, 0x0000, 0x0000, 0x0000, 0x0000, 0x0000, 0x0000, 0x0000,
    0x0000, 0x0000, 0x0000, 0x0000, 0x0000, 0x0000, 0x0000, 0x0000, 0x0000, 0x0000, 0x0000, 0x0000,
    0x0000, 0x0000, 0x0000, 0x0000, 0x0000, 0x0000, 0x0000, 0x0000, 0x0000, 0x0000, 0x0000, 0x0000,
    0x0000, 0x0000, 0x0000, 0x0000, 0x0000, 0x0000, 0x0000, 0x0000, 0x0000, 0x0000, 0x0000, 0x0000,
    0x39E7, 0xA514, 0xFFFF, 0xFFFF, 0xFFFF, 0xFFFF, 0xFFFF, 0xFFFF, 0xFFFF, 0xFFFF, 0xFFFF, 0xFFDF,
    0xFFFF, 0xF7DF, 0xFFFF, 0xFFFF, 0xFFFF, 0xFFFF, 0xFFFF, 0xFFFF, 0xFFFF, 0xFFFF, 0xFFFF, 0xFFFF,
    0xFFFF, 0xFFFF, 0xF7BE, 0xBDD7, 0x0000, 0x0000, 0x0000, 0x0000, 0x0000, 0x0000, 0x0000, 0x0000,
    0x0000, 0x0000, 0x0000, 0x0000, 0x0000, 0x0000, 0x0000, 0x0000, 0x0000, 0x0000, 0x0000, 0x0000,
    0x0000, 0x0000, 0x0000, 0x0000, 0x0000, 0x0000, 0x0000, 0x0000, 0x0000, 0x0000, 0x0000, 0x0000,
    0x0000, 0x0000, 0x0000, 0x0000, 0x0000, 0x0000, 0x0000, 0x0000, 0x0000, 0x0000, 0x0000, 0x0000,
    0x0000, 0x0000, 0x0000, 0x0000, 0x0000, 0x0000, 0x0000, 0x0000, 0x0000, 0x0000, 0x0000, 0x0000,
    0x0000, 0x0000, 0x0000, 0x0000, 0x0000, 0x0000, 0x0000, 0x0000, 0x0000, 0x0000, 0x0000, 0x0000,
    0x0000, 0x0000, 0x0000, 0x0000, 0x0000, 0x0000, 0x0000, 0x0000, 0x0000, 0x0000, 0x0000, 0x0000,
    0x0000, 0x0000, 0x0000, 0x0000, 0x0000, 0x0000, 0x0000, 0x0000, 0x0000, 0x0000, 0x0000, 0x0000,
    0x0000, 0x0000, 0x0000, 0x0000, 0x0000, 0x0000, 0x0000, 0x0000, 0x0000, 0x0000, 0x0000, 0x0000,
    0x0000, 0x0000, 0x0000, 0x0000, 0x0000, 0x0000, 0x0000, 0x0000, 0x0000, 0x0000, 0x0000, 0x0000,
    0x0000, 0x0000, 0x0000, 0x0000, 0x0000, 0x0000, 0x0000, 0x0000, 0x0000, 0x0000, 0x0000, 0x0000,
    0x0000, 0x0000, 0x0000, 0x0000, 0x0000, 0x0000, 0x0000, 0x0000, 0x0000, 0x0000, 0x0000, 0x0000,
    0x0000, 0x0000, 0x0000, 0x0000, 0x0000, 0x0000, 0x0000, 0x0000, 0x0000, 0x0000, 0x0000, 0x0000,
    0x0000, 0x0000, 0x0000, 0x0000, 0x0000, 0x0000, 0x0000, 0x0000, 0x2945, 0x18E3, 0x0000, 0x0000,
    0x8C71, 0xF7BE, 0xFFFF, 0xFFFF, 0xFFFF, 0xFFFF, 0xFFFF, 0xFFFF, 0xFFFF, 0xDEDB, 0xCE79, 0xA514,
    0xA534, 0xBDD7, 0xAD75, 0xEF5D, 0xFFFF, 0xFFFF, 0xFFFF, 0xFFFF, 0xFFFF, 0xFFFF, 0xFFFF, 0xFFFF,
    0xFFFF, 0xFFFF, 0xFFFF, 0xE71C, 0x0861, 0x0000, 0x0000, 0x0000, 0x0000, 0x0000, 0x0000, 0x0000,
    0x0000, 0x0000, 0x0000, 0x0000, 0x0000, 0x0000, 0x0000, 0x0000, 0x0000, 0x0000, 0x0000, 0x0000,
    0x0000, 0x0000, 0x0000, 0x0000, 0x0000, 0x0000, 0x0000, 0x0000, 0x0000, 0x0000, 0x0000, 0x0000,
    0x0000, 0x0000, 0x0000, 0x0000, 0x0000, 0x0000, 0x0000, 0x0000, 0x0000, 0x0000, 0x0000, 0x0000,
    0x0000, 0x0000, 0x0000, 0x0000, 0x0000, 0x0000, 0x0000, 0x0000, 0x0000, 0x0000, 0x0000, 0x0000,
    0x0000, 0x0000, 0x0000, 0x0000, 0x0000, 0x0000, 0x0000, 0x0000, 0x0000, 0x0000, 0x0000, 0x0000,
    0x0000, 0x0000, 0x0000, 0x0000, 0x0000, 0x0000, 0x0000, 0x0000, 0x0000, 0x0000, 0x0000, 0x0000,
    0x0000, 0x0000, 0x0000, 0x0000, 0x0000, 0x0000, 0x0000, 0x0000, 0x0000, 0x0000, 0x0000, 0x0000,
    0x0000, 0x0000, 0x0000, 0x0000, 0x0000, 0x0000, 0x0000, 0x0000, 0x0000, 0x0000, 0x0000, 0x0000,
    0x0000, 0x0000, 0x0000, 0x0000, 0x0000, 0x0000, 0x0000, 0x0000, 0x0000, 0x0000, 0x0000, 0x0000,
    0x0000, 0x0000, 0x0000, 0x0000, 0x0000, 0x0000, 0x0000, 0x0000, 0x0000, 0x0000, 0x0000, 0x0000,
    0x0000, 0x0000, 0x0000, 0x0000, 0x0000, 0x0000, 0x0000, 0x0000, 0x0000, 0x0000, 0x0000, 0x0000,
    0x0000, 0x0000, 0x0000, 0x0000, 0x0000, 0x0000, 0x0000, 0x0000, 0x0000, 0x0000, 0x0000, 0x0000,
    0x0000, 0x0000, 0x0000, 0x0000, 0x0000, 0x0000, 0x0000, 0x0000, 0xEF5D, 0xEF5D, 0xC639, 0xC638,
    0xFFDF, 0xFFFF, 0xFFFF, 0xFFFF, 0xFFFF, 0xFFFF, 0xFFFF, 0xEF5D, 0x7BEF, 0x0000, 0x0000, 0x0000,
    0x0000, 0x0000, 0x0000, 0x10A2, 0x5AEB, 0xDF1C, 0xFFDF, 0xFFFF, 0xFFFF, 0xFFFF, 0xFFFF, 0xFFFF,
    0xFFFF, 0xFFFF, 0xFFFF, 0xFFFF, 0x9CF3, 0x2945, 0x0000, 0x0000, 0x0000, 0x0000, 0x0000, 0x0000,
    0x0000, 0x0000, 0x0000, 0x0000, 0x0000, 0x0000, 0x0000, 0x0000, 0x0000, 0x0000, 0x0000, 0x0000,
    0x0000, 0x0000, 0x0000, 0x0000, 0x0000, 0x0000, 0x0000, 0x0000, 0x0000, 0x0000, 0x0000, 0x0000,
    0x0000, 0x0000, 0x0000, 0x0000, 0x0000, 0x0000, 0x0000, 0x0000, 0x0000, 0x0000, 0x0000, 0x0000,
    0x0000, 0x0000, 0x0000, 0x0000, 0x0000, 0x0000, 0x0000, 0x0000, 0x0000, 0x0000, 0x0000, 0x0000,
    0x0000, 0x0000, 0x0000, 0x0000, 0x0000, 0x0000, 0x0000, 0x0000, 0x0000, 0x0000, 0x0000, 0x0000,
    0x0000, 0x0000, 0x0000, 0x0000, 0x0000, 0x0000, 0x0000, 0x0000, 0x0000, 0x0000, 0x0000, 0x0000,
    0x0000, 0x0000, 0x0000, 0x0000, 0x0000, 0x0000, 0x0000, 0x0000, 0x0000, 0x0000, 0x0000, 0x0000,
    0x0000, 0x0000, 0x0000, 0x0000, 0x0000, 0x0000, 0x0000, 0x0000, 0x0000, 0x0000, 0x0000, 0x0000,
    0x0000, 0x0000, 0x0000, 0x0000, 0x0000, 0x0000, 0x0000, 0x0000, 0x0000, 0x0000, 0x0000, 0x0000,
    0x0000, 0x0000, 0x0000, 0x0000, 0x0000, 0x0000, 0x0000, 0x0000, 0x0000, 0x0000, 0x0000, 0x0000,
    0x0000, 0x0000, 0x0000, 0x0000, 0x0000, 0x0000, 0x0000, 0x0000, 0x0000, 0x0000, 0x0000, 0x0000,
    0x0000, 0x0000, 0x0000, 0x0000, 0x0000, 0x0000, 0x0000, 0x0000, 0x0000, 0x0000, 0x0000, 0x0000,
    0x0000, 0x0000, 0x0000, 0x0000, 0x0000, 0x0000, 0x0000, 0x0000, 0xFFFF, 0xFFFF, 0xFFFF, 0xFFDF,
    0xFFFF, 0xFFFF, 0xFFFF, 0xFFFF, 0xFFFF, 0xFFFF, 0xDF1C, 0x94B3, 0x0000, 0x0000, 0x0000, 0x0000,
    0x0000, 0x0000, 0x0000, 0x0000, 0x0000, 0x8C92, 0xD6DB, 0xFFFF, 0xFFFF, 0xFFFF, 0xFFFF, 0xFFFF,
    0xFFFF, 0xFFFF, 0xFFFF, 0xFFFF, 0xBDF8, 0x4208, 0x0000, 0x0000, 0x0000, 0x0000, 0x0000, 0x0000,
    0x0000, 0x0000, 0x0000, 0x0000, 0x0000, 0x0000, 0x0000, 0x0000, 0x0000, 0x0000, 0x0000, 0x0000,
    0x0000, 0x0000, 0x0000, 0x0000, 0x0000, 0x0000, 0x0000, 0x0000, 0x0000, 0x0000, 0x0000, 0x0000,
    0x0000, 0x0000, 0x0000, 0x0000, 0x0000, 0x0000, 0x0000, 0x0000, 0x0000, 0x0000, 0x0000, 0x0000,
    0x0000, 0x0000, 0x0000, 0x0000, 0x0000, 0x0000, 0x0000, 0x0000, 0x0000, 0x0000, 0x0000, 0x0000,
    0x0000, 0x0000, 0x0000, 0x0000, 0x0000, 0x0000, 0x0000, 0x0000, 0x0000, 0x0000, 0x0000, 0x0000,
    0x0000, 0x0000, 0x0000, 0x0000, 0x0000, 0x0000, 0x0000, 0x0000, 0x0000, 0x0000, 0x0000, 0x0000,
    0x0000, 0x0000, 0x0000, 0x0000, 0x0000, 0x0000, 0x0000, 0x0000, 0x0000, 0x0000, 0x0000, 0x0000,
    0x0000, 0x0000, 0x0000, 0x0000, 0x0000, 0x0000, 0x0000, 0x0000, 0x0000, 0x0000, 0x0000, 0x0000,
    0x0000, 0x0000, 0x0000, 0x0000, 0x0000, 0x0000, 0x0000, 0x0000, 0x0000, 0x0000, 0x0000, 0x0000,
    0x0000, 0x0000, 0x0000, 0x0000, 0x0000, 0x0000, 0x0000, 0x0000, 0x0000, 0x0000, 0x0000, 0x0000,
    0x0000, 0x0000, 0x0000, 0x0000, 0x0000, 0x0000, 0x0000, 0x0000, 0x0000, 0x0000, 0x0000, 0x0000,
    0x0000, 0x0000, 0x0000, 0x0000, 0x0000, 0x0000, 0x0000, 0x0000, 0x0000, 0x0000, 0x0000, 0x0000,
    0x0000, 0x0000, 0x0000, 0x0000, 0x0000, 0x0000, 0x0000, 0x4228, 0xFFFF, 0xFFFF, 0xFFFF, 0xFFFF,
    0xFFFF, 0xFFFF, 0xFFFF, 0xFFFF, 0xFFFF, 0xEF7D, 0x4208, 0x0000, 0x0000, 0x0000, 0x0000, 0x0000,
    0x0000, 0x0000, 0x0000, 0x0000, 0x0000, 0x0000, 0x3186, 0xE71C, 0xFFFF, 0xFFFF, 0xFFFF, 0xFFFF,
    0xFFFF, 0xFFFF, 0xFFDF, 0xE73D, 0x4A6A, 0x10A2, 0x0000, 0x0000, 0x0000, 0x0000, 0x0000, 0x0000,
    0x0000, 0x0000, 0x0000, 0x0000, 0x0000, 0x0000, 0x0000, 0x0000, 0x0000, 0x0000, 0x0000, 0x0000,
    0x0000, 0x0000, 0x0000, 0x0000, 0x0000, 0x0000, 0x0000, 0x0000, 0x0000, 0x0000, 0x0000, 0x0000,
    0x0000, 0x0000, 0x0000, 0x0000, 0x0000, 0x0000, 0x0000, 0x0000, 0x0000, 0x0000, 0x0000, 0x0000,
    0x0000, 0x0000, 0x0000, 0x0000, 0x0000, 0x0000, 0x0000, 0x0000, 0x0000, 0x0000, 0x0000, 0x0000,
    0x0000, 0x0000, 0x0000, 0x0000, 0x0000, 0x0000, 0x0000, 0x0000, 0x0000, 0x0000, 0x0000, 0x0000,
    0x0000, 0x0000, 0x0000, 0x0000, 0x0000, 0x0000, 0x0000, 0x0000, 0x0000, 0x0000, 0x0000, 0x0000,
    0x0000, 0x0000, 0x0000, 0x0000, 0x0000, 0x0000, 0x0000, 0x0000, 0x0000, 0x0000, 0x0000, 0x0000,
    0x0000, 0x0000, 0x0000, 0x0000, 0x0000, 0x0000, 0x0000, 0x0000, 0x0000, 0x0000, 0x0000, 0x0000,
    0x0000, 0x0000, 0x0000, 0x0000, 0x0000, 0x0000, 0x0000, 0x0000, 0x0000, 0x0000, 0x0000, 0x0000,
    0x0000, 0x0000, 0x0000, 0x0000, 0x0000, 0x0000, 0x0000, 0x0000, 0x0000, 0x0000, 0x0000, 0x0000,
    0x0000, 0x0000, 0x0000, 0x0000, 0x0000, 0x0000, 0x0000, 0x0000, 0x0000, 0x0000, 0x0000, 0x0000,
    0x0000, 0x0000, 0x0000, 0x0000, 0x0000, 0x0000, 0x0000, 0x0000, 0x0000, 0x0000, 0x0000, 0x0000,
    0x0000, 0x0000, 0x0000, 0x0000, 0x0000, 0x0000, 0x0000, 0x8431, 0xFFFF, 0xFFFF, 0xFFFF, 0xFFFF,
    0xFFFF, 0xFFFF, 0xFFFF, 0xFFFF, 0xF7DF, 0xBDD7, 0x0000, 0x0000, 0x0000, 0x0000, 0x0000, 0x0000,
    0x0000, 0x0000, 0x0000, 0x0000, 0x0000, 0x0000, 0x0020, 0xAD96, 0xF7BE, 0xFFFF, 0xFFFF, 0xFFFF,
    0xFFFF, 0xFFFF, 0xE71C, 0x9CF3, 0x0000, 0x0000, 0x0000, 0x0000, 0x0000, 0x0000, 0x0000, 0x0000,
    0x0000, 0x0000, 0x0000, 0x0000, 0x0000, 0x0000, 0x0000, 0x0000, 0x0000, 0x0000, 0x0000, 0x0000,
    0x0000, 0x0000, 0x0000, 0x0000, 0x0000, 0x0000, 0x0000, 0x0000, 0x0000, 0x0000, 0x0000, 0x0000,
    0x0000, 0x0000, 0x0000, 0x0000, 0x0000, 0x0000, 0x0000, 0x0000, 0x0000, 0x0000, 0x0000, 0x0000,
    0x0000, 0x0000, 0x0000, 0x0000, 0x0000, 0x0000, 0x0000, 0x0000, 0x0000, 0x0000, 0x0000, 0x0000,
    0x0000, 0x0000, 0x0000, 0x0000, 0x0000, 0x0000, 0x0000, 0x0000, 0x0000, 0x0000, 0x0000, 0x0000,
    0x0000, 0x0000, 0x0000, 0x0000, 0x0000, 0x0000, 0x0000, 0x0000, 0x0000, 0x0000, 0x0000, 0x0000,
    0x0000, 0x0000, 0x0000, 0x0000, 0x0000, 0x0000, 0x0000, 0x0000, 0x0000, 0x0000, 0x0000, 0x0000,
    0x0000, 0x0000, 0x0000, 0x0000, 0x0000, 0x0000, 0x0000, 0x0000, 0x0000, 0x0000, 0x0000, 0x0000,
    0x0000, 0x0000, 0x0000, 0x0000, 0x0000, 0x0000, 0x0000, 0x0000, 0x0000, 0x0000, 0x0000, 0x0000,
    0x0000, 0x0000, 0x0000, 0x0000, 0x0000, 0x0000, 0x0000, 0x0000, 0x0000, 0x0000, 0x0000, 0x0000,
    0x0000, 0x0000, 0x0000, 0x0000, 0x0000, 0x0000, 0x0000, 0x0000, 0x0000, 0x0000, 0x0000, 0x0000,
    0x0000, 0x0000, 0x0000, 0x0000, 0x0000, 0x0000, 0x0000, 0x0000, 0x0000, 0x0000, 0x0000, 0x0000,
    0x0000, 0x0000, 0x0000, 0x0000, 0x0000, 0x0000, 0x2104, 0xE71C, 0xFFFF, 0xFFFF, 0xFFFF, 0xFFFF,
    0xFFFF, 0xFFFF, 0xFFFF, 0xFFFF, 0xD6BA, 0x10A2, 0x0000, 0x0000, 0x0000, 0x0000, 0x0000, 0x0000,
    0x0000, 0x0000, 0x0000, 0x0000, 0x0000, 0x0000, 0x0000, 0x10A2, 0x94B3, 0xFFFF, 0xFFFF, 0xFFFF,
    0xFFFF, 0xFFFF, 0x73AE, 0x0841, 0x0000, 0x0000, 0x0000, 0x0000, 0x0000, 0x0000, 0x0000, 0x0000,
    0x0000, 0x0000, 0x0000, 0x0000, 0x0000, 0x0000, 0x0000, 0x0000, 0x0000, 0x0000, 0x0000, 0x0000,
    0x0000, 0x0000, 0x0000, 0x0000, 0x0000, 0x0000, 0x0000, 0x0000, 0x0000, 0x0000, 0x0000, 0x0000,
    0x0000, 0x0000, 0x0000, 0x0000, 0x0000, 0x0000, 0x0000, 0x0000, 0x0000, 0x0000, 0x0000, 0x0000,
    0x0000, 0x0000, 0x0000, 0x0000, 0x0000, 0x0000, 0x0000, 0x0000, 0x0000, 0x0000, 0x0000, 0x0000,
    0x0000, 0x0000, 0x0000, 0x0000, 0x0000, 0x0000, 0x0000, 0x0000, 0x0000, 0x0000, 0x0000, 0x0000,
    0x0000, 0x0000, 0x0000, 0x0000, 0x0000, 0x0000, 0x0000, 0x0000, 0x0000, 0x0000, 0x0000, 0x0000,
    0x0000, 0x0000, 0x0000, 0x0000, 0x0000, 0x0000, 0x0000, 0x0000, 0x0000, 0x0000, 0x0000, 0x0000,
    0x0000, 0x0000, 0x0000, 0x0000, 0x0000, 0x0000, 0x0000, 0x0000, 0x0000, 0x0000, 0x0000, 0x0000,
    0x0000, 0x0000, 0x0000, 0x0000, 0x0000, 0x0000, 0x0000, 0x0000, 0x0000, 0x0000, 0x0000, 0x0000,
    0x0000, 0x0000, 0x0000, 0x0000, 0x0000, 0x0000, 0x0000, 0x0000, 0x0000, 0x0000, 0x0000, 0x0000,
    0x0000, 0x0000, 0x0000, 0x0000, 0x0000, 0x0000, 0x0000, 0x0000, 0x0000, 0x0000, 0x0000, 0x0000,
    0x0000, 0x0000, 0x0000, 0x0000, 0x0000, 0x0000, 0x0000, 0x0000, 0x0000, 0x0000, 0x0000, 0x0000,
    0x0000, 0x0000, 0x0000, 0x0000, 0x0000, 0x0000, 0x630C, 0xC638, 0xF79E, 0xFFDF, 0xFFFF, 0xFFFF,
    0xFFFF, 0xFFFF, 0xFFFF, 0xFFFF, 0x7BCF, 0x0000, 0x0000, 0x0000, 0x0000, 0x0000, 0x0000, 0x0000,
    0x0000, 0x0000, 0x0000, 0x0000, 0x0000, 0x0000, 0x0000, 0x0000, 0x3A08, 0xF7DF, 0xFFFF, 0xFFFF,
    0xFFFF, 0xFFFF, 0xB5B6, 0x18C3, 0x0000, 0x0000, 0x0000, 0x0000, 0x0000, 0x0000, 0x0000, 0x0000,
    0x0000, 0x0000, 0x0000, 0x0000, 0x0000, 0x0000, 0x0000, 0x0000, 0x0000, 0x0000, 0x0000, 0x0000,
    0x0000, 0x0000, 0x0000, 0x0000, 0x0000, 0x0000, 0x0000, 0x0000, 0x0000, 0x0000, 0x0000, 0x0000,
    0x0000, 0x0000, 0x0000, 0x0000, 0x0000, 0x0000, 0x0000, 0x0000, 0x0000, 0x0000, 0x0000, 0x0000,
    0x0000, 0x0000, 0x0000, 0x0000, 0x0000, 0x0000, 0x0000, 0x0000, 0x0000, 0x0000, 0x0000, 0x0000,
    0x0000, 0x0000, 0x0000, 0x0000, 0x0000, 0x0000, 0x0000, 0x0000, 0x0000, 0x0000, 0x0000, 0x0000,
    0x0000, 0x0000, 0x0000, 0x0000, 0x0000, 0x0000, 0x0000, 0x0000, 0x0000, 0x0000, 0x0000, 0x0000,
    0x0000, 0x0000, 0x0000, 0x0000, 0x0000, 0x0000, 0x0000, 0x0000, 0x0000, 0x0000, 0x0000, 0x0000,
    0x0000, 0x0000, 0x0000, 0x0000, 0x0000, 0x0000, 0x0000, 0x0000, 0x0000, 0x0000, 0x0000, 0x0000,
    0x0000, 0x0000, 0x0000, 0x0000, 0x0000, 0x0000, 0x0000, 0x0000, 0x0000, 0x0000, 0x0000, 0x0000,
    0x0000, 0x0000, 0x0000, 0x0000, 0x0000, 0x0000, 0x0000, 0x0000, 0x0000, 0x0000, 0x0000, 0x0000,
    0x0000, 0x0000, 0x0000, 0x0000, 0x0000, 0x0000, 0x0000, 0x0000, 0x0000, 0x0000, 0x0000, 0x0000,
    0x0000, 0x0000, 0x0000, 0x0000, 0x0000, 0x0000, 0x0000, 0x0000, 0x0000, 0x0000, 0x0000, 0x0000,
    0x0000, 0x0000, 0x0000, 0x0000, 0x0000, 0x0000, 0x0000, 0x0000, 0x9D14, 0xDEDB, 0xFFFF, 0xFFFF,
    0xFFFF, 0xFFFF, 0xFFFF, 0xFFFF, 0x39C7, 0x0000, 0x0000, 0x0000, 0x0000, 0x0000, 0x0000, 0x0000,
    0x0000, 0x0000, 0x0000, 0x0000, 0x0000, 0x0000, 0x0000, 0x0000, 0x4228, 0xFFDF, 0xFFFF, 0xFFFF,
    0xFFFF, 0xFFFF, 0xB5D7, 0x4A49, 0x0000, 0x0000, 0x0000, 0x0000, 0x0000, 0x0000, 0x0000, 0x0000,
    0x0000, 0x0000, 0x0000, 0x0000, 0x0000, 0x0000, 0x0000, 0x0000, 0x0000, 0x0000, 0x0000, 0x0000,
    0x0000, 0x0000, 0x0000, 0x0000, 0x0000, 0x0000, 0x0000, 0x0000, 0x0000, 0x0000, 0x0000, 0x0000,
    0x0000, 0x0000, 0x0000, 0x0000, 0x0000, 0x0000, 0x0000, 0x0000, 0x0000, 0x0000, 0x0000, 0x0000,
    0x0000, 0x0000, 0x0000, 0x0000, 0x0000, 0x0000, 0x0000, 0x0000, 0x0000, 0x0000, 0x0000, 0x0000,
    0x0000, 0x0000, 0x0000, 0x0000, 0x0000, 0x0000, 0x0000, 0x0000, 0x0000, 0x0000, 0x0000, 0x0000,
    0x0000, 0x0000, 0x0000, 0x0000, 0x0000, 0x0000, 0x0000, 0x0000, 0x0000, 0x0000, 0x0000, 0x0000,
    0x0000, 0x0000, 0x0000, 0x0000, 0x0000, 0x0000, 0x0000, 0x0000, 0x0000, 0x0000, 0x0000, 0x0000,
    0x0000, 0x0000, 0x0000, 0x0000, 0x0000, 0x0000, 0x0000, 0x0000, 0x0000, 0x0000, 0x0000, 0x0000,
    0x0000, 0x0000, 0x0000, 0x0000, 0x0000, 0x0000, 0x0000, 0x0000, 0x0000, 0x0000, 0x0000, 0x0000,
    0x0000, 0x0000, 0x0000, 0x0000, 0x0000, 0x0000, 0x0000, 0x0000, 0x0000, 0x0000, 0x0000, 0x0000,
    0x0000, 0x0000, 0x0000, 0x0000, 0x0000, 0x0000, 0x0000, 0x0000, 0x0000, 0x0000, 0x0000, 0x0000,
    0x0000, 0x0000, 0x0000, 0x0000, 0x0000, 0x0000, 0x0000, 0x0000, 0x0000, 0x0000, 0x0000, 0x0000,
    0x0000, 0x0000, 0x0000, 0x0000, 0x0000, 0x0000, 0x0000, 0x0000, 0x0000, 0x2124, 0xFFDF, 0xFFFF,
    0xFFFF, 0xFFFF, 0xFFFF, 0xFFFF, 0x5AEC, 0x0000, 0x0000, 0x0000, 0x0000, 0x0000, 0x0000, 0x0000,
    0x0000, 0x0000, 0x0000, 0x0000, 0x0000, 0x0000, 0x0000, 0x0000, 0x0000, 0xFFDF, 0xFFFF, 0xFFFF,
    0xFFFF, 0xFFFF, 0xC659, 0x4249, 0x0000, 0x0000, 0x0000, 0x0000, 0x0000, 0x0000, 0x0000, 0x0000,
    0x0000, 0x0000, 0x0000, 0x0000, 0x0000, 0x0000, 0x0000, 0x0000, 0x0000, 0x0000, 0x0000, 0x0000,
    0x0000, 0x0000, 0x0000, 0x0000, 0x0000, 0x0000, 0x0000, 0x0000, 0x0000, 0x0000, 0x0000, 0x0000,
    0x0000, 0x0000, 0x0000, 0x0000, 0x0000, 0x0000, 0x0000, 0x0000, 0x0000, 0x0000, 0x0000, 0x0000,
    0x0000, 0x0000, 0x0000, 0x0000, 0x0000, 0x0000, 0x0000, 0x0000, 0x0000, 0x0000, 0x0000, 0x0000,
    0x0000, 0x0000, 0x0000, 0x0000, 0x0000, 0x0000, 0x0000, 0x0000, 0x0000, 0x0000, 0x0000, 0x0000,
    0x0000, 0x0000, 0x0000, 0x0000, 0x0000, 0x0000, 0x0000, 0x0000, 0x0000, 0x0000, 0x0000, 0x0000,
    0x0000, 0x0000, 0x0000, 0x0000, 0x0000, 0x0000, 0x0000, 0x0000, 0x0000, 0x0000, 0x0000, 0x0000,
    0x0000, 0x0000, 0x0000, 0x0000, 0x0000, 0x0000, 0x0000, 0x0000, 0x0000, 0x0000, 0x0000, 0x0000,
    0x0000, 0x0000, 0x0000, 0x0000, 0x0000, 0x0000, 0x0000, 0x0000, 0x0000, 0x0000, 0x0000, 0x0000,
    0x0000, 0x0000, 0x0000, 0x0000, 0x0000, 0x0000, 0x0000, 0x0000, 0x0000, 0x0000, 0x0000, 0x0000,
    0x0000, 0x0000, 0x0000, 0x0000, 0x0000, 0x0000, 0x0000, 0x0000, 0x0000, 0x0000, 0x0000, 0x0000,
    0x0000, 0x0000, 0x0000, 0x0000, 0x0000, 0x0000, 0x0000, 0x0000, 0x0000, 0x0000, 0x0000, 0x0000,
    0x0000, 0x0000, 0x0000, 0x0000, 0x0000, 0x0000, 0x0000, 0x0000, 0x0000, 0x0000, 0xFFFF, 0xFFFF,
    0xFFFF, 0xFFFF, 0xFFFF, 0xFFFF, 0x5ACB, 0x0000, 0x0000, 0x0000, 0x0000, 0x0000, 0x0000, 0x0000,
    0x0000, 0x0000, 0x0000, 0x0000, 0x0000, 0x0000, 0x0000, 0x0000, 0x2986, 0xF7DF, 0xFFFF, 0xFFFF,
    0xFFFF, 0xFFFF, 0xDEFB, 0x9CF3, 0x4A69, 0x2104, 0x0000, 0x0000, 0x0000, 0x0000, 0x0000, 0x0000,
    0x0000, 0x0000, 0x0000, 0x0000, 0x0000, 0x0000, 0x0000, 0x0000, 0x0000, 0x0000, 0x0000, 0x0000,
    0x0000, 0x0000, 0x0000, 0x0000, 0x0000, 0x0000, 0x0000, 0x0000, 0x0000, 0x0000, 0x0000, 0x0000,
    0x0000, 0x0000, 0x0000, 0x0000, 0x0000, 0x0000, 0x0000, 0x0000, 0x0000, 0x0000, 0x0000, 0x0000,
    0x0000, 0x0000, 0x0000, 0x0000, 0x0000, 0x0000, 0x0000, 0x0000, 0x0000, 0x0000, 0x0000, 0x0000,
    0x0000, 0x0000, 0x0000, 0x0000, 0x0000, 0x0000, 0x0000, 0x0000, 0x0000, 0x0000, 0x0000, 0x0000,
    0x0000, 0x0000, 0x0000, 0x0000, 0x0000, 0x0000, 0x0000, 0x0000, 0x0000, 0x0000, 0x0000, 0x0000,
    0x0000, 0x0000, 0x0000, 0x0000, 0x0000, 0x0000, 0x0000, 0x0000, 0x0000, 0x0000, 0x0000, 0x0000,
    0x0000, 0x0000, 0x0000, 0x0000, 0x0000, 0x0000, 0x0000, 0x0000, 0x0000, 0x0000, 0x0000, 0x0000,
    0x0000, 0x0000, 0x0000, 0x0000, 0x0000, 0x0000, 0x0000, 0x0000, 0x0000, 0x0000, 0x0000, 0x0000,
    0x0000, 0x0000, 0x0000, 0x0000, 0x0000, 0x0000, 0x0000, 0x0000, 0x0000, 0x0000, 0x0000, 0x0000,
    0x0000, 0x0000, 0x0000, 0x0000, 0x0000, 0x0000, 0x0000, 0x0000, 0x0000, 0x0000, 0x0000, 0x0000,
    0x0000, 0x0000, 0x0000, 0x0000, 0x0000, 0x0000, 0x0000, 0x0000, 0x0000, 0x0000, 0x0000, 0x0000,
    0x0000, 0x0000, 0x0000, 0x0000, 0x0000, 0x0000, 0x0000, 0x0000, 0x0000, 0x0020, 0xEF5D, 0xFFFF,
    0xFFFF, 0xFFFF, 0xFFFF, 0xFFFF, 0x8410, 0x0000, 0x0000, 0x0000, 0x0000, 0x0000, 0x0000, 0x0000,
    0x0000, 0x0000, 0x0000, 0x0000, 0x0000, 0x0000, 0x0000, 0x0000, 0x0861, 0xFFFF, 0xFFFF, 0xFFFF,
    0xFFFF, 0xFFFF, 0xFFFF, 0xFFFF, 0xF79E, 0xDEDB, 0x18E4, 0x0000, 0x0000, 0x0000, 0x0000, 0x0000,
    0x0000, 0x0000, 0x0000, 0x0000, 0x0000, 0x0000, 0x0000, 0x0000, 0x0000, 0x0000, 0x0000, 0x0000,
    0x0000, 0x0000, 0x0000, 0x0000, 0x0000, 0x0000, 0x0000, 0x0000, 0x0000, 0x0000, 0x0000, 0x0000,
    0x0000, 0x0000, 0x0000, 0x0000, 0x0000, 0x0000, 0x0000, 0x0000, 0x0000, 0x0000, 0x0000, 0x0000,
    0x0000, 0x0000, 0x0000, 0x0000, 0x0000, 0x0000, 0x0000, 0x0000, 0x0000, 0x0000, 0x0000, 0x0000,
    0x0000, 0x0000, 0x0000, 0x0000, 0x0000, 0x0000, 0x0000, 0x0000, 0x0000, 0x0000, 0x0000, 0x0000,
    0x0000, 0x0000, 0x0000, 0x0000, 0x0000, 0x0000, 0x0000, 0x0000, 0x0000, 0x0000, 0x0000, 0x0000,
    0x0000, 0x0000, 0x0000, 0x0000, 0x0000, 0x0000, 0x0000, 0x0000, 0x0000, 0x0000, 0x0020, 0x0020,
    0x0000, 0x0020, 0x0000, 0x0000, 0x0000, 0x0000, 0x0000, 0x0000, 0x0000, 0x0000, 0x0000, 0x0040,
    0x0842, 0x0001, 0x0060, 0x0022, 0x0821, 0x0041, 0x1001, 0x0000, 0x0000, 0x0000, 0x0000, 0x0000,
    0x0000, 0x0000, 0x0000, 0x0800, 0x0800, 0x0000, 0x0000, 0x0000, 0x0000, 0x0020, 0x0000, 0x0000,
    0x0000, 0x0000, 0x0000, 0x0000, 0x0000, 0x0000, 0x0000, 0x0000, 0x0000, 0x0000, 0x0000, 0x0000,
    0x0000, 0x0000, 0x0000, 0x0000, 0x0000, 0x0000, 0x0000, 0x0000, 0x0000, 0x0000, 0x0000, 0x0000,
    0x0000, 0x0000, 0x0000, 0x0000, 0x0000, 0x0000, 0x0000, 0x0000, 0x0000, 0x0000, 0xE71C, 0xFFFF,
    0xFFFF, 0xFFFF, 0xFFFF, 0xFFFF, 0xA534, 0x18C3, 0x0000, 0x0000, 0x0000, 0x0000, 0x0000, 0x0000,
    0x0000, 0x0000, 0x0000, 0x0000, 0x0000, 0x0000, 0x0000, 0x0000, 0x39E7, 0xFFFF, 0xFFFF, 0xFFFF,
    0xFFFF, 0xFFFF, 0xFFFF, 0xFFFF, 0xFFFF, 0xEF5D, 0x1082, 0x0000, 0x0000, 0x0000, 0x0000, 0x0000,
    0x0000, 0x0000, 0x0000, 0x0000, 0x0000, 0x0000, 0x0000, 0x0000, 0x0000, 0x0000, 0x0000, 0x0000,
    0x0000, 0x0000, 0x0000, 0x0000, 0x0000, 0x0000, 0x0000, 0x0000, 0x0000, 0x0000, 0x0000, 0x0000,
    0x0000, 0x0000, 0x0000, 0x0000, 0x0000, 0x0000, 0x0000, 0x0000, 0x0000, 0x0000, 0x0000, 0x0000,
    0x0000, 0x0000, 0x0000, 0x0000, 0x0000, 0x0000, 0x0000, 0x0000, 0x0000, 0x0000, 0x0000, 0x0000,
    0x0000, 0x0000, 0x0000, 0x0000, 0x0000, 0x0000, 0x0000, 0x0000, 0x0000, 0x0000, 0x0000, 0x0000,
    0x0000, 0x0000, 0x0000, 0x0000, 0x0000, 0x0000, 0x0000, 0x0000, 0x0000, 0x0000, 0x0000, 0x0000,
    0x0000, 0x0000, 0x0000, 0x0000, 0x0000, 0x0000, 0x0000, 0x0000, 0x0000, 0x0000, 0x0000, 0x0000,
    0x0000, 0x0000, 0x0000, 0x0000, 0x0000, 0x0000, 0x0000, 0x0000, 0x0000, 0x0000, 0x0000, 0x1801,
    0x0A20, 0x24C3, 0x2F87, 0x2763, 0x2C44, 0x0080, 0x0801, 0x0020, 0x0020, 0x0000, 0x0020, 0x0000,
    0x0000, 0x0000, 0x0000, 0x0020, 0x0021, 0x0000, 0x0000, 0x0000, 0x0000, 0x0000, 0x0000, 0x0000,
    0x0000, 0x0000, 0x0000, 0x0000, 0x0000, 0x0000, 0x0000, 0x0000, 0x0000, 0x0000, 0x0000, 0x0000,
    0x0000, 0x0000, 0x0000, 0x0000, 0x0000, 0x0000, 0x0000, 0x0000, 0x0000, 0x0000, 0x0000, 0x0000,
    0x0000, 0x0000, 0x0000, 0x0000, 0x0000, 0x0000, 0x0000, 0x0000, 0x0000, 0x4208, 0xE75D, 0xFFFF,
    0xFFFF, 0xFFFF, 0xFFFF, 0xFFFF, 0xEF7D, 0x94B2, 0x0000, 0x0000, 0x0000, 0x0000, 0x0000, 0x0000,
    0x0000, 0x0000, 0x0000, 0x0000, 0x0000, 0x0000, 0x0000, 0x8C51, 0xDEFB, 0xFFFF, 0xFFFF, 0xFFFF,
    0xFFFF, 0xFFFF, 0xFFFF, 0xFFFF, 0xFFFF, 0xC659, 0x0000, 0x0000, 0x0000, 0x0000, 0x0000, 0x0000,
    0x0000, 0x0000, 0x0000, 0x0000, 0x0000, 0x0000, 0x0000, 0x0000, 0x0000, 0x0000, 0x0000, 0x0000,
    0x0000, 0x0000, 0x0000, 0x0000, 0x0000, 0x0000, 0x0000, 0x0000, 0x0000, 0x0000, 0x0000, 0x0000,
    0x0000, 0x0000, 0x0000, 0x0000, 0x0000, 0x0000, 0x0000, 0x0000, 0x0000, 0x0000, 0x0000, 0x0000,
    0x0000, 0x0000, 0x0000, 0x0000, 0x0000, 0x0000, 0x0000, 0x0000, 0x0000, 0x0000, 0x0000, 0x0000,
    0x0000, 0x0000, 0x0000, 0x0000, 0x0000, 0x0000, 0x0000, 0x0000, 0x0000, 0x0000, 0x0000, 0x0000,
    0x0000, 0x0000, 0x0000, 0x0000, 0x0000, 0x0000, 0x0000, 0x0000, 0x0000, 0x0000, 0x0000, 0x0000,
    0x0000, 0x0000, 0x0000, 0x0000, 0x0000, 0x0000, 0x0000, 0x0000, 0x0000, 0x0000, 0x0000, 0x0020,
    0x0801, 0x0801, 0x0020, 0x0020, 0x0000, 0x0000, 0x0000, 0x0000, 0x0020, 0x0000, 0x0000, 0x1020,
    0x2604, 0x27A4, 0x17C0, 0x0FE0, 0x2FA3, 0x1362, 0x0882, 0x0000, 0x0020, 0x0000, 0x0000, 0x0000,
    0x0000, 0x0000, 0x0000, 0x0000, 0x0000, 0x0020, 0x0800, 0x1002, 0x0000, 0x0000, 0x0000, 0x0000,
    0x0000, 0x0000, 0x0000, 0x0000, 0x0000, 0x0000, 0x0000, 0x0000, 0x0000, 0x0000, 0x0000, 0x0000,
    0x0000, 0x0000, 0x0000, 0x0000, 0x0000, 0x0000, 0x0000, 0x0000, 0x0000, 0x0000, 0x0000, 0x0000,
    0x0000, 0x0000, 0x0000, 0x0000, 0x0000, 0x0000, 0x0000, 0x0000, 0x528A, 0xBDF7, 0xFFFF, 0xFFFF,
    0xFFFF, 0xFFFF, 0xFFFF, 0xFFFF, 0xFFFF, 0xDEDB, 0x0000, 0x0000, 0x0000, 0x0000, 0x0000, 0x0000,
    0x0000, 0x0000, 0x0000, 0x0000, 0x0000, 0x0000, 0x0000, 0xCE79, 0xFFDF, 0xFFFF, 0xFFFF, 0xFFFF,
    0xFFFF, 0xFFFF, 0xFFFF, 0xFFFF, 0xF7BE, 0xAD96, 0x0000, 0x0000, 0x0000, 0x0000, 0x0000, 0x0000,
    0x0000, 0x0000, 0x0000, 0x0000, 0x0000, 0x0000, 0x0000, 0x0000, 0x0000, 0x0000, 0x0000, 0x0000,
    0x0000, 0x0000, 0x0000, 0x0000, 0x0000, 0x0000, 0x0000, 0x0000, 0x0000, 0x0000, 0x0000, 0x0000,
    0x0000, 0x0000, 0x0000, 0x0000, 0x0000, 0x0000, 0x0000, 0x0000, 0x0000, 0x0000, 0x0000, 0x0000,
    0x0000, 0x0000, 0x0000, 0x0000, 0x0000, 0x0000, 0x0000, 0x0000, 0x0000, 0x0000, 0x0000, 0x0000,
    0x0000, 0x0000, 0x0000, 0x0000, 0x0000, 0x0000, 0x0000, 0x0000, 0x0000, 0x0000, 0x0000, 0x0000,
    0x0000, 0x0000, 0x0000, 0x0000, 0x0000, 0x0000, 0x0000, 0x0000, 0x0000, 0x0000, 0x0000, 0x0000,
    0x0000, 0x0000, 0x0000, 0x0000, 0x0000, 0x0000, 0x0000, 0x0000, 0x0040, 0x0000, 0x0140, 0x3DA6,
    0x2463, 0x09E0, 0x0001, 0x0000, 0x0000, 0x0000, 0x0000, 0x0000, 0x0020, 0x0822, 0x11C1, 0x1DE2,
    0x27C1, 0x17E0, 0x17A3, 0x1FA2, 0x17E0, 0x1F81, 0x26E2, 0x08A1, 0x0801, 0x0020, 0x0021, 0x0000,
    0x0000, 0x0000, 0x0000, 0x0821, 0x0021, 0x3546, 0x4E69, 0x1C02, 0x0020, 0x0801, 0x0000, 0x0000,
    0x0800, 0x0000, 0x0000, 0x0000, 0x0000, 0x0000, 0x0000, 0x0000, 0x0000, 0x0000, 0x0000, 0x0000,
    0x0000, 0x0000, 0x0000, 0x0000, 0x0000, 0x0000, 0x0000, 0x0000, 0x0000, 0x0000, 0x0000, 0x0000,
    0x0000, 0x0000, 0x0000, 0x0000, 0x0000, 0x0000, 0x0000, 0x52AA, 0xF7BE, 0xFFFF, 0xFFFF, 0xFFFF,
    0xFFFF, 0xFFFF, 0xFFFF, 0xFFFF, 0xFFFF, 0xFFFF, 0xB596, 0x5AEC, 0x0000, 0x0000, 0x0000, 0x0000,
    0x0000, 0x0000, 0x0000, 0x0000, 0x0000, 0x4A69, 0x9CD3, 0xFFFF, 0xFFFF, 0xFFFF, 0xFFFF, 0xFFFF,
    0xFFFF, 0xFFFF, 0xFFFF, 0xFFFF, 0xCE9A, 0x738E, 0x0000, 0x0000, 0x0000, 0x0000, 0x0000, 0x0000,
    0x0000, 0x0000, 0x0000, 0x0000, 0x0000, 0x0000, 0x0000, 0x0000, 0x0000, 0x0000, 0x0000, 0x0000,
    0x0000, 0x0000, 0x0000, 0x0000, 0x0000, 0x0000, 0x0000, 0x0000, 0x0000, 0x0000, 0x0000, 0x0000,
    0x0000, 0x0000, 0x0000, 0x0000, 0x0000, 0x0000, 0x0000, 0x0000, 0x0000, 0x0000, 0x0000, 0x0000,
    0x0000, 0x0000, 0x0000, 0x0000, 0x0000, 0x0000, 0x0000, 0x0000, 0x0000, 0x0000, 0x0000, 0x0000,
    0x0000, 0x0000, 0x0000, 0x0000, 0x0000, 0x0000, 0x0000, 0x0000, 0x0000, 0x0000, 0x0000, 0x0000,
    0x0000, 0x0000, 0x0000, 0x0000, 0x0000, 0x0000, 0x0000, 0x0000, 0x0000, 0x0000, 0x0000, 0x0000,
    0x0000, 0x0000, 0x0000, 0x0000, 0x0001, 0x0020, 0x0801, 0x0060, 0x1001, 0x09A1, 0x2C84, 0x0FC2,
    0x2F23, 0x1C42, 0x0001, 0x0000, 0x0000, 0x0000, 0x0000, 0x0000, 0x0040, 0x1003, 0x24A2, 0x2781,
    0x1FE0, 0x17E0, 0x17E0, 0x17E0, 0x17E0, 0x17E0, 0x17E1, 0x1301, 0x0841, 0x0020, 0x0001, 0x0000,
    0x0000, 0x0000, 0x0000, 0x0001, 0x01A2, 0x2FC2, 0x17E2, 0x2EE3, 0x0A41, 0x0060, 0x0001, 0x0060,
    0x0800, 0x0021, 0x0000, 0x0000, 0x0000, 0x0000, 0x0000, 0x0000, 0x0000, 0x0000, 0x0000, 0x0000,
    0x0000, 0x0000, 0x0000, 0x0000, 0x0000, 0x0000, 0x0000, 0x0000, 0x0000, 0x0000, 0x0000, 0x0000,
    0x0000, 0x0000, 0x0000, 0x0000, 0x0000, 0x0000, 0x0000, 0x31A6, 0xF79E, 0xFFFF, 0xFFFF, 0xFFFF,
    0xFFFF, 0xFFFF, 0xFFFF, 0xFFFF, 0xFFFF, 0xFFFF, 0xF79E, 0xC659, 0x0000, 0x0000, 0x0000, 0x0000,
    0x0000, 0x0000, 0x0000, 0x0000, 0x2124, 0xB5B6, 0xE75D, 0xFFFF, 0xFFFF, 0xFFFF, 0xFFFF, 0xFFFF,
    0xFFDF, 0xF7BE, 0xF7DF, 0xF7DF, 0xBDD7, 0x4249, 0x0000, 0x0000, 0x0000, 0x0000, 0x0000, 0x0000,
    0x0000, 0x0000, 0x0000, 0x0000, 0x0000, 0x0000, 0x0000, 0x0000, 0x0000, 0x0000, 0x0000, 0x0000,
    0x0000, 0x0000, 0x0000, 0x0000, 0x0000, 0x0000, 0x0000, 0x0000, 0x0000, 0x0000, 0x0000, 0x0000,
    0x0000, 0x0000, 0x0000, 0x0000, 0x0000, 0x0000, 0x0000, 0x0000, 0x0000, 0x0000, 0x0000, 0x0000,
    0x0000, 0x0000, 0x0000, 0x0000, 0x0000, 0x0000, 0x0000, 0x0000, 0x0000, 0x0000, 0x0000, 0x0000,
    0x0000, 0x0000, 0x0000, 0x0000, 0x0000, 0x0000, 0x0000, 0x0000, 0x0000, 0x0000, 0x0000, 0x0000,
    0x0000, 0x0000, 0x0000, 0x0000, 0x0000, 0x0000, 0x0000, 0x0000, 0x0000, 0x0000, 0x0000, 0x0000,
    0x0000, 0x0000, 0x0000, 0x0000, 0x0000, 0x0020, 0x0801, 0x0840, 0x0B62, 0x27C3, 0x17E0, 0x1FE1,
    0x0FE0, 0x1FA2, 0x00E0, 0x0801, 0x0000, 0x0000, 0x0000, 0x0040, 0x0862, 0x1382, 0x27C1, 0x17C0,
    0x17E0, 0x17E0, 0x17E0, 0x17E0, 0x17E0, 0x17E0, 0x17E1, 0x1FC2, 0x25A4, 0x0802, 0x0060, 0x0000,
    0x0000, 0x0000, 0x0000, 0x1221, 0x2E61, 0x0FC1, 0x1FA1, 0x0FE0, 0x27A3, 0x2663, 0x0120, 0x1001,
    0x0021, 0x0020, 0x0000, 0x0000, 0x0000, 0x0000, 0x0000, 0x0000, 0x0000, 0x0000, 0x0000, 0x0000,
    0x0000, 0x0000, 0x0000, 0x0000, 0x0000, 0x0000, 0x0000, 0x0000, 0x0000, 0x0000, 0x0000, 0x0000,
    0x0000, 0x0000, 0x0000, 0x0000, 0x0000, 0x0000, 0x0000, 0x0000, 0x9D14, 0xEF7D, 0xFFFF, 0xFFFF,
    0xFFFF, 0xFFFF, 0xFFFF, 0xFFFF, 0xFFFF, 0xFFFF, 0xFFFF, 0xFFFF, 0xF7BE, 0xC659, 0xA514, 0x31A6,
    0x528A, 0x6B4D, 0x7BEF, 0xCE7A, 0xF79E, 0xFFFF, 0xFFFF, 0xFFFF, 0xFFFF, 0xFFFF, 0xFFFF, 0xFFFF,
    0x738E, 0x18C3, 0x4228, 0x1082, 0x39C7, 0x0000, 0x0000, 0x0000, 0x0000, 0x0000, 0x0000, 0x0000,
    0x0000, 0x0000, 0x0000, 0x0000, 0x0000, 0x0000, 0x0000, 0x0000, 0x0000, 0x0000, 0x0000, 0x0000,
    0x0000, 0x0000, 0x0000, 0x0000, 0x0000, 0x0000, 0x0000, 0x0000, 0x0000, 0x0000, 0x0000, 0x0000,
    0x0000, 0x0000, 0x0000, 0x0000, 0x0000, 0x0000, 0x0000, 0x0000, 0x0000, 0x0000, 0x0000, 0x0000,
    0x0000, 0x0000, 0x0000, 0x0000, 0x0000, 0x0000, 0x0000, 0x0000, 0x0000, 0x0000, 0x0000, 0x0000,
    0x0000, 0x0000, 0x0000, 0x0000, 0x0000, 0x0000, 0x0000, 0x0000, 0x0000, 0x0000, 0x0000, 0x0000,
    0x0000, 0x0000, 0x0000, 0x0000, 0x0000, 0x0000, 0x0000, 0x0000, 0x0000, 0x0000, 0x0000, 0x0000,
    0x0000, 0x0000, 0x0000, 0x0020, 0x0022, 0x0842, 0x0001, 0x2B23, 0x1EE4, 0x17C0, 0x1FE0, 0x0FA1,
    0x17E0, 0x17E1, 0x0240, 0x0020, 0x0020, 0x0020, 0x0020, 0x0040, 0x1A02, 0x2E45, 0x27A1, 0x1FE1,
    0x17E0, 0x17E0, 0x17E0, 0x17E0, 0x17E0, 0x17E0, 0x17E1, 0x17E1, 0x2F44, 0x0120, 0x0000, 0x0000,
    0x0000, 0x0000, 0x0000, 0x1C63, 0x2FC3, 0x17E3, 0x17E0, 0x17E1, 0x17A0, 0x17E1, 0x1C84, 0x1180,
    0x0001, 0x0041, 0x0000, 0x0000, 0x0000, 0x0000, 0x0000, 0x0000, 0x0000, 0x0000, 0x0000, 0x0000,
    0x0000, 0x0000, 0x0000, 0x0000, 0x0000, 0x0000, 0x0000, 0x0000, 0x0000, 0x0000, 0x0000, 0x0000,
    0x0000, 0x0000, 0x0000, 0x0000, 0x0000, 0x0000, 0x0000, 0x0000, 0x5B0C, 0xCE79, 0xFFFF, 0xFFFF,
    0xFFFF, 0xFFFF, 0xFFFF, 0xFFFF, 0xFFFF, 0xFFFF, 0xFFFF, 0xFFFF, 0xFFFF, 0xF7DE, 0xF79E, 0xE71C,
    0xD6BA, 0xDEFB, 0xE73C, 0xFFFF, 0xFFFF, 0xFFFF, 0xFFFF, 0xFFFF, 0xFFFF, 0xFFFF, 0xFFFF, 0xE75D,
    0x31A6, 0x0000, 0x0000, 0x0000, 0x0000, 0x0000, 0x0000, 0x0000, 0x0000, 0x0000, 0x0000, 0x0000,
    0x0000, 0x0000, 0x0000, 0x0000, 0x0000, 0x0000, 0x0000, 0x0000, 0x0000, 0x0000, 0x0000, 0x0000,
    0x0000, 0x0000, 0x0000, 0x0000, 0x0000, 0x0000, 0x0000, 0x0000, 0x0000, 0x0000, 0x0000, 0x0000,
    0x0000, 0x0000, 0x0000, 0x0000, 0x0000, 0x0000, 0x0000, 0x0000, 0x0000, 0x0000, 0x0000, 0x0000,
    0x0000, 0x0000, 0x0000, 0x0000, 0x0000, 0x0000, 0x0000, 0x0000, 0x0000, 0x0000, 0x0000, 0x0000,
    0x0000, 0x0000, 0x0000, 0x0000, 0x0000, 0x0000, 0x0000, 0x0000, 0x0000, 0x0000, 0x0000, 0x0000,
    0x0000, 0x0000, 0x0000, 0x0000, 0x0000, 0x0000, 0x0000, 0x0000, 0x0000, 0x0000, 0x0000, 0x0000,
    0x0001, 0x0000, 0x0000, 0x0040, 0x0000, 0x0160, 0x1CE3, 0x07A0, 0x1FA0, 0x17E1, 0x17E1, 0x17E0,
    0x17E1, 0x17E0, 0x2EC4, 0x03E0, 0x0000, 0x0040, 0x0801, 0x0980, 0x2784, 0x17C0, 0x1FC2, 0x0FE0,
    0x17E0, 0x17E0, 0x17E0, 0x17E0, 0x17E0, 0x17E0, 0x17E0, 0x1FE1, 0x17E0, 0x2E43, 0x0B40, 0x0041,
    0x0000, 0x0800, 0x08C1, 0x1F82, 0x0FE0, 0x1FE0, 0x17E1, 0x17E0, 0x17E0, 0x17E1, 0x17A0, 0x2784,
    0x0260, 0x0841, 0x0020, 0x0020, 0x0001, 0x0000, 0x0000, 0x0000, 0x0000, 0x0000, 0x0000, 0x0000,
    0x0000, 0x0000, 0x0000, 0x0000, 0x0000, 0x0000, 0x0000, 0x0000, 0x0000, 0x0000, 0x0000, 0x0000,
    0x0000, 0x0000, 0x0000, 0x0000, 0x0000, 0x0000, 0x0000, 0x0000, 0x0020, 0x4228, 0xF79E, 0xF7DF,
    0xC638, 0xB5B6, 0xE73C, 0xFFFF, 0xFFFF, 0xFFFF, 0xFFFF, 0xFFFF, 0xFFFF, 0xFFFF, 0xFFFF, 0xFFFF,
    0xFFFF, 0xFFFF, 0xFFFF, 0xFFFF, 0xFFFF, 0xFFFF, 0xFFFF, 0xFFFF, 0xFFFF, 0xFFFF, 0xF7DF, 0x3186,
    0x0000, 0x0000, 0x0000, 0x0000, 0x0000, 0x0000, 0x0000, 0x0000, 0x0000, 0x0000, 0x0000, 0x0000,
    0x0000, 0x0000, 0x0000, 0x0000, 0x0000, 0x0000, 0x0000, 0x0000, 0x0000, 0x0000, 0x0000, 0x0000,
    0x0000, 0x0000, 0x0000, 0x0000, 0x0000, 0x0000, 0x0000, 0x0000, 0x0000, 0x0000, 0x0000, 0x0000,
    0x0000, 0x0000, 0x0000, 0x0000, 0x0000, 0x0000, 0x0000, 0x0000, 0x0000, 0x0000, 0x0000, 0x0000,
    0x0000, 0x0000, 0x0000, 0x0000, 0x0000, 0x0000, 0x0000, 0x0000, 0x0000, 0x0000, 0x0000, 0x0000,
    0x0000, 0x0000, 0x0000, 0x0000, 0x0000, 0x0020, 0x0000, 0x0020, 0x0000, 0x0000, 0x0000, 0x0000,
    0x0000, 0x0000, 0x0000, 0x0000, 0x0000, 0x0000, 0x0000, 0x0000, 0x0000, 0x0000, 0x0000, 0x0000,
    0x0802, 0x0020, 0x0000, 0x0061, 0x0800, 0x24C4, 0x2744, 0x1FC2, 0x17E0, 0x17E0, 0x17E0, 0x17E0,
    0x17E0, 0x17E0, 0x2742, 0x1581, 0x0801, 0x0020, 0x0020, 0x1BC2, 0x1FE2, 0x0FC0, 0x1FE2, 0x17E1,
    0x17E0, 0x17E0, 0x17E0, 0x17E0, 0x17E0, 0x17E0, 0x17E0, 0x1FE1, 0x0FA0, 0x2F43, 0x2DE4, 0x0020,
    0x0001, 0x0020, 0x0180, 0x1FC2, 0x0FE0, 0x17E1, 0x17E0, 0x17E0, 0x17E0, 0x17E0, 0x1FE1, 0x1FC1,
    0x2DA4, 0x1241, 0x0020, 0x0020, 0x0001, 0x0020, 0x0000, 0x0000, 0x0000, 0x0000, 0x0000, 0x0000,
    0x0000, 0x0000, 0x0000, 0x0000, 0x0000, 0x0000, 0x0000, 0x0000, 0x0000, 0x0000, 0x0000, 0x0000,
    0x0000, 0x0000, 0x0000, 0x0000, 0x0000, 0x0000, 0x0000, 0x0000, 0x0000, 0x0000, 0xCE79, 0xBDF7,
    0x0000, 0x18C3, 0x9CD3, 0xE71C, 0xFFFF, 0xFFFF, 0xFFFF, 0xFFFF, 0xFFFF, 0xFFFF, 0xFFFF, 0xFFFF,
    0xFFFF, 0xFFFF, 0xFFFF, 0xFFFF, 0xFFFF, 0xFFFF, 0xFFFF, 0xFFFF, 0xFFFF, 0xFFFF, 0xE75D, 0x0000,
    0x0000, 0x0000, 0x0000, 0x0000, 0x0000, 0x0000, 0x0000, 0x0000, 0x0000, 0x0000, 0x0000, 0x0000,
    0x0000, 0x0000, 0x0000, 0x0000, 0x0000, 0x0000, 0x0000, 0x0000, 0x0000, 0x0000, 0x0000, 0x0000,
    0x0000, 0x0000, 0x0000, 0x0000, 0x0000, 0x0000, 0x0000, 0x0000, 0x0000, 0x0000, 0x0000, 0x0000,
    0x0000, 0x0000, 0x0000, 0x0000, 0x0000, 0x0000, 0x0000, 0x0000, 0x0000, 0x0000, 0x0000, 0x0000,
    0x0000, 0x0000, 0x0000, 0x0000, 0x0000, 0x0000, 0x0000, 0x0000, 0x0000, 0x0000, 0x0000, 0x0000,
    0x0000, 0x0000, 0x0000, 0x0000, 0x0000, 0x0801, 0x0020, 0x0000, 0x0020, 0x0000, 0x0000, 0x0000,
    0x0000, 0x0000, 0x0000, 0x0000, 0x0000, 0x0000, 0x0000, 0x0000, 0x0000, 0x0000, 0x0000, 0x0000,
    0x0000, 0x0001, 0x0803, 0x0900, 0x1D24, 0x17E0, 0x17A0, 0x0FE0, 0x17E0, 0x17E0, 0x17E0, 0x17E0,
    0x1FE1, 0x17E0, 0x1FE0, 0x27A2, 0x0822, 0x0801, 0x2543, 0x27C2, 0x0FE0, 0x1FE1, 0x0FE0, 0x17E0,
    0x17E0, 0x17E0, 0x17E0, 0x17E0, 0x17E0, 0x17E0, 0x17E0, 0x17C1, 0x1FE1, 0x0FE0, 0x1FC2, 0x0BE0,
    0x0840, 0x0020, 0x1422, 0x0FA0, 0x0FE0, 0x17E1, 0x17E0, 0x17E0, 0x17E0, 0x17E0, 0x17E1, 0x0FE0,
    0x17C0, 0x2F64, 0x01E0, 0x1002, 0x0040, 0x0801, 0x0000, 0x0000, 0x0000, 0x0000, 0x0000, 0x0000,
    0x0000, 0x0000, 0x0000, 0x0000, 0x0000, 0x0000, 0x0000, 0x0000, 0x0000, 0x0000, 0x0000, 0x0821,
    0x0021, 0x0800, 0x0820, 0x0000, 0x0000, 0x0000, 0x0000, 0x0000, 0x0000, 0x0000, 0x0020, 0x0020,
    0x0000, 0x0000, 0x0000, 0x0000, 0xBDD7, 0xF79E, 0xFFFF, 0xFFFF, 0xFFFF, 0xFFFF, 0xFFFF, 0xFFFF,
    0xFFFF, 0xFFFF, 0xFFFF, 0xFFFF, 0xFFFF, 0xFFFF, 0xFFFF, 0xFFFF, 0xFFFF, 0xFFFF, 0xEF7D, 0x0000,
    0x0000, 0x0000, 0x0000, 0x0000, 0x0000, 0x0000, 0x0000, 0x0000, 0x0000, 0x0000, 0x0000, 0x0000,
    0x0000, 0x0000, 0x0000, 0x0000, 0x0000, 0x0000, 0x0000, 0x0000, 0x0000, 0x0000, 0x0000, 0x0000,
    0x0000, 0x0000, 0x0000, 0x0000, 0x0000, 0x0000, 0x0000, 0x0000, 0x0000, 0x0000, 0x0000, 0x0000,
    0x0000, 0x0000, 0x0000, 0x0000, 0x0000, 0x0000, 0x0000, 0x0000, 0x0000, 0x0000, 0x0000, 0x0000,
    0x0000, 0x0000, 0x0000, 0x0000, 0x0000, 0x0000, 0x0000, 0x0000, 0x0000, 0x0000, 0x0000, 0x0000,
    0x0000, 0x0000, 0x0000, 0x0020, 0x0020, 0x0100, 0x08E1, 0x0060, 0x0000, 0x0000, 0x0000, 0x0000,
    0x0000, 0x0000, 0x0000, 0x0000, 0x0000, 0x0000, 0x0000, 0x0000, 0x0000, 0x0000, 0x0000, 0x0020,
    0x0001, 0x0821, 0x00E0, 0x2F44, 0x0FE0, 0x1FA2, 0x17E0, 0x1FA2, 0x17E0, 0x17E0, 0x17E0, 0x17E0,
    0x17E1, 0x17E1, 0x17C1, 0x1FA2, 0x14C0, 0x2B04, 0x07E0, 0x17C3, 0x1FE0, 0x17E0, 0x1FE0, 0x17E0,
    0x17E0, 0x17E0, 0x17E0, 0x17E0, 0x17E0, 0x17E0, 0x17E0, 0x1FE1, 0x1FA1, 0x17E0, 0x17E0, 0x2FA3,
    0x2523, 0x1482, 0x2F44, 0x1FA1, 0x27E2, 0x1FE1, 0x17C0, 0x17E0, 0x17E0, 0x17E0, 0x1FE1, 0x27E2,
    0x17E0, 0x17C0, 0x2F63, 0x24A2, 0x0802, 0x0040, 0x0000, 0x0000, 0x0000, 0x0000, 0x0000, 0x0000,
    0x0000, 0x0000, 0x0000, 0x0000, 0x0000, 0x0000, 0x0000, 0x0000, 0x0000, 0x0000, 0x0801, 0x0040,
    0x0921, 0x00C2, 0x0020, 0x0020, 0x0000, 0x0000, 0x0000, 0x0000, 0x0000, 0x0000, 0x0000, 0x0000,
    0x0000, 0x0000, 0x0000, 0x0000, 0x4208, 0xBDF7, 0xFFFF, 0xFFFF, 0xFFFF, 0xFFFF, 0xFFFF, 0xFFFF,
    0xFFFF, 0xFFFF, 0xFFFF, 0xFFFF, 0xFFFF, 0xFFFF, 0xFFFF, 0xFFFF, 0xFFFF, 0xFFFF, 0xFFFF, 0x5AEB,
    0x0000, 0x0000, 0x0000, 0x0000, 0x0000, 0x0000, 0x0000, 0x0000, 0x0000, 0x0000, 0x0000, 0x0000,
    0x0000, 0x0000, 0x0000, 0x0000, 0x0000, 0x0000, 0x0000, 0x0000, 0x0000, 0x0000, 0x0000, 0x0000,
    0x0000, 0x0000, 0x0000, 0x0000, 0x0000, 0x0000, 0x0000, 0x0000, 0x0000, 0x0000, 0x0000, 0x0000,
    0x0000, 0x0000, 0x0000, 0x0000, 0x0000, 0x0000, 0x0000, 0x0000, 0x0000, 0x0000, 0x0000, 0x0000,
    0x0000, 0x0000, 0x0000, 0x0000, 0x0000, 0x0000, 0x0000, 0x0000, 0x0000, 0x0800, 0x0000, 0x0020,
    0x0000, 0x0060, 0x0000, 0x1000, 0x0340, 0x2DA3, 0x2C84, 0x00E1, 0x0021, 0x0000, 0x0000, 0x0000,
    0x0000, 0x0000, 0x0000, 0x0000, 0x0000, 0x0000, 0x0000, 0x0000, 0x0000, 0x0000, 0x0000, 0x0000,
    0x0000, 0x0020, 0x1BC2, 0x17A1, 0x17E0, 0x1FE1, 0x17E0, 0x27C1, 0x17E0, 0x17E0, 0x17E0, 0x17E0,
    0x17E0, 0x17E1, 0x17E0, 0x1FE1, 0x1F61, 0x2F04, 0x17E1, 0x17C2, 0x17E0, 0x17E0, 0x17E0, 0x17E0,
    0x17E0, 0x17E0, 0x17E0, 0x17E0, 0x17E0, 0x17E0, 0x17E0, 0x17E1, 0x1FC0, 0x17E0, 0x17E0, 0x27E1,
    0x2F83, 0x1F82, 0x1FC0, 0x1FE1, 0x1FE1, 0x17E1, 0x17E0, 0x17E0, 0x17E0, 0x17E0, 0x17E0, 0x1FE1,
    0x17E0, 0x17E0, 0x1FE1, 0x26E2, 0x0821, 0x0800, 0x0020, 0x0020, 0x0000, 0x0000, 0x0000, 0x0000,
    0x0000, 0x0000, 0x0000, 0x0000, 0x0000, 0x0000, 0x0000, 0x0000, 0x0000, 0x0000, 0x0020, 0x1AE1,
    0x2621, 0x14C2, 0x01C0, 0x1001, 0x0020, 0x0020, 0x0000, 0x0000, 0x0000, 0x0000, 0x0000, 0x0000,
    0x0000, 0x0000, 0x0000, 0x0000, 0x5ACB, 0xC638, 0xFFFF, 0xFFFF, 0xFFFF, 0xFFFF, 0xFFFF, 0xFFDF,
    0xF7BE, 0xFFFF, 0xEF7D, 0xCE79, 0xD6BA, 0xFFFF, 0xFFFF, 0xFFFF, 0xFFFF, 0xFFFF, 0xFFDF, 0x630C,
    0x0000, 0x0000, 0x0000, 0x0000, 0x0000, 0x0000, 0x0000, 0x0000, 0x0000, 0x0000, 0x0000, 0x0000,
    0x0000, 0x0000, 0x0000, 0x0000, 0x0000, 0x0000, 0x0000, 0x0000, 0x0000, 0x0000, 0x0000, 0x0000,
    0x0000, 0x0000, 0x0000, 0x0000, 0x0000, 0x0000, 0x0000, 0x0000, 0x0000, 0x0000, 0x0000, 0x0000,
    0x0000, 0x0000, 0x0000, 0x0000, 0x0000, 0x0000, 0x0000, 0x0000, 0x0000, 0x0000, 0x0000, 0x0000,
    0x0000, 0x0000, 0x0000, 0x0000, 0x0000, 0x0000, 0x0000, 0x0000, 0x0000, 0x0020, 0x0020, 0x0000,
    0x0801, 0x1003, 0x0140, 0x2E65, 0x0FE0, 0x07E0, 0x2643, 0x01C0, 0x0020, 0x0000, 0x0000, 0x0000,
    0x0000, 0x0000, 0x0000, 0x0000, 0x0000, 0x0000, 0x0000, 0x0000, 0x0000, 0x0000, 0x0000, 0x0040,
    0x0000, 0x25A2, 0x27C2, 0x17E1, 0x17E0, 0x17E0, 0x17E0, 0x17E0, 0x17E0, 0x17E0, 0x17E0, 0x17E0,
    0x17E0, 0x17E0, 0x17E0, 0x17E0, 0x17E0, 0x17E0, 0x17E0, 0x17E0, 0x17E0, 0x17E0, 0x17E0, 0x17E0,
    0x17E0, 0x17E0, 0x17E0, 0x17E0, 0x17E0, 0x17E0, 0x17E0, 0x17E0, 0x17E0, 0x17E0, 0x17E0, 0x17E0,
    0x17E0, 0x17E0, 0x17E0, 0x17E0, 0x17E0, 0x17E0, 0x17E0, 0x17E0, 0x17E0, 0x17E0, 0x17E0, 0x17E0,
    0x17E0, 0x17E0, 0x17C0, 0x17C1, 0x25E3, 0x0A21, 0x0800, 0x0000, 0x0020, 0x0000, 0x0000, 0x0000,
    0x0000, 0x0000, 0x0000, 0x0000, 0x0000, 0x0000, 0x0000, 0x0000, 0x0000, 0x0801, 0x0040, 0x2C83,
    0x27E1, 0x1FE0, 0x1FC4, 0x1C02, 0x1001, 0x0801, 0x0020, 0x0040, 0x0000, 0x0000, 0x0000, 0x0000,
    0x0000, 0x0000, 0x0000, 0x0000, 0x3186, 0xDEFB, 0xFFFF, 0xFFFF, 0xFFFF, 0xFFFF, 0xFFFF, 0x8410,
    0x0000, 0x0000, 0x0000, 0x0000, 0x0000, 0xEF7D, 0xFFFF, 0xFFFF, 0xF79E, 0x94B2, 0x4A49, 0x0000,
    0x0000, 0x0000, 0x0000, 0x0000, 0x0000, 0x0000, 0x0000, 0x0000, 0x0000, 0x0000, 0x0000, 0x0000,
    0x0000, 0x0000, 0x0000, 0x0000, 0x0000, 0x0000, 0x0000, 0x0000, 0x0000, 0x0000, 0x0000, 0x0000,
    0x0000, 0x0000, 0x0000, 0x0000, 0x0000, 0x0000, 0x0000, 0x0000, 0x0000, 0x0000, 0x0000, 0x0000,
    0x0000, 0x0000, 0x0000, 0x0000, 0x0000, 0x0000, 0x0000, 0x0000, 0x0000, 0x0000, 0x0000, 0x0000,
    0x0000, 0x0000, 0x0000, 0x0000, 0x0000, 0x0000, 0x0000, 0x0000, 0x0000, 0x0040, 0x0000, 0x0001,
    0x0821, 0x1120, 0x1C21, 0x27E3, 0x1FE0, 0x17E0, 0x2DE3, 0x0180, 0x0020, 0x0000, 0x0000, 0x0000,
    0x0000, 0x0000, 0x0000, 0x0000, 0x0000, 0x0000, 0x0000, 0x0000, 0x0020, 0x0000, 0x0020, 0x0020,
    0x0020, 0x2F43, 0x0FE0, 0x1FC1, 0x17E0, 0x17E0, 0x17E0, 0x17E0, 0x17E0, 0x17E0, 0x17E0, 0x17E0,
    0x17E0, 0x17E0, 0x17E0, 0x17E0, 0x17E0, 0x17E0, 0x17E0, 0x17E0, 0x17E0, 0x17E0, 0x17E0, 0x17E0,
    0x17E0, 0x17E0, 0x17E0, 0x17E0, 0x17E0, 0x17E0, 0x17E0, 0x17E0, 0x17E0, 0x17E0, 0x17E0, 0x17E0,
    0x17E0, 0x17E0, 0x17E0, 0x17E0, 0x17E0, 0x17E0, 0x17E0, 0x17E0, 0x17E0, 0x17E0, 0x17E0, 0x17E0,
    0x17E0, 0x17E0, 0x27E2, 0x1FA2, 0x2763, 0x2443, 0x0800, 0x0801, 0x0020, 0x0800, 0x0000, 0x0000,
    0x0000, 0x0000, 0x0000, 0x0000, 0x0000, 0x0000, 0x0000, 0x0000, 0x0000, 0x0821, 0x0040, 0x2483,
    0x1FE0, 0x0FE0, 0x0FE0, 0x3724, 0x09C1, 0x0801, 0x0801, 0x0800, 0x0000, 0x0000, 0x0000, 0x0000,
    0x0000, 0x0000, 0x0000, 0x0000, 0x52AA, 0xD6BA, 0xFFFF, 0xFFFF, 0xFFFF, 0xFFDF, 0xF7DF, 0x528A,
    0x0000, 0x0000, 0x0000, 0x0000, 0x0000, 0x9D14, 0xE75D, 0xDEDB, 0x9CF3, 0x0000, 0x0000, 0x0000,
    0x0000, 0x0000, 0x0000, 0x0000, 0x0000, 0x0000, 0x0000, 0x0000, 0x0000, 0x0000, 0x0000, 0x0000,
    0x0000, 0x0000, 0x0000, 0x0000, 0x0000, 0x0000, 0x0000, 0x0000, 0x0000, 0x0000, 0x0000, 0x0000,
    0x0000, 0x0000, 0x0000, 0x0000, 0x0000, 0x0000, 0x0000, 0x0000, 0x0000, 0x0000, 0x0000, 0x0000,
    0x0000, 0x0000, 0x0000, 0x0000, 0x0000, 0x0000, 0x0000, 0x0000, 0x0000, 0x0000, 0x0000, 0x0000,
    0x0000, 0x0000, 0x0000, 0x0000, 0x0000, 0x0000, 0x0000, 0x0000, 0x0000, 0x0800, 0x0000, 0x0020,
    0x0120, 0x2F03, 0x27A2, 0x1FE0, 0x17C0, 0x17E1, 0x1D02, 0x00C0, 0x0020, 0x0000, 0x0000, 0x0000,
    0x0000, 0x0000, 0x0000, 0x0000, 0x0000, 0x0000, 0x0000, 0x0000, 0x0000, 0x0020, 0x0000, 0x18E3,
    0x1DE1, 0x17E0, 0x27E2, 0x17E0, 0x17E0, 0x17E0, 0x17E0, 0x17E0, 0x17E0, 0x17E0, 0x17E0, 0x17E0,
    0x17E0, 0x17E0, 0x17E0, 0x17E0, 0x17E0, 0x17E0, 0x17E0, 0x17E0, 0x17E0, 0x17E0, 0x17E0, 0x17E0,
    0x17E0, 0x17E0, 0x17E0, 0x17E0, 0x17E0, 0x17E0, 0x17E0, 0x17E0, 0x17E0, 0x17E0, 0x17E0, 0x17E0,
    0x17E0, 0x17E0, 0x17E0, 0x17E0, 0x17E0, 0x17E0, 0x17E0, 0x17E0, 0x17E0, 0x17E0, 0x17E0, 0x17E0,
    0x17E0, 0x17E0, 0x17C0, 0x17C1, 0x17E1, 0x1FC3, 0x0200, 0x1003, 0x0020, 0x0001, 0x0000, 0x0000,
    0x0000, 0x0000, 0x0000, 0x0000, 0x0000, 0x0000, 0x0000, 0x0000, 0x0000, 0x0000, 0x0020, 0x1BE2,
    0x1FA1, 0x17E0, 0x17C1, 0x17C0, 0x2783, 0x1D83, 0x0801, 0x1000, 0x0000, 0x0000, 0x0000, 0x0000,
    0x0000, 0x0000, 0x0000, 0x0000, 0x0000, 0x0000, 0x0000, 0x0000, 0x8451, 0xD6BA, 0xAD96, 0x0000,
    0x0000, 0x0000, 0x0000, 0x0000, 0x0000, 0x0861, 0x4A8A, 0x0000, 0x0000, 0x0000, 0x0000, 0x0000,
    0x0000, 0x0000, 0x0000, 0x0000, 0x0000, 0x0000, 0x0000, 0x0000, 0x0000, 0x0000, 0x0000, 0x0000,
    0x0000, 0x0000, 0x0000, 0x0000, 0x0000, 0x0000, 0x0000, 0x0000, 0x0000, 0x0000, 0x0000, 0x0000,
    0x0000, 0x0000, 0x0000, 0x0000, 0x0000, 0x0000, 0x0000, 0x0000, 0x0000, 0x0000, 0x0000, 0x0000,
    0x0000, 0x0000, 0x0000, 0x0000, 0x0000, 0x0000, 0x0000, 0x0000, 0x0000, 0x0000, 0x0000, 0x0000,
    0x0000, 0x0000, 0x0000, 0x0000, 0x0000, 0x0021, 0x0000, 0x0000, 0x0000, 0x0040, 0x0040, 0x0881,
    0x1BC1, 0x1FE1, 0x17E0, 0x17E0, 0x17E0, 0x17C1, 0x2483, 0x00A0, 0x0001, 0x0000, 0x0000, 0x0000,
    0x0000, 0x0000, 0x0000, 0x0000, 0x0000, 0x0000, 0x0000, 0x0000, 0x0800, 0x0021, 0x1803, 0x1C64,
    0x1FC1, 0x17C0, 0x17C1, 0x17E1, 0x17E0, 0x17E0, 0x17E0, 0x17E0, 0x17E0, 0x17E0, 0x17E0, 0x17E0,
    0x17E0, 0x17E0, 0x17E0, 0x17E0, 0x17E0, 0x17E0, 0x17E0, 0x17E0, 0x17E0, 0x17E0, 0x17E0, 0x17E0,
    0x17E0, 0x17E0, 0x17E0, 0x17E0, 0x17E0, 0x17E0, 0x17E0, 0x17E0, 0x17E0, 0x17E0, 0x17E0, 0x17E0,
    0x17E0, 0x17E0, 0x17E0, 0x17E0, 0x17E0, 0x17E0, 0x17E0, 0x17E0, 0x17E0, 0x17E0, 0x17E0, 0x17E0,
    0x17E0, 0x17E0, 0x17E0, 0x17E0, 0x17E0, 0x17E0, 0x1523, 0x08E1, 0x0040, 0x0020, 0x0000, 0x0000,
    0x0000, 0x0000, 0x0000, 0x0000, 0x0000, 0x0000, 0x0000, 0x0000, 0x0000, 0x0800, 0x0000, 0x1321,
    0x27A4, 0x17E0, 0x17E0, 0x17E0, 0x27C3, 0x17A1, 0x01E0, 0x1003, 0x0020, 0x0040, 0x0800, 0x0000,
    0x0000, 0x0000, 0x0000, 0x0000, 0x0000, 0x0000, 0x0000, 0x0000, 0x0000, 0x18E3, 0x31A6, 0x0000,
    0x0000, 0x0000, 0x0000, 0x0000, 0x0000, 0x0000, 0x0000, 0x0000, 0x0000, 0x0000, 0x0000, 0x0000,
    0x0000, 0x0000, 0x0000, 0x0000, 0x0000, 0x0000, 0x0000, 0x0000, 0x0000, 0x0000, 0x0000, 0x0000,
    0x0000, 0x0000, 0x0000, 0x0000, 0x0000, 0x0000, 0x0000, 0x0000, 0x0000, 0x0000, 0x0000, 0x0000,
    0x0000, 0x0000, 0x0000, 0x0000, 0x0000, 0x0000, 0x0000, 0x0000, 0x0000, 0x0000, 0x0000, 0x0000,
    0x0000, 0x0000, 0x0000, 0x0000, 0x0000, 0x0000, 0x0000, 0x0000, 0x0000, 0x0000, 0x0000, 0x0000,
    0x0000, 0x0000, 0x0000, 0x0000, 0x0000, 0x0000, 0x0020, 0x0000, 0x0001, 0x0804, 0x0120, 0x2725,
    0x17C2, 0x17E0, 0x17E0, 0x17E0, 0x17E0, 0x1FC1, 0x1C23, 0x0060, 0x0021, 0x0000, 0x0000, 0x0000,
    0x0000, 0x0000, 0x0000, 0x0000, 0x0000, 0x0000, 0x0000, 0x0000, 0x0000, 0x0001, 0x0080, 0x2783,
    0x17E1, 0x17E0, 0x17E0, 0x17E0, 0x17E0, 0x17E0, 0x17E0, 0x17E0, 0x17E0, 0x17E0, 0x17E0, 0x17E0,
    0x17E0, 0x17E0, 0x17E0, 0x17E0, 0x17E0, 0x17E0, 0x17E0, 0x17E0, 0x17E0, 0x17E0, 0x17E0, 0x17E0,
    0x17E0, 0x17E0, 0x17E0, 0x17E0, 0x17E0, 0x17E0, 0x17E0, 0x17E0, 0x17E0, 0x17E0, 0x17E0, 0x17E0,
    0x17E0, 0x17E0, 0x17E0, 0x17E0, 0x17E0, 0x17E0, 0x17E0, 0x17E0, 0x17E0, 0x17E0, 0x17E0, 0x17E0,
    0x17E0, 0x17E0, 0x17E0, 0x17E0, 0x17E0, 0x17E0, 0x1F82, 0x1501, 0x0803, 0x0020, 0x0000, 0x0000,
    0x0000, 0x0000, 0x0000, 0x0000, 0x0000, 0x0000, 0x0000, 0x0000, 0x0000, 0x0800, 0x0000, 0x0AC0,
    0x2743, 0x17E0, 0x17E0, 0x17E0, 0x0FC0, 0x17E1, 0x2F83, 0x2522, 0x0800, 0x0800, 0x0020, 0x0020,
    0x0000, 0x0000, 0x0000, 0x0000, 0x0000, 0x0000, 0x0000, 0x0000, 0x0000, 0x0000, 0x0000, 0x0000,
    0x0000, 0x0000, 0x0000, 0x0000, 0x0000, 0x0000, 0x0000, 0x0000, 0x0000, 0x0000, 0x0000, 0x0000,
    0x0000, 0x0000, 0x0000, 0x0000, 0x0000, 0x0000, 0x0000, 0x0000, 0x0000, 0x0000, 0x0000, 0x0000,
    0x0000, 0x0000, 0x0000, 0x0000, 0x0000, 0x0000, 0x0000, 0x0000, 0x0000, 0x0000, 0x0000, 0x0000,
    0x0000, 0x0000, 0x0000, 0x0000, 0x0000, 0x0000, 0x0000, 0x0000, 0x0000, 0x0000, 0x0000, 0x0000,
    0x0000, 0x0000, 0x0000, 0x0000, 0x0000, 0x0000, 0x0000, 0x0000, 0x0000, 0x0000, 0x0000, 0x0000,
    0x0000, 0x0000, 0x0000, 0x0000, 0x0000, 0x0000, 0x0000, 0x0021, 0x0841, 0x0020, 0x1463, 0x1FC0,
    0x17C0, 0x17E0, 0x17E0, 0x17E0, 0x17E0, 0x17C0, 0x1BC2, 0x0040, 0x0001, 0x0000, 0x0000, 0x0000,
    0x0000, 0x0000, 0x0000, 0x0000, 0x0000, 0x0000, 0x0000, 0x0000, 0x0040, 0x0020, 0x0280, 0x17E0,
    0x17E0, 0x17E0, 0x17E0, 0x17E0, 0x17E0, 0x17E0, 0x17E0, 0x17E0, 0x17E0, 0x17E0, 0x17E0, 0x17E0,
    0x17E0, 0x17E0, 0x17E0, 0x17E0, 0x17E0, 0x17E0, 0x17E0, 0x17E0, 0x17E0, 0x17E0, 0x17E0, 0x17E0,
    0x17E0, 0x17E0, 0x17E0, 0x17E0, 0x17E0, 0x17E0, 0x17E0, 0x17E0, 0x17E0, 0x17E0, 0x17E0, 0x17E0,
    0x17E0, 0x17E0, 0x17E0, 0x17E0, 0x17E0, 0x17E0, 0x17E0, 0x17E0, 0x17E0, 0x17E0, 0x17E0, 0x17E0,
    0x17E0, 0x17E0, 0x17E0, 0x17E0, 0x17E0, 0x17E0, 0x1FE0, 0x1EC2, 0x0801, 0x0020, 0x0000, 0x0000,
    0x0000, 0x0000, 0x0000, 0x0000, 0x0000, 0x0000, 0x0000, 0x0000, 0x0000, 0x0800, 0x0001, 0x0280,
    0x2723, 0x17E0, 0x17E0, 0x17E0, 0x17E0, 0x17C1, 0x07E0, 0x2F63, 0x0040, 0x0000, 0x0021, 0x0020,
    0x0000, 0x0000, 0x0000, 0x0000, 0x0000, 0x0000, 0x0000, 0x0000, 0x0000, 0x0000, 0x0000, 0x0000,
    0x0000, 0x0000, 0x0000, 0x0000, 0x0000, 0x0000, 0x0000, 0x0000, 0x0000, 0x0000, 0x0000, 0x0000,
    0x0000, 0x0000, 0x0000, 0x0000, 0x0000, 0x0000, 0x0000, 0x0000, 0x0000, 0x0000, 0x0000, 0x0000,
    0x0000, 0x0000, 0x0000, 0x0000, 0x0000, 0x0000, 0x0000, 0x0000, 0x0000, 0x0000, 0x0000, 0x0000,
    0x0000, 0x0000, 0x0000, 0x0000, 0x0000, 0x0000, 0x0000, 0x0000, 0x0000, 0x0000, 0x0000, 0x0000,
    0x0000, 0x0000, 0x0000, 0x0000, 0x0000, 0x0000, 0x0000, 0x0000, 0x0000, 0x0000, 0x0000, 0x0000,
    0x0000, 0x0000, 0x0000, 0x0000, 0x0000, 0x0020, 0x0000, 0x0800, 0x00C0, 0x2723, 0x2762, 0x17E1,
    0x0FC0, 0x17E0, 0x17E0, 0x17E0, 0x17E0, 0x1FE1, 0x1362, 0x0000, 0x0000, 0x0000, 0x0000, 0x0000,
    0x0000, 0x0000, 0x0000, 0x0000, 0x0000, 0x0000, 0x0000, 0x0000, 0x0021, 0x2B23, 0x3EE6, 0x1FA1,
    0x17C0, 0x17E1, 0x17E1, 0x17C0, 0x17E0, 0x17E0, 0x17E0, 0x17E0, 0x17E0, 0x17E0, 0x17E0, 0x17E0,
    0x17E0, 0x17E0, 0x17E0, 0x17E0, 0x17E0, 0x17E0, 0x17E0, 0x17E0, 0x17E0, 0x17E0, 0x17E0, 0x17E0,
    0x17E0, 0x17E0, 0x17E0, 0x17E0, 0x17E0, 0x17E0, 0x17E0, 0x17E0, 0x17E0, 0x17E0, 0x17E0, 0x17E0,
    0x17E0, 0x17E0, 0x17E0, 0x17E0, 0x17E0, 0x17E0, 0x17E0, 0x17E0, 0x17E0, 0x17E0, 0x17E0, 0x17E0,
    0x17E0, 0x17E0, 0x17E0, 0x17E0, 0x17E0, 0x17E0, 0x2781, 0x1FC3, 0x12C0, 0x0803, 0x0020, 0x0000,
    0x0000, 0x0000, 0x0000, 0x0000, 0x0000, 0x0000, 0x0000, 0x0000, 0x0000, 0x0800, 0x0001, 0x0A60,
    0x2703, 0x17E0, 0x17E0, 0x17E0, 0x17E1, 0x1FE1, 0x1FC2, 0x1FE1, 0x3D89, 0x01A0, 0x0001, 0x0020,
    0x0000, 0x0000, 0x0000, 0x0000, 0x0000, 0x0000, 0x0000, 0x0000, 0x0000, 0x0000, 0x0000, 0x0000,
    0x0000, 0x0000, 0x0000, 0x0000, 0x0000, 0x0000, 0x0000, 0x0000, 0x0000, 0x0000, 0x0000, 0x0000,
    0x0000, 0x0000, 0x0000, 0x0000, 0x0000, 0x0000, 0x0000, 0x0000, 0x0000, 0x0000, 0x0000, 0x0000,
    0x0000, 0x0000, 0x0000, 0x0000, 0x0000, 0x0000, 0x0000, 0x0000, 0x0000, 0x0000, 0x0000, 0x0000,
    0x0000, 0x0000, 0x0000, 0x0000, 0x0000, 0x0000, 0x0000, 0x0000, 0x0000, 0x0000, 0x0000, 0x0000,
    0x0000, 0x0000, 0x0000, 0x0000, 0x0000, 0x0000, 0x0000, 0x0000, 0x0000, 0x0000, 0x0000, 0x0000,
    0x0000, 0x0000, 0x0000, 0x0000, 0x0000, 0x0040, 0x1801, 0x0022, 0x0A20, 0x17E1, 0x17E1, 0x17E1,
    0x17E1, 0x17E0, 0x17E0, 0x17E0, 0x17E0, 0x17E0, 0x1B43, 0x0801, 0x0000, 0x0000, 0x0000, 0x0000,
    0x0000, 0x0000, 0x0000, 0x0000, 0x0020, 0x0000, 0x0020, 0x0000, 0x0803, 0x25E2, 0x2FC3, 0x17E1,
    0x17E0, 0x17E0, 0x17E0, 0x17E0, 0x17E0, 0x17E0, 0x17E0, 0x17E0, 0x17E0, 0x17E0, 0x17E0, 0x17E0,
    0x17E0, 0x17E0, 0x17E0, 0x17E0, 0x17E0, 0x17E0, 0x17E0, 0x17E0, 0x17E0, 0x17E0, 0x17E0, 0x17E0,
    0x17E0, 0x17E0, 0x17E0, 0x17E0, 0x17E0, 0x17E0, 0x17E0, 0x17E0, 0x17E0, 0x17E0, 0x17E0, 0x17E0,
    0x17E0, 0x17E0, 0x17E0, 0x17E0, 0x17E0, 0x17E0, 0x17E0, 0x17E0, 0x17E0, 0x17E0, 0x17E0, 0x17E0,
    0x17E0, 0x17E0, 0x17E0, 0x17E0, 0x17E0, 0x17E0, 0x17C0, 0x17E0, 0x0D01, 0x1100, 0x0040, 0x0000,
    0x0000, 0x0000, 0x0000, 0x0000, 0x0000, 0x0000, 0x0000, 0x0000, 0x0000, 0x0040, 0x0040, 0x02C0,
    0x27A3, 0x17E1, 0x17E1, 0x17E0, 0x17E0, 0x17E0, 0x17E0, 0x17E0, 0x17E0, 0x1CA2, 0x0800, 0x0040,
    0x0000, 0x0000, 0x0000, 0x0000, 0x0000, 0x0000, 0x0000, 0x0000, 0x0000, 0x0000, 0x0000, 0x0000,
    0x0000, 0x0000, 0x0000, 0x0000, 0x0000, 0x0000, 0x0000, 0x0000, 0x0000, 0x0000, 0x0000, 0x0000,
    0x0000, 0x0000, 0x0000, 0x0000, 0x0000, 0x0000, 0x0000, 0x0000, 0x0000, 0x0000, 0x0000, 0x0000,
    0x0000, 0x0000, 0x0000, 0x0000, 0x0000, 0x0000, 0x0000, 0x0000, 0x0000, 0x0000, 0x0000, 0x0000,
    0x0000, 0x0000, 0x0000, 0x0000, 0x0000, 0x0000, 0x0000, 0x0000, 0x0000, 0x0000, 0x0000, 0x0000,
    0x0000, 0x0000, 0x0000, 0x0000, 0x0000, 0x0000, 0x0000, 0x0000, 0x0000, 0x0000, 0x0000, 0x0000,
    0x0000, 0x0000, 0x0000, 0x0000, 0x0000, 0x0020, 0x0040, 0x0A00, 0x26C4, 0x17E1, 0x17E1, 0x17E1,
    0x17E1, 0x17E0, 0x17E0, 0x17E0, 0x17E0, 0x1FE1, 0x13C2, 0x0020, 0x0001, 0x0000, 0x0000, 0x0000,
    0x0000, 0x0000, 0x0000, 0x0000, 0x0000, 0x0041, 0x0001, 0x0801, 0x0100, 0x27A3, 0x0FE1, 0x1FC0,
    0x17E0, 0x17E0, 0x17E0, 0x17E0, 0x17E0, 0x17E0, 0x17E0, 0x17E0, 0x17E0, 0x17E0, 0x17E0, 0x17E0,
    0x17E0, 0x17E0, 0x17E0, 0x17E0, 0x17E0, 0x17E0, 0x17E0, 0x17E0, 0x17E0, 0x17E0, 0x17E0, 0x17E0,
    0x17E0, 0x17E0, 0x17E0, 0x17E0, 0x17E0, 0x17E0, 0x17E0, 0x17E0, 0x17E0, 0x17E0, 0x17E0, 0x17E0,
    0x17E0, 0x17E0, 0x17E0, 0x17E0, 0x17E0, 0x17E0, 0x17E0, 0x17E0, 0x17E0, 0x17E0, 0x17E0, 0x17E0,
    0x17E0, 0x17E0, 0x17E0, 0x17E0, 0x17E0, 0x17E0, 0x1FC1, 0x17E0, 0x2F84, 0x1CA2, 0x0801, 0x0000,
    0x0000, 0x0000, 0x0000, 0x0000, 0x0000, 0x0000, 0x0000, 0x0000, 0x0000, 0x0020, 0x0000, 0x0BE2,
    0x2783, 0x17E1, 0x17E1, 0x17E0, 0x17E0, 0x17E0, 0x17E0, 0x17E0, 0x1FC1, 0x1F81, 0x0080, 0x0802,
    0x0000, 0x0000, 0x0000, 0x0000, 0x0000, 0x0000, 0x0000, 0x0000, 0x0000, 0x0000, 0x0000, 0x0000,
    0x0000, 0x0000, 0x0000, 0x0000, 0x0000, 0x0000, 0x0000, 0x0000, 0x0000, 0x0000, 0x0000, 0x0000,
    0x0000, 0x0000, 0x0000, 0x0000, 0x0000, 0x0000, 0x0000, 0x0000, 0x0000, 0x0000, 0x0000, 0x0000,
    0x0000, 0x0000, 0x0000, 0x0000, 0x0000, 0x0000, 0x0000, 0x0000, 0x0000, 0x0000, 0x0000, 0x0000,
    0x0000, 0x0000, 0x0000, 0x0000, 0x0000, 0x0000, 0x0000, 0x0000, 0x0000, 0x0000, 0x0000, 0x0000,
    0x0000, 0x0000, 0x0000, 0x0000, 0x0000, 0x0000, 0x0000, 0x0000, 0x0000, 0x0000, 0x0000, 0x0000,
    0x0000, 0x0000, 0x0000, 0x0000, 0x0000, 0x0800, 0x0021, 0x2C63, 0x2FC4, 0x17E0, 0x17E0, 0x17E0,
    0x17E0, 0x17E0, 0x17E0, 0x17E0, 0x17E0, 0x1FC1, 0x1C43, 0x00A0, 0x0001, 0x0000, 0x0000, 0x0000,
    0x0000, 0x0000, 0x0000, 0x0000, 0x0000, 0x0841, 0x0822, 0x0821, 0x0B20, 0x17E1, 0x0FE0, 0x1FE0,
    0x17E0, 0x17E0, 0x17E0, 0x17E0, 0x17E0, 0x17E0, 0x17E0, 0x17E0, 0x17E0, 0x17E0, 0x17E0, 0x17E0,
    0x17E0, 0x17E0, 0x17E0, 0x17E0, 0x17E0, 0x17E0, 0x17E0, 0x17E0, 0x17E0, 0x17E0, 0x17E0, 0x17E0,
    0x17E0, 0x17E0, 0x17E0, 0x17E0, 0x17E0, 0x17E0, 0x17E0, 0x17E0, 0x17E0, 0x17E0, 0x17E0, 0x17E0,
    0x17E0, 0x17E0, 0x17E0, 0x17E0, 0x17E0, 0x17E0, 0x17E0, 0x17E0, 0x17E0, 0x17E0, 0x17E0, 0x17E0,
    0x17E0, 0x17E0, 0x17E0, 0x17E0, 0x17E0, 0x17E0, 0x17A0, 0x1FE1, 0x1FC2, 0x1EA3, 0x0020, 0x0801,
    0x0020, 0x0000, 0x0000, 0x0000, 0x0000, 0x0000, 0x0000, 0x0000, 0x0000, 0x0020, 0x0000, 0x1CC3,
    0x27A2, 0x17E1, 0x17E1, 0x17E0, 0x17E0, 0x17E0, 0x17E0, 0x17E0, 0x2782, 0x17E0, 0x1241, 0x0801,
    0x0000, 0x0000, 0x0000, 0x0000, 0x0000, 0x0000, 0x0000, 0x0000, 0x0000, 0x0000, 0x0000, 0x0000,
    0x0000, 0x0000, 0x0000, 0x0000, 0x0000, 0x0000, 0x0000, 0x0000, 0x0000, 0x0000, 0x0000, 0x0000,
    0x0000, 0x0000, 0x0000, 0x0000, 0x0000, 0x0000, 0x0000, 0x0000, 0x0000, 0x0000, 0x0000, 0x0000,
    0x0000, 0x0000, 0x0000, 0x0000, 0x0000, 0x0000, 0x0000, 0x0000, 0x0000, 0x0000, 0x0000, 0x0000,
    0x0000, 0x0000, 0x0000, 0x0000, 0x0000, 0x0000, 0x0000, 0x0000, 0x0000, 0x0000, 0x0000, 0x0000,
    0x0000, 0x0000, 0x0000, 0x0000, 0x0000, 0x0000, 0x0000, 0x0000, 0x0000, 0x0000, 0x0000, 0x0000,
    0x0000, 0x0000, 0x0000, 0x0000, 0x0000, 0x0061, 0x0880, 0x17C2, 0x1FE0, 0x17E0, 0x17E0, 0x17E0,
    0x17E0, 0x17E0, 0x17E0, 0x17E0, 0x17E0, 0x1FA1, 0x2D64, 0x0961, 0x0001, 0x0000, 0x0000, 0x0000,
    0x0000, 0x0000, 0x0000, 0x0000, 0x0000, 0x0841, 0x0841, 0x0040, 0x2EE6, 0x17E0, 0x1F80, 0x0FC0,
    0x17E0, 0x17E0, 0x17E0, 0x17E0, 0x17E0, 0x17E0, 0x17E0, 0x17E0, 0x17E0, 0x17E0, 0x17E0, 0x17E0,
    0x17E0, 0x17E0, 0x17E0, 0x17E0, 0x17E0, 0x17E0, 0x17E0, 0x17E0, 0x17E0, 0x17E0, 0x17E0, 0x17E0,
    0x17E0, 0x17E0, 0x17E0, 0x17E0, 0x17E0, 0x17E0, 0x17E0, 0x17E0, 0x17E0, 0x17E0, 0x17E0, 0x17E0,
    0x17E0, 0x17E0, 0x17E0, 0x17E0, 0x17E0, 0x17E0, 0x17E0, 0x17E0, 0x17E0, 0x17E0, 0x17E0, 0x17E0,
    0x17E0, 0x17E0, 0x17E0, 0x17E0, 0x17E0, 0x17E0, 0x17E1, 0x17C1, 0x17A0, 0x1FC2, 0x0200, 0x1803,
    0x0020, 0x0000, 0x0000, 0x0000, 0x0000, 0x0000, 0x0000, 0x0000, 0x0020, 0x0060, 0x0000, 0x36A5,
    0x1FE0, 0x17E1, 0x17E1, 0x17E0, 0x17E0, 0x17E0, 0x17E0, 0x17E0, 0x1FC2, 0x17E1, 0x2664, 0x0260,
    0x0020, 0x0000, 0x0000, 0x0000, 0x0000, 0x0000, 0x0000, 0x0000, 0x0000, 0x0000, 0x0000, 0x0000,
    0x0000, 0x0000, 0x0000, 0x0000, 0x0000, 0x0000, 0x0000, 0x0000, 0x0000, 0x0000, 0x0000, 0x0000,
    0x0000, 0x0000, 0x0000, 0x0000, 0x0000, 0x0000, 0x0000, 0x0000, 0x0000, 0x0000, 0x0000, 0x0000,
    0x0000, 0x0000, 0x0000, 0x0000, 0x0000, 0x0000, 0x0000, 0x0000, 0x0000, 0x0000, 0x0000, 0x0000,
    0x0000, 0x0000, 0x0000, 0x0000, 0x0000, 0x0000, 0x0000, 0x0000, 0x0000, 0x0000, 0x0000, 0x0000,
    0x0000, 0x0000, 0x0000, 0x0000, 0x0000, 0x0000, 0x0000, 0x0000, 0x0000, 0x0000, 0x0000, 0x0000,
    0x0000, 0x0000, 0x0000, 0x0000, 0x0000, 0x0801, 0x01A0, 0x07E0, 0x27C0, 0x17E0, 0x17E0, 0x17E0,
    0x17E0, 0x17E0, 0x17E0, 0x17E0, 0x17E0, 0x17E0, 0x2EA5, 0x1A82, 0x0041, 0x0000, 0x0000, 0x0000,
    0x0000, 0x0000, 0x0000, 0x0000, 0x0000, 0x0020, 0x1002, 0x00A0, 0x1FA2, 0x17E0, 0x17E0, 0x17E0,
    0x17E0, 0x17E0, 0x17E0, 0x17E0, 0x17E0, 0x17E0, 0x17E0, 0x17E0, 0x17E0, 0x17E0, 0x17E0, 0x17E0,
    0x17E0, 0x17E0, 0x17E0, 0x17E0, 0x17E0, 0x17E0, 0x17E0, 0x17E0, 0x17E0, 0x17E0, 0x17E0, 0x17E0,
    0x17E0, 0x17E0, 0x17E0, 0x17E0, 0x17E0, 0x17E0, 0x17E0, 0x17E0, 0x17E0, 0x17E0, 0x17E0, 0x17E0,
    0x17E0, 0x17E0, 0x17E0, 0x17E0, 0x17E0, 0x17E0, 0x17E0, 0x17E0, 0x17E0, 0x17E0, 0x17E0, 0x17E0,
    0x17E0, 0x17E0, 0x17E0, 0x17E0, 0x17E0, 0x17E0, 0x17E0, 0x17E0, 0x17C0, 0x17C0, 0x24A4, 0x00A0,
    0x0001, 0x0000, 0x0000, 0x0000, 0x0000, 0x0000, 0x0000, 0x0000, 0x0000, 0x1022, 0x1003, 0x2F64,
    0x0FA0, 0x17E0, 0x17E0, 0x17E0, 0x17E0, 0x17E0, 0x17E0, 0x17E0, 0x17E0, 0x17E0, 0x1F81, 0x1461,
    0x0020, 0x0000, 0x0000, 0x0000, 0x0000, 0x0000, 0x0000, 0x0000, 0x0000, 0x0000, 0x0000, 0x0000,
    0x0000, 0x0000, 0x0000, 0x0000, 0x0000, 0x0000, 0x0000, 0x0000, 0x0000, 0x0000, 0x0000, 0x0000,
    0x0000, 0x0000, 0x0000, 0x0000, 0x0000, 0x0000, 0x0000, 0x0000, 0x0000, 0x0000, 0x0000, 0x0000,
    0x0000, 0x0000, 0x0000, 0x0000, 0x0000, 0x0000, 0x0000, 0x0000, 0x0000, 0x0000, 0x0000, 0x0000,
    0x0000, 0x0000, 0x0000, 0x0000, 0x0000, 0x0000, 0x0000, 0x0000, 0x0000, 0x0000, 0x0000, 0x0000,
    0x0000, 0x0000, 0x0000, 0x0000, 0x0000, 0x0000, 0x0000, 0x0000, 0x0000, 0x0000, 0x0000, 0x0000,
    0x0000, 0x0000, 0x0000, 0x0000, 0x0000, 0x0000, 0x2403, 0x17E0, 0x1FC0, 0x17E0, 0x17E0, 0x17E0,
    0x17E0, 0x17E0, 0x17E0, 0x17E0, 0x17E0, 0x1FC1, 0x27C2, 0x2523, 0x1804, 0x0000, 0x0000, 0x0000,
    0x0000, 0x0000, 0x0000, 0x0000, 0x0020, 0x0841, 0x0060, 0x1BC2, 0x17E0, 0x17E0, 0x17E0, 0x17E0,
    0x17E0, 0x17E0, 0x17E0, 0x17E0, 0x17E0, 0x17E0, 0x17E0, 0x17E0, 0x17E0, 0x17E0, 0x17E0, 0x17E0,
    0x17E0, 0x17E0, 0x17E0, 0x17E0, 0x17E0, 0x17E0, 0x17E0, 0x17E0, 0x17E0, 0x17E0, 0x17E0, 0x17E0,
    0x17E0, 0x17E0, 0x17E0, 0x17E0, 0x17E0, 0x17E0, 0x17E0, 0x17E0, 0x17E0, 0x17E0, 0x17E0, 0x17E0,
    0x17E0, 0x17E0, 0x17E0, 0x17E0, 0x17E0, 0x17E0, 0x17E0, 0x17E0, 0x17E0, 0x17E0, 0x17E0, 0x17E0,
    0x17E0, 0x17E0, 0x17E0, 0x17E0, 0x17E0, 0x17E0, 0x17E0, 0x17E0, 0x17C1, 0x17C1, 0x3743, 0x1B23,
    0x1040, 0x0000, 0x0000, 0x0000, 0x0000, 0x0000, 0x0000, 0x0000, 0x0000, 0x0801, 0x0160, 0x27A2,
    0x17E0, 0x17E0, 0x17E0, 0x17E0, 0x17E0, 0x17E0, 0x17E0, 0x17E0, 0x17E0, 0x17E0, 0x17C1, 0x3665,
    0x0020, 0x0000, 0x0000, 0x0000, 0x0000, 0x0000, 0x0000, 0x0000, 0x0000, 0x0000, 0x0000, 0x0000,
    0x0000, 0x0000, 0x0000, 0x0000, 0x0000, 0x0000, 0x0000, 0x0000, 0x0000, 0x0000, 0x0000, 0x0000,
    0x0000, 0x0000, 0x0000, 0x0000, 0x0000, 0x0000, 0x0000, 0x0000, 0x0000, 0x0000, 0x0000, 0x0000,
    0x0000, 0x0000, 0x0000, 0x0000, 0x0000, 0x0000, 0x0000, 0x0000, 0x0000, 0x0000, 0x0000, 0x0000,
    0x0000, 0x0000, 0x0000, 0x0000, 0x0000, 0x0000, 0x0000, 0x0000, 0x0000, 0x0000, 0x0000, 0x0000,
    0x0000, 0x0000, 0x0000, 0x0000, 0x0000, 0x0000, 0x0000, 0x0000, 0x0000, 0x0000, 0x0000, 0x0000,
    0x0000, 0x0000, 0x0000, 0x0000, 0x0000, 0x0040, 0x1D24, 0x17C0, 0x17A1, 0x17E0, 0x17E0, 0x17E0,
    0x17E0, 0x17E0, 0x17E0, 0x17E0, 0x17E0, 0x1FE1, 0x1FE1, 0x1E62, 0x1002, 0x0000, 0x0000, 0x0000,
    0x0000, 0x0000, 0x0000, 0x0000, 0x0040, 0x0000, 0x0200, 0x2E24, 0x17E0, 0x17E0, 0x17E0, 0x17E0,
    0x17E0, 0x17E0, 0x17E0, 0x17E0, 0x17E0, 0x17E0, 0x17E0, 0x17E0, 0x17E0, 0x17E0, 0x17E0, 0x17E0,
    0x17E0, 0x17E0, 0x17E0, 0x17E0, 0x17E0, 0x17E0, 0x17E0, 0x17E0, 0x17E0, 0x17E0, 0x17E0, 0x17E0,
    0x17E0, 0x17E0, 0x17E0, 0x17E0, 0x17E0, 0x17E0, 0x17E0, 0x17E0, 0x17E0, 0x17E0, 0x17E0, 0x17E0,
    0x17E0, 0x17E0, 0x17E0, 0x17E0, 0x17E0, 0x17E0, 0x17E0, 0x17E0, 0x17E0, 0x17E0, 0x17E0, 0x17E0,
    0x17E0, 0x17E0, 0x17E0, 0x17E0, 0x17E0, 0x17E0, 0x17E0, 0x17E0, 0x17E1, 0x17C1, 0x27A1, 0x2D86,
    0x0000, 0x0000, 0x0000, 0x0000, 0x0000, 0x0000, 0x0000, 0x0000, 0x0000, 0x0001, 0x0B00, 0x1FC1,
    0x17E0, 0x17E0, 0x17E0, 0x17E0, 0x17E0, 0x17E0, 0x17E0, 0x17E0, 0x17E0, 0x1FE1, 0x17E0, 0x3725,
    0x0020, 0x0000, 0x0000, 0x0000, 0x0000, 0x0000, 0x0000, 0x0000, 0x0000, 0x0000, 0x0000, 0x0000,
    0x0000, 0x0000, 0x0000, 0x0000, 0x0000, 0x0000, 0x0000, 0x0000, 0x0000, 0x0000, 0x0000, 0x0000,
    0x0000, 0x0000, 0x0000, 0x0000, 0x0000, 0x0000, 0x0000, 0x0000, 0x0000, 0x0000, 0x0000, 0x0000,
    0x0000, 0x0000, 0x0000, 0x0000, 0x0000, 0x0000, 0x0000, 0x0000, 0x0000, 0x0000, 0x0000, 0x0000,
    0x0000, 0x0000, 0x0000, 0x0000, 0x0000, 0x0000, 0x0000, 0x0000, 0x0000, 0x0000, 0x0000, 0x0000,
    0x0000, 0x0000, 0x0000, 0x0000, 0x0000, 0x0000, 0x0000, 0x0000, 0x0000, 0x0000, 0x0000, 0x0000,
    0x0000, 0x0000, 0x0000, 0x0000, 0x0000, 0x1A42, 0x2F06, 0x27E1, 0x17C2, 0x17E0, 0x17E0, 0x17E0,
    0x17E0, 0x17E0, 0x17E0, 0x17E0, 0x17E0, 0x0FE0, 0x17E0, 0x27E4, 0x0160, 0x0000, 0x0000, 0x0000,
    0x0000, 0x0000, 0x0000, 0x0000, 0x0000, 0x0800, 0x2E05, 0x17E2, 0x17E0, 0x17E0, 0x17E0, 0x17E0,
    0x17E0, 0x17E0, 0x17E0, 0x17E0, 0x17E0, 0x17E0, 0x17E0, 0x17E0, 0x17E0, 0x17E0, 0x17E0, 0x17E0,
    0x17E0, 0x17E0, 0x17E0, 0x17E0, 0x17E0, 0x17E0, 0x17E0, 0x17E0, 0x17E0, 0x17E0, 0x17E0, 0x17E0,
    0x17E0, 0x17E0, 0x17E0, 0x17E0, 0x17E0, 0x17E0, 0x17E0, 0x17E0, 0x17E0, 0x17E0, 0x17E0, 0x17E0,
    0x17E0, 0x17E0, 0x17E0, 0x17E0, 0x17E0, 0x17E0, 0x17E0, 0x17E0, 0x17E0, 0x17E0, 0x17E0, 0x17E0,
    0x17E0, 0x17E0, 0x17E0, 0x17E0, 0x17E0, 0x17E0, 0x17E0, 0x17E0, 0x17E1, 0x17E1, 0x0FE1, 0x2FE0,
    0x00C2, 0x0000, 0x0000, 0x0000, 0x0000, 0x0000, 0x0000, 0x0000, 0x0000, 0x0181, 0x3645, 0x17E1,
    0x17E0, 0x17E0, 0x17E0, 0x17E0, 0x17E0, 0x17E0, 0x17E0, 0x17E0, 0x0FC0, 0x1FE1, 0x17E0, 0x2783,
    0x0060, 0x0000, 0x0000, 0x0000, 0x0000, 0x0000, 0x0000, 0x0000, 0x0000, 0x0000, 0x0000, 0x0000,
    0x0000, 0x0000, 0x0000, 0x0000, 0x0000, 0x0000, 0x0000, 0x0000, 0x0000, 0x0000, 0x0000, 0x0000,
    0x0000, 0x0000, 0x0000, 0x0000, 0x0000, 0x0000, 0x0000, 0x0000, 0x0000, 0x0000, 0x0000, 0x0000,
    0x0000, 0x0000, 0x0000, 0x0000, 0x0000, 0x0000, 0x0000, 0x0000, 0x0000, 0x0000, 0x0000, 0x0000,
    0x0000, 0x0000, 0x0000, 0x0000, 0x0000, 0x0000, 0x0000, 0x0000, 0x0000, 0x0000, 0x0000, 0x0000,
    0x0000, 0x0000, 0x0000, 0x0000, 0x0000, 0x0000, 0x0000, 0x0000, 0x0000, 0x0000, 0x0000, 0x0000,
    0x0000, 0x0000, 0x0000, 0x0000, 0x0021, 0x0CC1, 0x2F63, 0x17E1, 0x17C1, 0x17E0, 0x17E0, 0x17E0,
    0x17E0, 0x17E0, 0x17E0, 0x17E0, 0x17E0, 0x17E1, 0x17E0, 0x1FE2, 0x1E82, 0x0A62, 0x1002, 0x0001,
    0x0000, 0x0000, 0x0000, 0x0020, 0x0821, 0x0080, 0x2FA3, 0x0FE0, 0x17E0, 0x17E0, 0x17E0, 0x17E0,
    0x17E0, 0x17E0, 0x17E0, 0x17E0, 0x17E0, 0x17E0, 0x17E0, 0x17E0, 0x17E0, 0x17E0, 0x17E0, 0x17E0,
    0x17E0, 0x17E0, 0x17E0, 0x17E0, 0x17E0, 0x17E0, 0x17E0, 0x17E0, 0x17E0, 0x17E0, 0x17E0, 0x17E0,
    0x17E0, 0x17E0, 0x17E0, 0x17E0, 0x17E0, 0x17E0, 0x17E0, 0x17E0, 0x17E0, 0x17E0, 0x17E0, 0x17E0,
    0x17E0, 0x17E0, 0x17E0, 0x17E0, 0x17E0, 0x17E0, 0x17E0, 0x17E0, 0x17E0, 0x17E0, 0x17E0, 0x17E0,
    0x17E0, 0x17E0, 0x17E0, 0x17E0, 0x17E0, 0x17E0, 0x17E0, 0x17E0, 0x17E0, 0x17E0, 0x17E0, 0x17E0,
    0x1C43, 0x0000, 0x0000, 0x0020, 0x0000, 0x0020, 0x0000, 0x0801, 0x0080, 0x36C5, 0x1FE1, 0x1FE2,
    0x0FC0, 0x17E0, 0x17E0, 0x17E0, 0x17E0, 0x17E0, 0x17E0, 0x17E0, 0x17E0, 0x1FE1, 0x0FE0, 0x1FC1,
    0x0220, 0x0821, 0x0020, 0x0001, 0x0000, 0x0000, 0x0000, 0x0000, 0x0000, 0x0000, 0x0000, 0x0000,
    0x0000, 0x0000, 0x0000, 0x0000, 0x0000, 0x0000, 0x0000, 0x0000, 0x0000, 0x0000, 0x0000, 0x0000,
    0x0000, 0x0000, 0x0000, 0x0000, 0x0000, 0x0000, 0x0000, 0x0000, 0x0000, 0x0000, 0x0000, 0x0000,
    0x0000, 0x0000, 0x0000, 0x0000, 0x0000, 0x0000, 0x0000, 0x0000, 0x0000, 0x0000, 0x0000, 0x0000,
    0x0000, 0x0000, 0x0000, 0x0000, 0x0000, 0x0000, 0x0000, 0x0000, 0x0000, 0x0000, 0x0000, 0x0000,
    0x0000, 0x0000, 0x0000, 0x0000, 0x0000, 0x0000, 0x0000, 0x0000, 0x0000, 0x0000, 0x0000, 0x0000,
    0x0000, 0x0000, 0x0000, 0x0000, 0x0020, 0x1522, 0x2F83, 0x17E1, 0x17C1, 0x17E0, 0x17E0, 0x17E0,
    0x17E0, 0x17E0, 0x17E0, 0x17E0, 0x17E0, 0x17E1, 0x1FE0, 0x1FC0, 0x1FA3, 0x1D24, 0x1002, 0x0842,
    0x0000, 0x0000, 0x0000, 0x0020, 0x0040, 0x0280, 0x1FE1, 0x17E0, 0x1FE0, 0x17E0, 0x17E0, 0x17E0,
    0x17E0, 0x17E0, 0x17E0, 0x17E0, 0x17E0, 0x17E0, 0x17E0, 0x17E0, 0x17E0, 0x17E0, 0x17E0, 0x17E0,
    0x17E0, 0x17E0, 0x17E0, 0x17E0, 0x17E0, 0x17E0, 0x17E0, 0x17E0, 0x17E0, 0x17E0, 0x17E0, 0x17E0,
    0x17E0, 0x17E0, 0x17E0, 0x17E0, 0x17E0, 0x17E0, 0x17E0, 0x17E0, 0x17E0, 0x17E0, 0x17E0, 0x17E0,
    0x17E0, 0x17E0, 0x17E0, 0x17E0, 0x17E0, 0x17E0, 0x17E0, 0x17E0, 0x17E0, 0x17E0, 0x17E0, 0x17E0,
    0x17E0, 0x17E0, 0x17E0, 0x17E0, 0x17E0, 0x17E0, 0x17E0, 0x17E0, 0x17E0, 0x17E0, 0x17E0, 0x17E0,
    0x2DC4, 0x0000, 0x0000, 0x0020, 0x0000, 0x0001, 0x0040, 0x0802, 0x0220, 0x1FC3, 0x17E0, 0x1FC1,
    0x0FC0, 0x17E0, 0x17E0, 0x17E0, 0x17E0, 0x17E0, 0x17E0, 0x17E0, 0x17E0, 0x1FE1, 0x0FE0, 0x17C1,
    0x1302, 0x0841, 0x0020, 0x0001, 0x0000, 0x0000, 0x0000, 0x0000, 0x0000, 0x0000, 0x0000, 0x0000,
    0x0000, 0x0000, 0x0000, 0x0000, 0x0000, 0x0000, 0x0000, 0x0000, 0x0000, 0x0000, 0x0000, 0x0000,
    0x0000, 0x0000, 0x0000, 0x0000, 0x0000, 0x0000, 0x0000, 0x0000, 0x0000, 0x0000, 0x0000, 0x0000,
    0x0000, 0x0000, 0x0000, 0x0000, 0x0000, 0x0000, 0x0000, 0x0000, 0x0000, 0x0000, 0x0000, 0x0000,
    0x0000, 0x0000, 0x0000, 0x0000, 0x0000, 0x0000, 0x0000, 0x0000, 0x0000, 0x0000, 0x0000, 0x0000,
    0x0000, 0x0000, 0x0000, 0x0000, 0x0000, 0x0000, 0x0000, 0x0000, 0x0000, 0x0000, 0x0000, 0x0000,
    0x0000, 0x0000, 0x0000, 0x0001, 0x0020, 0x1DE2, 0x2FC3, 0x1FE1, 0x17C1, 0x17E0, 0x17E0, 0x17E0,
    0x17E0, 0x17E0, 0x17E0, 0x17E0, 0x17E0, 0x17C0, 0x17E1, 0x17E1, 0x1FC1, 0x1FC2, 0x0C03, 0x00E0,
    0x0001, 0x0000, 0x0000, 0x0020, 0x1361, 0x36E4, 0x0FE0, 0x1FC2, 0x17E0, 0x17E0, 0x17E0, 0x17E0,
    0x17E0, 0x17E0, 0x17E0, 0x17E0, 0x17E0, 0x17E0, 0x17E0, 0x17E0, 0x17E0, 0x17E0, 0x17E0, 0x17E0,
    0x17E0, 0x17E0, 0x17E0, 0x17E0, 0x17E0, 0x17E0, 0x17E0, 0x17E0, 0x17E0, 0x17E0, 0x17E0, 0x17E0,
    0x17E0, 0x17E0, 0x17E0, 0x17E0, 0x17E0, 0x17E0, 0x17E0, 0x17E0, 0x17E0, 0x17E0, 0x17E0, 0x17E0,
    0x17E0, 0x17E0, 0x17E0, 0x17E0, 0x17E0, 0x17E0, 0x17E0, 0x17E0, 0x17E0, 0x17E0, 0x17E0, 0x17E0,
    0x17E0, 0x17E0, 0x17E0, 0x17E0, 0x17E0, 0x17E0, 0x17E0, 0x17E0, 0x17E0, 0x17E0, 0x1FC1, 0x17E0,
    0x2F83, 0x0861, 0x0020, 0x0000, 0x0020, 0x0041, 0x0000, 0x1D42, 0x2783, 0x17E0, 0x1FE2, 0x17E0,
    0x17E0, 0x17E0, 0x17E0, 0x17E0, 0x17E0, 0x17E0, 0x17E0, 0x17E0, 0x17E0, 0x1FC0, 0x0FE0, 0x17E0,
    0x1C03, 0x0060, 0x0000, 0x0001, 0x0000, 0x0000, 0x0000, 0x0000, 0x0000, 0x0000, 0x0000, 0x0000,
    0x0000, 0x0000, 0x0000, 0x0000, 0x0000, 0x0000, 0x0000, 0x0000, 0x0000, 0x0000, 0x0000, 0x0000,
    0x0000, 0x0000, 0x0000, 0x0000, 0x0000, 0x0000, 0x0000, 0x0000, 0x0000, 0x0000, 0x0000, 0x0000,
    0x0000, 0x0000, 0x0000, 0x0000, 0x0000, 0x0000, 0x0000, 0x0000, 0x0000, 0x0000, 0x0000, 0x0000,
    0x0000, 0x0000, 0x0000, 0x0000, 0x0000, 0x0000, 0x0000, 0x0000, 0x0000, 0x0000, 0x0000, 0x0000,
    0x0000, 0x0000, 0x0000, 0x0000, 0x0000, 0x0000, 0x0000, 0x0000, 0x0000, 0x0000, 0x0000, 0x0000,
    0x0000, 0x0000, 0x0000, 0x0001, 0x0020, 0x25C3, 0x27C2, 0x1FE2, 0x17C1, 0x17E0, 0x17E0, 0x17E0,
    0x17E0, 0x17E0, 0x17E0, 0x17E0, 0x17E0, 0x1FE0, 0x0FE0, 0x0FC0, 0x27E1, 0x1FC0, 0x2EC7, 0x23E3,
    0x0041, 0x0000, 0x0802, 0x0020, 0x2563, 0x2F82, 0x17E1, 0x1781, 0x17E0, 0x17E0, 0x17E0, 0x17E0,
    0x17E0, 0x17E0, 0x17E0, 0x17E0, 0x17E0, 0x17E0, 0x17E0, 0x17E0, 0x17E0, 0x17E0, 0x17E0, 0x17E0,
    0x17E0, 0x17E0, 0x17E0, 0x17E0, 0x17E0, 0x17E0, 0x17E0, 0x17E0, 0x17E0, 0x17E0, 0x17E0, 0x17E0,
    0x17E0, 0x17E0, 0x17E0, 0x17E0, 0x17E0, 0x17E0, 0x17E0, 0x17E0, 0x17E0, 0x17E0, 0x17E0, 0x17E0,
    0x17E0, 0x17E0, 0x17E0, 0x17E0, 0x17E0, 0x17E0, 0x17E0, 0x17E0, 0x17E0, 0x17E0, 0x17E0, 0x17E0,
    0x17E0, 0x17E0, 0x17E0, 0x17E0, 0x17E0, 0x17E0, 0x17E0, 0x17E0, 0x17E0, 0x17E0, 0x1FC1, 0x17E0,
    0x1FA2, 0x1982, 0x0061, 0x0820, 0x0821, 0x00C0, 0x0AA2, 0x2763, 0x0FE0, 0x1FC1, 0x1FA2, 0x17E0,
    0x1FE0, 0x17E0, 0x17E0, 0x17E0, 0x17E0, 0x17E0, 0x17E0, 0x17E0, 0x17E0, 0x1FC0, 0x17E0, 0x17E0,
    0x2443, 0x0060, 0x0020, 0x0801, 0x0000, 0x0000, 0x0000, 0x0000, 0x0000, 0x0000, 0x0000, 0x0000,
    0x0000, 0x0000, 0x0000, 0x0000, 0x0000, 0x0000, 0x0000, 0x0000, 0x0000, 0x0000, 0x0000, 0x0000,
    0x0000, 0x0000, 0x0000, 0x0000, 0x0000, 0x0000, 0x0000, 0x0000, 0x0000, 0x0000, 0x0000, 0x0000,
    0x0000, 0x0000, 0x0000, 0x0000, 0x0000, 0x0000, 0x0000, 0x0000, 0x0000, 0x0000, 0x0000, 0x0000,
    0x0000, 0x0000, 0x0000, 0x0000, 0x0000, 0x0000, 0x0000, 0x0000, 0x0000, 0x0000, 0x0000, 0x0000,
    0x0000, 0x0000, 0x0000, 0x0000, 0x0000, 0x0000, 0x0000, 0x0000, 0x0000, 0x0000, 0x0000, 0x0000,
    0x0000, 0x0000, 0x0000, 0x0000, 0x0000, 0x2D64, 0x1FC1, 0x27E2, 0x0FE0, 0x17E0, 0x17E0, 0x17E0,
    0x17E0, 0x17E0, 0x17E0, 0x17E0, 0x17E0, 0x17E0, 0x17E0, 0x17E0, 0x17E1, 0x1FE2, 0x17E0, 0x1FE2,
    0x2642, 0x23E1, 0x0B41, 0x1502, 0x27E3, 0x17E0, 0x17E0, 0x17E0, 0x17E0, 0x17E0, 0x17E0, 0x17E0,
    0x17E0, 0x17E0, 0x17E0, 0x17E0, 0x17E0, 0x17E0, 0x17E0, 0x17E0, 0x17E0, 0x17E0, 0x17E0, 0x17E0,
    0x17E0, 0x17E0, 0x17E0, 0x17E0, 0x17E0, 0x17E0, 0x17E0, 0x17E0, 0x17E0, 0x17E0, 0x17E0, 0x17E0,
    0x17E0, 0x17E0, 0x17E0, 0x17E0, 0x17E0, 0x17E0, 0x17E0, 0x17E0, 0x17E0, 0x17E0, 0x17E0, 0x17E0,
    0x17E0, 0x17E0, 0x17E0, 0x17E0, 0x17E0, 0x17E0, 0x17E0, 0x17E0, 0x17E0, 0x17E0, 0x17E0, 0x17E0,
    0x17E0, 0x17E0, 0x17E0, 0x17E0, 0x17E0, 0x17E0, 0x17E0, 0x17E0, 0x17E0, 0x17E0, 0x17E0, 0x17E0,
    0x17E0, 0x3703, 0x13A3, 0x0100, 0x02A0, 0x2722, 0x27E2, 0x17E0, 0x17C1, 0x17E0, 0x17E0, 0x17E0,
    0x17E0, 0x17E0, 0x17E0, 0x17E0, 0x17E0, 0x17E0, 0x17E0, 0x17E0, 0x1FE0, 0x17E0, 0x17E0, 0x17C0,
    0x2423, 0x0061, 0x0020, 0x0001, 0x0000, 0x0000, 0x0000, 0x0000, 0x0000, 0x0000, 0x0000, 0x0000,
    0x0000, 0x0000, 0x0000, 0x0000, 0x0000, 0x0000, 0x0000, 0x0000, 0x0000, 0x0000, 0x0000, 0x0000,
    0x0000, 0x0000, 0x0000, 0x0000, 0x0000, 0x0000, 0x0000, 0x0000, 0x0000, 0x0000, 0x0000, 0x0000,
    0x0000, 0x0000, 0x0000, 0x0000, 0x0000, 0x0000, 0x0000, 0x0000, 0x0000, 0x0000, 0x0000, 0x0000,
    0x0000, 0x0000, 0x0000, 0x0000, 0x0000, 0x0000, 0x0000, 0x0000, 0x0000, 0x0000, 0x0000, 0x0000,
    0x0000, 0x0000, 0x0000, 0x0000, 0x0000, 0x0000, 0x0000, 0x0000, 0x0000, 0x0000, 0x0000, 0x0000,
    0x0000, 0x0000, 0x0000, 0x0000, 0x0000, 0x2503, 0x1FC1, 0x1FE2, 0x0FE0, 0x17E0, 0x17E0, 0x17E0,
    0x17E0, 0x17E0, 0x17E0, 0x17E0, 0x17E0, 0x17E0, 0x17E0, 0x17E0, 0x17E0, 0x17E0, 0x1FE1, 0x17E1,
    0x1FC2, 0x2F63, 0x2723, 0x27C3, 0x0FE0, 0x17E0, 0x17E0, 0x17E0, 0x17E0, 0x17E0, 0x17E0, 0x17E0,
    0x17E0, 0x17E0, 0x17E0, 0x17E0, 0x17E0, 0x17E0, 0x17E0, 0x17E0, 0x17E0, 0x17E0, 0x17E0, 0x17E0,
    0x17E0, 0x17E0, 0x17E0, 0x17E0, 0x17E0, 0x17E0, 0x17E0, 0x17E0, 0x17E0, 0x17E0, 0x17E0, 0x17E0,
    0x17E0, 0x17E0, 0x17E0, 0x17E0, 0x17E0, 0x17E0, 0x17E0, 0x17E0, 0x17E0, 0x17E0, 0x17E0, 0x17E0,
    0x17E0, 0x17E0, 0x17E0, 0x17E0, 0x17E0, 0x17E0, 0x17E0, 0x17E0, 0x17E0, 0x17E0, 0x17E0, 0x17E0,
    0x17E0, 0x17E0, 0x17E0, 0x17E0, 0x17E0, 0x17E0, 0x17E0, 0x17E0, 0x17E0, 0x17E0, 0x17E0, 0x17E0,
    0x17E0, 0x1FE1, 0x2F26, 0x25E3, 0x26C2, 0x0FE0, 0x17E0, 0x17A0, 0x17C0, 0x17E0, 0x17E0, 0x17E0,
    0x17E0, 0x17E0, 0x17E0, 0x17E0, 0x17E0, 0x17E0, 0x17E0, 0x17E0, 0x17E0, 0x17E0, 0x17E0, 0x17C0,
    0x1BA2, 0x0041, 0x0020, 0x0001, 0x0000, 0x0000, 0x0000, 0x0000, 0x0000, 0x0000, 0x0000, 0x0000,
    0x0000, 0x0000, 0x0000, 0x0000, 0x0000, 0x0000, 0x0000, 0x0000, 0x0000, 0x0000, 0x0000, 0x0000,
    0x0000, 0x0000, 0x0000, 0x0000, 0x0000, 0x0000, 0x0000, 0x0000, 0x0000, 0x0000, 0x0000, 0x0000,
    0x0000, 0x0000, 0x0000, 0x0000, 0x0000, 0x0000, 0x0000, 0x0000, 0x0000, 0x0000, 0x0000, 0x0000,
    0x0000, 0x0000, 0x0000, 0x0000, 0x0000, 0x0000, 0x0000, 0x0000, 0x0000, 0x0000, 0x0000, 0x0000,
    0x0000, 0x0000, 0x0000, 0x0000, 0x0000, 0x0000, 0x0000, 0x0000, 0x0000, 0x0000, 0x0000, 0x0000,
    0x0000, 0x0000, 0x0000, 0x0000, 0x0020, 0x0B21, 0x2F24, 0x27E2, 0x0FE0, 0x17E0, 0x17E0, 0x17E0,
    0x17E0, 0x17E0, 0x17E0, 0x17E0, 0x17E0, 0x17E0, 0x17E0, 0x17E0, 0x17E0, 0x1FE1, 0x17E0, 0x0FC0,
    0x17C1, 0x17E0, 0x17E0, 0x17E1, 0x1FE1, 0x17E0, 0x17E0, 0x17E0, 0x17E0, 0x17E0, 0x17E0, 0x17E0,
    0x17E0, 0x17E0, 0x17E0, 0x17E0, 0x17E0, 0x17E0, 0x17E0, 0x17E0, 0x17E0, 0x17E0, 0x17E0, 0x17E0,
    0x17E0, 0x17E0, 0x17E0, 0x17E0, 0x17E0, 0x17E0, 0x17E0, 0x17E0, 0x17E0, 0x17E0, 0x17E0, 0x17E0,
    0x17E0, 0x17E0, 0x17E0, 0x17E0, 0x17E0, 0x17E0, 0x17E0, 0x17E0, 0x17E0, 0x17E0, 0x17E0, 0x17E0,
    0x17E0, 0x17E0, 0x17E0, 0x17E0, 0x17E0, 0x17E0, 0x17E0, 0x17E0, 0x17E0, 0x17E0, 0x17E0, 0x17E0,
    0x17E0, 0x17E0, 0x17E0, 0x17E0, 0x17E0, 0x17E0, 0x17E0, 0x17E0, 0x17E0, 0x17E0, 0x17E0, 0x17E0,
    0x17E0, 0x1FE2, 0x17E0, 0x0FE0, 0x17E1, 0x1FE0, 0x1FE0, 0x17E0, 0x17E0, 0x17E0, 0x17E0, 0x17E0,
    0x17E0, 0x17E0, 0x17E0, 0x17E0, 0x17E0, 0x17E0, 0x17E0, 0x17E0, 0x17E0, 0x17E0, 0x17E0, 0x1FC0,
    0x12E1, 0x0802, 0x0040, 0x0801, 0x0000, 0x0000, 0x0000, 0x0000, 0x0000, 0x0000, 0x0000, 0x0000,
    0x0000, 0x0000, 0x0000, 0x0000, 0x0000, 0x0000, 0x0000, 0x0000, 0x0000, 0x0000, 0x0000, 0x0000,
    0x0000, 0x0000, 0x0000, 0x0000, 0x0000, 0x0000, 0x0000, 0x0000, 0x0000, 0x0000, 0x0000, 0x0000,
    0x0000, 0x0000, 0x0000, 0x0000, 0x0000, 0x0000, 0x0000, 0x0000, 0x0000, 0x0000, 0x0000, 0x0000,
    0x0000, 0x0000, 0x0000, 0x0000, 0x0000, 0x0000, 0x0000, 0x0000, 0x0000, 0x0000, 0x0000, 0x0000,
    0x0000, 0x0000, 0x0000, 0x0000, 0x0000, 0x0000, 0x0000, 0x0000, 0x0000, 0x0000, 0x0000, 0x0000,
    0x0000, 0x0000, 0x0000, 0x0000, 0x0020, 0x01E0, 0x36A5, 0x1FE2, 0x1FC1, 0x17E0, 0x17E0, 0x17E0,
    0x17E0, 0x17E0, 0x17E0, 0x17E0, 0x17E0, 0x17E0, 0x17E0, 0x17E0, 0x17E0, 0x1FC1, 0x17E0, 0x17E0,
    0x1FE0, 0x1FC0, 0x17E0, 0x17E1, 0x17E1, 0x17E0, 0x17E0, 0x17E0, 0x17E0, 0x17E0, 0x17C0, 0x17E0,
    0x1FC1, 0x17E1, 0x17E0, 0x17E0, 0x17E0, 0x17E0, 0x17E0, 0x17E0, 0x17E0, 0x17E0, 0x17E0, 0x17E0,
    0x17E0, 0x17E0, 0x17E0, 0x17E0, 0x17E0, 0x17E0, 0x17E0, 0x17E0, 0x17E0, 0x17E0, 0x17E0, 0x17E0,
    0x17E0, 0x17E0, 0x17E0, 0x17E0, 0x17E0, 0x17E0, 0x17E0, 0x17E0, 0x17E0, 0x17E0, 0x17E0, 0x17E0,
    0x17E0, 0x17E0, 0x17E0, 0x17E0, 0x17E0, 0x17E0, 0x17E0, 0x17E0, 0x17E0, 0x17E0, 0x17E0, 0x17E0,
    0x17E0, 0x17E0, 0x17E1, 0x17E1, 0x17E0, 0x17E0, 0x1FE1, 0x17E0, 0x17E0, 0x17E1, 0x17E0, 0x17E0,
    0x17E0, 0x17C1, 0x17C0, 0x1FE1, 0x17E0, 0x17E0, 0x17E0, 0x17E0, 0x17E1, 0x17E0, 0x17E0, 0x17E0,
    0x17E0, 0x17E0, 0x17E0, 0x17E0, 0x17E0, 0x17E0, 0x17E0, 0x17E0, 0x17E0, 0x17E1, 0x17E0, 0x1FA1,
    0x0A01, 0x0021, 0x0020, 0x0000, 0x0000, 0x0000, 0x0000, 0x0000, 0x0000, 0x0000, 0x0000, 0x0000,
    0x0000, 0x0000, 0x0000, 0x0000, 0x0000, 0x0000, 0x0000, 0x0000, 0x0000, 0x0000, 0x0000, 0x0000,
    0x0000, 0x0000, 0x0000, 0x0000, 0x0000, 0x0000, 0x0000, 0x0000, 0x0000, 0x0000, 0x0000, 0x0000,
    0x0000, 0x0000, 0x0000, 0x0000, 0x0000, 0x0000, 0x0000, 0x0000, 0x0000, 0x0000, 0x0000, 0x0000,
    0x0000, 0x0000, 0x0000, 0x0000, 0x0000, 0x0000, 0x0000, 0x0000, 0x0000, 0x0000, 0x0000, 0x0000,
    0x0000, 0x0000, 0x0000, 0x0000, 0x0000, 0x0000, 0x0000, 0x0000, 0x0000, 0x0000, 0x0000, 0x0000,
    0x0000, 0x0000, 0x0000, 0x0000, 0x0000, 0x0020, 0x1C62, 0x07E0, 0x1FE0, 0x17E0, 0x17E0, 0x17E0,
    0x17E0, 0x17E0, 0x17E0, 0x17E0, 0x17E0, 0x17E0, 0x17E0, 0x17E0, 0x17E0, 0x17E0, 0x17E0, 0x17E0,
    0x17E0, 0x17E0, 0x17E0, 0x17E0, 0x17E0, 0x17E0, 0x17E0, 0x17E0, 0x17E0, 0x17E0, 0x17E0, 0x17E0,
    0x1FE0, 0x17E1, 0x1FA1, 0x17E0, 0x17E0, 0x17E0, 0x17E0, 0x17E0, 0x17E0, 0x17E0, 0x17E0, 0x17E0,
    0x17E0, 0x17E0, 0x17E0, 0x17E0, 0x17E0, 0x17E0, 0x17E0, 0x17E0, 0x17E0, 0x17E0, 0x17E0, 0x17E0,
    0x17E0, 0x17E0, 0x17E0, 0x17E0, 0x17E0, 0x17E0, 0x17E0, 0x17E0, 0x17E0, 0x17E0, 0x17E0, 0x17E0,
    0x17E0, 0x17E0, 0x17E0, 0x17E0, 0x17E0, 0x17E0, 0x17E0, 0x17E0, 0x17E0, 0x17E0, 0x17E0, 0x17E0,
    0x17E0, 0x17E0, 0x17E0, 0x17E0, 0x17E0, 0x17E0, 0x17E0, 0x1FE1, 0x17C0, 0x17E0, 0x17E0, 0x17E0,
    0x17E0, 0x17E0, 0x17E0, 0x17E0, 0x17E0, 0x17E0, 0x17E0, 0x17E0, 0x17E0, 0x17E0, 0x17E0, 0x17E0,
    0x17E0, 0x17E0, 0x17E0, 0x17E0, 0x17E0, 0x17E0, 0x17E0, 0x17E0, 0x17E0, 0x17C0, 0x07E0, 0x2F63,
    0x0020, 0x0020, 0x0000, 0x0000, 0x0000, 0x0000, 0x0000, 0x0000, 0x0000, 0x0000, 0x0000, 0x0000,
    0x0000, 0x0000, 0x0000, 0x0000, 0x0000, 0x0000, 0x0000, 0x0000, 0x0000, 0x0000, 0x0000, 0x0000,
    0x0000, 0x0000, 0x0000, 0x0000, 0x0000, 0x0000, 0x0000, 0x0000, 0x0000, 0x0000, 0x0000, 0x0000,
    0x0000, 0x0000, 0x0000, 0x0000, 0x0000, 0x0000, 0x0000, 0x0000, 0x0000, 0x0000, 0x0000, 0x0000,
    0x0000, 0x0000, 0x0000, 0x0000, 0x0000, 0x0000, 0x0000, 0x0000, 0x0000, 0x0000, 0x0000, 0x0000,
    0x0000, 0x0000, 0x0000, 0x0000, 0x0000, 0x0000, 0x0000, 0x0000, 0x0000, 0x0000, 0x0000, 0x0000,
    0x0000, 0x0000, 0x0000, 0x0000, 0x0000, 0x0000, 0x12E1, 0x0FE0, 0x17E0, 0x17E0, 0x17E0, 0x17E0,
    0x17E0, 0x17E0, 0x17E0, 0x17E0, 0x17E0, 0x17E0, 0x17E0, 0x17E0, 0x17E0, 0x17E0, 0x17E0, 0x17E0,
    0x17E0, 0x17E0, 0x17E0, 0x17E0, 0x17E0, 0x17E0, 0x17E0, 0x17E0, 0x17E1, 0x17E0, 0x0FE0, 0x1FE1,
    0x17E0, 0x0FC0, 0x1FE1, 0x0FE0, 0x17E0, 0x17E0, 0x17E0, 0x17E0, 0x17E0, 0x17E0, 0x17E0, 0x17E0,
    0x17E0, 0x17E0, 0x17E0, 0x17E0, 0x17E0, 0x17E0, 0x17E0, 0x17E0, 0x17E0, 0x17E0, 0x17E0, 0x17E0,
    0x17E0, 0x17E0, 0x17E0, 0x17E0, 0x17E0, 0x17E0, 0x17E0, 0x17E0, 0x17E0, 0x17E0, 0x17E0, 0x17E0,
    0x17E0, 0x17E0, 0x17E0, 0x17E0, 0x17E0, 0x17E0, 0x17E0, 0x17E0, 0x17E0, 0x17E0, 0x17E0, 0x17E0,
    0x17E0, 0x17E0, 0x17E0, 0x17E0, 0x0FC0, 0x1FE1, 0x0FA0, 0x1FA1, 0x17E0, 0x17E0, 0x17E0, 0x17E0,
    0x17E0, 0x17E0, 0x17E0, 0x17E0, 0x17E0, 0x17E0, 0x17E0, 0x17E0, 0x17E0, 0x17E0, 0x17E0, 0x17E0,
    0x17E0, 0x17E0, 0x17E0, 0x17E0, 0x17E0, 0x17E0, 0x17E0, 0x17E0, 0x0FE0, 0x17E0, 0x17E0, 0x3705,
    0x0000, 0x0020, 0x0000, 0x0000, 0x0000, 0x0000, 0x0000, 0x0000, 0x0000, 0x0000, 0x0000, 0x0000,
    0x0000, 0x0000, 0x0000, 0x0000, 0x0000, 0x0000, 0x0000, 0x0000, 0x0000, 0x0000, 0x0000, 0x0000,
    0x0000, 0x0000, 0x0000, 0x0000, 0x0000, 0x0000, 0x0000, 0x0000, 0x0000, 0x0000, 0x0000, 0x0000,
    0x0000, 0x0000, 0x0000, 0x0000, 0x0000, 0x0000, 0x0000, 0x0000, 0x0000, 0x0000, 0x0000, 0x0000,
    0x0000, 0x0000, 0x0000, 0x0000, 0x0000, 0x0000, 0x0000, 0x0000, 0x0000, 0x0000, 0x0000, 0x0000,
    0x0000, 0x0000, 0x0000, 0x0000, 0x0000, 0x0000, 0x0000, 0x0000, 0x0000, 0x0000, 0x0000, 0x0000,
    0x0000, 0x0000, 0x0000, 0x0000, 0x0000, 0x0001, 0x0060, 0x2F45, 0x0FE0, 0x17E0, 0x17E0, 0x17E0,
    0x17E0, 0x17E0, 0x17E0, 0x17E0, 0x17E0, 0x17E0, 0x17E0, 0x17E0, 0x17E0, 0x17E0, 0x17E0, 0x17E0,
    0x17E0, 0x17E0, 0x17E0, 0x17E0, 0x17E0, 0x17E0, 0x17E0, 0x17E0, 0x17C0, 0x17E0, 0x17C1, 0x1E82,
    0x24E3, 0x1FE2, 0x0FE0, 0x17A1, 0x17E0, 0x17E0, 0x17E0, 0x17E0, 0x17E0, 0x17E0, 0x17E0, 0x17E0,
    0x17E0, 0x17E0, 0x17E0, 0x17E0, 0x17E0, 0x17E0, 0x17E0, 0x17E0, 0x17E0, 0x17E0, 0x17E0, 0x17E0,
    0x17E0, 0x17E0, 0x17E0, 0x17E0, 0x17E0, 0x17E0, 0x17E0, 0x17E0, 0x17E0, 0x17E0, 0x17E0, 0x17E0,
    0x17E0, 0x17E0, 0x17E0, 0x17E0, 0x17E0, 0x17E0, 0x17E0, 0x17E0, 0x17E0, 0x17E0, 0x17E0, 0x17E0,
    0x17E0, 0x17E0, 0x17E0, 0x17E0, 0x2FA3, 0x26C2, 0x2EE4, 0x1FE2, 0x17E0, 0x17C1, 0x17E0, 0x17E0,
    0x17E0, 0x17E0, 0x17E0, 0x17E0, 0x17E0, 0x17E0, 0x17E0, 0x17E0, 0x17E0, 0x17E0, 0x17E0, 0x17E0,
    0x17E0, 0x17E0, 0x17E0, 0x17E0, 0x17E0, 0x17E0, 0x17E0, 0x17E0, 0x17E0, 0x0FC0, 0x2FC3, 0x24C3,
    0x0820, 0x0000, 0x0000, 0x0000, 0x0000, 0x0000, 0x0000, 0x0000, 0x0000, 0x0000, 0x0000, 0x0000,
    0x0000, 0x0000, 0x0000, 0x0000, 0x0000, 0x0000, 0x0000, 0x0000, 0x0000, 0x0000, 0x0000, 0x0000,
    0x0000, 0x0000, 0x0000, 0x0000, 0x0000, 0x0000, 0x0000, 0x0000, 0x0000, 0x0000, 0x0000, 0x0000,
    0x0000, 0x0000, 0x0000, 0x0000, 0x0000, 0x0000, 0x0000, 0x0000, 0x0000, 0x0000, 0x0000, 0x0000,
    0x0000, 0x0000, 0x0000, 0x0000, 0x0000, 0x0000, 0x0000, 0x0000, 0x0000, 0x0000, 0x0000, 0x0000,
    0x0000, 0x0000, 0x0000, 0x0000, 0x0000, 0x0000, 0x0000, 0x0000, 0x0000, 0x0000, 0x0000, 0x0000,
    0x0000, 0x0000, 0x0000, 0x0000, 0x0000, 0x0020, 0x0800, 0x2E65, 0x17E2, 0x1FE1, 0x1FE1, 0x17E0,
    0x17E0, 0x17E0, 0x17E0, 0x17E0, 0x17E0, 0x17E0, 0x17E0, 0x17E0, 0x17E0, 0x17E0, 0x17E0, 0x17E0,
    0x17E0, 0x17E0, 0x17E0, 0x17E0, 0x17E0, 0x17E0, 0x17E0, 0x17E0, 0x17E0, 0x17E1, 0x17E1, 0x1C02,
    0x0181, 0x2764, 0x0FE0, 0x27A2, 0x1FE1, 0x1FC1, 0x17E0, 0x17E0, 0x17E0, 0x17E0, 0x17E0, 0x17E0,
    0x17E0, 0x17E0, 0x17E0, 0x17E0, 0x17E0, 0x17E0, 0x17E0, 0x17E0, 0x17E0, 0x17E0, 0x17E0, 0x17E0,
    0x17E0, 0x17E0, 0x17E0, 0x17E0, 0x17E0, 0x17E0, 0x17E0, 0x17E0, 0x17E0, 0x17E0, 0x17E0, 0x17E0,
    0x17E0, 0x17E0, 0x17E0, 0x17E0, 0x17E0, 0x17E0, 0x17E0, 0x17E0, 0x17E0, 0x17E0, 0x17E0, 0x17E0,
    0x17E0, 0x17E0, 0x0FE0, 0x17E0, 0x2762, 0x1482, 0x1CA1, 0x2782, 0x1FE2, 0x17E1, 0x17E0, 0x17E0,
    0x17E0, 0x17E0, 0x17E0, 0x17E0, 0x17E0, 0x17E0, 0x17E0, 0x17E0, 0x17E0, 0x17E0, 0x17E0, 0x17E0,
    0x17E0, 0x17E0, 0x17E0, 0x17E0, 0x17E0, 0x17E0, 0x17E0, 0x17E0, 0x0FE0, 0x17C1, 0x2EC4, 0x0B20,
    0x0000, 0x0000, 0x0000, 0x0000, 0x0000, 0x0000, 0x0000, 0x0000, 0x0000, 0x0000, 0x0000, 0x0000,
    0x0000, 0x0000, 0x0000, 0x0000, 0x0000, 0x0000, 0x0000, 0x0000, 0x0000, 0x0000, 0x0000, 0x0000,
    0x0000, 0x0000, 0x0000, 0x0000, 0x0000, 0x0000, 0x0000, 0x0000, 0x0000, 0x0000, 0x0000, 0x0000,
    0x0000, 0x0000, 0x0000, 0x0000, 0x0000, 0x0000, 0x0000, 0x0000, 0x0000, 0x0000, 0x0000, 0x0000,
    0x0000, 0x0000, 0x0000, 0x0000, 0x0000, 0x0000, 0x0000, 0x0000, 0x0000, 0x0000, 0x0000, 0x0000,
    0x0000, 0x0000, 0x0000, 0x0000, 0x0000, 0x0000, 0x0000, 0x0000, 0x0000, 0x0000, 0x0000, 0x0000,
    0x0000, 0x0000, 0x0000, 0x0000, 0x0000, 0x0020, 0x0841, 0x0180, 0x2DE3, 0x0FC0, 0x17E0, 0x17E0,
    0x17E0, 0x17E0, 0x17E0, 0x17E0, 0x17E0, 0x17E0, 0x17E0, 0x17E0, 0x17E0, 0x17E0, 0x17E0, 0x17E0,
    0x17E0, 0x17E0, 0x17E0, 0x17E0, 0x17E0, 0x17E0, 0x17E0, 0x17E0, 0x17E1, 0x2783, 0x1CE3, 0x0020,
    0x0000, 0x0220, 0x2D85, 0x0FE0, 0x17E0, 0x17E0, 0x17E0, 0x17C0, 0x17E0, 0x17E0, 0x17E0, 0x17E0,
    0x17E0, 0x17E0, 0x17E0, 0x17E0, 0x17E0, 0x17E0, 0x17E0, 0x17E0, 0x17E0, 0x17E0, 0x17E0, 0x17E0,
    0x17E0, 0x17E0, 0x17E0, 0x17E0, 0x17E0, 0x17E0, 0x17E0, 0x17E0, 0x17E0, 0x17E0, 0x17E0, 0x17E0,
    0x17E0, 0x17E0, 0x17E0, 0x17E0, 0x17E0, 0x17E0, 0x17E0, 0x17E0, 0x17E0, 0x17E0, 0x17E0, 0x17E0,
    0x17E0, 0x17E0, 0x1FC2, 0x27A2, 0x21E4, 0x0821, 0x0040, 0x1B42, 0x17C1, 0x0FC0, 0x17E0, 0x17E0,
    0x17E0, 0x17E0, 0x17E0, 0x17E0, 0x17E0, 0x17E0, 0x17E0, 0x17E0, 0x17E0, 0x17E0, 0x17E0, 0x17E0,
    0x17E0, 0x17E0, 0x17E0, 0x17E0, 0x17E0, 0x17E0, 0x17E0, 0x17E0, 0x0FE0, 0x1FE1, 0x0A00, 0x0801,
    0x0000, 0x0000, 0x0000, 0x0000, 0x0000, 0x0000, 0x0000, 0x0000, 0x0000, 0x0000, 0x0000, 0x0000,
    0x0000, 0x0000, 0x0000, 0x0000, 0x0000, 0x0000, 0x0000, 0x0000, 0x0000, 0x0000, 0x0000, 0x0000,
    0x0000, 0x0000, 0x0000, 0x0000, 0x0000, 0x0000, 0x0000, 0x0000, 0x0000, 0x0000, 0x0000, 0x0000,
    0x0000, 0x0000, 0x0000, 0x0000, 0x0000, 0x0000, 0x0000, 0x0000, 0x0000, 0x0000, 0x0000, 0x0000,
    0x0000, 0x0000, 0x0000, 0x0000, 0x0000, 0x0000, 0x0000, 0x0000, 0x0000, 0x0000, 0x0000, 0x0000,
    0x0000, 0x0000, 0x0000, 0x0000, 0x0000, 0x0000, 0x0000, 0x0000, 0x0000, 0x0000, 0x0000, 0x0000,
    0x0000, 0x0000, 0x0000, 0x0000, 0x0000, 0x0020, 0x0020, 0x0800, 0x1B81, 0x1FE1, 0x17E0, 0x17E0,
    0x1FE0, 0x17E0, 0x17E0, 0x17E0, 0x17E0, 0x17E0, 0x17E0, 0x17E0, 0x17E0, 0x17E0, 0x17E0, 0x17E0,
    0x17E0, 0x17E0, 0x17E0, 0x17E0, 0x17E0, 0x17E0, 0x17E0, 0x17E0, 0x17E1, 0x1E22, 0x0220, 0x0801,
    0x0000, 0x0021, 0x0A41, 0x27C2, 0x1FE1, 0x0FE0, 0x17E0, 0x1FC1, 0x17E0, 0x17E0, 0x17E0, 0x17E0,
    0x17E0, 0x17E0, 0x17E0, 0x17E0, 0x17E0, 0x17E0, 0x17E0, 0x17E0, 0x17E0, 0x17E0, 0x17E0, 0x17E0,
    0x17E0, 0x17E0, 0x17E0, 0x17E0, 0x17E0, 0x17E0, 0x17E0, 0x17E0, 0x17E0, 0x17E0, 0x17E0, 0x17E0,
    0x17E0, 0x17E0, 0x17E0, 0x17E0, 0x17E0, 0x17E0, 0x17E0, 0x17E0, 0x17E0, 0x17E0, 0x17E0, 0x17E0,
    0x17E0, 0x1FE0, 0x17E0, 0x26C3, 0x0821, 0x1022, 0x1003, 0x10E2, 0x27A3, 0x0FC0, 0x17E0, 0x17E0,
    0x17E0, 0x17E0, 0x17E0, 0x17E0, 0x17E0, 0x17E0, 0x17E0, 0x17E0, 0x17E0, 0x17E0, 0x17E0, 0x17E0,
    0x17E0, 0x17E0, 0x17E0, 0x17E0, 0x17E0, 0x17E0, 0x17E0, 0x17E0, 0x17A1, 0x2F63, 0x0862, 0x1003,
    0x0000, 0x0000, 0x0000, 0x0000, 0x0000, 0x0000, 0x0000, 0x0000, 0x0000, 0x0000, 0x0000, 0x0000,
    0x0000, 0x0000, 0x0000, 0x0000, 0x0000, 0x0000, 0x0000, 0x0000, 0x0000, 0x0000, 0x0000, 0x0000,
    0x0000, 0x0000, 0x0000, 0x0000, 0x0000, 0x0000, 0x0000, 0x0000, 0x0000, 0x0000, 0x0000, 0x0000,
    0x0000, 0x0000, 0x0000, 0x0000, 0x0000, 0x0000, 0x0000, 0x0000, 0x0000, 0x0000, 0x0000, 0x0000,
    0x0000, 0x0000, 0x0000, 0x0000, 0x0000, 0x0000, 0x0000, 0x0000, 0x0000, 0x0000, 0x0000, 0x0000,
    0x0000, 0x0000, 0x0000, 0x0000, 0x0000, 0x0000, 0x0000, 0x0000, 0x0000, 0x0000, 0x0000, 0x0000,
    0x0000, 0x0000, 0x0000, 0x0000, 0x0000, 0x0001, 0x0820, 0x0822, 0x0041, 0x1EA2, 0x2783, 0x0FE0,
    0x17E0, 0x17E0, 0x17E0, 0x17E0, 0x17E0, 0x17E0, 0x17E0, 0x17E0, 0x17E0, 0x17E0, 0x17E0, 0x17E0,
    0x17E0, 0x17E0, 0x17E0, 0x17E0, 0x17E0, 0x17E0, 0x17E0, 0x17E0, 0x0FE0, 0x0180, 0x1022, 0x0020,
    0x0060, 0x0801, 0x0020, 0x22E4, 0x1EE2, 0x1FE1, 0x17E0, 0x1FC1, 0x17E0, 0x17E0, 0x17E0, 0x17E0,
    0x17E0, 0x17E0, 0x17E0, 0x17E0, 0x17E0, 0x17E0, 0x17E0, 0x17E0, 0x17E0, 0x17E0, 0x17E0, 0x17E0,
    0x17E0, 0x17E0, 0x17E0, 0x17E0, 0x17E0, 0x17E0, 0x17E0, 0x17E0, 0x17E0, 0x17E0, 0x17E0, 0x17E0,
    0x17E0, 0x17E0, 0x17E0, 0x17E0, 0x17E0, 0x17E0, 0x17E0, 0x17E0, 0x17E0, 0x17E0, 0x17E0, 0x17E0,
    0x1FE0, 0x1FE0, 0x1C23, 0x0101, 0x0821, 0x0021, 0x0020, 0x0020, 0x24E3, 0x27A2, 0x17E0, 0x17E0,
    0x17E0, 0x17E0, 0x17E0, 0x17E0, 0x17E0, 0x17E0, 0x17E0, 0x17E0, 0x17E0, 0x17E0, 0x17E0, 0x17E0,
    0x17E0, 0x17E0, 0x17E0, 0x17E0, 0x17E0, 0x17E0, 0x17E0, 0x17E0, 0x2661, 0x12C1, 0x0040, 0x0060,
    0x0000, 0x0000, 0x0000, 0x0000, 0x0000, 0x0000, 0x0000, 0x0000, 0x0000, 0x0000, 0x0000, 0x0000,
    0x0000, 0x0000, 0x0000, 0x0000, 0x0000, 0x0000, 0x0000, 0x0000, 0x0000, 0x0000, 0x0000, 0x0000,
    0x0000, 0x0000, 0x0000, 0x0000, 0x0000, 0x0000, 0x0000, 0x0000, 0x0000, 0x0000, 0x0000, 0x0000,
    0x0000, 0x0000, 0x0000, 0x0000, 0x0000, 0x0000, 0x0000, 0x0000, 0x0000, 0x0000, 0x0000, 0x0000,
    0x0000, 0x0000, 0x0000, 0x0000, 0x0000, 0x0000, 0x0000, 0x0000, 0x0000, 0x0000, 0x0000, 0x0000,
    0x0000, 0x0000, 0x0000, 0x0000, 0x0000, 0x0000, 0x0000, 0x0000, 0x0000, 0x0000, 0x0000, 0x0000,
    0x0000, 0x0000, 0x0000, 0x0000, 0x0000, 0x0000, 0x0000, 0x0000, 0x0020, 0x0860, 0x03A0, 0x17A2,
    0x17C1, 0x1FE0, 0x17E0, 0x17E1, 0x17E0, 0x17E0, 0x17E0, 0x17E0, 0x17E0, 0x17E0, 0x17E0, 0x17E0,
    0x17E0, 0x17E0, 0x17E0, 0x17E0, 0x17E0, 0x17E0, 0x17E1, 0x17E1, 0x1F61, 0x0000, 0x0020, 0x0020,
    0x0000, 0x0000, 0x0000, 0x0020, 0x08C0, 0x2F04, 0x27A3, 0x0FC0, 0x17C0, 0x17C0, 0x17C0, 0x1FE2,
    0x17E0, 0x17E0, 0x17E0, 0x17E0, 0x17E0, 0x17E0, 0x17E0, 0x17E0, 0x17E0, 0x17E0, 0x17E0, 0x17E0,
    0x17E0, 0x17E0, 0x17E0, 0x17E0, 0x17E0, 0x17E0, 0x17E0, 0x17E0, 0x17E0, 0x17E0, 0x17E0, 0x17E0,
    0x17E0, 0x17E0, 0x17E0, 0x17E0, 0x17E0, 0x17E0, 0x17E0, 0x17E0, 0x17E0, 0x17E0, 0x17E1, 0x17E1,
    0x2704, 0x2463, 0x0020, 0x0000, 0x0000, 0x0000, 0x0000, 0x0020, 0x0A02, 0x1E43, 0x17E0, 0x17E0,
    0x17C1, 0x17E0, 0x17E0, 0x17E0, 0x17E0, 0x17E0, 0x17E0, 0x17E0, 0x17E0, 0x17E0, 0x17E0, 0x17E0,
    0x17E0, 0x17E0, 0x17E0, 0x17E0, 0x1FE1, 0x1FA0, 0x17E0, 0x2EE4, 0x0861, 0x0000, 0x0020, 0x0000,
    0x0000, 0x0000, 0x0000, 0x0000, 0x0000, 0x0000, 0x0000, 0x0000, 0x0000, 0x0000, 0x0000, 0x0000,
    0x0000, 0x0000, 0x0000, 0x0000, 0x0000, 0x0000, 0x0000, 0x0000, 0x0000, 0x0000, 0x0000, 0x0000,
    0x0000, 0x0000, 0x0000, 0x0000, 0x0000, 0x0000, 0x0000, 0x0000, 0x0000, 0x0000, 0x0000, 0x0000,
    0x0000, 0x0000, 0x0000, 0x0000, 0x0000, 0x0000, 0x0000, 0x0000, 0x0000, 0x0000, 0x0000, 0x0000,
    0x0000, 0x0000, 0x0000, 0x0000, 0x0000, 0x0000, 0x0000, 0x0000, 0x0000, 0x0000, 0x0000, 0x0000,
    0x0000, 0x0000, 0x0000, 0x0000, 0x0000, 0x0000, 0x0000, 0x0000, 0x0000, 0x0000, 0x0000, 0x0000,
    0x0000, 0x0000, 0x0000, 0x0000, 0x0000, 0x0000, 0x0000, 0x0000, 0x0020, 0x1002, 0x0101, 0x2F05,
    0x1FC2, 0x17E0, 0x17E0, 0x17E1, 0x17E0, 0x17E0, 0x17E0, 0x17E0, 0x17E0, 0x17E0, 0x17E0, 0x17E0,
    0x17E0, 0x17E0, 0x17E0, 0x17E0, 0x17E0, 0x17E0, 0x17E1, 0x17E1, 0x1EE1, 0x0001, 0x0020, 0x0000,
    0x0000, 0x0000, 0x0000, 0x0000, 0x1801, 0x1B41, 0x3E46, 0x07E0, 0x1FC1, 0x1FE1, 0x1FC1, 0x1FC2,
    0x17E0, 0x17E0, 0x17E0, 0x17E0, 0x17E0, 0x17E0, 0x17E0, 0x17E0, 0x17E0, 0x17E0, 0x17E0, 0x17E0,
    0x17E0, 0x17E0, 0x17E0, 0x17E0, 0x17E0, 0x17E0, 0x17E0, 0x17E0, 0x17E0, 0x17E0, 0x17E0, 0x17E0,
    0x17E0, 0x17E0, 0x17E0, 0x17E0, 0x17E0, 0x17E0, 0x17E0, 0x17E0, 0x17E0, 0x17E0, 0x1780, 0x17E0,
    0x2C46, 0x1162, 0x0000, 0x0020, 0x0000, 0x0000, 0x0000, 0x0020, 0x08E1, 0x1CA3, 0x17E0, 0x17E0,
    0x17C1, 0x17E0, 0x17E0, 0x17E0, 0x17E0, 0x17E0, 0x17E0, 0x17E0, 0x17E0, 0x17E0, 0x17E0, 0x17E0,
    0x17E0, 0x17E0, 0x17E0, 0x17E0, 0x1FC0, 0x0FC0, 0x2EA1, 0x1BC1, 0x0000, 0x0000, 0x0020, 0x0000,
    0x0000, 0x0000, 0x0000, 0x0000, 0x0000, 0x0000, 0x0000, 0x0000, 0x0000, 0x0000, 0x0000, 0x0000,
    0x0000, 0x0000, 0x0000, 0x0000, 0x0000, 0x0000, 0x0000, 0x0000, 0x0000, 0x0000, 0x0000, 0x0000,
    0x0000, 0x0000, 0x0000, 0x0000, 0x0000, 0x0000, 0x0000, 0x0000, 0x0000, 0x0000, 0x0000, 0x0000,
    0x0000, 0x0000, 0x0000, 0x0000, 0x0000, 0x0000, 0x0000, 0x0000, 0x0000, 0x0000, 0x0000, 0x0000,
    0x0000, 0x0000, 0x0000, 0x0000, 0x0000, 0x0000, 0x0000, 0x0000, 0x0000, 0x0000, 0x0000, 0x0000,
    0x0000, 0x0000, 0x0000, 0x0000, 0x0000, 0x0000, 0x0000, 0x0000, 0x0000, 0x0000, 0x0000, 0x0000,
    0x0000, 0x0000, 0x0000, 0x0000, 0x0000, 0x0000, 0x0000, 0x0000, 0x0000, 0x0040, 0x0000, 0x0900,
    0x2523, 0x17C2, 0x17E1, 0x17E0, 0x17E0, 0x17E0, 0x17E0, 0x17E0, 0x17E0, 0x17E0, 0x17E0, 0x17E0,
    0x17E0, 0x17E0, 0x17E0, 0x17E0, 0x17E0, 0x17E0, 0x17E1, 0x1FE1, 0x25E2, 0x0802, 0x0040, 0x0000,
    0x0000, 0x0000, 0x0000, 0x0000, 0x0001, 0x0001, 0x00C0, 0x35C5, 0x2783, 0x17E0, 0x0FE0, 0x17E0,
    0x17E0, 0x17E0, 0x17E0, 0x17E0, 0x17E0, 0x17E0, 0x17E0, 0x17E0, 0x17E0, 0x17E0, 0x17E0, 0x17E0,
    0x17E0, 0x17E0, 0x17E0, 0x17E0, 0x17E0, 0x17E0, 0x17E0, 0x17E0, 0x17E0, 0x17E0, 0x17E0, 0x17E0,
    0x17E0, 0x17E0, 0x17E0, 0x17E0, 0x17E0, 0x17E0, 0x17E0, 0x17E0, 0x17E1, 0x17C1, 0x2E83, 0x23E2,
    0x0021, 0x0040, 0x0000, 0x0000, 0x0020, 0x0000, 0x0801, 0x0020, 0x0821, 0x09C1, 0x1FC2, 0x17E0,
    0x17E1, 0x17E0, 0x17E0, 0x17E0, 0x17E0, 0x17E0, 0x17E0, 0x17E0, 0x17E0, 0x17E0, 0x17E0, 0x17E0,
    0x17E0, 0x17E0, 0x17E0, 0x17E0, 0x1FA2, 0x2623, 0x0041, 0x0000, 0x0000, 0x0000, 0x0000, 0x0000,
    0x0000, 0x0000, 0x0000, 0x0000, 0x0000, 0x0000, 0x0000, 0x0000, 0x0000, 0x0000, 0x0000, 0x0000,
    0x0000, 0x0000, 0x0000, 0x0000, 0x0000, 0x0000, 0x0000, 0x0000, 0x0000, 0x0000, 0x0000, 0x0000,
    0x0000, 0x0000, 0x0000, 0x0000, 0x0000, 0x0000, 0x0000, 0x0000, 0x0000, 0x0000, 0x0000, 0x0000,
    0x0000, 0x0000, 0x0000, 0x0000, 0x0000, 0x0000, 0x0000, 0x0000, 0x0000, 0x0000, 0x0000, 0x0000,
    0x0000, 0x0000, 0x0000, 0x0000, 0x0000, 0x0000, 0x0000, 0x0000, 0x0000, 0x0000, 0x0000, 0x0000,
    0x0000, 0x0000, 0x0000, 0x0000, 0x0000, 0x0000, 0x0000, 0x0000, 0x0000, 0x0000, 0x0000, 0x0000,
    0x0000, 0x0000, 0x0000, 0x0000, 0x0000, 0x0000, 0x0000, 0x0000, 0x0000, 0x1000, 0x0020, 0x1004,
    0x0A22, 0x1FC3, 0x1FE2, 0x17E0, 0x17E0, 0x17E0, 0x17E0, 0x17E0, 0x17E0, 0x17E0, 0x17E0, 0x17E0,
    0x17E0, 0x17E0, 0x17E0, 0x17E0, 0x17E0, 0x17E0, 0x17E1, 0x1FC1, 0x25A2, 0x1003, 0x0040, 0x0000,
    0x0000, 0x0000, 0x0000, 0x0000, 0x0820, 0x0821, 0x0802, 0x1221, 0x1E02, 0x27C2, 0x17C0, 0x17A1,
    0x17E0, 0x17E0, 0x17E0, 0x17E0, 0x17E0, 0x17E0, 0x17E0, 0x17E0, 0x17E0, 0x17E0, 0x17E0, 0x17E0,
    0x17E0, 0x17E0, 0x17E0, 0x17E0, 0x17E0, 0x17E0, 0x17E0, 0x17E0, 0x17E0, 0x17E0, 0x17E0, 0x17E0,
    0x17E0, 0x17E0, 0x17E0, 0x17E0, 0x17E0, 0x17E0, 0x17E0, 0x17E1, 0x17C2, 0x17C2, 0x0AE1, 0x08A1,
    0x0040, 0x0801, 0x0020, 0x0000, 0x0000, 0x0000, 0x0801, 0x0040, 0x0841, 0x00E0, 0x1FA2, 0x17E0,
    0x17E0, 0x17E0, 0x17E0, 0x17E0, 0x17E0, 0x17E0, 0x17E0, 0x17E0, 0x17E0, 0x17E0, 0x17E0, 0x17E0,
    0x17E0, 0x17E0, 0x17E0, 0x17E0, 0x2664, 0x0AE0, 0x0062, 0x0020, 0x0000, 0x0000, 0x0000, 0x0000,
    0x0000, 0x0000, 0x0000, 0x0000, 0x0000, 0x0000, 0x0000, 0x0000, 0x0000, 0x0000, 0x0000, 0x0000,
    0x0000, 0x0000, 0x0000, 0x0000, 0x0000, 0x0000, 0x0000, 0x0000, 0x0000, 0x0000, 0x0000, 0x0000,
    0x0000, 0x0000, 0x0000, 0x0000, 0x0000, 0x0000, 0x0000, 0x0000, 0x0000, 0x0000, 0x0000, 0x0000,
    0x0000, 0x0000, 0x0000, 0x0000, 0x0000, 0x0000, 0x0000, 0x0000, 0x0000, 0x0000, 0x0000, 0x0000,
    0x0000, 0x0000, 0x0000, 0x0000, 0x0000, 0x0000, 0x0000, 0x0000, 0x0000, 0x0000, 0x0000, 0x0000,
    0x0000, 0x0000, 0x0000, 0x0000, 0x0000, 0x0000, 0x0000, 0x0000, 0x0000, 0x0000, 0x0000, 0x0000,
    0x0000, 0x0000, 0x0000, 0x0000, 0x0000, 0x0000, 0x0000, 0x0000, 0x0000, 0x0000, 0x0000, 0x0000,
    0x0020, 0x1340, 0x26C3, 0x17C0, 0x0FE0, 0x17E0, 0x17E0, 0x17E0, 0x17E0, 0x17E0, 0x17E0, 0x17E0,
    0x17E0, 0x17E0, 0x17E0, 0x17E0, 0x17E1, 0x17E1, 0x17E0, 0x17E0, 0x15A1, 0x0801, 0x0801, 0x0000,
    0x0000, 0x0000, 0x0000, 0x0000, 0x0000, 0x0000, 0x0000, 0x0020, 0x0020, 0x13A2, 0x2E44, 0x17C1,
    0x1FC0, 0x1FC0, 0x0FE1, 0x0FE1, 0x17E0, 0x17E0, 0x17E0, 0x17E0, 0x17E0, 0x17E0, 0x17E0, 0x17E0,
    0x17E0, 0x17E0, 0x17E0, 0x17E0, 0x17E0, 0x17E0, 0x17E0, 0x17E0, 0x17E0, 0x17E0, 0x17E0, 0x17E0,
    0x17E0, 0x17E0, 0x17E1, 0x0FE1, 0x1FC0, 0x1FE0, 0x1FE0, 0x2FA4, 0x13E2, 0x0140, 0x0000, 0x0000,
    0x0000, 0x0000, 0x0000, 0x0000, 0x0000, 0x0000, 0x0000, 0x0000, 0x0000, 0x0000, 0x1FC2, 0x17E0,
    0x17E0, 0x17E0, 0x17E0, 0x17E0, 0x17E0, 0x17E0, 0x17E0, 0x17E0, 0x17E0, 0x17E0, 0x17E0, 0x17E0,
    0x17E0, 0x17E0, 0x17C0, 0x27C3, 0x0921, 0x0020, 0x0000, 0x0000, 0x0000, 0x0000, 0x0000, 0x0000,
    0x0000, 0x0000, 0x0000, 0x0000, 0x0000, 0x0000, 0x0000, 0x0000, 0x0000, 0x0000, 0x0000, 0x0000,
    0x0000, 0x0000, 0x0000, 0x0000, 0x0000, 0x0000, 0x0000, 0x0000, 0x0000, 0x0000, 0x0000, 0x0000,
    0x0000, 0x0000, 0x0000, 0x0000, 0x0000, 0x0000, 0x0000, 0x0000, 0x0000, 0x0000, 0x0000, 0x0000,
    0x0000, 0x0000, 0x0000, 0x0000, 0x0000, 0x0000, 0x0000, 0x0000, 0x0000, 0x0000, 0x0000, 0x0000,
    0x0000, 0x0000, 0x0000, 0x0000, 0x0000, 0x0000, 0x0000, 0x0000, 0x0000, 0x0000, 0x0000, 0x0000,
    0x0000, 0x0000, 0x0000, 0x0000, 0x0000, 0x0000, 0x0000, 0x0000, 0x0000, 0x0000, 0x0000, 0x0000,
    0x0000, 0x0000, 0x0000, 0x0000, 0x0000, 0x0000, 0x0000, 0x0000, 0x0000, 0x0000, 0x0000, 0x0000,
    0x0020, 0x0120, 0x24C3, 0x17C0, 0x0FC0, 0x17E0, 0x17E0, 0x17E0, 0x17E0, 0x17E0, 0x17E0, 0x17E0,
    0x17E0, 0x17E0, 0x17E0, 0x17E0, 0x17E1, 0x17E1, 0x17E0, 0x17E0, 0x15C1, 0x0801, 0x0821, 0x0000,
    0x0000, 0x0000, 0x0000, 0x0000, 0x0000, 0x0000, 0x0000, 0x0000, 0x0020, 0x0881, 0x0A41, 0x2F25,
    0x17E0, 0x17E0, 0x1FC1, 0x1FE2, 0x17E0, 0x17E0, 0x17E0, 0x17E0, 0x17E0, 0x17E0, 0x17E0, 0x17E0,
    0x17E0, 0x17E0, 0x17E0, 0x17E0, 0x17E0, 0x17E0, 0x17E0, 0x17E0, 0x17E0, 0x17E0, 0x17E0, 0x17E0,
    0x17E0, 0x17E0, 0x17E1, 0x17E0, 0x1FE0, 0x0FE0, 0x1FA3, 0x2D04, 0x00A0, 0x0802, 0x0000, 0x0000,
    0x0000, 0x0000, 0x0000, 0x0000, 0x0000, 0x0000, 0x0000, 0x0000, 0x0000, 0x0000, 0x1FC1, 0x17E0,
    0x0FE0, 0x17E0, 0x17E0, 0x17E0, 0x17E0, 0x17E0, 0x17E0, 0x17E0, 0x17E0, 0x17E0, 0x17E0, 0x17E0,
    0x17E0, 0x1FE1, 0x17E0, 0x3EC6, 0x0040, 0x0020, 0x0000, 0x0000, 0x0000, 0x0000, 0x0000, 0x0000,
    0x0000, 0x0000, 0x0000, 0x0000, 0x0000, 0x0000, 0x0000, 0x0000, 0x0000, 0x0000, 0x0000, 0x0000,
    0x0000, 0x0000, 0x0000, 0x0000, 0x0000, 0x0000, 0x0000, 0x0000, 0x0000, 0x0000, 0x0000, 0x0000,
    0x0000, 0x0000, 0x0000, 0x0000, 0x0000, 0x0000, 0x0000, 0x0000, 0x0000, 0x0000, 0x0000, 0x0000,
    0x0000, 0x0000, 0x0000, 0x0000, 0x0000, 0x0000, 0x0000, 0x0000, 0x0000, 0x0000, 0x0000, 0x0000,
    0x0000, 0x0000, 0x0000, 0x0000, 0x0000, 0x0000, 0x0000, 0x0000, 0x0000, 0x0000, 0x0000, 0x0000,
    0x0000, 0x0000, 0x0000, 0x0000, 0x0000, 0x0000, 0x0000, 0x0000, 0x0000, 0x0000, 0x0000, 0x0000,
    0x0000, 0x0000, 0x0000, 0x0000, 0x0000, 0x0000, 0x0000, 0x0000, 0x0000, 0x0000, 0x0000, 0x0000,
    0x0000, 0x1022, 0x0020, 0x2763, 0x1FC1, 0x17E0, 0x17E0, 0x17E0, 0x17E0, 0x17E0, 0x17E0, 0x17E0,
    0x17E0, 0x17E0, 0x17E0, 0x17E0, 0x17E1, 0x17E1, 0x17E0, 0x17E0, 0x1E22, 0x0820, 0x0001, 0x0000,
    0x0000, 0x0000, 0x0000, 0x0000, 0x0000, 0x0000, 0x0000, 0x0000, 0x0800, 0x0020, 0x0000, 0x1042,
    0x1B62, 0x1DA4, 0x27A3, 0x1FC1, 0x17E1, 0x17E1, 0x17E1, 0x17E0, 0x17E0, 0x17E0, 0x17E0, 0x17E0,
    0x17E0, 0x17E0, 0x17E0, 0x17E0, 0x17E0, 0x17E0, 0x17E0, 0x17E0, 0x17E0, 0x17E0, 0x17E0, 0x17E1,
    0x17E1, 0x17E1, 0x1FE1, 0x2743, 0x2E45, 0x1AC1, 0x0980, 0x0842, 0x0000, 0x0020, 0x0000, 0x0000,
    0x0000, 0x0000, 0x0000, 0x0000, 0x0000, 0x0000, 0x0000, 0x0000, 0x0000, 0x0000, 0x1FC2, 0x17E0,
    0x0FE0, 0x17E0, 0x17E0, 0x17E0, 0x17E0, 0x17E0, 0x17E0, 0x17E0, 0x17E0, 0x17E0, 0x17E0, 0x17E0,
    0x17E0, 0x1FA0, 0x17E0, 0x0A82, 0x0820, 0x0000, 0x0000, 0x0000, 0x0000, 0x0000, 0x0000, 0x0000,
    0x0000, 0x0000, 0x0000, 0x0000, 0x0000, 0x0000, 0x0000, 0x0000, 0x0000, 0x0000, 0x0000, 0x0000,
    0x0000, 0x0000, 0x0000, 0x0000, 0x0000, 0x0000, 0x0000, 0x0000, 0x0000, 0x0000, 0x0000, 0x0000,
    0x0000, 0x0000, 0x0000, 0x0000, 0x0000, 0x0000, 0x0000, 0x0000, 0x0000, 0x0000, 0x0000, 0x0000,
    0x0000, 0x0000, 0x0000, 0x0000, 0x0000, 0x0000, 0x0000, 0x0000, 0x0000, 0x0000, 0x0000, 0x0000,
    0x0000, 0x0000, 0x0000, 0x0000, 0x0000, 0x0000, 0x0000, 0x0000, 0x0000, 0x0000, 0x0000, 0x0000,
    0x0000, 0x0000, 0x0000, 0x0000, 0x0000, 0x0000, 0x0000, 0x0000, 0x0000, 0x0000, 0x0000, 0x0000,
    0x0000, 0x0000, 0x0000, 0x0000, 0x0000, 0x0000, 0x0000, 0x0000, 0x0000, 0x0000, 0x0000, 0x0000,
    0x0000, 0x0000, 0x0820, 0x1EC3, 0x1780, 0x17E0, 0x17E0, 0x17E0, 0x17E0, 0x17E0, 0x17E0, 0x17E0,
    0x17E0, 0x17E0, 0x17E0, 0x17E0, 0x17E1, 0x17E1, 0x17E0, 0x17E0, 0x2663, 0x0020, 0x0001, 0x0000,
    0x0000, 0x0000, 0x0000, 0x0000, 0x0000, 0x0000, 0x0000, 0x0000, 0x0000, 0x0002, 0x0041, 0x0060,
    0x0061, 0x0140, 0x14E1, 0x26E3, 0x17E1, 0x17E1, 0x17E1, 0x17E0, 0x17E0, 0x17E0, 0x17E0, 0x17E0,
    0x17E0, 0x17E0, 0x17E0, 0x17E0, 0x17E0, 0x17E0, 0x17E0, 0x17E0, 0x17E0, 0x17E0, 0x17E0, 0x17E1,
    0x17E1, 0x17E1, 0x1FC2, 0x13C0, 0x09C0, 0x0020, 0x0821, 0x0021, 0x0020, 0x0000, 0x0000, 0x0000,
    0x0000, 0x0000, 0x0000, 0x0000, 0x0000, 0x0000, 0x0000, 0x0000, 0x0000, 0x0000, 0x1FC2, 0x17E0,
    0x0FE0, 0x17E0, 0x17E0, 0x17E0, 0x17E0, 0x17E0, 0x17E0, 0x17E0, 0x17E0, 0x17E0, 0x17E0, 0x17E0,
    0x17E0, 0x1FA1, 0x1FC1, 0x0120, 0x0020, 0x0000, 0x0000, 0x0000, 0x0000, 0x0000, 0x0000, 0x0000,
    0x0000, 0x0000, 0x0000, 0x0000, 0x0000, 0x0000, 0x0000, 0x0000, 0x0000, 0x0000, 0x0000, 0x0000,
    0x0000, 0x0000, 0x0000, 0x0000, 0x0000, 0x0000, 0x0000, 0x0000, 0x0000, 0x0000, 0x0000, 0x0000,
    0x0000, 0x0000, 0x0000, 0x0000, 0x0000, 0x0000, 0x0000, 0x0000, 0x0000, 0x0000, 0x0000, 0x0000,
    0x0000, 0x0000, 0x0000, 0x0000, 0x0000, 0x0000, 0x0000, 0x0000, 0x0000, 0x0000, 0x0000, 0x0000,
    0x0000, 0x0000, 0x0000, 0x0000, 0x0000, 0x0000, 0x0000, 0x0000, 0x0000, 0x0000, 0x0000, 0x0000,
    0x0000, 0x0000, 0x0000, 0x0000, 0x0000, 0x0000, 0x0000, 0x0000, 0x0000, 0x0000, 0x0000, 0x0000,
    0x0000, 0x0000, 0x0000, 0x0000, 0x0000, 0x0000, 0x0000, 0x0000, 0x0000, 0x0000, 0x0000, 0x0000,
    0x0000, 0x0000, 0x0000, 0x1D43, 0x1FA1, 0x17E0, 0x17E0, 0x17E0, 0x17E0, 0x17E0, 0x17E0, 0x17E0,
    0x17E0, 0x17E0, 0x17E0, 0x17E0, 0x17E0, 0x17E0, 0x17E0, 0x17E0, 0x2723, 0x0800, 0x0820, 0x0000,
    0x0000, 0x0000, 0x0000, 0x0000, 0x0000, 0x0000, 0x0000, 0x0000, 0x0000, 0x0000, 0x0000, 0x0000,
    0x0000, 0x0020, 0x0000, 0x0040, 0x0260, 0x14C2, 0x1FE2, 0x0FC0, 0x17E0, 0x17E0, 0x17E0, 0x17E0,
    0x17E0, 0x17E0, 0x17E0, 0x17E0, 0x17E0, 0x17E0, 0x17E0, 0x17E0, 0x17E0, 0x17E0, 0x17E0, 0x1F81,
    0x1F82, 0x13C2, 0x0160, 0x0000, 0x0801, 0x0000, 0x0020, 0x0000, 0x0000, 0x0000, 0x0000, 0x0000,
    0x0000, 0x0000, 0x0000, 0x0000, 0x0000, 0x0000, 0x0000, 0x0000, 0x0020, 0x08E2, 0x27A2, 0x17E0,
    0x17E0, 0x17E0, 0x17E0, 0x17E0, 0x17E0, 0x17E0, 0x17E0, 0x17E0, 0x17E0, 0x17E0, 0x17E0, 0x17E0,
    0x17E0, 0x17C1, 0x17C0, 0x0060, 0x0000, 0x0000, 0x0000, 0x0000, 0x0000, 0x0000, 0x0000, 0x0000,
    0x0000, 0x0000, 0x0000, 0x0000, 0x0000, 0x0000, 0x0000, 0x0000, 0x0000, 0x0000, 0x0000, 0x0000,
    0x0000, 0x0000, 0x0000, 0x0000, 0x0000, 0x0000, 0x0000, 0x0000, 0x0000, 0x0000, 0x0000, 0x0000,
    0x0000, 0x0000, 0x0000, 0x0000, 0x0000, 0x0000, 0x0000, 0x0000, 0x0000, 0x0000, 0x0000, 0x0000,
    0x0000, 0x0000, 0x0000, 0x0000, 0x0000, 0x0000, 0x0000, 0x0000, 0x0000, 0x0000, 0x0000, 0x0000,
    0x0000, 0x0000, 0x0000, 0x0000, 0x0000, 0x0000, 0x0000, 0x0000, 0x0000, 0x0000, 0x0000, 0x0000,
    0x0000, 0x0000, 0x0000, 0x0000, 0x0000, 0x0000, 0x0000, 0x0000, 0x0000, 0x0000, 0x0000, 0x0000,
    0x0000, 0x0000, 0x0000, 0x0000, 0x0000, 0x0000, 0x0000, 0x0000, 0x0000, 0x0000, 0x0000, 0x0000,
    0x0000, 0x0000, 0x0000, 0x1523, 0x27C2, 0x17E0, 0x17E0, 0x17E0, 0x17E0, 0x17E0, 0x17E0, 0x17E0,
    0x17E0, 0x17E0, 0x17E0, 0x17E0, 0x17E0, 0x17E0, 0x17E0, 0x17E0, 0x2F84, 0x0820, 0x0801, 0x0000,
    0x0000, 0x0000, 0x0000, 0x0000, 0x0000, 0x0000, 0x0000, 0x0000, 0x0000, 0x0000, 0x0000, 0x0000,
    0x0000, 0x0000, 0x0000, 0x0801, 0x0000, 0x0140, 0x27A3, 0x17E0, 0x17E0, 0x17E0, 0x17E0, 0x17E0,
    0x17E0, 0x17E0, 0x17E0, 0x17E0, 0x17E0, 0x17E0, 0x17E0, 0x17E0, 0x17E0, 0x17E0, 0x17E0, 0x1F81,
    0x3704, 0x00A0, 0x1803, 0x0000, 0x0801, 0x0000, 0x0020, 0x0000, 0x0000, 0x0000, 0x0000, 0x0000,
    0x0000, 0x0000, 0x0000, 0x0000, 0x0000, 0x0000, 0x0000, 0x0000, 0x0020, 0x11E3, 0x1FC1, 0x0FE0,
    0x1FE1, 0x17E0, 0x17E0, 0x17E0, 0x17E0, 0x17E0, 0x17E0, 0x17E0, 0x17E0, 0x17E0, 0x17E0, 0x17E0,
    0x17E0, 0x1FC1, 0x1FE0, 0x0040, 0x0000, 0x0000, 0x0000, 0x0000, 0x0000, 0x0000, 0x0000, 0x0000,
    0x0000, 0x0000, 0x0000, 0x0000, 0x0000, 0x0000, 0x0000, 0x0000, 0x0000, 0x0000, 0x0000, 0x0000,
    0x0000, 0x0000, 0x0000, 0x0000, 0x0000, 0x0000, 0x0000, 0x0000, 0x0000, 0x0000, 0x0000, 0x0000,
    0x0000, 0x0000, 0x0000, 0x0000, 0x0000, 0x0000, 0x0000, 0x0000, 0x0000, 0x0000, 0x0000, 0x0000,
    0x0000, 0x0000, 0x0000, 0x0000, 0x0000, 0x0000, 0x0000, 0x0000, 0x0000, 0x0000, 0x0000, 0x0000,
    0x0000, 0x0000, 0x0000, 0x0000, 0x0000, 0x0000, 0x0000, 0x0000, 0x0000, 0x0000, 0x0000, 0x0000,
    0x0000, 0x0000, 0x0000, 0x0000, 0x0000, 0x0000, 0x0000, 0x0000, 0x0000, 0x0000, 0x0000, 0x0000,
    0x0000, 0x0000, 0x0000, 0x0000, 0x0000, 0x0000, 0x0000, 0x0000, 0x0000, 0x0000, 0x0000, 0x0000,
    0x0000, 0x0000, 0x0000, 0x1D64, 0x1FA1, 0x17E0, 0x17E0, 0x17E0, 0x17E0, 0x17E0, 0x17E0, 0x17E0,
    0x17E0, 0x17E0, 0x17E0, 0x17E0, 0x17E0, 0x17E0, 0x17E0, 0x17E0, 0x17E1, 0x0A00, 0x0802, 0x0001,
    0x0000, 0x0000, 0x0000, 0x0000, 0x0000, 0x0000, 0x0000, 0x0000, 0x0000, 0x0000, 0x0000, 0x0000,
    0x0000, 0x0000, 0x0020, 0x0020, 0x0000, 0x0800, 0x2E04, 0x1FC1, 0x17E0, 0x17E0, 0x17E0, 0x17E0,
    0x17E0, 0x17E0, 0x17E0, 0x17E0, 0x17E0, 0x17E0, 0x17E0, 0x17E0, 0x17E0, 0x17E0, 0x17E0, 0x2F03,
    0x0AC0, 0x1022, 0x0020, 0x0000, 0x0000, 0x0000, 0x0000, 0x0000, 0x0000, 0x0000, 0x0000, 0x0000,
    0x0000, 0x0000, 0x0000, 0x0000, 0x0000, 0x0000, 0x0020, 0x0000, 0x0120, 0x2CC4, 0x17E0, 0x0FE0,
    0x17C0, 0x17E0, 0x17E0, 0x17E0, 0x17E0, 0x17E0, 0x17E0, 0x17E0, 0x17E0, 0x17E0, 0x17E0, 0x17E0,
    0x17E0, 0x17C1, 0x1FE1, 0x00E0, 0x0000, 0x0000, 0x0000, 0x0000, 0x0000, 0x0000, 0x0000, 0x0000,
    0x0000, 0x0000, 0x0000, 0x0000, 0x0000, 0x0000, 0x0000, 0x0000, 0x0000, 0x0000, 0x0000, 0x0000,
    0x0000, 0x0000, 0x0000, 0x0000, 0x0000, 0x0000, 0x0000, 0x0000, 0x0000, 0x0000, 0x0000, 0x0000,
    0x0000, 0x0000, 0x0000, 0x0000, 0x0000, 0x0000, 0x0000, 0x0000, 0x0000, 0x0000, 0x0000, 0x0000,
    0x0000, 0x0000, 0x0000, 0x0000, 0x0000, 0x0000, 0x0000, 0x0000, 0x0000, 0x0000, 0x0000, 0x0000,
    0x0000, 0x0000, 0x0000, 0x0000, 0x0000, 0x0000, 0x0000, 0x0000, 0x0000, 0x0000, 0x0000, 0x0000,
    0x0000, 0x0000, 0x0000, 0x0000, 0x0000, 0x0000, 0x0000, 0x0000, 0x0000, 0x0000, 0x0000, 0x0000,
    0x0000, 0x0000, 0x0000, 0x0000, 0x0000, 0x0000, 0x0000, 0x0000, 0x0000, 0x0000, 0x0000, 0x0000,
    0x0000, 0x0020, 0x0000, 0x25E4, 0x17C1, 0x17E0, 0x17E0, 0x17E0, 0x17E0, 0x17E0, 0x17E0, 0x17E0,
    0x17E0, 0x17E0, 0x17E0, 0x17E0, 0x17E0, 0x17E0, 0x17E0, 0x17E0, 0x0FE0, 0x1B42, 0x0822, 0x0001,
    0x0000, 0x0000, 0x0000, 0x0000, 0x0000, 0x0000, 0x0000, 0x0000, 0x0000, 0x0000, 0x0000, 0x0000,
    0x0000, 0x0000, 0x0000, 0x0001, 0x0800, 0x1842, 0x25C2, 0x1FC1, 0x17E0, 0x17E0, 0x17E0, 0x17E0,
    0x17E0, 0x17E0, 0x17E0, 0x17E0, 0x17E0, 0x17E0, 0x17E0, 0x17E0, 0x17E0, 0x17E0, 0x17E0, 0x2622,
    0x0140, 0x0002, 0x00E0, 0x0000, 0x0000, 0x0000, 0x0000, 0x0000, 0x0000, 0x0000, 0x0000, 0x0000,
    0x0000, 0x0000, 0x0000, 0x0000, 0x0000, 0x0000, 0x0020, 0x0000, 0x09E0, 0x4625, 0x17E0, 0x0FE0,
    0x17C0, 0x17E0, 0x17E0, 0x17E0, 0x17E0, 0x17E0, 0x17E0, 0x17E0, 0x17E0, 0x17E0, 0x17E0, 0x17E0,
    0x17E0, 0x17A1, 0x17C0, 0x0180, 0x0000, 0x0000, 0x0000, 0x0000, 0x0000, 0x0000, 0x0000, 0x0000,
    0x0000, 0x0000, 0x0000, 0x0000, 0x0000, 0x0000, 0x0000, 0x0000, 0x0000, 0x0000, 0x0000, 0x0000,
    0x0000, 0x0000, 0x0000, 0x0000, 0x0000, 0x0000, 0x0000, 0x0000, 0x0000, 0x0000, 0x0000, 0x0000,
    0x0000, 0x0000, 0x0000, 0x0000, 0x0000, 0x0000, 0x0000, 0x0000, 0x0000, 0x0000, 0x0000, 0x0000,
    0x0000, 0x0000, 0x0000, 0x0000, 0x0000, 0x0000, 0x0000, 0x0000, 0x0000, 0x0000, 0x0000, 0x0000,
    0x0000, 0x0000, 0x0000, 0x0000, 0x0000, 0x0000, 0x0000, 0x0000, 0x0000, 0x0000, 0x0000, 0x0000,
    0x0000, 0x0000, 0x0000, 0x0000, 0x0000, 0x0000, 0x0000, 0x0000, 0x0000, 0x0000, 0x0000, 0x0000,
    0x0000, 0x0000, 0x0000, 0x0000, 0x0000, 0x0040, 0x0020, 0x0020, 0x0040, 0x0020, 0x0020, 0x0040,
    0x0060, 0x1022, 0x00A0, 0x27A3, 0x17A1, 0x17E0, 0x17E0, 0x17E0, 0x17E0, 0x17E0, 0x17E0, 0x17E0,
    0x17E0, 0x17E0, 0x17E0, 0x17E0, 0x17E0, 0x17E0, 0x17E0, 0x17E0, 0x1FE0, 0x2643, 0x01E0, 0x1042,
    0x0000, 0x0000, 0x0000, 0x0000, 0x0000, 0x0000, 0x0000, 0x0000, 0x0000, 0x0000, 0x0000, 0x0000,
    0x0000, 0x0000, 0x0000, 0x0000, 0x0800, 0x0000, 0x3684, 0x17E0, 0x17E0, 0x17E0, 0x17E0, 0x17E0,
    0x17E0, 0x17E0, 0x17E0, 0x17E0, 0x17E0, 0x17E0, 0x17E0, 0x17E0, 0x17E0, 0x17E0, 0x17E0, 0x25C2,
    0x0020, 0x0020, 0x0800, 0x0000, 0x0000, 0x0000, 0x0000, 0x0000, 0x0000, 0x0000, 0x0000, 0x0000,
    0x0000, 0x0000, 0x0000, 0x0000, 0x0000, 0x0000, 0x0822, 0x1002, 0x2D64, 0x27C2, 0x17E0, 0x17E0,
    0x17E0, 0x17E0, 0x17E0, 0x17E0, 0x17E0, 0x17E0, 0x17E0, 0x17E0, 0x17E0, 0x17E0, 0x17E0, 0x17E0,
    0x17E0, 0x1FE0, 0x17E0, 0x23E3, 0x0823, 0x0001, 0x0000, 0x0020, 0x0040, 0x0020, 0x0001, 0x0001,
    0x0000, 0x0000, 0x0000, 0x0000, 0x0000, 0x0000, 0x0000, 0x0000, 0x0000, 0x0000, 0x0000, 0x0000,
    0x0000, 0x0000, 0x0000, 0x0000, 0x0000, 0x0000, 0x0000, 0x0000, 0x0000, 0x0000, 0x0000, 0x0000,
    0x0000, 0x0000, 0x0000, 0x0000, 0x0000, 0x0000, 0x0000, 0x0000, 0x0000, 0x0000, 0x0000, 0x0000,
    0x0000, 0x0000, 0x0000, 0x0000, 0x0000, 0x0000, 0x0000, 0x0000, 0x0000, 0x0000, 0x0000, 0x0000,
    0x0000, 0x0000, 0x0000, 0x0000, 0x0000, 0x0000, 0x0000, 0x0000, 0x0000, 0x0000, 0x0000, 0x0000,
    0x0000, 0x0000, 0x0000, 0x0000, 0x0000, 0x0000, 0x0000, 0x0000, 0x0000, 0x0000, 0x0000, 0x0000,
    0x0000, 0x0000, 0x0000, 0x0000, 0x0000, 0x0000, 0x0000, 0x0801, 0x0822, 0x0801, 0x0801, 0x0801,
    0x0000, 0x00A0, 0x0AE1, 0x0FE1, 0x1FC1, 0x17E0, 0x17E0, 0x17E0, 0x17E0, 0x17E0, 0x17E0, 0x17E0,
    0x17E0, 0x17E0, 0x17E0, 0x17E0, 0x17E0, 0x17E0, 0x17E0, 0x17E0, 0x1FA0, 0x2744, 0x1BA2, 0x0802,
    0x0000, 0x0000, 0x0000, 0x0000, 0x0000, 0x0000, 0x0000, 0x0000, 0x0000, 0x0000, 0x0000, 0x0000,
    0x0000, 0x0000, 0x0000, 0x0020, 0x0801, 0x0000, 0x3745, 0x17E0, 0x17E0, 0x17E0, 0x17E0, 0x17E0,
    0x17E0, 0x17E0, 0x17E0, 0x17E0, 0x17E0, 0x17E0, 0x17E0, 0x17E0, 0x17E0, 0x17E0, 0x17E0, 0x25E3,
    0x0040, 0x0020, 0x0801, 0x0000, 0x0000, 0x0000, 0x0000, 0x0000, 0x0000, 0x0000, 0x0000, 0x0000,
    0x0000, 0x0000, 0x0000, 0x0000, 0x0000, 0x0000, 0x0003, 0x0802, 0x2F03, 0x17C1, 0x17E0, 0x17E0,
    0x17E0, 0x17E0, 0x17E0, 0x17E0, 0x17E0, 0x17E0, 0x17E0, 0x17E0, 0x17E0, 0x17E0, 0x17E0, 0x17E0,
    0x17E0, 0x17C0, 0x0FE0, 0x35E5, 0x1081, 0x1001, 0x0801, 0x0001, 0x0820, 0x0820, 0x0800, 0x0000,
    0x0000, 0x0000, 0x0000, 0x0000, 0x0000, 0x0000, 0x0000, 0x0000, 0x0000, 0x0000, 0x0000, 0x0000,
    0x0000, 0x0000, 0x0000, 0x0000, 0x0000, 0x0000, 0x0000, 0x0000, 0x0000, 0x0000, 0x0000, 0x0000,
    0x0000, 0x0000, 0x0000, 0x0000, 0x0000, 0x0000, 0x0000, 0x0000, 0x0000, 0x0000, 0x0000, 0x0000,
    0x0000, 0x0000, 0x0000, 0x0000, 0x0000, 0x0000, 0x0000, 0x0000, 0x0000, 0x0000, 0x0000, 0x0000,
    0x0000, 0x0000, 0x0000, 0x0000, 0x0000, 0x0000, 0x0000, 0x0000, 0x0000, 0x0000, 0x0000, 0x0000,
    0x0000, 0x0000, 0x0000, 0x0000, 0x0000, 0x0000, 0x0000, 0x0000, 0x0000, 0x0000, 0x0000, 0x0000,
    0x0000, 0x0000, 0x0000, 0x0000, 0x0000, 0x0020, 0x00A0, 0x0320, 0x14A1, 0x1F41, 0x1F81, 0x27C2,
    0x1FC1, 0x37A4, 0x27E3, 0x17E0, 0x0FC0, 0x17E0, 0x17E0, 0x17E0, 0x17E0, 0x17E0, 0x17E0, 0x17E0,
    0x17E0, 0x17E0, 0x17E0, 0x17E0, 0x17E0, 0x17E0, 0x17E0, 0x17E0, 0x17C1, 0x17C1, 0x2764, 0x08A0,
    0x0000, 0x0000, 0x0000, 0x0000, 0x0000, 0x0000, 0x0000, 0x0000, 0x0000, 0x0000, 0x0000, 0x0000,
    0x0000, 0x0000, 0x0000, 0x0000, 0x0001, 0x00C0, 0x1FA1, 0x1FE0, 0x17E0, 0x17E0, 0x17E0, 0x17E0,
    0x17E0, 0x17E0, 0x17E0, 0x17E0, 0x17E0, 0x17E0, 0x17E0, 0x17E0, 0x17E0, 0x17E0, 0x17E0, 0x2724,
    0x0A01, 0x0840, 0x0001, 0x0000, 0x0000, 0x0000, 0x0000, 0x0000, 0x0000, 0x0000, 0x0000, 0x0000,
    0x0000, 0x0000, 0x0000, 0x0000, 0x0000, 0x0020, 0x00E0, 0x1C22, 0x17C1, 0x17C1, 0x17E0, 0x17E0,
    0x17E0, 0x17E0, 0x17E0, 0x17E0, 0x17E0, 0x17E0, 0x17E0, 0x17E0, 0x17E0, 0x17E0, 0x17E0, 0x17E0,
    0x17E0, 0x17E2, 0x17E1, 0x1FE1, 0x1FA3, 0x1F84, 0x3645, 0x3565, 0x0B62, 0x02C1, 0x00E0, 0x0061,
    0x0000, 0x0000, 0x0000, 0x0000, 0x0000, 0x0000, 0x0000, 0x0000, 0x0000, 0x0000, 0x0000, 0x0000,
    0x0000, 0x0000, 0x0000, 0x0000, 0x0000, 0x0000, 0x0000, 0x0000, 0x0000, 0x0000, 0x0000, 0x0000,
    0x0000, 0x0000, 0x0000, 0x0000, 0x0000, 0x0000, 0x0000, 0x0000, 0x0000, 0x0000, 0x0000, 0x0000,
    0x0000, 0x0000, 0x0000, 0x0000, 0x0000, 0x0000, 0x0000, 0x0000, 0x0000, 0x0000, 0x0000, 0x0000,
    0x0000, 0x0000, 0x0000, 0x0000, 0x0000, 0x0000, 0x0000, 0x0000, 0x0000, 0x0000, 0x0000, 0x0000,
    0x0000, 0x0000, 0x0000, 0x0000, 0x0000, 0x0000, 0x0000, 0x0000, 0x0000, 0x0000, 0x0000, 0x0000,
    0x0020, 0x0020, 0x0000, 0x0801, 0x0800, 0x13E1, 0x24E4, 0x2724, 0x17A2, 0x1F82, 0x1FA2, 0x1FC1,
    0x17C1, 0x0FE0, 0x0FE0, 0x1FE1, 0x1FE1, 0x17E0, 0x17E0, 0x17E0, 0x17E0, 0x17E0, 0x17E0, 0x17E0,
    0x17E0, 0x17E0, 0x17E0, 0x17E0, 0x17E0, 0x17E0, 0x17E0, 0x17E0, 0x0FC1, 0x1FC0, 0x1FE2, 0x0BA0,
    0x0120, 0x0060, 0x0060, 0x0060, 0x0080, 0x0080, 0x0080, 0x0080, 0x0080, 0x0080, 0x0080, 0x0080,
    0x0080, 0x0080, 0x0080, 0x0080, 0x0141, 0x12C2, 0x1FC2, 0x1FE0, 0x17E0, 0x17E0, 0x17E0, 0x17E0,
    0x17E0, 0x17E0, 0x17E0, 0x17E0, 0x17E0, 0x17E0, 0x17E0, 0x17E0, 0x17E0, 0x17E0, 0x17E0, 0x2F84,
    0x1402, 0x08E0, 0x00A1, 0x0080, 0x0080, 0x0080, 0x0080, 0x0080, 0x0080, 0x0080, 0x0080, 0x0080,
    0x0080, 0x0080, 0x0080, 0x0080, 0x0080, 0x0080, 0x1B20, 0x2E64, 0x1FA1, 0x17C0, 0x17E0, 0x17E0,
    0x17E0, 0x17E0, 0x17E0, 0x17E0, 0x17E0, 0x17E0, 0x17E0, 0x17E0, 0x17E0, 0x17E0, 0x17E0, 0x17E0,
    0x17E0, 0x1FE0, 0x17A0, 0x17E0, 0x17E0, 0x17E0, 0x17E1, 0x17E1, 0x2760, 0x2F22, 0x2D84, 0x1C02,
    0x0080, 0x0020, 0x0000, 0x0000, 0x0000, 0x0000, 0x0000, 0x0000, 0x0000, 0x0000, 0x0000, 0x0000,
    0x0000, 0x0000, 0x0000, 0x0000, 0x0000, 0x0000, 0x0000, 0x0000, 0x0000, 0x0000, 0x0000, 0x0000,
    0x0000, 0x0000, 0x0000, 0x0000, 0x0000, 0x0000, 0x0000, 0x0000, 0x0000, 0x0000, 0x0000, 0x0000,
    0x0000, 0x0000, 0x0000, 0x0000, 0x0000, 0x0000, 0x0000, 0x0000, 0x0000, 0x0000, 0x0000, 0x0000,
    0x0000, 0x0000, 0x0000, 0x0000, 0x0000, 0x0000, 0x0000, 0x0000, 0x0000, 0x0000, 0x0000, 0x0000,
    0x0000, 0x0000, 0x0000, 0x0000, 0x0000, 0x0000, 0x0000, 0x0000, 0x0000, 0x0000, 0x0000, 0x0021,
    0x0001, 0x0801, 0x0802, 0x0421, 0x1F03, 0x27E3, 0x1FE1, 0x17E1, 0x1FE1, 0x17E0, 0x17E0, 0x17E0,
    0x17E0, 0x17E0, 0x17E0, 0x17E0, 0x17E0, 0x17E0, 0x17E0, 0x17E0, 0x17E0, 0x17E0, 0x17E0, 0x17E0,
    0x17E0, 0x17E0, 0x17E0, 0x17E0, 0x17E0, 0x17E0, 0x17E0, 0x17E0, 0x17E1, 0x17E0, 0x0FC0, 0x27C3,
    0x0FE0, 0x1FE0, 0x1FE0, 0x17E0, 0x17E0, 0x17E0, 0x17E0, 0x17E0, 0x17E0, 0x17E0, 0x17E0, 0x17E0,
    0x17E0, 0x17E0, 0x17E0, 0x17E0, 0x17E0, 0x17E0, 0x0FE0, 0x17E0, 0x17E0, 0x17E0, 0x17E0, 0x17E0,
    0x17E0, 0x17E0, 0x17E0, 0x17E0, 0x17E0, 0x17E0, 0x17E0, 0x17E0, 0x17E0, 0x17E0, 0x17E0, 0x17E1,
    0x17E1, 0x1FC2, 0x1FC1, 0x1FE0, 0x1FE0, 0x1FE0, 0x1FE0, 0x17E0, 0x17E0, 0x17E0, 0x17E0, 0x17E0,
    0x17E0, 0x17E0, 0x17E0, 0x17E0, 0x17E0, 0x17E0, 0x0FE0, 0x07C0, 0x17E0, 0x1FC1, 0x17E0, 0x17E0,
    0x17E0, 0x17E0, 0x17E0, 0x17E0, 0x17E0, 0x17E0, 0x17E0, 0x17E0, 0x17E0, 0x17E0, 0x17E0, 0x17E0,
    0x17E0, 0x17E0, 0x17E0, 0x17E0, 0x17E0, 0x17E0, 0x17E0, 0x17E0, 0x27E0, 0x1FE0, 0x0FE0, 0x17E1,
    0x27C3, 0x2584, 0x0060, 0x0800, 0x0800, 0x0000, 0x0000, 0x0000, 0x0000, 0x0000, 0x0000, 0x0000,
    0x0000, 0x0000, 0x0000, 0x0000, 0x0000, 0x0000, 0x0000, 0x0000, 0x0000, 0x0000, 0x0000, 0x0000,
    0x0000, 0x0000, 0x0000, 0x0000, 0x0000, 0x0000, 0x0000, 0x0000, 0x0000, 0x0000, 0x0000, 0x0000,
    0x0000, 0x0000, 0x0000, 0x0000, 0x0000, 0x0000, 0x0000, 0x0000, 0x0000, 0x0000, 0x0000, 0x0000,
    0x0000, 0x0000, 0x0000, 0x0000, 0x0000, 0x0000, 0x0000, 0x0000, 0x0000, 0x0000, 0x0000, 0x0000,
    0x0000, 0x0000, 0x0000, 0x0000, 0x0000, 0x0000, 0x0000, 0x0000, 0x0000, 0x0000, 0x0020, 0x0000,
    0x0000, 0x09A0, 0x1CC0, 0x1FA2, 0x1F42, 0x0FE0, 0x17E0, 0x17C0, 0x17E0, 0x17E0, 0x17E0, 0x17E0,
    0x17E0, 0x17E0, 0x17E0, 0x17E0, 0x17E0, 0x17E0, 0x17E0, 0x17E0, 0x17E0, 0x17E0, 0x17E0, 0x17E0,
    0x17E0, 0x17E0, 0x17E0, 0x17E0, 0x17E0, 0x17E0, 0x17E0, 0x17E0, 0x17E0, 0x0FC0, 0x17E0, 0x17E0,
    0x0FE0, 0x0FE0, 0x0FE0, 0x17E0, 0x17E0, 0x17E0, 0x17E0, 0x17E0, 0x17E0, 0x17E0, 0x17E0, 0x17E0,
    0x17E0, 0x17E0, 0x17E0, 0x17E0, 0x17C0, 0x17E0, 0x17E0, 0x17E0, 0x17E0, 0x17E0, 0x17E0, 0x17E0,
    0x17E0, 0x17E0, 0x17E0, 0x17E0, 0x17E0, 0x17E0, 0x17E0, 0x17E0, 0x17E0, 0x17E0, 0x17E0, 0x1FE0,
    0x1FC0, 0x1F80, 0x1FA0, 0x0FE0, 0x0FE0, 0x0FE0, 0x0FE0, 0x17E0, 0x17E0, 0x17E0, 0x17E0, 0x17E0,
    0x17E0, 0x17E0, 0x0FE0, 0x0FE0, 0x0FE0, 0x0FE0, 0x1FA1, 0x17A0, 0x17E0, 0x1FE0, 0x17E0, 0x17E0,
    0x17E0, 0x17E0, 0x17E0, 0x17E0, 0x17E0, 0x17E0, 0x17E0, 0x17E0, 0x17E0, 0x17E0, 0x17E0, 0x17E0,
    0x17E0, 0x17E0, 0x17E0, 0x17E0, 0x17E0, 0x17E0, 0x17E0, 0x17E0, 0x17E1, 0x17C1, 0x1FC1, 0x27E1,
    0x27C0, 0x1FE0, 0x1F42, 0x1C83, 0x0020, 0x0000, 0x0000, 0x0000, 0x0000, 0x0000, 0x0000, 0x0000,
    0x0000, 0x0000, 0x0000, 0x0000, 0x0000, 0x0000, 0x0000, 0x0000, 0x0000, 0x0000, 0x0000, 0x0000,
    0x0000, 0x0000, 0x0000, 0x0000, 0x0000, 0x0000, 0x0000, 0x0000, 0x0000, 0x0000, 0x0000, 0x0000,
    0x0000, 0x0000, 0x0000, 0x0000, 0x0000, 0x0000, 0x0000, 0x0000, 0x0000, 0x0000, 0x0000, 0x0000,
    0x0000, 0x0000, 0x0000, 0x0000, 0x0000, 0x0000, 0x0000, 0x0000, 0x0000, 0x0000, 0x0000, 0x0000,
    0x0000, 0x0000, 0x0000, 0x0000, 0x0000, 0x0000, 0x0000, 0x0000, 0x0000, 0x0000, 0x0040, 0x0000,
    0x0020, 0x24E2, 0x2702, 0x17E0, 0x27E2, 0x17C0, 0x17E1, 0x1FC0, 0x17E0, 0x17E0, 0x17E0, 0x17E0,
    0x17E0, 0x17E0, 0x17E0, 0x17E0, 0x17E0, 0x17E0, 0x17E0, 0x17E0, 0x17E0, 0x17E0, 0x17E0, 0x17E0,
    0x17E0, 0x17E0, 0x17E0, 0x17E0, 0x17E0, 0x17E0, 0x17E0, 0x17E0, 0x17E1, 0x17C0, 0x17C0, 0x17E0,
    0x1FA2, 0x1FA1, 0x1FC1, 0x1FC1, 0x17A1, 0x17A1, 0x17A1, 0x17A1, 0x17A1, 0x17A1, 0x17A1, 0x17A1,
    0x17A1, 0x17A1, 0x17A1, 0x17C1, 0x0FE0, 0x0FE0, 0x0FE0, 0x17E0, 0x17E0, 0x17E0, 0x17E0, 0x17E0,
    0x17E0, 0x17E0, 0x17E0, 0x17E0, 0x17E0, 0x17E0, 0x17E0, 0x17E0, 0x17E0, 0x17E0, 0x17E0, 0x17E0,
    0x17E0, 0x1FE1, 0x1FE1, 0x17C1, 0x17C1, 0x17C1, 0x17C1, 0x17A1, 0x17A1, 0x17A1, 0x17A1, 0x17A1,
    0x17A1, 0x17A1, 0x1FC1, 0x1FC1, 0x1FC1, 0x1FC1, 0x1FE1, 0x1FE2, 0x17E0, 0x0FC0, 0x17E0, 0x17E0,
    0x17E0, 0x17E0, 0x17E0, 0x17E0, 0x17E0, 0x17E0, 0x17E0, 0x17E0, 0x17E0, 0x17E0, 0x17E0, 0x17E0,
    0x17E0, 0x17E0, 0x17E0, 0x17E0, 0x17E0, 0x17E0, 0x17E0, 0x17E0, 0x17E0, 0x17E0, 0x1FE1, 0x17C0,
    0x17A0, 0x1FE0, 0x1FE1, 0x2EE4, 0x08C2, 0x0000, 0x0000, 0x0000, 0x0000, 0x0000, 0x0000, 0x0000,
    0x0000, 0x0000, 0x0000, 0x0000, 0x0000, 0x0000, 0x0000, 0x0000, 0x0000, 0x0000, 0x0000, 0x0000,
    0x0000, 0x0000, 0x0000, 0x0000, 0x0000, 0x0000, 0x0000, 0x0000, 0x0000, 0x0000, 0x0000, 0x0000,
    0x0000, 0x0000, 0x0000, 0x0000, 0x0000, 0x0000, 0x0000, 0x0000, 0x0000, 0x0000, 0x0000, 0x0000,
    0x0000, 0x0000, 0x0000, 0x0000, 0x0000, 0x0000, 0x0000, 0x0000, 0x0000, 0x0000, 0x0000, 0x0000,
    0x0000, 0x0000, 0x0000, 0x0000, 0x0000, 0x0000, 0x0000, 0x0000, 0x0000, 0x0000, 0x0000, 0x1001,
    0x0181, 0x27A2, 0x17E0, 0x17E0, 0x17E0, 0x17E0, 0x17E0, 0x17E0, 0x17E0, 0x17E0, 0x17E0, 0x17E0,
    0x17E0, 0x17E0, 0x17E0, 0x17E0, 0x17E0, 0x17E0, 0x17E0, 0x17E0, 0x17E0, 0x17E0, 0x17E0, 0x17E0,
    0x17E0, 0x17E0, 0x17E0, 0x17E0, 0x17E0, 0x17E0, 0x17E0, 0x17E0, 0x17E0, 0x17E0, 0x17E0, 0x17E0,
    0x17E0, 0x17E0, 0x17E0, 0x17E0, 0x17E0, 0x17E0, 0x17E0, 0x17E0, 0x17E0, 0x17E0, 0x17E0, 0x17E0,
    0x17E0, 0x17E0, 0x17E0, 0x17E0, 0x17E0, 0x17E0, 0x17E0, 0x17E0, 0x17E0, 0x17E0, 0x17E0, 0x17E0,
    0x17E0, 0x17E0, 0x17E0, 0x17E0, 0x17E0, 0x17E0, 0x17E0, 0x17E0, 0x17E0, 0x17E0, 0x17E0, 0x17E0,
    0x17E0, 0x17E0, 0x17E0, 0x17E0, 0x17E0, 0x17E0, 0x17E0, 0x17E0, 0x17E0, 0x17E0, 0x17E0, 0x17E0,
    0x17E0, 0x17E0, 0x17E0, 0x17E0, 0x17E0, 0x17E0, 0x17E0, 0x17E0, 0x17E0, 0x17E0, 0x17E0, 0x17E0,
    0x17E0, 0x17E0, 0x17E0, 0x17E0, 0x17E0, 0x17E0, 0x17E0, 0x17E0, 0x17E0, 0x17E0, 0x17E0, 0x17E0,
    0x17E0, 0x17E0, 0x17E0, 0x17E0, 0x17E0, 0x17E0, 0x17E0, 0x17E0, 0x17E0, 0x17E0, 0x17E0, 0x17E0,
    0x17E0, 0x17E0, 0x17E0, 0x17E0, 0x2684, 0x12A1, 0x0801, 0x0800, 0x0000, 0x0000, 0x0000, 0x0000,
    0x0000, 0x0000, 0x0000, 0x0000, 0x0000, 0x0000, 0x0000, 0x0000, 0x0000, 0x0000, 0x0000, 0x0000,
    0x0000, 0x0000, 0x0000, 0x0000, 0x0000, 0x0000, 0x0000, 0x0000, 0x0000, 0x0000, 0x0000, 0x0000,
    0x0000, 0x0000, 0x0000, 0x0000, 0x0000, 0x0000, 0x0000, 0x0000, 0x0000, 0x0000, 0x0000, 0x0000,
    0x0000, 0x0000, 0x0000, 0x0000, 0x0000, 0x0000, 0x0000, 0x0000, 0x0000, 0x0000, 0x0000, 0x0000,
    0x0000, 0x0000, 0x0000, 0x0000, 0x0000, 0x0000, 0x0000, 0x0000, 0x0000, 0x0000, 0x0020, 0x0860,
    0x1462, 0x1FE0, 0x17E0, 0x17E0, 0x17E0, 0x17E0, 0x17E0, 0x17E0, 0x17E0, 0x17E0, 0x17E0, 0x17E0,
    0x17E0, 0x17E0, 0x17E0, 0x17E0, 0x17E0, 0x17E0, 0x17E0, 0x17E0, 0x17E0, 0x17E0, 0x17E0, 0x17E0,
    0x17E0, 0x17E0, 0x17E0, 0x17E0, 0x17E0, 0x17E0, 0x17E0, 0x17E0, 0x17E0, 0x17E0, 0x17E0, 0x17E0,
    0x17E0, 0x17E0, 0x17E0, 0x17E0, 0x17E0, 0x17E0, 0x17E0, 0x17E0, 0x17E0, 0x17E0, 0x17E0, 0x17E0,
    0x17E0, 0x17E0, 0x17E0, 0x17E0, 0x17E0, 0x17E0, 0x17E0, 0x17E0, 0x17E0, 0x17E0, 0x17E0, 0x17E0,
    0x17E0, 0x17E0, 0x17E0, 0x17E0, 0x17E0, 0x17E0, 0x17E0, 0x17E0, 0x17E0, 0x17E0, 0x17E0, 0x17E0,
    0x17E0, 0x17E0, 0x17E0, 0x17E0, 0x17E0, 0x17E0, 0x17E0, 0x17E0, 0x17E0, 0x17E0, 0x17E0, 0x17E0,
    0x17E0, 0x17E0, 0x17E0, 0x17E0, 0x17E0, 0x17E0, 0x17E0, 0x17E0, 0x17E0, 0x17E0, 0x17E0, 0x17E0,
    0x17E0, 0x17E0, 0x17E0, 0x17E0, 0x17E0, 0x17E0, 0x17E0, 0x17E0, 0x17E0, 0x17E0, 0x17E0, 0x17E0,
    0x17E0, 0x17E0, 0x17E0, 0x17E0, 0x17E0, 0x17E0, 0x17E0, 0x17E0, 0x17E0, 0x17E0, 0x17E0, 0x17E0,
    0x17E0, 0x17E0, 0x17E0, 0x17E0, 0x27A3, 0x2D85, 0x0821, 0x0020, 0x0000, 0x0000, 0x0000, 0x0000,
    0x0000, 0x0000, 0x0000, 0x0000, 0x0000, 0x0000, 0x0000, 0x0000, 0x0000, 0x0000, 0x0000, 0x0000,
    0x0000, 0x0000, 0x0000, 0x0000, 0x0000, 0x0000, 0x0000, 0x0000, 0x0000, 0x0000, 0x0000, 0x0000,
    0x0000, 0x0000, 0x0000, 0x0000, 0x0000, 0x0000, 0x0000, 0x0000, 0x0000, 0x0000, 0x0000, 0x0000,
    0x0000, 0x0000, 0x0000, 0x0000, 0x0000, 0x0000, 0x0000, 0x0000, 0x0000, 0x0000, 0x0000, 0x0000,
    0x0000, 0x0000, 0x0000, 0x0000, 0x0000, 0x0000, 0x0000, 0x0000, 0x0000, 0x0000, 0x0801, 0x00A0,
    0x2FA4, 0x17E0, 0x17E0, 0x17E0, 0x17E0, 0x17E0, 0x17E0, 0x17E0, 0x17E0, 0x17E0, 0x17E0, 0x17E0,
    0x17E0, 0x17E0, 0x17E0, 0x17E0, 0x17E0, 0x17E0, 0x17E0, 0x17E0, 0x17E0, 0x17E0, 0x17E0, 0x17E0,
    0x17E0, 0x17E0, 0x17E0, 0x17E0, 0x17E0, 0x17E0, 0x17E0, 0x17E0, 0x17E0, 0x17E0, 0x17E0, 0x17E0,
    0x17E0, 0x17E0, 0x17E0, 0x17E0, 0x17E0, 0x17E0, 0x17E0, 0x17E0, 0x17E0, 0x17E0, 0x17E0, 0x17E0,
    0x17E0, 0x17E0, 0x17E0, 0x17E0, 0x17E0, 0x17E0, 0x17E0, 0x17E0, 0x17E0, 0x17E0, 0x17E0, 0x17E0,
    0x17E0, 0x17E0, 0x17E0, 0x17E0, 0x17E0, 0x17E0, 0x17E0, 0x17E0, 0x17E0, 0x17E0, 0x17E0, 0x17E0,
    0x17E0, 0x17E0, 0x17E0, 0x17E0, 0x17E0, 0x17E0, 0x17E0, 0x17E0, 0x17E0, 0x17E0, 0x17E0, 0x17E0,
    0x17E0, 0x17E0, 0x17E0, 0x17E0, 0x17E0, 0x17E0, 0x17E0, 0x17E0, 0x17E0, 0x17E0, 0x17E0, 0x17E0,
    0x17E0, 0x17E0, 0x17E0, 0x17E0, 0x17E0, 0x17E0, 0x17E0, 0x17E0, 0x17E0, 0x17E0, 0x17E0, 0x17E0,
    0x17E0, 0x17E0, 0x17E0, 0x17E0, 0x17E0, 0x17E0, 0x17E0, 0x17E0, 0x17E0, 0x17E0, 0x17E0, 0x17E0,
    0x17E0, 0x17E0, 0x17E0, 0x17E0, 0x0FE0, 0x17E2, 0x01E0, 0x0020, 0x0000, 0x0000, 0x0000, 0x0000,
    0x0000, 0x0000, 0x0000, 0x0000, 0x0000, 0x0000, 0x0000, 0x0000, 0x0000, 0x0000, 0x0000, 0x0000,
    0x0000, 0x0000, 0x0000, 0x0000, 0x0000, 0x0000, 0x0000, 0x0000, 0x0000, 0x0000, 0x0000, 0x0000,
    0x0000, 0x0000, 0x0000, 0x0000, 0x0000, 0x0000, 0x0000, 0x0000, 0x0000, 0x0000, 0x0000, 0x0000,
    0x0000, 0x0000, 0x0000, 0x0000, 0x0000, 0x0000, 0x0000, 0x0000, 0x0000, 0x0000, 0x0000, 0x0000,
    0x0000, 0x0000, 0x0000, 0x0000, 0x0000, 0x0000, 0x0000, 0x0000, 0x0000, 0x0000, 0x0801, 0x09E1,
    0x1FE2, 0x17E0, 0x17E0, 0x17E0, 0x17E0, 0x17E0, 0x17E0, 0x17E0, 0x17E0, 0x17E0, 0x17E0, 0x17E0,
    0x17E0, 0x17E0, 0x17E0, 0x17E0, 0x17E0, 0x17E0, 0x17E0, 0x17E0, 0x17E0, 0x17E0, 0x17E0, 0x17E0,
    0x17E0, 0x17E0, 0x17E0, 0x17E0, 0x17E0, 0x17E0, 0x17E0, 0x17E0, 0x17E0, 0x17E0, 0x17E0, 0x17E0,
    0x17E0, 0x17E0, 0x17E0, 0x17E0, 0x17E0, 0x17E0, 0x17E0, 0x17E0, 0x17E0, 0x17E0, 0x17E0, 0x17E0,
    0x17E0, 0x17E0, 0x17E0, 0x17E0, 0x17E0, 0x17E0, 0x17E0, 0x17E0, 0x17E0, 0x17E0, 0x17E0, 0x17E0,
    0x17E0, 0x17E0, 0x17E0, 0x17E0, 0x17E0, 0x17E0, 0x17E0, 0x17E0, 0x17E0, 0x17E0, 0x17E0, 0x17E0,
    0x17E0, 0x17E0, 0x17E0, 0x17E0, 0x17E0, 0x17E0, 0x17E0, 0x17E0, 0x17E0, 0x17E0, 0x17E0, 0x17E0,
    0x17E0, 0x17E0, 0x17E0, 0x17E0, 0x17E0, 0x17E0, 0x17E0, 0x17E0, 0x17E0, 0x17E0, 0x17E0, 0x17E0,
    0x17E0, 0x17E0, 0x17E0, 0x17E0, 0x17E0, 0x17E0, 0x17E0, 0x17E0, 0x17E0, 0x17E0, 0x17E0, 0x17E0,
    0x17E0, 0x17E0, 0x17E0, 0x17E0, 0x17E0, 0x17E0, 0x17E0, 0x17E0, 0x17E0, 0x17E0, 0x17E0, 0x17E0,
    0x17E0, 0x17E0, 0x17E0, 0x17E0, 0x17C2, 0x17E0, 0x1C64, 0x0880, 0x0000, 0x0000, 0x0000, 0x0000,
    0x0000, 0x0000, 0x0000, 0x0000, 0x0000, 0x0000, 0x0000, 0x0000, 0x0000, 0x0000, 0x0000, 0x0000,
    0x0000, 0x0000, 0x0000, 0x0000, 0x0000, 0x0000, 0x0000, 0x0000, 0x0000, 0x0000, 0x0000, 0x0000,
    0x0000, 0x0000, 0x0000, 0x0000, 0x0000, 0x0000, 0x0000, 0x0000, 0x0000, 0x0000, 0x0000, 0x0000,
    0x0000, 0x0000, 0x0000, 0x0000, 0x0000, 0x0000, 0x0000, 0x0000, 0x0000, 0x0000, 0x0000, 0x0000,
    0x0000, 0x0000, 0x0000, 0x0000, 0x0000, 0x0000, 0x0000, 0x0000, 0x0000, 0x0020, 0x0061, 0x2523,
    0x27A3, 0x0FE0, 0x17E0, 0x17E0, 0x17E0, 0x17E0, 0x17E0, 0x17E0, 0x17E0, 0x17E0, 0x17E0, 0x17E0,
    0x17E0, 0x17E0, 0x17E0, 0x17E0, 0x17E0, 0x17E0, 0x17E0, 0x17E0, 0x17E0, 0x17E0, 0x17E0, 0x17E0,
    0x17E0, 0x17E0, 0x17E0, 0x17E0, 0x17E0, 0x17E0, 0x17E0, 0x17E0, 0x17E0, 0x17E0, 0x17E0, 0x17E0,
    0x17E0, 0x17E0, 0x17E0, 0x17E0, 0x17E0, 0x17E0, 0x17E0, 0x17E0, 0x17E0, 0x17E0, 0x17E0, 0x17E0,
    0x17E0, 0x17E0, 0x17E0, 0x17E0, 0x17E0, 0x17E0, 0x17E0, 0x17E0, 0x17E0, 0x17E0, 0x17E0, 0x17E0,
    0x17E0, 0x17E0, 0x17E0, 0x17E0, 0x17E0, 0x17E0, 0x17E0, 0x17E0, 0x17E0, 0x17E0, 0x17E0, 0x17E0,
    0x17E0, 0x17E0, 0x17E0, 0x17E0, 0x17E0, 0x17E0, 0x17E0, 0x17E0, 0x17E0, 0x17E0, 0x17E0, 0x17E0,
    0x17E0, 0x17E0, 0x17E0, 0x17E0, 0x17E0, 0x17E0, 0x17E0, 0x17E0, 0x17E0, 0x17E0, 0x17E0, 0x17E0,
    0x17E0, 0x17E0, 0x17E0, 0x17E0, 0x17E0, 0x17E0, 0x17E0, 0x17E0, 0x17E0, 0x17E0, 0x17E0, 0x17E0,
    0x17E0, 0x17E0, 0x17E0, 0x17E0, 0x17E0, 0x17E0, 0x17E0, 0x17E0, 0x17E0, 0x17E0, 0x17E0, 0x17E0,
    0x17E0, 0x17E0, 0x17E0, 0x17E0, 0x17E0, 0x17E1, 0x2723, 0x1341, 0x0000, 0x0000, 0x0000, 0x0000,
    0x0000, 0x0000, 0x0000, 0x0000, 0x0000, 0x0000, 0x0000, 0x0000, 0x0000, 0x0000, 0x0000, 0x0000,
    0x0000, 0x0000, 0x0000, 0x0000, 0x0000, 0x0000, 0x0000, 0x0000, 0x0000, 0x0000, 0x0000, 0x0000,
    0x0000, 0x0000, 0x0000, 0x0000, 0x0000, 0x0000, 0x0000, 0x0000, 0x0000, 0x0000, 0x0000, 0x0000,
    0x0000, 0x0000, 0x0000, 0x0000, 0x0000, 0x0000, 0x0000, 0x0000, 0x0000, 0x0000, 0x0000, 0x0000,
    0x0000, 0x0000, 0x0000, 0x0000, 0x0000, 0x0000, 0x0000, 0x0000, 0x0000, 0x0020, 0x1A42, 0x2E64,
    0x1FE2, 0x17E0, 0x17E0, 0x17E0, 0x17E0, 0x17E0, 0x17E0, 0x17E0, 0x17E0, 0x17E0, 0x17E0, 0x17E0,
    0x17E0, 0x17E0, 0x17E0, 0x17E0, 0x17E0, 0x17E0, 0x17E0, 0x17E0, 0x17E0, 0x17E0, 0x17E0, 0x17E0,
    0x17E0, 0x17E0, 0x17E0, 0x17E0, 0x17E0, 0x17E0, 0x17E0, 0x17E0, 0x17E0, 0x17E0, 0x17E0, 0x17E0,
    0x17E0, 0x17E0, 0x17E0, 0x17E0, 0x17E0, 0x17E0, 0x17E0, 0x17E0, 0x17E0, 0x17E0, 0x17E0, 0x17E0,
    0x17E0, 0x17E0, 0x17E0, 0x17E0, 0x17E0, 0x17E0, 0x17E0, 0x17E0, 0x17E0, 0x17E0, 0x17E0, 0x17E0,
    0x17E0, 0x17E0, 0x17E0, 0x17E0, 0x17E0, 0x17E0, 0x17E0, 0x17E0, 0x17E0, 0x17E0, 0x17E0, 0x17E0,
    0x17E0, 0x17E0, 0x17E0, 0x17E0, 0x17E0, 0x17E0, 0x17E0, 0x17E0, 0x17E0, 0x17E0, 0x17E0, 0x17E0,
    0x17E0, 0x17E0, 0x17E0, 0x17E0, 0x17E0, 0x17E0, 0x17E0, 0x17E0, 0x17E0, 0x17E0, 0x17E0, 0x17E0,
    0x17E0, 0x17E0, 0x17E0, 0x17E0, 0x17E0, 0x17E0, 0x17E0, 0x17E0, 0x17E0, 0x17E0, 0x17E0, 0x17E0,
    0x17E0, 0x17E0, 0x17E0, 0x17E0, 0x17E0, 0x17E0, 0x17E0, 0x17E0, 0x17E0, 0x17E0, 0x17E0, 0x17E0,
    0x17E0, 0x17E0, 0x17E0, 0x17E0, 0x17E0, 0x1FE1, 0x2783, 0x24C4, 0x0000, 0x0000, 0x0000, 0x0000,
    0x0000, 0x0000, 0x0000, 0x0000, 0x0000, 0x0000, 0x0000, 0x0000, 0x0000, 0x0000, 0x0000, 0x0000,
    0x0000, 0x0000, 0x0000, 0x0000, 0x0000, 0x0000, 0x0000, 0x0000, 0x0000, 0x0000, 0x0000, 0x0000,
    0x0000, 0x0000, 0x0000, 0x0000, 0x0000, 0x0000, 0x0000, 0x0000, 0x0000, 0x0000, 0x0000, 0x0000,
    0x0000, 0x0000, 0x0000, 0x0000, 0x0000, 0x0000, 0x0000, 0x0000, 0x0000, 0x0000, 0x0000, 0x0000,
    0x0000, 0x0000, 0x0000, 0x0000, 0x0000, 0x0000, 0x0000, 0x0000, 0x0000, 0x0000, 0x25A3, 0x1FE1,
    0x17E0, 0x1FE1, 0x17E0, 0x17E0, 0x17E0, 0x17E0, 0x17E0, 0x17E0, 0x17E0, 0x17E0, 0x17E0, 0x17E0,
    0x17E0, 0x17E0, 0x17E0, 0x17E0, 0x17E0, 0x17E0, 0x17E0, 0x17E0, 0x17E0, 0x17E0, 0x17E0, 0x17E0,
    0x17E0, 0x17E0, 0x17E0, 0x17E0, 0x17E0, 0x17E0, 0x17E0, 0x17E0, 0x17E0, 0x17E0, 0x17E0, 0x17E0,
    0x17E0, 0x17E0, 0x17E0, 0x17E0, 0x17E0, 0x17E0, 0x17E0, 0x17E0, 0x17E0, 0x17E0, 0x17E0, 0x17E0,
    0x17E0, 0x17E0, 0x17E0, 0x17E0, 0x17E0, 0x17E0, 0x17E0, 0x17E0, 0x17E0, 0x17E0, 0x17E0, 0x17E0,
    0x17E0, 0x17E0, 0x17E0, 0x17E0, 0x17E0, 0x17E0, 0x17E0, 0x17E0, 0x17E0, 0x17E0, 0x17E0, 0x17E0,
    0x17E0, 0x17E0, 0x17E0, 0x17E0, 0x17E0, 0x17E0, 0x17E0, 0x17E0, 0x17E0, 0x17E0, 0x17E0, 0x17E0,
    0x17E0, 0x17E0, 0x17E0, 0x17E0, 0x17E0, 0x17E0, 0x17E0, 0x17E0, 0x17E0, 0x17E0, 0x17E0, 0x17E0,
    0x17E0, 0x17E0, 0x17E0, 0x17E0, 0x17E0, 0x17E0, 0x17E0, 0x17E0, 0x17E0, 0x17E0, 0x17E0, 0x17E0,
    0x17E0, 0x17E0, 0x17E0, 0x17E0, 0x17E0, 0x17E0, 0x17E0, 0x17E0, 0x17E0, 0x17E0, 0x17E0, 0x17E0,
    0x17E0, 0x17E0, 0x17E0, 0x17E0, 0x17E0, 0x1FC1, 0x17E0, 0x3765, 0x0000, 0x0000, 0x0000, 0x0000,
    0x0000, 0x0000, 0x0000, 0x0000, 0x0000, 0x0000, 0x0000, 0x0000, 0x0000, 0x0000, 0x0000, 0x0000,
    0x0000, 0x0000, 0x0000, 0x0000, 0x0000, 0x0000, 0x0000, 0x0000, 0x0000, 0x0000, 0x0000, 0x0000,
    0x0000, 0x0000, 0x0000, 0x0000, 0x0000, 0x0000, 0x0000, 0x0000, 0x0000, 0x0000, 0x0000, 0x0000,
    0x0000, 0x0000, 0x0000, 0x0000, 0x0000, 0x0000, 0x0000, 0x0000, 0x0000, 0x0000, 0x0000, 0x0000,
    0x0000, 0x0000, 0x0000, 0x0000, 0x0000, 0x0000, 0x0000, 0x0000, 0x0000, 0x0000, 0x26C3, 0x17E0,
    0x17C0, 0x17E1, 0x17E0, 0x17E0, 0x17E0, 0x17E0, 0x17E0, 0x17E0, 0x17E0, 0x17E0, 0x17E0, 0x17E0,
    0x17E0, 0x17E0, 0x17E0, 0x17E0, 0x17E0, 0x17E0, 0x17E0, 0x17E0, 0x17E0, 0x17E0, 0x17E0, 0x17E0,
    0x17E0, 0x17E0, 0x17E0, 0x17E0, 0x17E0, 0x17E0, 0x17E0, 0x17E0, 0x17E0, 0x17E0, 0x17E0, 0x17E0,
    0x17E0, 0x17E0, 0x17E0, 0x17E0, 0x17E0, 0x17E0, 0x17E0, 0x17E0, 0x17E0, 0x17E0, 0x17E0, 0x17E0,
    0x17E0, 0x17E0, 0x17E0, 0x17E0, 0x17E0, 0x17E0, 0x17E0, 0x17E0, 0x17E0, 0x17E0, 0x17E0, 0x17E0,
    0x17E0, 0x17E0, 0x17E0, 0x17E0, 0x17E0, 0x17E0, 0x17E0, 0x17E0, 0x17E0, 0x17E0, 0x17E0, 0x17E0,
    0x17E0, 0x17E0, 0x17E0, 0x17E0, 0x17E0, 0x17E0, 0x17E0, 0x17E0, 0x17E0, 0x17E0, 0x17E0, 0x17E0,
    0x17E0, 0x17E0, 0x17E0, 0x17E0, 0x17E0, 0x17E0, 0x17E0, 0x17E0, 0x17E0, 0x17E0, 0x17E0, 0x17E0,
    0x17E0, 0x17E0, 0x17E0, 0x17E0, 0x17E0, 0x17E0, 0x17E0, 0x17E0, 0x17E0, 0x17E0, 0x17E0, 0x17E0,
    0x17E0, 0x17E0, 0x17E0, 0x17E0, 0x17E0, 0x17E0, 0x17E0, 0x17E0, 0x17E0, 0x17E0, 0x17E0, 0x17E0,
    0x17E0, 0x17E0, 0x17E0, 0x17E0, 0x17E0, 0x1780, 0x0FE0, 0x2FE4, 0x0020, 0x0000, 0x0000, 0x0000,
    0x0000, 0x0000, 0x0000, 0x0000, 0x0000, 0x0000, 0x0000, 0x0000, 0x0000, 0x0000, 0x0000, 0x0000,
    0x0000, 0x0000, 0x0000, 0x0000, 0x0000, 0x0000, 0x0000, 0x0000, 0x0000, 0x0000, 0x0000, 0x0000,
    0x0000, 0x0000, 0x0000, 0x0000, 0x0000, 0x0000, 0x0000, 0x0000, 0x0000, 0x0000, 0x0000, 0x0000,
    0x0000, 0x0000, 0x0000, 0x0000, 0x0000, 0x0000, 0x0000, 0x0000, 0x0000, 0x0000, 0x0000, 0x0000,
    0x0000, 0x0000, 0x0000, 0x0000, 0x0000, 0x0000, 0x0000, 0x0801, 0x0021, 0x0020, 0x1F83, 0x17C0,
    0x17E1, 0x17E0, 0x17E0, 0x17E0, 0x17E0, 0x17E0, 0x17E0, 0x17E0, 0x17E0, 0x17E0, 0x17E0, 0x17E0,
    0x17E0, 0x17E0, 0x17E0, 0x17E0, 0x17E0, 0x17E0, 0x17E0, 0x17E0, 0x17E0, 0x1FE1, 0x17C0, 0x1FE1,
    0x1FE1, 0x17E0, 0x17E0, 0x17E0, 0x17E0, 0x17E0, 0x17E0, 0x17E0, 0x17E0, 0x17E0, 0x17E0, 0x17E0,
    0x17E0, 0x17E0, 0x17E0, 0x17E0, 0x17E0, 0x17E0, 0x17E0, 0x17E0, 0x17E0, 0x17E0, 0x17E0, 0x17E0,
    0x17E0, 0x17E0, 0x17E0, 0x17E0, 0x17E0, 0x17E0, 0x17E0, 0x17E0, 0x17E0, 0x17E0, 0x17E0, 0x17E0,
    0x17E0, 0x17E0, 0x17E0, 0x17E0, 0x17E0, 0x17E0, 0x17E0, 0x17E0, 0x17E0, 0x17E0, 0x17E0, 0x17E0,
    0x17E0, 0x17E0, 0x17E0, 0x17E0, 0x17E0, 0x17E0, 0x17E0, 0x17E0, 0x17E0, 0x17E0, 0x17E0, 0x17E0,
    0x17E0, 0x17E0, 0x17E0, 0x17E0, 0x17E0, 0x17E0, 0x17E0, 0x17E0, 0x17E0, 0x17E0, 0x17E0, 0x17E0,
    0x17E0, 0x17E0, 0x17E0, 0x17E0, 0x17E0, 0x17E1, 0x17E0, 0x1FC0, 0x17E1, 0x17E0, 0x17E0, 0x17E0,
    0x17E0, 0x17E0, 0x17E0, 0x17E0, 0x17E0, 0x17E0, 0x17E0, 0x17E0, 0x17E0, 0x17E0, 0x17E0, 0x17E0,
    0x17E0, 0x17E0, 0x17E0, 0x17E0, 0x17E0, 0x0FE0, 0x17E1, 0x1FC1, 0x1342, 0x0020, 0x0020, 0x0000,
    0x0000, 0x0000, 0x0000, 0x0000, 0x0000, 0x0000, 0x0000, 0x0000, 0x0000, 0x0000, 0x0000, 0x0000,
    0x0000, 0x0000, 0x0000, 0x0000, 0x0000, 0x0000, 0x0000, 0x0000, 0x0000, 0x0000, 0x0000, 0x0000,
    0x0000, 0x0000, 0x0000, 0x0000, 0x0000, 0x0000, 0x0000, 0x0000, 0x0000, 0x0000, 0x0000, 0x0000,
    0x0000, 0x0000, 0x0000, 0x0000, 0x0000, 0x0000, 0x0000, 0x0000, 0x0000, 0x0000, 0x0000, 0x0000,
    0x0000, 0x0000, 0x0000, 0x0000, 0x0000, 0x0000, 0x0000, 0x0822, 0x0821, 0x00A0, 0x17C1, 0x0FC0,
    0x17E1, 0x17E0, 0x17E0, 0x17E0, 0x17E0, 0x17E0, 0x17E0, 0x17E0, 0x17E0, 0x17E0, 0x17E0, 0x17E0,
    0x17E0, 0x17E0, 0x17E0, 0x17E0, 0x17E0, 0x17E0, 0x17E0, 0x17E0, 0x17E0, 0x17C1, 0x17E0, 0x0FE0,
    0x17E0, 0x17E0, 0x17E0, 0x17E0, 0x17E0, 0x17E0, 0x17E0, 0x17E0, 0x17E0, 0x17E0, 0x17E0, 0x17E0,
    0x17E0, 0x17E0, 0x17E0, 0x17E0, 0x17E0, 0x17E0, 0x17E0, 0x17E0, 0x17E0, 0x17E0, 0x17E0, 0x17E0,
    0x17E0, 0x17E0, 0x17E0, 0x17E0, 0x17E0, 0x17E0, 0x17E0, 0x17E0, 0x17E0, 0x17E0, 0x17E0, 0x17E0,
    0x17E0, 0x17E0, 0x17E0, 0x17E0, 0x17E0, 0x17E0, 0x17E0, 0x17E0, 0x17E0, 0x17E0, 0x17E0, 0x17E0,
    0x17E0, 0x17E0, 0x17E0, 0x17E0, 0x17E0, 0x17E0, 0x17E0, 0x17E0, 0x17E0, 0x17E0, 0x17E0, 0x17E0,
    0x17E0, 0x17E0, 0x17E0, 0x17E0, 0x17E0, 0x17E0, 0x17E0, 0x17E0, 0x17E0, 0x17E0, 0x17E0, 0x17E0,
    0x17E0, 0x17E0, 0x17E0, 0x17E0, 0x17E0, 0x1FC1, 0x0FE0, 0x1FE0, 0x1FE0, 0x17E0, 0x17E0, 0x17E0,
    0x17E0, 0x17E0, 0x17E0, 0x17E0, 0x17E0, 0x17E0, 0x17E0, 0x17E0, 0x17E0, 0x17E0, 0x17E0, 0x17E0,
    0x17E0, 0x17E0, 0x17E0, 0x17E0, 0x17E1, 0x17E0, 0x17E1, 0x1FE1, 0x1C63, 0x0020, 0x0040, 0x0000,
    0x0000, 0x0000, 0x0000, 0x0000, 0x0000, 0x0000, 0x0000, 0x0000, 0x0000, 0x0000, 0x0000, 0x0000,
    0x0000, 0x0000, 0x0000, 0x0000, 0x0000, 0x0000, 0x0000, 0x0000, 0x0000, 0x0000, 0x0000, 0x0000,
    0x0000, 0x0000, 0x0000, 0x0000, 0x0000, 0x0000, 0x0000, 0x0000, 0x0000, 0x0000, 0x0000, 0x0000,
    0x0000, 0x0000, 0x0000, 0x0000, 0x0000, 0x0000, 0x0000, 0x0000, 0x0000, 0x0000, 0x0000, 0x0000,
    0x0000, 0x0000, 0x0000, 0x0000, 0x0000, 0x0000, 0x0001, 0x0020, 0x0001, 0x0A60, 0x17C0, 0x17E0,
    0x17C1, 0x17E0, 0x17E0, 0x17E0, 0x17E0, 0x17E0, 0x17E0, 0x17E0, 0x17E0, 0x17E0, 0x17E0, 0x17E0,
    0x17E0, 0x17E0, 0x17E0, 0x17E0, 0x17E0, 0x17E0, 0x17E0, 0x17E0, 0x17E0, 0x17E0, 0x2743, 0x2F63,
    0x1FC1, 0x17E0, 0x17E0, 0x17E0, 0x17E0, 0x17E0, 0x17E0, 0x17E0, 0x17E0, 0x17E0, 0x17E0, 0x17E0,
    0x17E0, 0x17E0, 0x17E0, 0x17E0, 0x17E0, 0x17E0, 0x17E0, 0x17E0, 0x17E0, 0x17E0, 0x17E0, 0x17E0,
    0x17E0, 0x17E0, 0x17E0, 0x17E0, 0x17E0, 0x17E0, 0x17E0, 0x17E0, 0x17E0, 0x17E0, 0x17E0, 0x17E0,
    0x17E0, 0x17E0, 0x17E0, 0x17E0, 0x17E0, 0x17E0, 0x17E0, 0x17E0, 0x17E0, 0x17E0, 0x17E0, 0x17E0,
    0x17E0, 0x17E0, 0x17E0, 0x17E0, 0x17E0, 0x17E0, 0x17E0, 0x17E0, 0x17E0, 0x17E0, 0x17E0, 0x17E0,
    0x17E0, 0x17E0, 0x17E0, 0x17E0, 0x17E0, 0x17E0, 0x17E0, 0x17E0, 0x17E0, 0x17E0, 0x17E0, 0x17E0,
    0x17E0, 0x17E0, 0x17E0, 0x17E0, 0x17E0, 0x17E0, 0x27E3, 0x2F43, 0x1FA1, 0x17E0, 0x17E0, 0x17E0,
    0x17E0, 0x17E0, 0x17E0, 0x17E0, 0x17E0, 0x17E0, 0x17E0, 0x17E0, 0x17E0, 0x17E0, 0x17E0, 0x17E0,
    0x17E0, 0x17E0, 0x17E0, 0x17E0, 0x17E1, 0x17E1, 0x17E0, 0x17E0, 0x2623, 0x0020, 0x0021, 0x0000,
    0x0000, 0x0000, 0x0000, 0x0000, 0x0000, 0x0000, 0x0000, 0x0000, 0x0000, 0x0000, 0x0000, 0x0000,
    0x0000, 0x0000, 0x0000, 0x0000, 0x0000, 0x0000, 0x0000, 0x0000, 0x0000, 0x0000, 0x0000, 0x0000,
    0x0000, 0x0000, 0x0000, 0x0000, 0x0000, 0x0000, 0x0000, 0x0000, 0x0000, 0x0000, 0x0000, 0x0000,
    0x0000, 0x0000, 0x0000, 0x0000, 0x0000, 0x0000, 0x0000, 0x0000, 0x0000, 0x0000, 0x0000, 0x0000,
    0x0000, 0x0000, 0x0000, 0x0000, 0x0000, 0x0000, 0x0001, 0x0000, 0x0801, 0x1B83, 0x17E1, 0x17C0,
    0x17E1, 0x17E0, 0x17E0, 0x17E0, 0x17E0, 0x17E0, 0x17E0, 0x17E0, 0x17E0, 0x17E0, 0x17E0, 0x17E0,
    0x17E0, 0x17E0, 0x17E0, 0x17E0, 0x17E0, 0x17E0, 0x17E0, 0x17E0, 0x17E0, 0x1FC2, 0x1CE2, 0x1481,
    0x2FA3, 0x17E0, 0x17E0, 0x17E0, 0x17E0, 0x17E0, 0x17E0, 0x17E0, 0x17E0, 0x17E0, 0x17E0, 0x17E0,
    0x17E0, 0x17E0, 0x17E0, 0x17E0, 0x17E0, 0x17E0, 0x17E0, 0x17E0, 0x17E0, 0x17E0, 0x17E0, 0x17E0,
    0x17E0, 0x17E0, 0x17E0, 0x17E0, 0x17E0, 0x17E0, 0x17E0, 0x17E0, 0x17E0, 0x17E0, 0x17E0, 0x17E0,
    0x17E0, 0x17E0, 0x17E0, 0x17E0, 0x17E0, 0x17E0, 0x17E0, 0x17E0, 0x17E0, 0x17E0, 0x17E0, 0x17E0,
    0x17E0, 0x17E0, 0x17E0, 0x17E0, 0x17E0, 0x17E0, 0x17E0, 0x17E0, 0x17E0, 0x17E0, 0x17E0, 0x17E0,
    0x17E0, 0x17E0, 0x17E0, 0x17E0, 0x17E0, 0x17E0, 0x17E0, 0x17E0, 0x17E0, 0x17E0, 0x17E0, 0x17E0,
    0x17E0, 0x17E0, 0x17E0, 0x17E0, 0x17E0, 0x2FE2, 0x2F05, 0x14C1, 0x2703, 0x17E0, 0x17E0, 0x17E0,
    0x17E0, 0x17E0, 0x17E0, 0x17E0, 0x17E0, 0x17E0, 0x17E0, 0x17E0, 0x17E0, 0x17E0, 0x17E0, 0x17E0,
    0x17E0, 0x17E0, 0x17E0, 0x17E0, 0x17E1, 0x17E1, 0x17E0, 0x17E0, 0x2EA4, 0x0040, 0x0822, 0x0000,
    0x0000, 0x0000, 0x0000, 0x0000, 0x0000, 0x0000, 0x0000, 0x0000, 0x0000, 0x0000, 0x0000, 0x0000,
    0x0000, 0x0000, 0x0000, 0x0000, 0x0000, 0x0000, 0x0000, 0x0000, 0x0000, 0x0000, 0x0000, 0x0000,
    0x0000, 0x0000, 0x0000, 0x0000, 0x0000, 0x0000, 0x0000, 0x0000, 0x0000, 0x0000, 0x0000, 0x0000,
    0x0000, 0x0000, 0x0000, 0x0000, 0x0000, 0x0000, 0x0000, 0x0000, 0x0000, 0x0000, 0x0000, 0x0000,
    0x0000, 0x0000, 0x0000, 0x0000, 0x0000, 0x0000, 0x0000, 0x0000, 0x00E0, 0x1D22, 0x17E0, 0x17E0,
    0x17E0, 0x17E0, 0x17E0, 0x17E0, 0x17E0, 0x17E0, 0x17E0, 0x17E0, 0x17E0, 0x17E0, 0x17E0, 0x17E0,
    0x17E0, 0x17E0, 0x17E0, 0x17E0, 0x17E0, 0x17C1, 0x17E0, 0x17E0, 0x27C3, 0x2D84, 0x1002, 0x0821,
    0x0B80, 0x2EA4, 0x0FE0, 0x1FE2, 0x1FE0, 0x17E0, 0x17E0, 0x17E0, 0x17E0, 0x17E0, 0x17E0, 0x17E0,
    0x17E0, 0x17E0, 0x17E0, 0x17E0, 0x17E0, 0x17E0, 0x17E0, 0x17E0, 0x17E0, 0x17E0, 0x17E0, 0x17E0,
    0x17E0, 0x17E0, 0x17E0, 0x17E0, 0x17E0, 0x17E0, 0x17E0, 0x17E0, 0x17E0, 0x17E0, 0x17E0, 0x17E0,
    0x17E0, 0x17E0, 0x17E0, 0x17E0, 0x17E0, 0x17E0, 0x17E0, 0x17E0, 0x17E0, 0x17E0, 0x17E0, 0x17E0,
    0x17E0, 0x17E0, 0x17E0, 0x17E0, 0x17E0, 0x17E0, 0x17E0, 0x17E0, 0x17E0, 0x17E0, 0x17E0, 0x17E0,
    0x17E0, 0x17E0, 0x17E0, 0x17E0, 0x17E0, 0x17E0, 0x17E0, 0x17E0, 0x17E0, 0x17E0, 0x17E0, 0x17E0,
    0x17E0, 0x1FE0, 0x0FC1, 0x17E0, 0x1FC0, 0x2DC3, 0x01C0, 0x1002, 0x01E0, 0x1FA2, 0x17C0, 0x0FE1,
    0x17C0, 0x17E0, 0x17E0, 0x17E0, 0x17E0, 0x17E0, 0x17E0, 0x17E0, 0x17E0, 0x17E0, 0x17E0, 0x17E0,
    0x17E0, 0x17E0, 0x17E0, 0x17E0, 0x17E0, 0x17E0, 0x17E0, 0x17E0, 0x2742, 0x0001, 0x0021, 0x0021,
    0x0000, 0x0000, 0x0000, 0x0000, 0x0000, 0x0000, 0x0000, 0x0000, 0x0000, 0x0000, 0x0000, 0x0000,
    0x0000, 0x0000, 0x0000, 0x0000, 0x0000, 0x0000, 0x0000, 0x0000, 0x0000, 0x0000, 0x0000, 0x0000,
    0x0000, 0x0000, 0x0000, 0x0000, 0x0000, 0x0000, 0x0000, 0x0000, 0x0000, 0x0000, 0x0000, 0x0000,
    0x0000, 0x0000, 0x0000, 0x0000, 0x0000, 0x0000, 0x0000, 0x0000, 0x0000, 0x0000, 0x0000, 0x0000,
    0x0000, 0x0000, 0x0000, 0x0000, 0x0000, 0x0000, 0x0000, 0x0000, 0x11C1, 0x3665, 0x17E0, 0x17E0,
    0x17E0, 0x17E0, 0x17E0, 0x17E0, 0x17E0, 0x17E0, 0x17E0, 0x17E0, 0x17E0, 0x17E0, 0x17E0, 0x17E0,
    0x17E0, 0x17E0, 0x17E0, 0x17E0, 0x17E0, 0x1FC1, 0x0FE0, 0x0FC0, 0x1CC2, 0x00A1, 0x0801, 0x0040,
    0x0802, 0x0101, 0x2F83, 0x0FC1, 0x17E0, 0x17E0, 0x17E0, 0x17E0, 0x17E0, 0x17E0, 0x17E0, 0x17E0,
    0x17E0, 0x17E0, 0x17E0, 0x17E0, 0x17E0, 0x17E0, 0x17E0, 0x17E0, 0x17E0, 0x17E0, 0x17E0, 0x17E0,
    0x17E0, 0x17E0, 0x17E0, 0x17E0, 0x17E0, 0x17E0, 0x17E0, 0x17E0, 0x17E0, 0x17E0, 0x17E0, 0x17E0,
    0x17E0, 0x17E0, 0x17E0, 0x17E0, 0x17E0, 0x17E0, 0x17E0, 0x17E0, 0x17E0, 0x17E0, 0x17E0, 0x17E0,
    0x17E0, 0x17E0, 0x17E0, 0x17E0, 0x17E0, 0x17E0, 0x17E0, 0x17E0, 0x17E0, 0x17E0, 0x17E0, 0x17E0,
    0x17E0, 0x17E0, 0x17E0, 0x17E0, 0x17E0, 0x17E0, 0x17E0, 0x17E0, 0x17E0, 0x17E0, 0x17E0, 0x17E0,
    0x17E0, 0x0FE0, 0x1FA0, 0x1FE3, 0x2643, 0x0000, 0x0820, 0x0800, 0x0841, 0x24E3, 0x2FA4, 0x17E0,
    0x17E0, 0x17E0, 0x17E0, 0x17E0, 0x17E0, 0x17E0, 0x17E0, 0x17E0, 0x17E0, 0x17E0, 0x17E0, 0x17E0,
    0x17E0, 0x17E0, 0x17E0, 0x17E0, 0x17E0, 0x17E0, 0x17E0, 0x17E0, 0x1FE3, 0x0020, 0x0020, 0x0000,
    0x0000, 0x0000, 0x0000, 0x0000, 0x0000, 0x0000, 0x0000, 0x0000, 0x0000, 0x0000, 0x0000, 0x0000,
    0x0000, 0x0000, 0x0000, 0x0000, 0x0000, 0x0000, 0x0000, 0x0000, 0x0000, 0x0000, 0x0000, 0x0000,
    0x0000, 0x0000, 0x0000, 0x0000, 0x0000, 0x0000, 0x0000, 0x0000, 0x0000, 0x0000, 0x0000, 0x0000,
    0x0000, 0x0000, 0x0000, 0x0000, 0x0000, 0x0000, 0x0000, 0x0000, 0x0000, 0x0000, 0x0000, 0x0000,
    0x0000, 0x0000, 0x0000, 0x0000, 0x0000, 0x0000, 0x0000, 0x0020, 0x1221, 0x36E5, 0x17E0, 0x17E0,
    0x17E0, 0x17E0, 0x17E0, 0x17E0, 0x17E0, 0x17E0, 0x17E0, 0x17E0, 0x17E0, 0x17E0, 0x17E0, 0x17E0,
    0x17E0, 0x17E0, 0x17E0, 0x17E0, 0x17E0, 0x1FE1, 0x0FE0, 0x1FC2, 0x0A20, 0x0841, 0x0000, 0x0040,
    0x1042, 0x0021, 0x2DA4, 0x27C3, 0x17E0, 0x17E0, 0x17E0, 0x17E0, 0x17E0, 0x17E0, 0x17E0, 0x17E0,
    0x17E0, 0x17E0, 0x17E0, 0x17E0, 0x17E0, 0x17E0, 0x17E0, 0x17E0, 0x17E0, 0x17E0, 0x17E0, 0x17E0,
    0x17E0, 0x17E0, 0x17E0, 0x17E0, 0x17E0, 0x17E0, 0x17E0, 0x17E0, 0x17E0, 0x17E0, 0x17E0, 0x17E0,
    0x17E0, 0x17E0, 0x17E0, 0x17E0, 0x17E0, 0x17E0, 0x17E0, 0x17E0, 0x17E0, 0x17E0, 0x17E0, 0x17E0,
    0x17E0, 0x17E0, 0x17E0, 0x17E0, 0x17E0, 0x17E0, 0x17E0, 0x17E0, 0x17E0, 0x17E0, 0x17E0, 0x17E0,
    0x17E0, 0x17E0, 0x17E0, 0x17E0, 0x17E0, 0x17E0, 0x17E0, 0x17E0, 0x17E0, 0x17E0, 0x17E0, 0x17E0,
    0x17E0, 0x17E1, 0x1FA1, 0x26C3, 0x13A2, 0x0000, 0x0000, 0x0020, 0x0821, 0x0A80, 0x2684, 0x17E0,
    0x1FE1, 0x17E0, 0x17E0, 0x17E0, 0x17E0, 0x17E0, 0x17E0, 0x17E0, 0x17E0, 0x17E0, 0x17E0, 0x17E0,
    0x17E0, 0x17E0, 0x17E0, 0x17E0, 0x17E0, 0x17E0, 0x17E0, 0x17E0, 0x1FE2, 0x0020, 0x0020, 0x0000,
    0x0000, 0x0000, 0x0000, 0x0000, 0x0000, 0x0000, 0x0000, 0x0000, 0x0000, 0x0000, 0x0000, 0x0000,
    0x0000, 0x0000, 0x0000, 0x0000, 0x0000, 0x0000, 0x0000, 0x0000, 0x0000, 0x0000, 0x0000, 0x0000,
    0x0000, 0x0000, 0x0000, 0x0000, 0x0000, 0x0000, 0x0000, 0x0000, 0x0000, 0x0000, 0x0000, 0x0000,
    0x0000, 0x0000, 0x0000, 0x0000, 0x0000, 0x0000, 0x0000, 0x0000, 0x0000, 0x0000, 0x0000, 0x0000,
    0x0000, 0x0000, 0x0000, 0x0000, 0x0000, 0x0000, 0x0020, 0x0020, 0x1A63, 0x3F07, 0x17C1, 0x17E1,
    0x17E0, 0x17E0, 0x17E0, 0x17E0, 0x17E0, 0x17E0, 0x17E0, 0x17E0, 0x17E0, 0x17E0, 0x17E0, 0x17E0,
    0x17E0, 0x17E0, 0x17E0, 0x17E0, 0x17E0, 0x17C1, 0x27C1, 0x2E64, 0x0802, 0x0000, 0x0000, 0x0000,
    0x0021, 0x0001, 0x1080, 0x2343, 0x17E1, 0x1FC1, 0x17C1, 0x0FE0, 0x1FE1, 0x17E0, 0x17E0, 0x17E0,
    0x17E0, 0x17E0, 0x17E0, 0x17E0, 0x17E0, 0x17E0, 0x17E0, 0x17E0, 0x17E0, 0x17E0, 0x17E0, 0x17E0,
    0x17E0, 0x17E0, 0x17E0, 0x17E0, 0x17E0, 0x17E0, 0x17E0, 0x17E0, 0x17E0, 0x17E0, 0x17E0, 0x17E0,
    0x17E0, 0x17E0, 0x17E0, 0x17E0, 0x17E0, 0x17E0, 0x17E0, 0x17E0, 0x17E0, 0x17E0, 0x17E0, 0x17E0,
    0x17E0, 0x17E0, 0x17E0, 0x17E0, 0x17E0, 0x17E0, 0x17E0, 0x17E0, 0x17E0, 0x17E0, 0x17E0, 0x17E0,
    0x17E0, 0x17E0, 0x17E0, 0x17E0, 0x17E0, 0x17E0, 0x17E0, 0x17E0, 0x17E0, 0x17E0, 0x1FC2, 0x0FE0,
    0x17E1, 0x1FC3, 0x3EC6, 0x0060, 0x0000, 0x0000, 0x0000, 0x0000, 0x0000, 0x0842, 0x0A20, 0x17E1,
    0x17E0, 0x17E0, 0x17E0, 0x17E0, 0x17E0, 0x17E0, 0x17E0, 0x17E0, 0x17E0, 0x17E0, 0x17E0, 0x17E0,
    0x17E0, 0x17E0, 0x17E0, 0x17E0, 0x17E0, 0x17E0, 0x17E0, 0x17E0, 0x17C1, 0x0801, 0x0020, 0x0020,
    0x0000, 0x0000, 0x0000, 0x0000, 0x0000, 0x0000, 0x0000, 0x0000, 0x0000, 0x0000, 0x0000, 0x0000,
    0x0000, 0x0000, 0x0000, 0x0000, 0x0000, 0x0000, 0x0000, 0x0000, 0x0000, 0x0000, 0x0000, 0x0000,
    0x0000, 0x0000, 0x0000, 0x0000, 0x0000, 0x0000, 0x0000, 0x0000, 0x0000, 0x0000, 0x0000, 0x0000,
    0x0000, 0x0000, 0x0000, 0x0000, 0x0000, 0x0000, 0x0000, 0x0000, 0x0000, 0x0000, 0x0000, 0x0000,
    0x0000, 0x0000, 0x0000, 0x0000, 0x0000, 0x0000, 0x0000, 0x0000, 0x1A62, 0x3EE6, 0x17C1, 0x17E1,
    0x17E0, 0x17E0, 0x17E0, 0x17E0, 0x17E0, 0x17E0, 0x17E0, 0x17E0, 0x17E0, 0x17E0, 0x17E0, 0x17E0,
    0x17E0, 0x17E0, 0x17E0, 0x17E0, 0x17E0, 0x17E0, 0x2F83, 0x1D02, 0x0802, 0x0000, 0x0000, 0x0000,
    0x0000, 0x0020, 0x0000, 0x0120, 0x2724, 0x17E2, 0x1FC0, 0x1FE1, 0x17E0, 0x17E0, 0x17E0, 0x17E0,
    0x17E0, 0x17E0, 0x17E0, 0x17E0, 0x17E0, 0x17E0, 0x17E0, 0x17E0, 0x17E0, 0x17E0, 0x17E0, 0x17E0,
    0x17E0, 0x17E0, 0x17E0, 0x17E0, 0x17E0, 0x17E0, 0x17E0, 0x17E0, 0x17E0, 0x17E0, 0x17E0, 0x17E0,
    0x17E0, 0x17E0, 0x17E0, 0x17E0, 0x17E0, 0x17E0, 0x17E0, 0x17E0, 0x17E0, 0x17E0, 0x17E0, 0x17E0,
    0x17E0, 0x17E0, 0x17E0, 0x17E0, 0x17E0, 0x17E0, 0x17E0, 0x17E0, 0x17E0, 0x17E0, 0x17E0, 0x17E0,
    0x17E0, 0x17E0, 0x17E0, 0x17E0, 0x17E0, 0x17E0, 0x17E0, 0x17E0, 0x17E0, 0x17E0, 0x1F80, 0x27A1,
    0x17E1, 0x2E65, 0x0BA1, 0x0000, 0x0021, 0x0000, 0x0000, 0x0000, 0x0000, 0x0000, 0x0120, 0x1F82,
    0x0FE0, 0x17E0, 0x17E0, 0x17E0, 0x17E0, 0x17E0, 0x17E0, 0x17E0, 0x17E0, 0x17E0, 0x17E0, 0x17E0,
    0x17E0, 0x17E0, 0x17E0, 0x17E0, 0x17E0, 0x17E0, 0x17E0, 0x17E0, 0x17C1, 0x0801, 0x0020, 0x0000,
    0x0000, 0x0000, 0x0000, 0x0000, 0x0000, 0x0000, 0x0000, 0x0000, 0x0000, 0x0000, 0x0000, 0x0000,
    0x0000, 0x0000, 0x0000, 0x0000, 0x0000, 0x0000, 0x0000, 0x0000, 0x0000, 0x0000, 0x0000, 0x0000,
    0x0000, 0x0000, 0x0000, 0x0000, 0x0000, 0x0000, 0x0000, 0x0000, 0x0000, 0x0000, 0x0000, 0x0000,
    0x0000, 0x0000, 0x0000, 0x0000, 0x0000, 0x0000, 0x0000, 0x0000, 0x0000, 0x0000, 0x0000, 0x0000,
    0x0000, 0x0000, 0x0000, 0x0000, 0x0000, 0x0000, 0x0000, 0x0020, 0x1A42, 0x3EE6, 0x17C1, 0x17E1,
    0x17E0, 0x17E0, 0x17E0, 0x17E0, 0x17E0, 0x17E0, 0x17E0, 0x17E0, 0x17E0, 0x17E0, 0x17E0, 0x17E0,
    0x17E0, 0x17E0, 0x17E0, 0x17E0, 0x17E0, 0x17E0, 0x3625, 0x0A21, 0x0000, 0x0000, 0x0000, 0x0000,
    0x0000, 0x0020, 0x0821, 0x1002, 0x09E0, 0x24C2, 0x17E2, 0x1FA2, 0x17E0, 0x17E0, 0x17E0, 0x17E0,
    0x17E0, 0x17E0, 0x17E0, 0x17E0, 0x17E0, 0x17E0, 0x17E0, 0x17E0, 0x17E0, 0x17E0, 0x17E0, 0x17E0,
    0x17E0, 0x17E0, 0x17E0, 0x17E0, 0x17E0, 0x17E0, 0x17E0, 0x17E0, 0x17E0, 0x17E0, 0x17E0, 0x17E0,
    0x17E0, 0x17E0, 0x17E0, 0x17E0, 0x17E0, 0x17E0, 0x17E0, 0x17E0, 0x17E0, 0x17E0, 0x17E0, 0x17E0,
    0x17E0, 0x17E0, 0x17E0, 0x17E0, 0x17E0, 0x17E0, 0x17E0, 0x17E0, 0x17E0, 0x17E0, 0x17E0, 0x17E0,
    0x17E0, 0x17E0, 0x17E0, 0x17E0, 0x17E0, 0x17E0, 0x17E0, 0x17E0, 0x17E0, 0x17E0, 0x0FE1, 0x17E1,
    0x2D64, 0x0000, 0x0001, 0x0801, 0x0000, 0x0000, 0x0000, 0x0000, 0x0000, 0x1041, 0x0800, 0x3DC7,
    0x1FA2, 0x17E0, 0x17E0, 0x17E0, 0x17E0, 0x17E0, 0x17E0, 0x17E0, 0x17E0, 0x17E0, 0x17E0, 0x17E0,
    0x17E0, 0x17E0, 0x17E0, 0x17E0, 0x17E0, 0x17E0, 0x17E0, 0x17E0, 0x17E1, 0x0000, 0x0040, 0x0000,
    0x0000, 0x0000, 0x0000, 0x0000, 0x0000, 0x0000, 0x0000, 0x0000, 0x0000, 0x0000, 0x0000, 0x0000,
    0x0000, 0x0000, 0x0000, 0x0000, 0x0000, 0x0000, 0x0000, 0x0000, 0x0000, 0x0000, 0x0000, 0x0000,
    0x0000, 0x0000, 0x0000, 0x0000, 0x0000, 0x0000, 0x0000, 0x0000, 0x0000, 0x0000, 0x0000, 0x0000,
    0x0000, 0x0000, 0x0000, 0x0000, 0x0000, 0x0000, 0x0000, 0x0000, 0x0000, 0x0000, 0x0000, 0x0000,
    0x0000, 0x0000, 0x0000, 0x0000, 0x0000, 0x0000, 0x0000, 0x0020, 0x1221, 0x36C6, 0x17C1, 0x17E1,
    0x17E0, 0x17E0, 0x17E0, 0x17E0, 0x17E0, 0x17E0, 0x17E0, 0x17E0, 0x17E0, 0x17E0, 0x17E0, 0x17E0,
    0x17E0, 0x17E0, 0x17E0, 0x17E0, 0x17E0, 0x17E0, 0x1C82, 0x00E1, 0x0020, 0x0000, 0x0000, 0x0000,
    0x0000, 0x0000, 0x0000, 0x0801, 0x0020, 0x0180, 0x2F45, 0x17A1, 0x1FE0, 0x17E0, 0x17E0, 0x17E0,
    0x17E0, 0x17E0, 0x17E0, 0x17E0, 0x17E0, 0x17E0, 0x17E0, 0x17E0, 0x17E0, 0x17E0, 0x17E0, 0x17E0,
    0x17E0, 0x17E0, 0x17E0, 0x17E0, 0x17E0, 0x17E0, 0x17E0, 0x17E0, 0x17E0, 0x17E0, 0x17E0, 0x17E0,
    0x17E0, 0x17E0, 0x17E0, 0x17E0, 0x17E0, 0x17E0, 0x17E0, 0x17E0, 0x17E0, 0x17E0, 0x17E0, 0x17E0,
    0x17E0, 0x17E0, 0x17E0, 0x17E0, 0x17E0, 0x17E0, 0x17E0, 0x17E0, 0x17E0, 0x17E0, 0x17E0, 0x17E0,
    0x17E0, 0x17E0, 0x17E0, 0x17E0, 0x17E0, 0x17E0, 0x17E0, 0x17E0, 0x17E0, 0x17E0, 0x2FA3, 0x36C5,
    0x0200, 0x0821, 0x0001, 0x0000, 0x0020, 0x0000, 0x0000, 0x0000, 0x0000, 0x0820, 0x0800, 0x1BC4,
    0x2F64, 0x17E0, 0x17E0, 0x17E0, 0x17E0, 0x17E0, 0x17E0, 0x17E0, 0x17E0, 0x17E0, 0x17E0, 0x17E0,
    0x17E0, 0x17E0, 0x17E0, 0x17E0, 0x17E0, 0x17E0, 0x17E0, 0x17E0, 0x17E1, 0x0000, 0x0040, 0x0000,
    0x0000, 0x0000, 0x0000, 0x0000, 0x0000, 0x0000, 0x0000, 0x0000, 0x0000, 0x0000, 0x0000, 0x0000,
    0x0000, 0x0000, 0x0000, 0x0000, 0x0000, 0x0000, 0x0000, 0x0000, 0x0000, 0x0000, 0x0000, 0x0000,
    0x0000, 0x0000, 0x0000, 0x0000, 0x0000, 0x0000, 0x0000, 0x0000, 0x0000, 0x0000, 0x0000, 0x0000,
    0x0000, 0x0000, 0x0000, 0x0000, 0x0000, 0x0000, 0x0000, 0x0000, 0x0000, 0x0000, 0x0000, 0x0000,
    0x0000, 0x0000, 0x0000, 0x0000, 0x0000, 0x0000, 0x0821, 0x0000, 0x1161, 0x4644, 0x17C0, 0x17C0,
    0x17E0, 0x17E0, 0x17E0, 0x17E0, 0x17E0, 0x17E0, 0x17E0, 0x17E0, 0x17E0, 0x17E0, 0x17E0, 0x17E0,
    0x17E0, 0x17E0, 0x17E0, 0x17E0, 0x17E0, 0x17E0, 0x08E1, 0x0822, 0x0000, 0x0000, 0x0000, 0x0000,
    0x0000, 0x0000, 0x0000, 0x0000, 0x0040, 0x0000, 0x08E1, 0x1B82, 0x2783, 0x17E0, 0x17C0, 0x17C0,
    0x07C0, 0x17C0, 0x0FE0, 0x1FA2, 0x17E0, 0x17E0, 0x17E0, 0x17E0, 0x17E0, 0x17E0, 0x17E0, 0x17E0,
    0x17E0, 0x17E0, 0x17E0, 0x17E0, 0x17E0, 0x17E0, 0x17E0, 0x17E0, 0x17E0, 0x1FE1, 0x17E1, 0x0FC0,
    0x17E1, 0x1FC1, 0x1FE2, 0x17C0, 0x17C0, 0x1FE1, 0x17E0, 0x17E0, 0x0FE0, 0x17E0, 0x1FE0, 0x17E0,
    0x17E0, 0x17E0, 0x17E0, 0x17E0, 0x17E0, 0x17E0, 0x17E0, 0x17E0, 0x17E0, 0x17E0, 0x17E0, 0x17E0,
    0x17E0, 0x17E0, 0x1FE0, 0x17E0, 0x17E0, 0x17E1, 0x17E0, 0x17E0, 0x1F82, 0x2F23, 0x0A80, 0x0060,
    0x0000, 0x0000, 0x0000, 0x0000, 0x0000, 0x0000, 0x0000, 0x0000, 0x0000, 0x0801, 0x0001, 0x0040,
    0x2583, 0x1FC1, 0x1FE1, 0x17E0, 0x17E0, 0x17E0, 0x17E0, 0x17E0, 0x17E0, 0x17E0, 0x17E0, 0x17E0,
    0x17E0, 0x17E0, 0x17E0, 0x17E0, 0x17E0, 0x17E0, 0x17E0, 0x17E0, 0x27C3, 0x0820, 0x0801, 0x0000,
    0x0000, 0x0000, 0x0000, 0x0000, 0x0000, 0x0000, 0x0000, 0x0000, 0x0000, 0x0000, 0x0000, 0x0000,
    0x0000, 0x0000, 0x0000, 0x0000, 0x0000, 0x0000, 0x0000, 0x0000, 0x0000, 0x0000, 0x0000, 0x0000,
    0x0000, 0x0000, 0x0000, 0x0000, 0x0000, 0x0000, 0x0000, 0x0000, 0x0000, 0x0000, 0x0000, 0x0000,
    0x0000, 0x0000, 0x0000, 0x0000, 0x0000, 0x0000, 0x0000, 0x0000, 0x0000, 0x0000, 0x0000, 0x0000,
    0x0000, 0x0000, 0x0000, 0x0000, 0x0000, 0x0000, 0x0821, 0x0000, 0x0100, 0x35A3, 0x17C0, 0x17C0,
    0x17E0, 0x17E0, 0x17E0, 0x17E0, 0x17E0, 0x17E0, 0x17E0, 0x17E0, 0x17E0, 0x17E0, 0x17E0, 0x17E0,
    0x17E0, 0x17E0, 0x17E0, 0x17E0, 0x17E0, 0x1FA1, 0x0060, 0x0002, 0x0000, 0x0000, 0x0000, 0x0000,
    0x0000, 0x0000, 0x0000, 0x0000, 0x0020, 0x0020, 0x0000, 0x00A0, 0x1443, 0x27A3, 0x0FE0, 0x27A1,
    0x1F81, 0x1FA2, 0x17A0, 0x0FE0, 0x17E0, 0x17E0, 0x17E0, 0x17E0, 0x17E0, 0x17E0, 0x17E0, 0x17E0,
    0x17E0, 0x17E0, 0x17E0, 0x17E0, 0x17E0, 0x17E0, 0x17E0, 0x17E0, 0x17C0, 0x17C0, 0x17E0, 0x2FA3,
    0x0FE0, 0x07E0, 0x27C2, 0x1FA4, 0x1F81, 0x1FE0, 0x17E0, 0x1FC0, 0x1FC1, 0x17E1, 0x0FE1, 0x17E0,
    0x17E0, 0x17E0, 0x17E0, 0x17E0, 0x17E0, 0x17E0, 0x17E0, 0x17E0, 0x17E0, 0x17E0, 0x17E0, 0x17E0,
    0x17E0, 0x17E0, 0x17E1, 0x17E1, 0x1FC0, 0x1FC0, 0x0FA0, 0x17C0, 0x25C5, 0x1362, 0x0040, 0x0801,
    0x0000, 0x0000, 0x0000, 0x0000, 0x0000, 0x0000, 0x0000, 0x0000, 0x0000, 0x0801, 0x0000, 0x0000,
    0x1481, 0x1FC1, 0x1FE1, 0x17E0, 0x17E0, 0x17E0, 0x17E0, 0x17E0, 0x17E0, 0x17E0, 0x17E0, 0x17E0,
    0x17E0, 0x17E0, 0x17E0, 0x17E0, 0x17E0, 0x17E0, 0x17E0, 0x17E0, 0x2783, 0x0020, 0x0801, 0x0000,
    0x0000, 0x0000, 0x0000, 0x0000, 0x0000, 0x0000, 0x0000, 0x0000, 0x0000, 0x0000, 0x0000, 0x0000,
    0x0000, 0x0000, 0x0000, 0x0000, 0x0000, 0x0000, 0x0000, 0x0000, 0x0000, 0x0000, 0x0000, 0x0000,
    0x0000, 0x0000, 0x0000, 0x0000, 0x0000, 0x0000, 0x0000, 0x0000, 0x0000, 0x0000, 0x0000, 0x0000,
    0x0000, 0x0000, 0x0000, 0x0000, 0x0000, 0x0000, 0x0000, 0x0000, 0x0000, 0x0000, 0x0000, 0x0000,
    0x0000, 0x0000, 0x0000, 0x0000, 0x0000, 0x0000, 0x0000, 0x0000, 0x0040, 0x1BE1, 0x17C0, 0x17C0,
    0x17E0, 0x17E0, 0x17E0, 0x17E0, 0x17E0, 0x17E0, 0x17E0, 0x17E0, 0x17E0, 0x17E0, 0x17E0, 0x17E0,
    0x17E0, 0x17E0, 0x17E0, 0x17E0, 0x17E0, 0x2F44, 0x0000, 0x0021, 0x0020, 0x0000, 0x0000, 0x0000,
    0x0000, 0x0000, 0x0000, 0x0000, 0x0000, 0x0000, 0x0040, 0x0020, 0x0820, 0x0862, 0x09E1, 0x3664,
    0x2FC3, 0x07E0, 0x1FE1, 0x17E0, 0x17E0, 0x17E0, 0x17E0, 0x17E0, 0x17E0, 0x17E0, 0x17E0, 0x17E0,
    0x17E0, 0x17E0, 0x17E0, 0x17E0, 0x17E0, 0x17E0, 0x17E0, 0x1FE0, 0x17E0, 0x17E1, 0x1FC0, 0x17E0,
    0x2744, 0x25A4, 0x08E1, 0x0801, 0x0B81, 0x1F23, 0x17C3, 0x17E1, 0x17E0, 0x17E0, 0x1FE1, 0x17E0,
    0x17E0, 0x17E0, 0x17E0, 0x17E0, 0x17E0, 0x17E0, 0x17E0, 0x17E0, 0x17E0, 0x17E0, 0x17E0, 0x17E0,
    0x17E0, 0x17E0, 0x17E0, 0x0FE0, 0x1FC2, 0x2783, 0x24A2, 0x1A62, 0x1022, 0x0801, 0x0040, 0x0040,
    0x0000, 0x0000, 0x0000, 0x0000, 0x0000, 0x0000, 0x0000, 0x0000, 0x0000, 0x0000, 0x0000, 0x1002,
    0x1322, 0x1FC1, 0x1FE1, 0x17E0, 0x17E0, 0x17E0, 0x17E0, 0x17E0, 0x17E0, 0x17E0, 0x17E0, 0x17E0,
    0x17E0, 0x17E0, 0x17E0, 0x17E0, 0x17E0, 0x17E0, 0x17E0, 0x17E0, 0x26C3, 0x0021, 0x0040, 0x0000,
    0x0000, 0x0000, 0x0000, 0x0000, 0x0000, 0x0000, 0x0000, 0x0000, 0x0000, 0x0000, 0x0000, 0x0000,
    0x0000, 0x0000, 0x0000, 0x0000, 0x0000, 0x0000, 0x0000, 0x0000, 0x0000, 0x0000, 0x0000, 0x0000,
    0x0000, 0x0000, 0x0000, 0x0000, 0x0000, 0x0000, 0x0000, 0x0000, 0x0000, 0x0000, 0x0000, 0x0000,
    0x0000, 0x0000, 0x0000, 0x0000, 0x0000, 0x0000, 0x0000, 0x0000, 0x0000, 0x0000, 0x0000, 0x0000,
    0x0000, 0x0000, 0x0000, 0x0000, 0x0000, 0x0000, 0x0000, 0x0000, 0x0000, 0x1300, 0x17C0, 0x17C0,
    0x17E0, 0x17E0, 0x17E0, 0x17E0, 0x17E0, 0x17E0, 0x17E0, 0x17E0, 0x17E0, 0x17E0, 0x17E0, 0x17E0,
    0x17E0, 0x17E0, 0x17E0, 0x17E0, 0x17E0, 0x2EE3, 0x0000, 0x0020, 0x0040, 0x0000, 0x0000, 0x0000,
    0x0000, 0x0000, 0x0000, 0x0000, 0x0820, 0x0000, 0x0020, 0x0841, 0x00A1, 0x0001, 0x0801, 0x1A01,
    0x2D86, 0x0FE0, 0x17C0, 0x17E0, 0x17E0, 0x17E0, 0x17E0, 0x17E0, 0x17E0, 0x17E0, 0x17E0, 0x17E0,
    0x17E0, 0x17E0, 0x17E0, 0x17E0, 0x17E0, 0x17E0, 0x17E0, 0x17E0, 0x17E0, 0x1FE1, 0x1F61, 0x2F05,
    0x1BC2, 0x0160, 0x1022, 0x0001, 0x1040, 0x1322, 0x3DC8, 0x2F64, 0x27E2, 0x17E0, 0x1FE1, 0x17E0,
    0x17E0, 0x17E0, 0x17E0, 0x17E0, 0x17E0, 0x17E0, 0x17E0, 0x17E0, 0x17E0, 0x17E0, 0x17E0, 0x17E0,
    0x17E0, 0x17E0, 0x17E0, 0x07E0, 0x36A4, 0x2483, 0x00C0, 0x0000, 0x0021, 0x0820, 0x0040, 0x0020,
    0x0000, 0x0000, 0x0000, 0x0000, 0x0000, 0x0000, 0x0000, 0x0000, 0x0000, 0x0000, 0x0000, 0x1803,
    0x0A61, 0x1FC1, 0x1FE1, 0x17E0, 0x17E0, 0x17E0, 0x17E0, 0x17E0, 0x17E0, 0x17E0, 0x17E0, 0x17E0,
    0x17E0, 0x17E0, 0x17E0, 0x17E0, 0x17E0, 0x17E0, 0x17E0, 0x17E0, 0x2662, 0x0022, 0x0040, 0x0000,
    0x0000, 0x0000, 0x0000, 0x0000, 0x0000, 0x0000, 0x0000, 0x0000, 0x0000, 0x0000, 0x0000, 0x0000,
    0x0000, 0x0000, 0x0000, 0x0000, 0x0000, 0x0000, 0x0000, 0x0000, 0x0000, 0x0000, 0x0000, 0x0000,
    0x0000, 0x0000, 0x0000, 0x0000, 0x0000, 0x0000, 0x0000, 0x0000, 0x0000, 0x0000, 0x0000, 0x0000,
    0x0000, 0x0000, 0x0000, 0x0000, 0x0000, 0x0000, 0x0000, 0x0000, 0x0000, 0x0000, 0x0000, 0x0000,
    0x0000, 0x0000, 0x0000, 0x0000, 0x0000, 0x0000, 0x0800, 0x0060, 0x0001, 0x0140, 0x1FC1, 0x1FC2,
    0x0FE0, 0x17E0, 0x17E0, 0x17E0, 0x17E0, 0x17E0, 0x17E0, 0x17E0, 0x17E0, 0x17E0, 0x17E0, 0x17E0,
    0x17E0, 0x17E0, 0x17C0, 0x17E1, 0x17E1, 0x2DC3, 0x0000, 0x0801, 0x0020, 0x0000, 0x0000, 0x0000,
    0x0000, 0x0000, 0x0000, 0x0000, 0x0000, 0x0000, 0x0000, 0x0000, 0x0000, 0x0000, 0x0000, 0x0020,
    0x0000, 0x2682, 0x1FE1, 0x17C0, 0x17E0, 0x17E0, 0x17E0, 0x17E0, 0x17E0, 0x17E0, 0x17E0, 0x17E0,
    0x1FE2, 0x1FA1, 0x17E0, 0x1FC1, 0x17E1, 0x17E1, 0x1FC2, 0x2763, 0x1DE3, 0x24A4, 0x09C1, 0x0080,
    0x0000, 0x0020, 0x0000, 0x0000, 0x0000, 0x0000, 0x0000, 0x0942, 0x1AC3, 0x25A3, 0x36A5, 0x1FA3,
    0x1FC1, 0x17E1, 0x17E1, 0x17E1, 0x17E0, 0x0FE0, 0x0FE0, 0x17E0, 0x17E0, 0x17E0, 0x17E0, 0x17E0,
    0x17E0, 0x17E0, 0x1FC0, 0x1FC0, 0x1360, 0x0042, 0x0000, 0x0000, 0x0000, 0x0000, 0x0000, 0x0000,
    0x0000, 0x0000, 0x0000, 0x0000, 0x0000, 0x0000, 0x0000, 0x0000, 0x0000, 0x0020, 0x0000, 0x0020,
    0x00E0, 0x1FC1, 0x0FE0, 0x0FE0, 0x17E0, 0x17E0, 0x17E0, 0x17E0, 0x17E0, 0x17E0, 0x17E0, 0x17E0,
    0x17E0, 0x17E0, 0x17E0, 0x17E0, 0x0FE0, 0x1FE1, 0x0FE0, 0x17E0, 0x2503, 0x0001, 0x0040, 0x0000,
    0x0000, 0x0000, 0x0000, 0x0000, 0x0000, 0x0000, 0x0000, 0x0000, 0x0000, 0x0000, 0x0000, 0x0000,
    0x0000, 0x0000, 0x0000, 0x0000, 0x0000, 0x0000, 0x0000, 0x0000, 0x0000, 0x0000, 0x0000, 0x0000,
    0x0000, 0x0000, 0x0000, 0x0000, 0x0000, 0x0000, 0x0000, 0x0000, 0x0000, 0x0000, 0x0000, 0x0000,
    0x0000, 0x0000, 0x0000, 0x0000, 0x0000, 0x0000, 0x0000, 0x0000, 0x0000, 0x0000, 0x0000, 0x0000,
    0x0000, 0x0000, 0x0000, 0x0000, 0x0000, 0x0000, 0x0000, 0x0060, 0x0802, 0x00A0, 0x1FA1, 0x17C0,
    0x17E0, 0x1FE0, 0x17E0, 0x17E0, 0x17E0, 0x17E0, 0x17E0, 0x17E0, 0x17E0, 0x17E0, 0x17E0, 0x17E0,
    0x17E0, 0x17E0, 0x17C0, 0x17E0, 0x17E1, 0x1CE2, 0x0000, 0x0800, 0x0020, 0x0000, 0x0000, 0x0000,
    0x0000, 0x0000, 0x0000, 0x0000, 0x0000, 0x0000, 0x0000, 0x0000, 0x0000, 0x0000, 0x0000, 0x0020,
    0x0800, 0x1BE3, 0x2F64, 0x1F82, 0x17E0, 0x17E0, 0x17E0, 0x17E0, 0x17E0, 0x17E0, 0x17E0, 0x17E0,
    0x17E0, 0x0FE0, 0x1FE2, 0x27C3, 0x2722, 0x2683, 0x24E3, 0x1382, 0x0100, 0x0040, 0x0801, 0x0020,
    0x0000, 0x0020, 0x0000, 0x0000, 0x0000, 0x0000, 0x0000, 0x0020, 0x0020, 0x0060, 0x00A0, 0x24E4,
    0x3666, 0x2783, 0x1FA2, 0x1FE1, 0x1FE0, 0x17C1, 0x17E1, 0x17E0, 0x17E0, 0x17E0, 0x17E0, 0x17E0,
    0x17E0, 0x17E0, 0x17A0, 0x17C0, 0x0AA0, 0x0021, 0x0000, 0x0000, 0x0000, 0x0000, 0x0000, 0x0000,
    0x0000, 0x0000, 0x0000, 0x0000, 0x0000, 0x0000, 0x0000, 0x0000, 0x0000, 0x0000, 0x0000, 0x0000,
    0x0040, 0x2782, 0x0FE0, 0x0FE0, 0x17E0, 0x17E0, 0x17E0, 0x17E0, 0x17E0, 0x17E0, 0x17E0, 0x17E0,
    0x17E0, 0x17E0, 0x17E0, 0x17E0, 0x17E0, 0x17C0, 0x0FE0, 0x17C0, 0x2404, 0x0842, 0x0020, 0x0000,
    0x0000, 0x0000, 0x0000, 0x0000, 0x0000, 0x0000, 0x0000, 0x0000, 0x0000, 0x0000, 0x0000, 0x0000,
    0x0000, 0x0000, 0x0000, 0x0000, 0x0000, 0x0000, 0x0000, 0x0000, 0x0000, 0x0000, 0x0000, 0x0000,
    0x0000, 0x0000, 0x0000, 0x0000, 0x0000, 0x0000, 0x0000, 0x0000, 0x0000, 0x0000, 0x0000, 0x0000,
    0x0000, 0x0000, 0x0000, 0x0000, 0x0000, 0x0000, 0x0000, 0x0000, 0x0000, 0x0000, 0x0000, 0x0000,
    0x0000, 0x0000, 0x0000, 0x0000, 0x0000, 0x0000, 0x0000, 0x0000, 0x0001, 0x0000, 0x2EE4, 0x17E0,
    0x1FC1, 0x1FE0, 0x17E0, 0x17E0, 0x17E0, 0x17E0, 0x17E0, 0x17E0, 0x17E0, 0x17E0, 0x17E0, 0x17E0,
    0x17E0, 0x17E0, 0x17E0, 0x1FE0, 0x1F82, 0x1342, 0x0000, 0x0020, 0x0020, 0x0000, 0x0000, 0x0000,
    0x0000, 0x0000, 0x0000, 0x0000, 0x0000, 0x0000, 0x0000, 0x0000, 0x0000, 0x0000, 0x0000, 0x0000,
    0x0020, 0x0841, 0x0C00, 0x17E0, 0x17E0, 0x17E0, 0x17E0, 0x17E0, 0x17E0, 0x17E0, 0x17E0, 0x17E0,
    0x1FA0, 0x25A2, 0x08A0, 0x0880, 0x0000, 0x0000, 0x0040, 0x0020, 0x0000, 0x0020, 0x0040, 0x0020,
    0x0000, 0x0000, 0x0000, 0x0000, 0x0000, 0x0000, 0x0000, 0x0020, 0x0020, 0x0020, 0x0020, 0x0822,
    0x0842, 0x0021, 0x0081, 0x01A0, 0x1381, 0x1FE2, 0x0FE0, 0x17E0, 0x17E0, 0x17E0, 0x17E0, 0x17E0,
    0x17E0, 0x17E0, 0x1FE0, 0x1FE2, 0x0920, 0x0821, 0x0000, 0x0000, 0x0000, 0x0000, 0x0000, 0x0000,
    0x0000, 0x0000, 0x0000, 0x0000, 0x0000, 0x0000, 0x0000, 0x0000, 0x0000, 0x0000, 0x0000, 0x0821,
    0x0001, 0x2F24, 0x17E0, 0x0FE0, 0x17E0, 0x17E0, 0x17E0, 0x17E0, 0x17E0, 0x17E0, 0x17E0, 0x17E0,
    0x17E0, 0x17E0, 0x17E0, 0x17E0, 0x17E0, 0x17E1, 0x17E0, 0x2783, 0x08E2, 0x0021, 0x0000, 0x0000,
    0x0000, 0x0000, 0x0000, 0x0000, 0x0000, 0x0000, 0x0000, 0x0000, 0x0000, 0x0000, 0x0000, 0x0000,
    0x0000, 0x0000, 0x0000, 0x0000, 0x0000, 0x0000, 0x0000, 0x0000, 0x0000, 0x0000, 0x0000, 0x0000,
    0x0000, 0x0000, 0x0000, 0x0000, 0x0000, 0x0000, 0x0000, 0x0000, 0x0000, 0x0000, 0x0000, 0x0000,
    0x0000, 0x0000, 0x0000, 0x0000, 0x0000, 0x0000, 0x0000, 0x0000, 0x0000, 0x0000, 0x0000, 0x0000,
    0x0000, 0x0000, 0x0000, 0x0000, 0x0000, 0x0000, 0x0000, 0x0000, 0x0020, 0x0020, 0x2E04, 0x1FE2,
    0x1FC2, 0x17E0, 0x17E0, 0x17E0, 0x17E0, 0x17E0, 0x17E0, 0x17E0, 0x17E0, 0x17E0, 0x17E0, 0x17E0,
    0x17E0, 0x17E0, 0x17E0, 0x1FE0, 0x1F62, 0x0A81, 0x0020, 0x0020, 0x0000, 0x0000, 0x0000, 0x0000,
    0x0000, 0x0000, 0x0000, 0x0000, 0x0000, 0x0000, 0x0000, 0x0000, 0x0000, 0x0000, 0x0000, 0x0000,
    0x0000, 0x0000, 0x0A41, 0x17E0, 0x17E0, 0x17E0, 0x17E0, 0x17E0, 0x17E0, 0x17E0, 0x17E0, 0x17E0,
    0x2783, 0x0BE1, 0x0801, 0x0820, 0x0000, 0x0000, 0x0020, 0x0020, 0x0000, 0x0000, 0x0000, 0x0000,
    0x0000, 0x0000, 0x0000, 0x0000, 0x0000, 0x0000, 0x0000, 0x0000, 0x0000, 0x0020, 0x0040, 0x0000,
    0x0001, 0x0021, 0x0862, 0x0801, 0x0100, 0x27C3, 0x0FE0, 0x17E0, 0x17E0, 0x17E0, 0x17E0, 0x17E0,
    0x17E0, 0x17E0, 0x1FE0, 0x1FC2, 0x0060, 0x0800, 0x0000, 0x0000, 0x0000, 0x0000, 0x0000, 0x0000,
    0x0000, 0x0000, 0x0000, 0x0000, 0x0000, 0x0000, 0x0000, 0x0000, 0x0000, 0x0020, 0x0000, 0x0020,
    0x0000, 0x3705, 0x1FE0, 0x0FE0, 0x17E0, 0x17E0, 0x17E0, 0x17E0, 0x17E0, 0x17E0, 0x17E0, 0x17E0,
    0x17E0, 0x17E0, 0x17E0, 0x17E0, 0x17E0, 0x17E1, 0x1FE1, 0x2743, 0x0000, 0x0020, 0x0801, 0x0000,
    0x0000, 0x0000, 0x0000, 0x0000, 0x0000, 0x0000, 0x0000, 0x0000, 0x0000, 0x0000, 0x0000, 0x0000,
    0x0000, 0x0000, 0x0000, 0x0000, 0x0000, 0x0000, 0x0000, 0x0000, 0x0000, 0x0000, 0x0000, 0x0000,
    0x0000, 0x0000, 0x0000, 0x0000, 0x0000, 0x0000, 0x0000, 0x0000, 0x0000, 0x0000, 0x0000, 0x0000,
    0x0000, 0x0000, 0x0000, 0x0000, 0x0000, 0x0000, 0x0000, 0x0000, 0x0000, 0x0000, 0x0000, 0x0000,
    0x0000, 0x0000, 0x0000, 0x0000, 0x0000, 0x0000, 0x0000, 0x0000, 0x0000, 0x0000, 0x1BA4, 0x2764,
    0x27E1, 0x17E0, 0x17E0, 0x17E0, 0x17E0, 0x17E0, 0x17E0, 0x17E0, 0x17E0, 0x17E0, 0x17E0, 0x17E0,
    0x17E0, 0x1FE0, 0x17E0, 0x17E1, 0x1F02, 0x0181, 0x0020, 0x0020, 0x0000, 0x0000, 0x0000, 0x0000,
    0x0000, 0x0000, 0x0000, 0x0000, 0x0000, 0x0000, 0x0000, 0x0000, 0x0000, 0x0000, 0x0000, 0x0000,
    0x0021, 0x0001, 0x00C0, 0x1FC2, 0x17E0, 0x17E0, 0x17E0, 0x17E0, 0x17E0, 0x17E0, 0x17E0, 0x17E0,
    0x2F65, 0x0A81, 0x0040, 0x0000, 0x0000, 0x0000, 0x0000, 0x0000, 0x0000, 0x0000, 0x0000, 0x0000,
    0x0000, 0x0000, 0x0000, 0x0000, 0x0000, 0x0000, 0x0000, 0x0000, 0x0000, 0x0000, 0x0000, 0x0000,
    0x0000, 0x0000, 0x0000, 0x0020, 0x0821, 0x4746, 0x0FE0, 0x17E0, 0x17E0, 0x17E0, 0x17E0, 0x17E0,
    0x17E0, 0x17E0, 0x17E0, 0x2F64, 0x0820, 0x0020, 0x0000, 0x0000, 0x0000, 0x0000, 0x0000, 0x0000,
    0x0000, 0x0000, 0x0000, 0x0000, 0x0000, 0x0000, 0x0000, 0x0000, 0x0000, 0x0000, 0x0000, 0x0060,
    0x0001, 0x3765, 0x07E0, 0x17C0, 0x17E0, 0x17E0, 0x17E0, 0x17E0, 0x17E0, 0x17E0, 0x17E0, 0x17E0,
    0x17E0, 0x17E0, 0x17E0, 0x17E0, 0x1FC0, 0x07E0, 0x1F80, 0x2602, 0x0000, 0x0000, 0x0000, 0x0000,
    0x0000, 0x0000, 0x0000, 0x0000, 0x0000, 0x0000, 0x0000, 0x0000, 0x0000, 0x0000, 0x0000, 0x0000,
    0x0000, 0x0000, 0x0000, 0x0000, 0x0000, 0x0000, 0x0000, 0x0000, 0x0000, 0x0000, 0x0000, 0x0000,
    0x0000, 0x0000, 0x0000, 0x0000, 0x0000, 0x0000, 0x0000, 0x0000, 0x0000, 0x0000, 0x0000, 0x0000,
    0x0000, 0x0000, 0x0000, 0x0000, 0x0000, 0x0000, 0x0000, 0x0000, 0x0000, 0x0000, 0x0000, 0x0000,
    0x0000, 0x0000, 0x0000, 0x0000, 0x0000, 0x0000, 0x0000, 0x0000, 0x0000, 0x0000, 0x01A0, 0x3685,
    0x1FE0, 0x1FC1, 0x17E0, 0x17E0, 0x17E0, 0x17E0, 0x17E0, 0x17E0, 0x17E0, 0x17E0, 0x17E0, 0x17E0,
    0x17E0, 0x17E0, 0x17E0, 0x17E1, 0x1F22, 0x01A1, 0x0822, 0x0020, 0x0020, 0x0000, 0x0000, 0x0000,
    0x0000, 0x0000, 0x0000, 0x0000, 0x0000, 0x0000, 0x0000, 0x0000, 0x0000, 0x0000, 0x0000, 0x0000,
    0x0820, 0x0801, 0x0080, 0x1FA1, 0x17E0, 0x17E0, 0x17E0, 0x17E0, 0x17E0, 0x17E0, 0x17E0, 0x17E0,
    0x2F44, 0x0A41, 0x0020, 0x0000, 0x0000, 0x0000, 0x0000, 0x0000, 0x0000, 0x0000, 0x0000, 0x0000,
    0x0000, 0x0000, 0x0000, 0x0000, 0x0000, 0x0000, 0x0000, 0x0000, 0x0000, 0x0000, 0x0000, 0x0000,
    0x0000, 0x0000, 0x0000, 0x0041, 0x0000, 0x3EE6, 0x17E0, 0x17E0, 0x17E0, 0x17E0, 0x17E0, 0x17E0,
    0x17E0, 0x17E0, 0x1FE1, 0x2EC4, 0x1022, 0x0001, 0x0000, 0x0000, 0x0000, 0x0000, 0x0000, 0x0000,
    0x0000, 0x0000, 0x0000, 0x0000, 0x0000, 0x0000, 0x0000, 0x0000, 0x0000, 0x0000, 0x0020, 0x1062,
    0x0001, 0x2F64, 0x07E0, 0x17C0, 0x17E0, 0x17E0, 0x17E0, 0x17E0, 0x17E0, 0x17E0, 0x17E0, 0x17E0,
    0x17E0, 0x17E0, 0x17E0, 0x17E0, 0x17C0, 0x1FE0, 0x1FC2, 0x14C2, 0x0000, 0x0000, 0x0000, 0x0000,
    0x0000, 0x0000, 0x0000, 0x0000, 0x0000, 0x0000, 0x0000, 0x0000, 0x0000, 0x0000, 0x0000, 0x0000,
    0x0000, 0x0000, 0x0000, 0x0000, 0x0000, 0x0000, 0x0000, 0x0000, 0x0000, 0x0000, 0x0000, 0x0000,
    0x0000, 0x0000, 0x0000, 0x0000, 0x0000, 0x0000, 0x0000, 0x0000, 0x0000, 0x0000, 0x0000, 0x0000,
    0x0000, 0x0000, 0x0000, 0x0000, 0x0000, 0x0000, 0x0000, 0x0000, 0x0000, 0x0000, 0x0000, 0x0000,
    0x0000, 0x0000, 0x0000, 0x0000, 0x0000, 0x0000, 0x0000, 0x0000, 0x0000, 0x0000, 0x0021, 0x1301,
    0x0FE0, 0x17E1, 0x17E0, 0x17E0, 0x17E0, 0x17E0, 0x17E0, 0x17E0, 0x17E0, 0x17E0, 0x17E0, 0x17E0,
    0x17E0, 0x17E0, 0x17E0, 0x17E1, 0x1FC1, 0x0BA3, 0x0001, 0x0001, 0x0040, 0x0000, 0x0000, 0x0000,
    0x0000, 0x0000, 0x0000, 0x0000, 0x0000, 0x0000, 0x0000, 0x0000, 0x0000, 0x0000, 0x0000, 0x0000,
    0x0000, 0x0801, 0x0020, 0x2EE3, 0x17E0, 0x17E0, 0x17E0, 0x17E0, 0x17E0, 0x17E0, 0x17E0, 0x17E0,
    0x26A3, 0x0181, 0x0020, 0x0000, 0x0000, 0x0000, 0x0000, 0x0000, 0x0000, 0x0000, 0x0000, 0x0000,
    0x0000, 0x0000, 0x0000, 0x0000, 0x0000, 0x0000, 0x0000, 0x0000, 0x0000, 0x0000, 0x0000, 0x0000,
    0x0000, 0x0000, 0x0000, 0x0020, 0x0801, 0x25A4, 0x1FE2, 0x17E0, 0x17E0, 0x17E0, 0x17E0, 0x17E0,
    0x17E0, 0x17E0, 0x2723, 0x2444, 0x1001, 0x0821, 0x0000, 0x0000, 0x0000, 0x0000, 0x0000, 0x0000,
    0x0000, 0x0000, 0x0000, 0x0000, 0x0000, 0x0000, 0x0000, 0x0000, 0x0000, 0x0020, 0x0040, 0x0802,
    0x0120, 0x17A1, 0x17E0, 0x0FE0, 0x17E0, 0x17E0, 0x17E0, 0x17E0, 0x17E0, 0x17E0, 0x17E0, 0x17E0,
    0x17E0, 0x17E0, 0x17E0, 0x17E0, 0x17E1, 0x1FC1, 0x1DC3, 0x01A1, 0x0000, 0x0000, 0x0000, 0x0000,
    0x0000, 0x0000, 0x0000, 0x0000, 0x0000, 0x0000, 0x0000, 0x0000, 0x0000, 0x0000, 0x0000, 0x0000,
    0x0000, 0x0000, 0x0000, 0x0000, 0x0000, 0x0000, 0x0000, 0x0000, 0x0000, 0x0000, 0x0000, 0x0000,
    0x0000, 0x0000, 0x0000, 0x0000, 0x0000, 0x0000, 0x0000, 0x0000, 0x0000, 0x0000, 0x0000, 0x0000,
    0x0000, 0x0000, 0x0000, 0x0000, 0x0000, 0x0000, 0x0000, 0x0000, 0x0000, 0x0000, 0x0000, 0x0000,
    0x0000, 0x0000, 0x0000, 0x0000, 0x0000, 0x0000, 0x0000, 0x0000, 0x0000, 0x0000, 0x0821, 0x0880,
    0x2F84, 0x17E2, 0x17E1, 0x17E0, 0x17E0, 0x17E0, 0x17E0, 0x17E0, 0x17E0, 0x17E0, 0x17E0, 0x17E0,
    0x17E0, 0x17E0, 0x17E0, 0x17E0, 0x17E1, 0x26E3, 0x0001, 0x0801, 0x0041, 0x0000, 0x0000, 0x0000,
    0x0000, 0x0000, 0x0000, 0x0000, 0x0000, 0x0000, 0x0000, 0x0000, 0x0000, 0x0000, 0x0000, 0x0000,
    0x0801, 0x0020, 0x0801, 0x3565, 0x0FE0, 0x1FE1, 0x17C0, 0x0FE0, 0x17E0, 0x17E0, 0x17E0, 0x17E0,
    0x2E24, 0x08E0, 0x0000, 0x0001, 0x0000, 0x0000, 0x0000, 0x0000, 0x0000, 0x0000, 0x0000, 0x0000,
    0x0000, 0x0000, 0x0000, 0x0000, 0x0000, 0x0000, 0x0000, 0x0000, 0x0000, 0x0000, 0x0000, 0x0000,
    0x0000, 0x0000, 0x0000, 0x0001, 0x0821, 0x1C63, 0x1FC3, 0x17E0, 0x17E0, 0x17E0, 0x17E0, 0x17E0,
    0x1FC1, 0x17E0, 0x3585, 0x0921, 0x0800, 0x0021, 0x0000, 0x0000, 0x0000, 0x0000, 0x0000, 0x0000,
    0x0000, 0x0000, 0x0000, 0x0000, 0x0000, 0x0000, 0x0000, 0x0000, 0x0000, 0x0020, 0x0040, 0x0820,
    0x13C2, 0x17E0, 0x17E0, 0x17E0, 0x17E0, 0x17E0, 0x17E0, 0x17E0, 0x17E0, 0x17E0, 0x17E0, 0x17E0,
    0x17E0, 0x17E0, 0x17E0, 0x17E0, 0x17C1, 0x0FC0, 0x12C1, 0x1043, 0x0000, 0x0000, 0x0000, 0x0000,
    0x0000, 0x0000, 0x0000, 0x0000, 0x0000, 0x0000, 0x0000, 0x0000, 0x0000, 0x0000, 0x0000, 0x0000,
    0x0000, 0x0000, 0x0000, 0x0000, 0x0000, 0x0000, 0x0000, 0x0000, 0x0000, 0x0000, 0x0000, 0x0000,
    0x0000, 0x0000, 0x0000, 0x0000, 0x0000, 0x0000, 0x0000, 0x0000, 0x0000, 0x0000, 0x0000, 0x0000,
    0x0000, 0x0000, 0x0000, 0x0000, 0x0000, 0x0000, 0x0000, 0x0000, 0x0000, 0x0000, 0x0000, 0x0000,
    0x0000, 0x0000, 0x0000, 0x0000, 0x0000, 0x0000, 0x0000, 0x0000, 0x0000, 0x0000, 0x0820, 0x0800,
    0x2EC3, 0x17E2, 0x17E1, 0x17E0, 0x17E0, 0x17E0, 0x17E0, 0x17E0, 0x17E0, 0x17E0, 0x17E0, 0x17E0,
    0x17E0, 0x17E0, 0x17E0, 0x17E0, 0x17E0, 0x27A3, 0x00E0, 0x0000, 0x0000, 0x0000, 0x0000, 0x0000,
    0x0000, 0x0000, 0x0000, 0x0000, 0x0000, 0x0000, 0x0000, 0x0000, 0x0000, 0x0000, 0x0000, 0x0000,
    0x0800, 0x0020, 0x0802, 0x2C24, 0x1FE1, 0x17E1, 0x17E0, 0x17E1, 0x17E0, 0x17E0, 0x17E0, 0x17E0,
    0x2E04, 0x0060, 0x0000, 0x0001, 0x0000, 0x0000, 0x0000, 0x0000, 0x0000, 0x0000, 0x0000, 0x0000,
    0x0000, 0x0000, 0x0000, 0x0000, 0x0000, 0x0000, 0x0000, 0x0000, 0x0000, 0x0000, 0x0000, 0x0000,
    0x0000, 0x0000, 0x0000, 0x0001, 0x0020, 0x1BE3, 0x1FA3, 0x17E0, 0x17E0, 0x17E0, 0x17E0, 0x17E0,
    0x1FC1, 0x0FC0, 0x1BA3, 0x0820, 0x0000, 0x0000, 0x0000, 0x0000, 0x0000, 0x0000, 0x0000, 0x0000,
    0x0000, 0x0000, 0x0000, 0x0000, 0x0000, 0x0000, 0x0000, 0x0000, 0x0000, 0x0040, 0x0001, 0x00A0,
    0x1D22, 0x17E0, 0x17E0, 0x17E0, 0x17E0, 0x17E0, 0x17E0, 0x17E0, 0x17E0, 0x17E0, 0x17E0, 0x17E0,
    0x17E1, 0x17E0, 0x17E0, 0x17E0, 0x17E1, 0x1FE1, 0x00E0, 0x0802, 0x0000, 0x0000, 0x0000, 0x0000,
    0x0000, 0x0000, 0x0000, 0x0000, 0x0000, 0x0000, 0x0000, 0x0000, 0x0000, 0x0000, 0x0000, 0x0000,
    0x0000, 0x0000, 0x0000, 0x0000, 0x0000, 0x0000, 0x0000, 0x0000, 0x0000, 0x0000, 0x0000, 0x0000,
    0x0000, 0x0000, 0x0000, 0x0000, 0x0000, 0x0000, 0x0000, 0x0000, 0x0000, 0x0000, 0x0000, 0x0000,
    0x0000, 0x0000, 0x0000, 0x0000, 0x0000, 0x0000, 0x0000, 0x0000, 0x0000, 0x0000, 0x0000, 0x0000,
    0x0000, 0x0000, 0x0000, 0x0000, 0x0000, 0x0000, 0x0000, 0x0000, 0x0000, 0x0000, 0x0020, 0x0001,
    0x0260, 0x17C1, 0x17C1, 0x17E0, 0x17E0, 0x17E0, 0x17E0, 0x17E0, 0x17E0, 0x17E0, 0x17E0, 0x17E0,
    0x17E0, 0x17E0, 0x17E0, 0x17E0, 0x17E0, 0x17E1, 0x2E83, 0x12A2, 0x0020, 0x0000, 0x0000, 0x0000,
    0x0000, 0x0000, 0x0000, 0x0000, 0x0000, 0x0000, 0x0000, 0x0000, 0x0000, 0x0000, 0x0000, 0x0000,
    0x0000, 0x0000, 0x0801, 0x0080, 0x2DE3, 0x0FE0, 0x17E0, 0x17E0, 0x17E0, 0x17E0, 0x17E0, 0x17E0,
    0x1D42, 0x0020, 0x0000, 0x0000, 0x0000, 0x0000, 0x0000, 0x0000, 0x0000, 0x0000, 0x0000, 0x0000,
    0x0000, 0x0000, 0x0000, 0x0000, 0x0000, 0x0000, 0x0000, 0x0000, 0x0000, 0x0000, 0x0000, 0x0000,
    0x0000, 0x0000, 0x0000, 0x0001, 0x0000, 0x02A1, 0x2723, 0x17E0, 0x17E0, 0x17E0, 0x17C0, 0x17E1,
    0x17E0, 0x2F83, 0x0040, 0x0801, 0x0821, 0x0000, 0x0000, 0x0000, 0x0000, 0x0000, 0x0000, 0x0000,
    0x0000, 0x0000, 0x0000, 0x0000, 0x0000, 0x0000, 0x0000, 0x0000, 0x0000, 0x0001, 0x0801, 0x2D64,
    0x2FC3, 0x17E0, 0x17E0, 0x17E0, 0x17E0, 0x17E0, 0x17E0, 0x17E0, 0x17E0, 0x17E0, 0x17E0, 0x17E0,
    0x17E0, 0x17C0, 0x17C0, 0x17C0, 0x1FA2, 0x2543, 0x0801, 0x0841, 0x0000, 0x0000, 0x0000, 0x0000,
    0x0000, 0x0000, 0x0000, 0x0000, 0x0000, 0x0000, 0x0000, 0x0000, 0x0000, 0x0000, 0x0000, 0x0000,
    0x0000, 0x0000, 0x0000, 0x0000, 0x0000, 0x0000, 0x0000, 0x0000, 0x0000, 0x0000, 0x0000, 0x0000,
    0x0000, 0x0000, 0x0000, 0x0000, 0x0000, 0x0000, 0x0000, 0x0000, 0x0000, 0x0000, 0x0000, 0x0000,
    0x0000, 0x0000, 0x0000, 0x0000, 0x0000, 0x0000, 0x0000, 0x0000, 0x0000, 0x0000, 0x0000, 0x0000,
    0x0000, 0x0000, 0x0000, 0x0000, 0x0000, 0x0000, 0x0000, 0x0000, 0x0000, 0x0000, 0x0000, 0x0001,
    0x0060, 0x27A3, 0x17C1, 0x17E0, 0x1FE0, 0x17E0, 0x17E0, 0x17E0, 0x17E0, 0x17E0, 0x17E0, 0x17E0,
    0x17E0, 0x17E0, 0x17E0, 0x17E0, 0x17E0, 0x17C1, 0x27C2, 0x1D22, 0x0000, 0x0000, 0x0000, 0x0000,
    0x0000, 0x0000, 0x0000, 0x0000, 0x0000, 0x0000, 0x0000, 0x0000, 0x0000, 0x0000, 0x0000, 0x0000,
    0x0000, 0x0000, 0x0000, 0x0000, 0x1B82, 0x0FE0, 0x17E0, 0x0FE0, 0x17E0, 0x17E0, 0x17E0, 0x17E0,
    0x1501, 0x0000, 0x0800, 0x0000, 0x0000, 0x0000, 0x0000, 0x0000, 0x0000, 0x0000, 0x0000, 0x0000,
    0x0000, 0x0000, 0x0000, 0x0000, 0x0000, 0x0000, 0x0000, 0x0000, 0x0000, 0x0000, 0x0000, 0x0000,
    0x0000, 0x0000, 0x0000, 0x0000, 0x0000, 0x0200, 0x26E4, 0x17E0, 0x17E0, 0x17E0, 0x17A0, 0x1FE2,
    0x1FE1, 0x36A4, 0x0001, 0x0821, 0x0802, 0x0001, 0x0000, 0x0000, 0x0000, 0x0000, 0x0000, 0x0000,
    0x0000, 0x0000, 0x0000, 0x0000, 0x0000, 0x0000, 0x0000, 0x0000, 0x0000, 0x0001, 0x08C1, 0x2F65,
    0x17E1, 0x17E0, 0x17E0, 0x17E0, 0x17E0, 0x17E0, 0x17E0, 0x17E0, 0x17E0, 0x17E0, 0x17E0, 0x17E0,
    0x17E0, 0x17E0, 0x17C0, 0x17E0, 0x2F24, 0x1B62, 0x0800, 0x0861, 0x0000, 0x0000, 0x0000, 0x0000,
    0x0000, 0x0000, 0x0000, 0x0000, 0x0000, 0x0000, 0x0000, 0x0000, 0x0000, 0x0000, 0x0000, 0x0000,
    0x0000, 0x0000, 0x0000, 0x0000, 0x0000, 0x0000, 0x0000, 0x0000, 0x0000, 0x0000, 0x0000, 0x0000,
    0x0000, 0x0000, 0x0000, 0x0000, 0x0000, 0x0000, 0x0000, 0x0000, 0x0000, 0x0000, 0x0000, 0x0000,
    0x0000, 0x0000, 0x0000, 0x0000, 0x0000, 0x0000, 0x0000, 0x0000, 0x0000, 0x0000, 0x0000, 0x0000,
    0x0000, 0x0000, 0x0000, 0x0000, 0x0000, 0x0000, 0x0000, 0x0000, 0x0000, 0x0000, 0x0000, 0x0000,
    0x0000, 0x1D44, 0x2743, 0x17E0, 0x0780, 0x17E0, 0x17E0, 0x17E0, 0x17E0, 0x17E0, 0x17E0, 0x17E0,
    0x17E0, 0x17E0, 0x17E0, 0x17E0, 0x17E0, 0x17E1, 0x07E0, 0x1FE2, 0x0300, 0x1022, 0x0060, 0x1022,
    0x0040, 0x0000, 0x0000, 0x0000, 0x0000, 0x0000, 0x0000, 0x0000, 0x0000, 0x0000, 0x0000, 0x0000,
    0x0000, 0x0000, 0x0000, 0x0820, 0x1082, 0x37C4, 0x0FC0, 0x17C1, 0x17E0, 0x17E0, 0x17E0, 0x17E0,
    0x1C03, 0x0000, 0x0800, 0x0000, 0x0000, 0x0000, 0x0000, 0x0000, 0x0000, 0x0000, 0x0000, 0x0000,
    0x0000, 0x0000, 0x0000, 0x0000, 0x0000, 0x0000, 0x0000, 0x0000, 0x0000, 0x0000, 0x0000, 0x0000,
    0x0000, 0x0000, 0x0000, 0x0000, 0x0020, 0x0140, 0x1E63, 0x17C1, 0x17E0, 0x17E0, 0x0FA1, 0x17E2,
    0x2724, 0x1B63, 0x0000, 0x0000, 0x0000, 0x0000, 0x0000, 0x0000, 0x0000, 0x0000, 0x0000, 0x0000,
    0x0000, 0x0000, 0x0000, 0x0000, 0x0000, 0x0000, 0x0000, 0x0040, 0x0040, 0x0100, 0x0501, 0x17C0,
    0x17E0, 0x17E0, 0x17E0, 0x17E0, 0x17E0, 0x17E0, 0x17E0, 0x17E0, 0x17E0, 0x17E0, 0x17E0, 0x17E0,
    0x17E0, 0x1FE1, 0x1FE0, 0x17A1, 0x2B65, 0x00A0, 0x0000, 0x0000, 0x0000, 0x0000, 0x0000, 0x0000,
    0x0000, 0x0000, 0x0000, 0x0000, 0x0000, 0x0000, 0x0000, 0x0000, 0x0000, 0x0000, 0x0000, 0x0000,
    0x0000, 0x0000, 0x0000, 0x0000, 0x0000, 0x0000, 0x0000, 0x0000, 0x0000, 0x0000, 0x0000, 0x0000,
    0x0000, 0x0000, 0x0000, 0x0000, 0x0000, 0x0000, 0x0000, 0x0000, 0x0000, 0x0000, 0x0000, 0x0000,
    0x0000, 0x0000, 0x0000, 0x0000, 0x0000, 0x0000, 0x0000, 0x0000, 0x0000, 0x0000, 0x0000, 0x0000,
    0x0000, 0x0000, 0x0000, 0x0000, 0x0000, 0x0000, 0x0000, 0x0000, 0x0000, 0x0000, 0x0000, 0x0000,
    0x0000, 0x0B41, 0x2E64, 0x0FE0, 0x17E1, 0x17E0, 0x17E0, 0x17E0, 0x17E0, 0x17E0, 0x17E0, 0x17E0,
    0x17E0, 0x17E0, 0x17E0, 0x17E0, 0x17E0, 0x17E1, 0x0FE0, 0x1FE2, 0x1D42, 0x0960, 0x0062, 0x0000,
    0x0020, 0x0000, 0x0000, 0x0000, 0x0000, 0x0000, 0x0000, 0x0000, 0x0000, 0x0000, 0x0000, 0x0000,
    0x0000, 0x0000, 0x0000, 0x0020, 0x1002, 0x2DE4, 0x27C3, 0x1FC2, 0x17E0, 0x17E0, 0x17E0, 0x17E0,
    0x13A3, 0x0000, 0x0800, 0x0000, 0x0000, 0x0000, 0x0000, 0x0000, 0x0000, 0x0000, 0x0000, 0x0000,
    0x0000, 0x0000, 0x0000, 0x0000, 0x0000, 0x0000, 0x0000, 0x0000, 0x0000, 0x0000, 0x0000, 0x0000,
    0x0000, 0x0000, 0x0000, 0x0000, 0x0020, 0x0120, 0x1E42, 0x17C1, 0x17E0, 0x17E0, 0x1FE1, 0x0FC0,
    0x2503, 0x0140, 0x0000, 0x0000, 0x0000, 0x0000, 0x0000, 0x0000, 0x0000, 0x0000, 0x0000, 0x0000,
    0x0000, 0x0000, 0x0000, 0x0000, 0x0000, 0x0000, 0x0001, 0x0000, 0x0020, 0x1321, 0x26C4, 0x17C0,
    0x17C0, 0x17E0, 0x17E0, 0x17E0, 0x17E0, 0x17E0, 0x17E0, 0x17E0, 0x17E0, 0x17E0, 0x17E0, 0x17E0,
    0x17E0, 0x1FC0, 0x0FC0, 0x2FC4, 0x19C3, 0x0020, 0x0000, 0x0000, 0x0000, 0x0000, 0x0000, 0x0000,
    0x0000, 0x0000, 0x0000, 0x0000, 0x0000, 0x0000, 0x0000, 0x0000, 0x0000, 0x0000, 0x0000, 0x0000,
    0x0000, 0x0000, 0x0000, 0x0000, 0x0000, 0x0000, 0x0000, 0x0000, 0x0000, 0x0000, 0x0000, 0x0000,
    0x0000, 0x0000, 0x0000, 0x0000, 0x0000, 0x0000, 0x0000, 0x0000, 0x0000, 0x0000, 0x0000, 0x0000,
    0x0000, 0x0000, 0x0000, 0x0000, 0x0000, 0x0000, 0x0000, 0x0000, 0x0000, 0x0000, 0x0000, 0x0000,
    0x0000, 0x0000, 0x0000, 0x0000, 0x0000, 0x0000, 0x0000, 0x0000, 0x0000, 0x0000, 0x0000, 0x0000,
    0x0020, 0x1000, 0x0100, 0x1FE3, 0x1FE0, 0x17E1, 0x17E0, 0x17E0, 0x17E0, 0x17E0, 0x17E0, 0x17E0,
    0x17E0, 0x17E0, 0x17E0, 0x17E0, 0x17E0, 0x17E0, 0x1FE1, 0x1FC0, 0x17E0, 0x1E42, 0x0801, 0x0060,
    0x0801, 0x0000, 0x0000, 0x0000, 0x0000, 0x0000, 0x0000, 0x0000, 0x0000, 0x0000, 0x0000, 0x0000,
    0x0000, 0x0000, 0x0000, 0x0000, 0x0080, 0x0060, 0x14C1, 0x0FA0, 0x17E0, 0x17E0, 0x17E0, 0x17E0,
    0x02C0, 0x0800, 0x0800, 0x0000, 0x0000, 0x0000, 0x0000, 0x0000, 0x0000, 0x0000, 0x0000, 0x0000,
    0x0000, 0x0000, 0x0000, 0x0000, 0x0000, 0x0000, 0x0000, 0x0000, 0x0000, 0x0000, 0x0000, 0x0000,
    0x0000, 0x0000, 0x0000, 0x0000, 0x0020, 0x00C0, 0x1E02, 0x17C1, 0x17E0, 0x17E0, 0x17E1, 0x2743,
    0x0001, 0x0821, 0x0000, 0x0000, 0x0000, 0x0000, 0x0000, 0x0000, 0x0000, 0x0000, 0x0000, 0x0000,
    0x0000, 0x0000, 0x0000, 0x0000, 0x0000, 0x0000, 0x0000, 0x0001, 0x0100, 0x2F83, 0x17C0, 0x1FE1,
    0x17C0, 0x17E0, 0x17E0, 0x17E0, 0x17E0, 0x17E0, 0x17E0, 0x17E0, 0x17E0, 0x17E0, 0x17E0, 0x17E0,
    0x0FE1, 0x1FC0, 0x2FC4, 0x1D23, 0x0000, 0x0000, 0x0000, 0x0020, 0x0000, 0x0000, 0x0000, 0x0000,
    0x0000, 0x0000, 0x0000, 0x0000, 0x0000, 0x0000, 0x0000, 0x0000, 0x0000, 0x0000, 0x0000, 0x0000,
    0x0000, 0x0000, 0x0000, 0x0000, 0x0000, 0x0000, 0x0000, 0x0000, 0x0000, 0x0000, 0x0000, 0x0000,
    0x0000, 0x0000, 0x0000, 0x0000, 0x0000, 0x0000, 0x0000, 0x0000, 0x0000, 0x0000, 0x0000, 0x0000,
    0x0000, 0x0000, 0x0000, 0x0000, 0x0000, 0x0000, 0x0000, 0x0000, 0x0000, 0x0000, 0x0000, 0x0000,
    0x0000, 0x0000, 0x0000, 0x0000, 0x0000, 0x0000, 0x0000, 0x0000, 0x0000, 0x0000, 0x0000, 0x0000,
    0x0020, 0x1022, 0x0020, 0x2F04, 0x17C0, 0x17E1, 0x17E0, 0x17E0, 0x17E0, 0x17E0, 0x17E0, 0x17E0,
    0x17E0, 0x17E0, 0x17E0, 0x17E0, 0x17E0, 0x17C0, 0x1FE1, 0x27E1, 0x0FE0, 0x1F82, 0x0920, 0x0040,
    0x0800, 0x0000, 0x0000, 0x0000, 0x0000, 0x0000, 0x0000, 0x0000, 0x0000, 0x0000, 0x0000, 0x0000,
    0x0000, 0x0000, 0x0000, 0x0000, 0x0020, 0x0020, 0x1261, 0x2782, 0x1FE0, 0x17E0, 0x17E0, 0x1FE0,
    0x0261, 0x0801, 0x0800, 0x0020, 0x0000, 0x0000, 0x0000, 0x0000, 0x0000, 0x0000, 0x0000, 0x0000,
    0x0000, 0x0000, 0x0000, 0x0000, 0x0000, 0x0000, 0x0000, 0x0000, 0x0000, 0x0000, 0x0000, 0x0000,
    0x0000, 0x0000, 0x0000, 0x0000, 0x0820, 0x00A0, 0x1DE2, 0x17C1, 0x17E0, 0x17E1, 0x3766, 0x1C83,
    0x0001, 0x0801, 0x0000, 0x0000, 0x0000, 0x0000, 0x0000, 0x0000, 0x0000, 0x0000, 0x0000, 0x0000,
    0x0000, 0x0000, 0x0000, 0x0000, 0x0000, 0x0000, 0x0020, 0x0080, 0x0BA0, 0x1FC1, 0x1FE0, 0x0FC1,
    0x17C0, 0x17E0, 0x17E0, 0x17E0, 0x17E0, 0x17E0, 0x17E0, 0x17E0, 0x17E0, 0x17E0, 0x17E0, 0x17E0,
    0x17C0, 0x17E0, 0x3EC5, 0x1B22, 0x0000, 0x0000, 0x0000, 0x0000, 0x0000, 0x0000, 0x0000, 0x0000,
    0x0000, 0x0000, 0x0000, 0x0000, 0x0000, 0x0000, 0x0000, 0x0000, 0x0000, 0x0000, 0x0000, 0x0000,
    0x0000, 0x0000, 0x0000, 0x0000, 0x0000, 0x0000, 0x0000, 0x0000, 0x0000, 0x0000, 0x0000, 0x0000,
    0x0000, 0x0000, 0x0000, 0x0000, 0x0000, 0x0000, 0x0000, 0x0000, 0x0000, 0x0000, 0x0000, 0x0000,
    0x0000, 0x0000, 0x0000, 0x0000, 0x0000, 0x0000, 0x0000, 0x0000, 0x0000, 0x0000, 0x0000, 0x0000,
    0x0000, 0x0000, 0x0000, 0x0000, 0x0000, 0x0000, 0x0000, 0x0000, 0x0000, 0x0000, 0x0000, 0x0000,
    0x0000, 0x0000, 0x1042, 0x12E2, 0x36C4, 0x0FE0, 0x17E1, 0x0FE0, 0x0FE0, 0x17E0, 0x17E0, 0x17E0,
    0x17E0, 0x17E0, 0x17E0, 0x17E0, 0x17E0, 0x17E0, 0x17E0, 0x17E0, 0x1FE1, 0x1FA2, 0x2683, 0x0222,
    0x0020, 0x0060, 0x0801, 0x0000, 0x0000, 0x0000, 0x0000, 0x0000, 0x0000, 0x0000, 0x0000, 0x0000,
    0x0000, 0x0000, 0x0000, 0x0000, 0x0000, 0x0020, 0x0000, 0x2144, 0x26A1, 0x1FC1, 0x0FC0, 0x17C0,
    0x0980, 0x0021, 0x0800, 0x0000, 0x0000, 0x0000, 0x0000, 0x0000, 0x0000, 0x0000, 0x0000, 0x0000,
    0x0000, 0x0000, 0x0000, 0x0000, 0x0000, 0x0000, 0x0000, 0x0000, 0x0000, 0x0000, 0x0000, 0x0000,
    0x0000, 0x0000, 0x0000, 0x0040, 0x0000, 0x00C0, 0x25C3, 0x1FE1, 0x1FC2, 0x27C3, 0x1121, 0x0000,
    0x0000, 0x0000, 0x0000, 0x0000, 0x0000, 0x0000, 0x0000, 0x0000, 0x0000, 0x0000, 0x0000, 0x0000,
    0x0000, 0x0000, 0x0000, 0x0000, 0x0000, 0x0040, 0x1041, 0x25C1, 0x0FC0, 0x17E0, 0x17E0, 0x17E0,
    0x17E0, 0x17E0, 0x17E0, 0x17E0, 0x17E0, 0x17E0, 0x17E0, 0x17E0, 0x1FC0, 0x17E1, 0x17E0, 0x17E0,
    0x0FE0, 0x27A2, 0x0962, 0x0802, 0x0000, 0x0000, 0x0000, 0x0000, 0x0000, 0x0000, 0x0000, 0x0000,
    0x0000, 0x0000, 0x0000, 0x0000, 0x0000, 0x0000, 0x0000, 0x0000, 0x0000, 0x0000, 0x0000, 0x0000,
    0x0000, 0x0000, 0x0000, 0x0000, 0x0000, 0x0000, 0x0000, 0x0000, 0x0000, 0x0000, 0x0000, 0x0000,
    0x0000, 0x0000, 0x0000, 0x0000, 0x0000, 0x0000, 0x0000, 0x0000, 0x0000, 0x0000, 0x0000, 0x0000,
    0x0000, 0x0000, 0x0000, 0x0000, 0x0000, 0x0000, 0x0000, 0x0000, 0x0000, 0x0000, 0x0000, 0x0000,
    0x0000, 0x0000, 0x0000, 0x0000, 0x0000, 0x0000, 0x0000, 0x0000, 0x0000, 0x0000, 0x0000, 0x0000,
    0x0000, 0x0000, 0x0000, 0x0120, 0x1422, 0x17E0, 0x1FE0, 0x1FE1, 0x17C0, 0x17E0, 0x17E0, 0x17E0,
    0x17E0, 0x17E0, 0x17E0, 0x17E0, 0x17E0, 0x17E0, 0x17E0, 0x17E0, 0x17E1, 0x17C1, 0x3785, 0x24A4,
    0x0801, 0x0841, 0x0000, 0x0000, 0x0000, 0x0000, 0x0000, 0x0000, 0x0000, 0x0000, 0x0000, 0x0000,
    0x0000, 0x0000, 0x0000, 0x0000, 0x0000, 0x0020, 0x0000, 0x0861, 0x0B21, 0x1F82, 0x0FC0, 0x1FE2,
    0x0180, 0x0022, 0x0000, 0x0000, 0x0000, 0x0000, 0x0000, 0x0000, 0x0000, 0x0000, 0x0000, 0x0000,
    0x0000, 0x0000, 0x0000, 0x0000, 0x0000, 0x0000, 0x0000, 0x0000, 0x0000, 0x0000, 0x0000, 0x0000,
    0x0000, 0x0000, 0x0000, 0x0040, 0x0000, 0x00C0, 0x2D64, 0x0FE0, 0x2F84, 0x2524, 0x0060, 0x0000,
    0x0000, 0x0000, 0x0000, 0x0000, 0x0000, 0x0000, 0x0000, 0x0000, 0x0000, 0x0000, 0x0000, 0x0000,
    0x0000, 0x0000, 0x0000, 0x0000, 0x0000, 0x0801, 0x0020, 0x26C3, 0x1FE2, 0x17E0, 0x17E0, 0x17E0,
    0x17E0, 0x17E0, 0x17E0, 0x17E0, 0x17E0, 0x17E0, 0x17E0, 0x17E0, 0x1FE0, 0x1FC0, 0x1FE0, 0x17E0,
    0x17C2, 0x3684, 0x0080, 0x0000, 0x0000, 0x0000, 0x0000, 0x0000, 0x0000, 0x0000, 0x0000, 0x0000,
    0x0000, 0x0000, 0x0000, 0x0000, 0x0000, 0x0000, 0x0000, 0x0000, 0x0000, 0x0000, 0x0000, 0x0000,
    0x0000, 0x0000, 0x0000, 0x0000, 0x0000, 0x0000, 0x0000, 0x0000, 0x0000, 0x0000, 0x0000, 0x0000,
    0x0000, 0x0000, 0x0000, 0x0000, 0x0000, 0x0000, 0x0000, 0x0000, 0x0000, 0x0000, 0x0000, 0x0000,
    0x0000, 0x0000, 0x0000, 0x0000, 0x0000, 0x0000, 0x0000, 0x0000, 0x0000, 0x0000, 0x0000, 0x0000,
    0x0000, 0x0000, 0x0000, 0x0000, 0x0000, 0x0000, 0x0000, 0x0000, 0x0000, 0x0000, 0x0000, 0x0000,
    0x0000, 0x0000, 0x0020, 0x1803, 0x0822, 0x26C3, 0x27C2, 0x17E1, 0x1FC1, 0x17E0, 0x17E0, 0x17E0,
    0x17E0, 0x17E0, 0x17E0, 0x17E0, 0x17E0, 0x17E0, 0x17E0, 0x17E0, 0x17E0, 0x17E0, 0x0FC0, 0x1FE2,
    0x09E0, 0x0001, 0x0020, 0x0020, 0x0000, 0x0000, 0x0000, 0x0000, 0x0000, 0x0000, 0x0000, 0x0000,
    0x0000, 0x0000, 0x0000, 0x0000, 0x0000, 0x0000, 0x0020, 0x0020, 0x1001, 0x0160, 0x24A3, 0x1F83,
    0x0100, 0x0002, 0x0000, 0x0000, 0x0000, 0x0000, 0x0000, 0x0000, 0x0000, 0x0000, 0x0000, 0x0000,
    0x0000, 0x0000, 0x0000, 0x0000, 0x0000, 0x0000, 0x0000, 0x0000, 0x0000, 0x0000, 0x0000, 0x0000,
    0x0000, 0x0000, 0x0000, 0x0020, 0x0000, 0x0060, 0x13C2, 0x46C7, 0x0200, 0x0001, 0x0842, 0x0001,
    0x0000, 0x0000, 0x0000, 0x0000, 0x0000, 0x0000, 0x0000, 0x0000, 0x0000, 0x0000, 0x0000, 0x0000,
    0x0000, 0x0000, 0x0000, 0x0000, 0x0000, 0x08C0, 0x3485, 0x1FC1, 0x1F81, 0x17E0, 0x17E0, 0x17E0,
    0x17E0, 0x17E0, 0x17E0, 0x17E0, 0x17E0, 0x17E0, 0x17E0, 0x17E0, 0x07E0, 0x17E1, 0x0FE0, 0x17C1,
    0x1CE4, 0x0140, 0x0021, 0x0020, 0x0000, 0x0000, 0x0000, 0x0000, 0x0000, 0x0000, 0x0000, 0x0000,
    0x0000, 0x0000, 0x0000, 0x0000, 0x0000, 0x0000, 0x0000, 0x0000, 0x0000, 0x0000, 0x0000, 0x0000,
    0x0000, 0x0000, 0x0000, 0x0000, 0x0000, 0x0000, 0x0000, 0x0000, 0x0000, 0x0000, 0x0000, 0x0000,
    0x0000, 0x0000, 0x0000, 0x0000, 0x0000, 0x0000, 0x0000, 0x0000, 0x0000, 0x0000, 0x0000, 0x0000,
    0x0000, 0x0000, 0x0000, 0x0000, 0x0000, 0x0000, 0x0000, 0x0000, 0x0000, 0x0000, 0x0000, 0x0000,
    0x0000, 0x0000, 0x0000, 0x0000, 0x0000, 0x0000, 0x0000, 0x0000, 0x0000, 0x0000, 0x0000, 0x0000,
    0x0000, 0x0000, 0x0020, 0x1001, 0x0000, 0x1C03, 0x2684, 0x0FE0, 0x1FE2, 0x17E0, 0x17E0, 0x17E0,
    0x17E0, 0x17E0, 0x17E0, 0x17E0, 0x17E0, 0x17E0, 0x17E0, 0x17E0, 0x17E0, 0x17C0, 0x17E0, 0x17E0,
    0x2502, 0x0900, 0x0821, 0x0820, 0x0000, 0x0000, 0x0000, 0x0000, 0x0000, 0x0000, 0x0000, 0x0000,
    0x0000, 0x0000, 0x0000, 0x0000, 0x0000, 0x0000, 0x0000, 0x0000, 0x0020, 0x1022, 0x0120, 0x1C82,
    0x0820, 0x0000, 0x0800, 0x0000, 0x0000, 0x0000, 0x0000, 0x0000, 0x0000, 0x0000, 0x0000, 0x0000,
    0x0000, 0x0000, 0x0000, 0x0000, 0x0000, 0x0000, 0x0000, 0x0000, 0x0000, 0x0000, 0x0000, 0x0000,
    0x0000, 0x0000, 0x0000, 0x0020, 0x0020, 0x0021, 0x0160, 0x1282, 0x0060, 0x0021, 0x0000, 0x0000,
    0x0000, 0x0000, 0x0000, 0x0000, 0x0000, 0x0000, 0x0000, 0x0000, 0x0000, 0x0000, 0x0000, 0x0000,
    0x0000, 0x0000, 0x0000, 0x0000, 0x0000, 0x1341, 0x3705, 0x1FE1, 0x17A0, 0x17E0, 0x17E0, 0x17E0,
    0x17E0, 0x17E0, 0x17E0, 0x17E0, 0x17E0, 0x17E0, 0x17E0, 0x17E0, 0x0FE1, 0x1FE2, 0x0FE0, 0x2764,
    0x0181, 0x0060, 0x0000, 0x0020, 0x0000, 0x0000, 0x0000, 0x0000, 0x0000, 0x0000, 0x0000, 0x0000,
    0x0000, 0x0000, 0x0000, 0x0000, 0x0000, 0x0000, 0x0000, 0x0000, 0x0000, 0x0000, 0x0000, 0x0000,
    0x0000, 0x0000, 0x0000, 0x0000, 0x0000, 0x0000, 0x0000, 0x0000, 0x0000, 0x0000, 0x0000, 0x0000,
    0x0000, 0x0000, 0x0000, 0x0000, 0x0000, 0x0000, 0x0000, 0x0000, 0x0000, 0x0000, 0x0000, 0x0000,
    0x0000, 0x0000, 0x0000, 0x0000, 0x0000, 0x0000, 0x0000, 0x0000, 0x0000, 0x0000, 0x0000, 0x0000,
    0x0000, 0x0000, 0x0000, 0x0000, 0x0000, 0x0000, 0x0000, 0x0000, 0x0000, 0x0000, 0x0000, 0x0000,
    0x0000, 0x0000, 0x0000, 0x0000, 0x0000, 0x0021, 0x11E2, 0x2F63, 0x17E0, 0x1FE0, 0x17E0, 0x17E0,
    0x1FC0, 0x17E0, 0x17E0, 0x17E0, 0x17E0, 0x17E0, 0x17E0, 0x17E0, 0x17E0, 0x17E0, 0x17E0, 0x17E0,
    0x1FE2, 0x25C3, 0x0801, 0x0040, 0x0801, 0x0000, 0x0000, 0x0000, 0x0000, 0x0000, 0x0000, 0x0000,
    0x0000, 0x0000, 0x0000, 0x0000, 0x0000, 0x0000, 0x0000, 0x0000, 0x0000, 0x0000, 0x0020, 0x0020,
    0x0020, 0x0000, 0x0000, 0x0000, 0x0000, 0x0000, 0x0000, 0x0000, 0x0000, 0x0000, 0x0000, 0x0000,
    0x0000, 0x0000, 0x0000, 0x0000, 0x0000, 0x0000, 0x0000, 0x0000, 0x0000, 0x0000, 0x0000, 0x0000,
    0x0000, 0x0000, 0x0000, 0x0000, 0x0000, 0x0000, 0x0000, 0x0020, 0x0000, 0x0000, 0x0000, 0x0000,
    0x0000, 0x0000, 0x0000, 0x0000, 0x0000, 0x0000, 0x0000, 0x0000, 0x0000, 0x0000, 0x0000, 0x0000,
    0x0000, 0x0000, 0x0020, 0x0822, 0x00C0, 0x2783, 0x1FA2, 0x0FE0, 0x17E0, 0x17E0, 0x17E0, 0x17E0,
    0x17E0, 0x17E0, 0x17E0, 0x17E0, 0x17E0, 0x0FE1, 0x17E0, 0x17E0, 0x2FC0, 0x17A0, 0x1E62, 0x0B20,
    0x0020, 0x0020, 0x0000, 0x0000, 0x0000, 0x0000, 0x0000, 0x0000, 0x0000, 0x0000, 0x0000, 0x0000,
    0x0000, 0x0000, 0x0000, 0x0000, 0x0000, 0x0000, 0x0000, 0x0000, 0x0000, 0x0000, 0x0000, 0x0000,
    0x0000, 0x0000, 0x0000, 0x0000, 0x0000, 0x0000, 0x0000, 0x0000, 0x0000, 0x0000, 0x0000, 0x0000,
    0x0000, 0x0000, 0x0000, 0x0000, 0x0000, 0x0000, 0x0000, 0x0000, 0x0000, 0x0000, 0x0000, 0x0000,
    0x0000, 0x0000, 0x0000, 0x0000, 0x0000, 0x0000, 0x0000, 0x0000, 0x0000, 0x0000, 0x0000, 0x0000,
    0x0000, 0x0000, 0x0000, 0x0000, 0x0000, 0x0000, 0x0000, 0x0000, 0x0000, 0x0000, 0x0000, 0x0000,
    0x0000, 0x0000, 0x0000, 0x0000, 0x0000, 0x0061, 0x0020, 0x25A4, 0x1F83, 0x27A2, 0x1FE2, 0x1FC0,
    0x17C0, 0x17E0, 0x17E0, 0x17E0, 0x17E0, 0x17E0, 0x17E0, 0x17E0, 0x17E0, 0x17E0, 0x17E0, 0x17E0,
    0x17E0, 0x2743, 0x00C0, 0x0841, 0x0020, 0x0000, 0x0000, 0x0000, 0x0000, 0x0000, 0x0000, 0x0000,
    0x0000, 0x0000, 0x0000, 0x0000, 0x0000, 0x0000, 0x0000, 0x0000, 0x0000, 0x0000, 0x0000, 0x0020,
    0x0000, 0x0000, 0x0000, 0x0000, 0x0000, 0x0000, 0x0000, 0x0000, 0x0000, 0x0000, 0x0000, 0x0000,
    0x0000, 0x0000, 0x0000, 0x0000, 0x0000, 0x0000, 0x0000, 0x0000, 0x0000, 0x0000, 0x0000, 0x0000,
    0x0000, 0x0000, 0x0000, 0x0000, 0x0000, 0x0000, 0x0000, 0x0020, 0x0000, 0x0000, 0x0000, 0x0000,
    0x0000, 0x0000, 0x0000, 0x0000, 0x0000, 0x0000, 0x0000, 0x0000, 0x0000, 0x0000, 0x0000, 0x0000,
    0x0000, 0x0000, 0x0000, 0x0021, 0x0AA0, 0x1FA1, 0x17C1, 0x17E0, 0x17E0, 0x17E0, 0x17E0, 0x17E0,
    0x17E0, 0x17E0, 0x17E0, 0x17E0, 0x17E0, 0x1FE1, 0x1FC1, 0x17C1, 0x1F81, 0x17C2, 0x0B00, 0x0880,
    0x0020, 0x0000, 0x0000, 0x0000, 0x0000, 0x0000, 0x0000, 0x0000, 0x0000, 0x0000, 0x0000, 0x0000,
    0x0000, 0x0000, 0x0000, 0x0000, 0x0000, 0x0000, 0x0000, 0x0000, 0x0000, 0x0000, 0x0000, 0x0000,
    0x0000, 0x0000, 0x0000, 0x0000, 0x0000, 0x0000, 0x0000, 0x0000, 0x0000, 0x0000, 0x0000, 0x0000,
    0x0000, 0x0000, 0x0000, 0x0000, 0x0000, 0x0000, 0x0000, 0x0000, 0x0000, 0x0000, 0x0000, 0x0000,
    0x0000, 0x0000, 0x0000, 0x0000, 0x0000, 0x0000, 0x0000, 0x0000, 0x0000, 0x0000, 0x0000, 0x0000,
    0x0000, 0x0000, 0x0000, 0x0000, 0x0000, 0x0000, 0x0000, 0x0000, 0x0000, 0x0000, 0x0000, 0x0000,
    0x0000, 0x0000, 0x0000, 0x0000, 0x0000, 0x1000, 0x0001, 0x1021, 0x0A60, 0x1FA1, 0x17E1, 0x17A0,
    0x1FE1, 0x17E0, 0x17E0, 0x17E0, 0x17E0, 0x17E0, 0x17E0, 0x17E0, 0x17E0, 0x17E0, 0x17E0, 0x17E0,
    0x17C0, 0x17E0, 0x2D65, 0x0962, 0x0000, 0x0000, 0x0000, 0x0000, 0x0000, 0x0000, 0x0000, 0x0000,
    0x0000, 0x0000, 0x0000, 0x0000, 0x0000, 0x0000, 0x0000, 0x0000, 0x0000, 0x0000, 0x0000, 0x0000,
    0x0000, 0x0000, 0x0000, 0x0000, 0x0000, 0x0000, 0x0000, 0x0000, 0x0000, 0x0000, 0x0000, 0x0000,
    0x0000, 0x0000, 0x0000, 0x0000, 0x0000, 0x0000, 0x0000, 0x0000, 0x0000, 0x0000, 0x0000, 0x0000,
    0x0000, 0x0000, 0x0000, 0x0000, 0x0000, 0x0000, 0x0000, 0x0000, 0x0000, 0x0000, 0x0000, 0x0000,
    0x0000, 0x0000, 0x0000, 0x0000, 0x0000, 0x0000, 0x0000, 0x0000, 0x0000, 0x0000, 0x0000, 0x0000,
    0x0000, 0x0020, 0x1001, 0x1BA1, 0x2702, 0x17E0, 0x17E0, 0x17E0, 0x17E0, 0x17E0, 0x17E0, 0x17E0,
    0x17E0, 0x17E0, 0x17E0, 0x17E0, 0x17E0, 0x17E2, 0x0FC0, 0x1FE0, 0x2E63, 0x1300, 0x0801, 0x0020,
    0x0000, 0x0000, 0x0000, 0x0000, 0x0000, 0x0000, 0x0000, 0x0000, 0x0000, 0x0000, 0x0000, 0x0000,
    0x0000, 0x0000, 0x0000, 0x0000, 0x0000, 0x0000, 0x0000, 0x0000, 0x0000, 0x0000, 0x0000, 0x0000,
    0x0000, 0x0000, 0x0000, 0x0000, 0x0000, 0x0000, 0x0000, 0x0000, 0x0000, 0x0000, 0x0000, 0x0000,
    0x0000, 0x0000, 0x0000, 0x0000, 0x0000, 0x0000, 0x0000, 0x0000, 0x0000, 0x0000, 0x0000, 0x0000,
    0x0000, 0x0000, 0x0000, 0x0000, 0x0000, 0x0000, 0x0000, 0x0000, 0x0000, 0x0000, 0x0000, 0x0000,
    0x0000, 0x0000, 0x0000, 0x0000, 0x0000, 0x0000, 0x0000, 0x0000, 0x0000, 0x0000, 0x0000, 0x0000,
    0x0000, 0x0000, 0x0000, 0x0000, 0x0000, 0x0020, 0x0020, 0x0020, 0x0000, 0x0860, 0x2444, 0x1FE2,
    0x17E0, 0x17E0, 0x17E0, 0x17E0, 0x17E0, 0x17E0, 0x17E0, 0x17E0, 0x17E0, 0x17E0, 0x17E0, 0x17E0,
    0x1FC1, 0x1780, 0x0FC0, 0x2643, 0x0000, 0x0000, 0x0000, 0x0000, 0x0000, 0x0000, 0x0000, 0x0000,
    0x0000, 0x0000, 0x0000, 0x0000, 0x0000, 0x0000, 0x0000, 0x0000, 0x0000, 0x0000, 0x0000, 0x0000,
    0x0000, 0x0000, 0x0000, 0x0000, 0x0000, 0x0000, 0x0000, 0x0000, 0x0000, 0x0000, 0x0000, 0x0000,
    0x0000, 0x0000, 0x0000, 0x0000, 0x0000, 0x0000, 0x0000, 0x0000, 0x0000, 0x0000, 0x0000, 0x0000,
    0x0000, 0x0000, 0x0000, 0x0000, 0x0000, 0x0000, 0x0000, 0x0000, 0x0000, 0x0000, 0x0000, 0x0000,
    0x0000, 0x0000, 0x0000, 0x0000, 0x0000, 0x0000, 0x0000, 0x0000, 0x0000, 0x0000, 0x0000, 0x0000,
    0x0000, 0x0001, 0x0040, 0x3745, 0x1FE1, 0x17C1, 0x17C1, 0x17E0, 0x17E0, 0x17E0, 0x17E0, 0x17E0,
    0x17E0, 0x17E0, 0x17E0, 0x17E0, 0x27C0, 0x1FE0, 0x2763, 0x2524, 0x1004, 0x0000, 0x0041, 0x0000,
    0x0000, 0x0000, 0x0000, 0x0000, 0x0000, 0x0000, 0x0000, 0x0000, 0x0000, 0x0000, 0x0000, 0x0000,
    0x0000, 0x0000, 0x0000, 0x0000, 0x0000, 0x0000, 0x0000, 0x0000, 0x0000, 0x0000, 0x0000, 0x0000,
    0x0000, 0x0000, 0x0000, 0x0000, 0x0000, 0x0000, 0x0000, 0x0000, 0x0000, 0x0000, 0x0000, 0x0000,
    0x0000, 0x0000, 0x0000, 0x0000, 0x0000, 0x0000, 0x0000, 0x0000, 0x0000, 0x0000, 0x0000, 0x0000,
    0x0000, 0x0000, 0x0000, 0x0000, 0x0000, 0x0000, 0x0000, 0x0000, 0x0000, 0x0000, 0x0000, 0x0000,
    0x0000, 0x0000, 0x0000, 0x0000, 0x0000, 0x0000, 0x0000, 0x0000, 0x0000, 0x0000, 0x0000, 0x0000,
    0x0000, 0x0000, 0x0000, 0x0000, 0x0000, 0x0000, 0x0000, 0x0000, 0x0000, 0x1800, 0x08A0, 0x1DC5,
    0x2724, 0x17C0, 0x17E1, 0x1FC1, 0x1FE1, 0x17E0, 0x17E0, 0x17E0, 0x17E0, 0x17E0, 0x17E0, 0x17E0,
    0x17E0, 0x17C0, 0x17C0, 0x2FC3, 0x0101, 0x0002, 0x0020, 0x0020, 0x0000, 0x0000, 0x0000, 0x0000,
    0x0000, 0x0000, 0x0000, 0x0000, 0x0000, 0x0000, 0x0000, 0x0000, 0x0000, 0x0000, 0x0000, 0x0000,
    0x0000, 0x0000, 0x0000, 0x0000, 0x0000, 0x0000, 0x0000, 0x0000, 0x0000, 0x0000, 0x0000, 0x0000,
    0x0000, 0x0000, 0x0000, 0x0000, 0x0000, 0x0000, 0x0000, 0x0000, 0x0000, 0x0000, 0x0000, 0x0000,
    0x0000, 0x0000, 0x0000, 0x0000, 0x0000, 0x0000, 0x0000, 0x0000, 0x0000, 0x0000, 0x0000, 0x0000,
    0x0000, 0x0000, 0x0000, 0x0000, 0x0000, 0x0000, 0x0000, 0x0000, 0x0000, 0x0000, 0x0800, 0x0800,
    0x0000, 0x0021, 0x1241, 0x17A1, 0x27C1, 0x17E0, 0x17E0, 0x17E0, 0x17E0, 0x17E0, 0x17E0, 0x17E0,
    0x17E0, 0x17E0, 0x17C0, 0x17C1, 0x0FE1, 0x27C2, 0x1C22, 0x0120, 0x0000, 0x0000, 0x0000, 0x0000,
    0x0000, 0x0000, 0x0000, 0x0000, 0x0000, 0x0000, 0x0000, 0x0000, 0x0000, 0x0000, 0x0000, 0x0000,
    0x0000, 0x0000, 0x0000, 0x0000, 0x0000, 0x0000, 0x0000, 0x0000, 0x0000, 0x0000, 0x0000, 0x0000,
    0x0000, 0x0000, 0x0000, 0x0000, 0x0000, 0x0000, 0x0000, 0x0000, 0x0000, 0x0000, 0x0000, 0x0000,
    0x0000, 0x0000, 0x0000, 0x0000, 0x0000, 0x0000, 0x0000, 0x0000, 0x0000, 0x0000, 0x0000, 0x0000,
    0x0000, 0x0000, 0x0000, 0x0000, 0x0000, 0x0000, 0x0000, 0x0000, 0x0000, 0x0000, 0x0000, 0x0000,
    0x0000, 0x0000, 0x0000, 0x0000, 0x0000, 0x0000, 0x0000, 0x0000, 0x0000, 0x0000, 0x0000, 0x0000,
    0x0000, 0x0000, 0x0000, 0x0000, 0x0000, 0x0000, 0x0000, 0x0000, 0x0000, 0x0001, 0x0802, 0x0821,
    0x0020, 0x2CC5, 0x2EA5, 0x0FE0, 0x1FA2, 0x17E0, 0x17E0, 0x17E0, 0x17E0, 0x17E0, 0x17E0, 0x17E0,
    0x17E0, 0x17C0, 0x0FE1, 0x0FE0, 0x2D44, 0x0140, 0x0801, 0x0000, 0x0000, 0x0000, 0x0000, 0x0000,
    0x0000, 0x0000, 0x0000, 0x0000, 0x0000, 0x0000, 0x0000, 0x0000, 0x0000, 0x0000, 0x0000, 0x0000,
    0x0000, 0x0000, 0x0000, 0x0000, 0x0000, 0x0000, 0x0000, 0x0000, 0x0000, 0x0000, 0x0000, 0x0000,
    0x0000, 0x0000, 0x0000, 0x0000, 0x0000, 0x0000, 0x0000, 0x0000, 0x0000, 0x0000, 0x0000, 0x0000,
    0x0000, 0x0000, 0x0000, 0x0000, 0x0000, 0x0000, 0x0000, 0x0000, 0x0000, 0x0000, 0x0000, 0x0000,
    0x0000, 0x0000, 0x0000, 0x0000, 0x0000, 0x0000, 0x0000, 0x0000, 0x0000, 0x0000, 0x0000, 0x0000,
    0x0801, 0x1302, 0x26E2, 0x1FC2, 0x1761, 0x17E0, 0x17E0, 0x17E0, 0x17E0, 0x17E0, 0x17E0, 0x17E0,
    0x17E0, 0x17C0, 0x27C3, 0x17C1, 0x2463, 0x01C0, 0x1804, 0x0802, 0x0000, 0x0000, 0x0000, 0x0000,
    0x0000, 0x0000, 0x0000, 0x0000, 0x0000, 0x0000, 0x0000, 0x0000, 0x0000, 0x0000, 0x0000, 0x0000,
    0x0000, 0x0000, 0x0000, 0x0000, 0x0000, 0x0000, 0x0000, 0x0000, 0x0000, 0x0000, 0x0000, 0x0000,
    0x0000, 0x0000, 0x0000, 0x0000, 0x0000, 0x0000, 0x0000, 0x0000, 0x0000, 0x0000, 0x0000, 0x0000,
    0x0000, 0x0000, 0x0000, 0x0000, 0x0000, 0x0000, 0x0000, 0x0000, 0x0000, 0x0000, 0x0000, 0x0000,
    0x0000, 0x0000, 0x0000, 0x0000, 0x0000, 0x0000, 0x0000, 0x0000, 0x0000, 0x0000, 0x0000, 0x0000,
    0x0000, 0x0000, 0x0000, 0x0000, 0x0000, 0x0000, 0x0000, 0x0000, 0x0000, 0x0000, 0x0000, 0x0000,
    0x0000, 0x0000, 0x0000, 0x0000, 0x0000, 0x0000, 0x0000, 0x0000, 0x0000, 0x0000, 0x0821, 0x0021,
    0x0821, 0x08C0, 0x1B22, 0x2F84, 0x0FE0, 0x17E0, 0x17E0, 0x17E0, 0x17E0, 0x17E0, 0x17E0, 0x17E0,
    0x17E0, 0x17E0, 0x17E1, 0x0FE0, 0x3705, 0x13A1, 0x0801, 0x0001, 0x0000, 0x0000, 0x0000, 0x0000,
    0x0000, 0x0000, 0x0000, 0x0000, 0x0000, 0x0000, 0x0000, 0x0000, 0x0000, 0x0000, 0x0000, 0x0000,
    0x0000, 0x0000, 0x0000, 0x0000, 0x0000, 0x0000, 0x0000, 0x0000, 0x0000, 0x0000, 0x0000, 0x0000,
    0x0000, 0x0000, 0x0000, 0x0000, 0x0000, 0x0000, 0x0000, 0x0000, 0x0000, 0x0000, 0x0000, 0x0000,
    0x0000, 0x0000, 0x0000, 0x0000, 0x0000, 0x0000, 0x0000, 0x0000, 0x0000, 0x0000, 0x0000, 0x0000,
    0x0000, 0x0000, 0x0000, 0x0000, 0x0000, 0x0000, 0x0000, 0x0000, 0x0000, 0x0000, 0x0000, 0x0000,
    0x0020, 0x2D84, 0x1FC2, 0x17C1, 0x17C1, 0x17E0, 0x17E0, 0x17E0, 0x17E0, 0x17E0, 0x17E0, 0x17E0,
    0x17E0, 0x17E0, 0x17E0, 0x25E3, 0x08A1, 0x0020, 0x0041, 0x0020, 0x0000, 0x0000, 0x0000, 0x0000,
    0x0000, 0x0000, 0x0000, 0x0000, 0x0000, 0x0000, 0x0000, 0x0000, 0x0000, 0x0000, 0x0000, 0x0000,
    0x0000, 0x0000, 0x0000, 0x0000, 0x0000, 0x0000, 0x0000, 0x0000, 0x0000, 0x0000, 0x0000, 0x0000,
    0x0000, 0x0000, 0x0000, 0x0000, 0x0000, 0x0000, 0x0000, 0x0000, 0x0000, 0x0000, 0x0000, 0x0000,
    0x0000, 0x0000, 0x0000, 0x0000, 0x0000, 0x0000, 0x0000, 0x0000, 0x0000, 0x0000, 0x0000, 0x0000,
    0x0000, 0x0000, 0x0000, 0x0000, 0x0000, 0x0000, 0x0000, 0x0000, 0x0000, 0x0000, 0x0000, 0x0000,
    0x0000, 0x0000, 0x0000, 0x0000, 0x0000, 0x0000, 0x0000, 0x0000, 0x0000, 0x0000, 0x0000, 0x0000,
    0x0000, 0x0000, 0x0000, 0x0000, 0x0000, 0x0000, 0x0000, 0x0000, 0x0000, 0x0800, 0x0800, 0x0020,
    0x0020, 0x0020, 0x0020, 0x1303, 0x0FC0, 0x17E0, 0x1FE0, 0x17E0, 0x17E0, 0x17E0, 0x17E0, 0x17E0,
    0x17E0, 0x17E0, 0x1FE0, 0x1FC1, 0x17E0, 0x37A5, 0x00E0, 0x1822, 0x0000, 0x0000, 0x0000, 0x0000,
    0x0000, 0x0000, 0x0000, 0x0000, 0x0000, 0x0000, 0x0000, 0x0000, 0x0000, 0x0000, 0x0000, 0x0000,
    0x0000, 0x0000, 0x0000, 0x0000, 0x0000, 0x0000, 0x0000, 0x0000, 0x0000, 0x0000, 0x0000, 0x0000,
    0x0000, 0x0000, 0x0000, 0x0000, 0x0000, 0x0000, 0x0000, 0x0000, 0x0000, 0x0000, 0x0000, 0x0000,
    0x0000, 0x0000, 0x0000, 0x0000, 0x0000, 0x0000, 0x0000, 0x0000, 0x0000, 0x0000, 0x0000, 0x0000,
    0x0000, 0x0000, 0x0000, 0x0000, 0x0000, 0x0000, 0x0000, 0x0000, 0x0000, 0x0000, 0x0020, 0x0801,
    0x0A40, 0x1FE0, 0x17E2, 0x17E0, 0x07E0, 0x17E0, 0x17E0, 0x17E0, 0x17E0, 0x17E0, 0x1FE0, 0x17E0,
    0x17E0, 0x2FE3, 0x2662, 0x1004, 0x0040, 0x0000, 0x0801, 0x0000, 0x0000, 0x0000, 0x0000, 0x0000,
    0x0000, 0x0000, 0x0000, 0x0000, 0x0000, 0x0000, 0x0000, 0x0000, 0x0000, 0x0000, 0x0000, 0x0000,
    0x0000, 0x0000, 0x0000, 0x0000, 0x0000, 0x0000, 0x0000, 0x0000, 0x0000, 0x0000, 0x0000, 0x0000,
    0x0000, 0x0000, 0x0000, 0x0000, 0x0000, 0x0000, 0x0000, 0x0000, 0x0000, 0x0000, 0x0000, 0x0000,
    0x0000, 0x0000, 0x0000, 0x0000, 0x0000, 0x0000, 0x0000, 0x0000, 0x0000, 0x0000, 0x0000, 0x0000,
    0x0000, 0x0000, 0x0000, 0x0000, 0x0000, 0x0000, 0x0000, 0x0000, 0x0000, 0x0000, 0x0000, 0x0000,
    0x0000, 0x0000, 0x0000, 0x0000, 0x0000, 0x0000, 0x0000, 0x0000, 0x0000, 0x0000, 0x0000, 0x0000,
    0x0000, 0x0000, 0x0000, 0x0000, 0x0000, 0x0000, 0x0000, 0x0000, 0x0000, 0x0000, 0x0000, 0x0000,
    0x0000, 0x0000, 0x0020, 0x08A0, 0x27C2, 0x0FE0, 0x1FC1, 0x17E0, 0x17C0, 0x17E0, 0x17E0, 0x17E0,
    0x17E0, 0x17E0, 0x17E0, 0x17E0, 0x17C0, 0x27E3, 0x0AA0, 0x1001, 0x0000, 0x0000, 0x0000, 0x0000,
    0x0000, 0x0000, 0x0000, 0x0000, 0x0000, 0x0000, 0x0000, 0x0000, 0x0000, 0x0000, 0x0000, 0x0000,
    0x0000, 0x0000, 0x0000, 0x0000, 0x0000, 0x0000, 0x0000, 0x0000, 0x0000, 0x0000, 0x0000, 0x0000,
    0x0000, 0x0000, 0x0000, 0x0000, 0x0000, 0x0000, 0x0000, 0x0000, 0x0000, 0x0000, 0x0000, 0x0000,
    0x0000, 0x0000, 0x0000, 0x0020, 0x0020, 0x0000, 0x0000, 0x0020, 0x0020, 0x0000, 0x0000, 0x0000,
    0x0000, 0x0000, 0x0000, 0x0000, 0x0000, 0x0000, 0x0000, 0x0000, 0x0000, 0x0000, 0x0800, 0x1802,
    0x1C63, 0x17E0, 0x17E0, 0x17E0, 0x17E0, 0x17E0, 0x17E0, 0x17E0, 0x17E0, 0x17E0, 0x1FE1, 0x17E1,
    0x17E1, 0x2FA4, 0x1422, 0x1003, 0x0020, 0x0000, 0x0000, 0x0000, 0x0000, 0x0000, 0x0000, 0x0000,
    0x0000, 0x0000, 0x0000, 0x0000, 0x0000, 0x0000, 0x0000, 0x0000, 0x0000, 0x0000, 0x0000, 0x0000,
    0x0000, 0x0000, 0x0000, 0x0000, 0x0000, 0x0000, 0x0000, 0x0000, 0x0000, 0x0000, 0x0000, 0x0000,
    0x0000, 0x0000, 0x0000, 0x0000, 0x0000, 0x0000, 0x0000, 0x0000, 0x0000, 0x0000, 0x0000, 0x0000,
    0x0000, 0x0000, 0x0000, 0x0000, 0x0000, 0x0000, 0x0000, 0x0000, 0x0000, 0x0000, 0x0000, 0x0000,
    0x0000, 0x0000, 0x0000, 0x0000, 0x0000, 0x0000, 0x0000, 0x0000, 0x0000, 0x0000, 0x0000, 0x0000,
    0x0000, 0x0000, 0x0000, 0x0000, 0x0000, 0x0000, 0x0000, 0x0000, 0x0000, 0x0000, 0x0000, 0x0000,
    0x0000, 0x0000, 0x0000, 0x0000, 0x0000, 0x0000, 0x0000, 0x0000, 0x0000, 0x0000, 0x0000, 0x0000,
    0x0000, 0x0000, 0x0020, 0x0801, 0x2444, 0x2783, 0x0FE0, 0x1FE1, 0x1FE1, 0x17E0, 0x17E0, 0x17E0,
    0x17E0, 0x17E0, 0x17E0, 0x17E0, 0x17E1, 0x0FE0, 0x2EE4, 0x02C0, 0x0000, 0x0000, 0x0000, 0x0000,
    0x0000, 0x0000, 0x0000, 0x0000, 0x0000, 0x0000, 0x0000, 0x0000, 0x0000, 0x0000, 0x0001, 0x0801,
    0x0000, 0x0000, 0x0000, 0x0000, 0x0000, 0x0000, 0x0000, 0x0000, 0x0000, 0x0000, 0x0000, 0x0000,
    0x0000, 0x0000, 0x0000, 0x0000, 0x0000, 0x0000, 0x0000, 0x0000, 0x0000, 0x0000, 0x0000, 0x0000,
    0x0000, 0x0000, 0x0000, 0x0000, 0x0000, 0x0000, 0x0800, 0x0001, 0x0000, 0x0000, 0x0000, 0x0000,
    0x0000, 0x0000, 0x0000, 0x0000, 0x0000, 0x0000, 0x0000, 0x0000, 0x0000, 0x0000, 0x0801, 0x0040,
    0x2F44, 0x17E0, 0x17E0, 0x17E0, 0x17E0, 0x17E0, 0x17E0, 0x17E0, 0x17E0, 0x17E0, 0x17C0, 0x0FE0,
    0x17C0, 0x0B60, 0x0021, 0x0040, 0x0001, 0x0000, 0x0000, 0x0000, 0x0000, 0x0000, 0x0000, 0x0000,
    0x0000, 0x0000, 0x0000, 0x0000, 0x0000, 0x0000, 0x0000, 0x0000, 0x0000, 0x0000, 0x0000, 0x0000,
    0x0000, 0x0000, 0x0000, 0x0000, 0x0000, 0x0000, 0x0000, 0x0000, 0x0000, 0x0000, 0x0000, 0x0000,
    0x0000, 0x0000, 0x0000, 0x0000, 0x0000, 0x0000, 0x0000, 0x0000, 0x0000, 0x0000, 0x0000, 0x0000,
    0x0000, 0x0000, 0x0000, 0x0000, 0x0000, 0x0000, 0x0000, 0x0000, 0x0000, 0x0000, 0x0000, 0x0000,
    0x0000, 0x0000, 0x0000, 0x0000, 0x0000, 0x0000, 0x0000, 0x0000, 0x0000, 0x0000, 0x0000, 0x0000,
    0x0000, 0x0000, 0x0000, 0x0000, 0x0000, 0x0000, 0x0000, 0x0000, 0x0000, 0x0000, 0x0000, 0x0000,
    0x0000, 0x0000, 0x0000, 0x0000, 0x0000, 0x0000, 0x0000, 0x0000, 0x0000, 0x0000, 0x0000, 0x0000,
    0x0000, 0x0000, 0x0021, 0x0801, 0x09A2, 0x36A5, 0x07E0, 0x1FE1, 0x17E1, 0x17E0, 0x17E0, 0x17E0,
    0x17E0, 0x17E0, 0x17E0, 0x17E0, 0x17E1, 0x1FC1, 0x2FA4, 0x2544, 0x0000, 0x0000, 0x0000, 0x0000,
    0x0000, 0x0000, 0x0000, 0x0000, 0x0000, 0x0000, 0x0000, 0x0000, 0x0000, 0x0021, 0x0021, 0x0020,
    0x0801, 0x0802, 0x0040, 0x0020, 0x0000, 0x0000, 0x0000, 0x0000, 0x0000, 0x0000, 0x0000, 0x0000,
    0x0000, 0x0000, 0x0000, 0x0000, 0x0000, 0x0000, 0x0000, 0x0000, 0x0000, 0x0000, 0x0000, 0x0000,
    0x0000, 0x0000, 0x0000, 0x0000, 0x0021, 0x0020, 0x0020, 0x0020, 0x0020, 0x0000, 0x0000, 0x0000,
    0x0000, 0x0000, 0x0000, 0x0000, 0x0000, 0x0000, 0x0000, 0x0000, 0x0000, 0x0000, 0x0000, 0x01C0,
    0x1FC3, 0x17E0, 0x17E0, 0x17E0, 0x17E0, 0x17E0, 0x17E0, 0x17E0, 0x17E0, 0x17E1, 0x1FE0, 0x17E1,
    0x27A2, 0x0180, 0x0801, 0x0020, 0x0000, 0x0000, 0x0000, 0x0000, 0x0000, 0x0000, 0x0000, 0x0000,
    0x0000, 0x0000, 0x0000, 0x0000, 0x0000, 0x0000, 0x0000, 0x0000, 0x0000, 0x0000, 0x0000, 0x0000,
    0x0000, 0x0000, 0x0000, 0x0000, 0x0000, 0x0000, 0x0000, 0x0000, 0x0000, 0x0000, 0x0000, 0x0000,
    0x0000, 0x0000, 0x0000, 0x0000, 0x0000, 0x0000, 0x0000, 0x0000, 0x0000, 0x0000, 0x0000, 0x0000,
    0x0000, 0x0000, 0x0000, 0x0000, 0x0000, 0x0000, 0x0000, 0x0000, 0x0000, 0x0000, 0x0000, 0x0000,
    0x0000, 0x0000, 0x0000, 0x0000, 0x0000, 0x0000, 0x0000, 0x0000, 0x0000, 0x0000, 0x0000, 0x0000,
    0x0000, 0x0000, 0x0000, 0x0000, 0x0000, 0x0000, 0x0000, 0x0000, 0x0000, 0x0000, 0x0000, 0x0000,
    0x0000, 0x0000, 0x0000, 0x0000, 0x0000, 0x0000, 0x0000, 0x0000, 0x0000, 0x0000, 0x0000, 0x0000,
    0x0000, 0x0000, 0x0000, 0x0020, 0x0000, 0x1322, 0x07E0, 0x1FE2, 0x17E0, 0x17E0, 0x17E0, 0x17E0,
    0x17E0, 0x17E0, 0x17E0, 0x17E0, 0x0FE0, 0x1FE0, 0x17E0, 0x27E4, 0x01A0, 0x0020, 0x0020, 0x0000,
    0x0000, 0x0000, 0x0000, 0x0000, 0x0000, 0x0000, 0x0000, 0x0000, 0x0040, 0x1003, 0x0160, 0x2E05,
    0x23E3, 0x00A0, 0x0801, 0x0000, 0x0000, 0x0000, 0x0000, 0x0000, 0x0000, 0x0000, 0x0000, 0x0000,
    0x0000, 0x0000, 0x0000, 0x0000, 0x0000, 0x0000, 0x0000, 0x0000, 0x0000, 0x0000, 0x0000, 0x0000,
    0x0000, 0x0000, 0x0000, 0x0020, 0x1002, 0x1C62, 0x2DC5, 0x0A80, 0x1002, 0x0821, 0x0020, 0x0020,
    0x0000, 0x0000, 0x0000, 0x0000, 0x0000, 0x0000, 0x0000, 0x0001, 0x0020, 0x0040, 0x0B21, 0x2EA4,
    0x17E0, 0x17E0, 0x17E0, 0x17E0, 0x17E0, 0x17E0, 0x17E0, 0x17E0, 0x17E0, 0x17E1, 0x17E2, 0x27C3,
    0x1D83, 0x0020, 0x0020, 0x0800, 0x0000, 0x0000, 0x0000, 0x0000, 0x0000, 0x0000, 0x0000, 0x0000,
    0x0000, 0x0000, 0x0000, 0x0000, 0x0000, 0x0000, 0x0000, 0x0000, 0x0000, 0x0000, 0x0000, 0x0000,
    0x0000, 0x0000, 0x0000, 0x0000, 0x0000, 0x0000, 0x0000, 0x0000, 0x0000, 0x0000, 0x0000, 0x0000,
    0x0000, 0x0000, 0x0000, 0x0000, 0x0000, 0x0000, 0x0000, 0x0000, 0x0000, 0x0000, 0x0000, 0x0000,
    0x0000, 0x0000, 0x0000, 0x0000, 0x0000, 0x0000, 0x0000, 0x0000, 0x0000, 0x0000, 0x0000, 0x0000,
    0x0000, 0x0000, 0x0000, 0x0000, 0x0000, 0x0000, 0x0000, 0x0000, 0x0000, 0x0000, 0x0000, 0x0000,
    0x0000, 0x0000, 0x0000, 0x0000, 0x0000, 0x0000, 0x0000, 0x0000, 0x0000, 0x0000, 0x0000, 0x0000,
    0x0000, 0x0000, 0x0000, 0x0000, 0x0000, 0x0000, 0x0000, 0x0000, 0x0000, 0x0000, 0x0000, 0x0000,
    0x0000, 0x0000, 0x0000, 0x0020, 0x0020, 0x0160, 0x1FA2, 0x17E0, 0x1FE1, 0x17E0, 0x17E0, 0x17E0,
    0x17E0, 0x17E0, 0x17E0, 0x17E0, 0x0FE0, 0x17C0, 0x17E1, 0x1FE3, 0x1301, 0x0000, 0x0020, 0x0000,
    0x0000, 0x0000, 0x0000, 0x0000, 0x0000, 0x0000, 0x0000, 0x0000, 0x0020, 0x08A2, 0x1BE2, 0x17A2,
    0x35C5, 0x0180, 0x0000, 0x0020, 0x0000, 0x0000, 0x0000, 0x0000, 0x0000, 0x0000, 0x0000, 0x0000,
    0x0000, 0x0000, 0x0000, 0x0000, 0x0000, 0x0000, 0x0000, 0x0000, 0x0000, 0x0000, 0x0000, 0x0000,
    0x0000, 0x0000, 0x0000, 0x0040, 0x1003, 0x2E83, 0x27A3, 0x2DA3, 0x0041, 0x0800, 0x0041, 0x0020,
    0x0000, 0x0000, 0x0000, 0x0000, 0x0000, 0x0000, 0x0001, 0x0001, 0x0020, 0x0041, 0x1D03, 0x1FA2,
    0x17E0, 0x17E0, 0x17E0, 0x17E0, 0x17E0, 0x17E0, 0x17E0, 0x17E0, 0x17E0, 0x17E0, 0x17C1, 0x26E3,
    0x1342, 0x0020, 0x0000, 0x0000, 0x0000, 0x0000, 0x0000, 0x0000, 0x0000, 0x0000, 0x0000, 0x0000,
    0x0000, 0x0000, 0x0000, 0x0000, 0x0000, 0x0000, 0x0000, 0x0000, 0x0000, 0x0000, 0x0000, 0x0000,
    0x0000, 0x0000, 0x0000, 0x0000, 0x0000, 0x0000, 0x0000, 0x0000, 0x0000, 0x0000, 0x0000, 0x0000,
    0x0000, 0x0000, 0x0000, 0x0000, 0x0000, 0x0000, 0x0000, 0x0000, 0x0000, 0x0000, 0x0000, 0x0000,
    0x0000, 0x0000, 0x0000, 0x0000, 0x0000, 0x0000, 0x0000, 0x0000, 0x0000, 0x0000, 0x0000, 0x0000,
    0x0000, 0x0000, 0x0000, 0x0000, 0x0000, 0x0000, 0x0000, 0x0000, 0x0000, 0x0000, 0x0000, 0x0000,
    0x0000, 0x0000, 0x0000, 0x0000, 0x0000, 0x0000, 0x0000, 0x0000, 0x0000, 0x0000, 0x0000, 0x0000,
    0x0000, 0x0000, 0x0000, 0x0000, 0x0000, 0x0000, 0x0000, 0x0000, 0x0000, 0x0000, 0x0000, 0x0000,
    0x0000, 0x0000, 0x0000, 0x0000, 0x0000, 0x0801, 0x2D03, 0x1FC3, 0x2781, 0x17E0, 0x17E0, 0x17E0,
    0x17E0, 0x17E0, 0x17E0, 0x17E0, 0x17E1, 0x17C0, 0x0FE0, 0x17E0, 0x36E5, 0x0061, 0x1002, 0x0020,
    0x0000, 0x0000, 0x0000, 0x0000, 0x0000, 0x0000, 0x0000, 0x0020, 0x1062, 0x26A3, 0x27C2, 0x17E1,
    0x2FA4, 0x1C42, 0x1022, 0x0000, 0x0000, 0x0000, 0x0000, 0x0000, 0x0000, 0x0000, 0x0000, 0x0000,
    0x0000, 0x0000, 0x0000, 0x0000, 0x0000, 0x0000, 0x0000, 0x0000, 0x0000, 0x0000, 0x0000, 0x0000,
    0x0000, 0x0000, 0x0000, 0x0020, 0x08E1, 0x27E2, 0x0FC0, 0x17E0, 0x1D63, 0x09A2, 0x0000, 0x0000,
    0x0000, 0x0000, 0x0000, 0x0000, 0x0000, 0x0000, 0x0020, 0x0020, 0x0001, 0x0061, 0x2F84, 0x0FE0,
    0x27E1, 0x17E0, 0x17E0, 0x17E0, 0x17E0, 0x17E0, 0x17E0, 0x17E0, 0x17E0, 0x0FE1, 0x1FE0, 0x0AC3,
    0x0801, 0x0020, 0x0000, 0x0000, 0x0000, 0x0000, 0x0000, 0x0000, 0x0000, 0x0000, 0x0000, 0x0000,
    0x0000, 0x0000, 0x0000, 0x0000, 0x0000, 0x0000, 0x0000, 0x0000, 0x0000, 0x0000, 0x0000, 0x0000,
    0x0000, 0x0000, 0x0000, 0x0000, 0x0000, 0x0000, 0x0000, 0x0000, 0x0000, 0x0000, 0x0000, 0x0000,
    0x0000, 0x0000, 0x0000, 0x0000, 0x0000, 0x0000, 0x0000, 0x0000, 0x0000, 0x0000, 0x0000, 0x0000,
    0x0000, 0x0000, 0x0000, 0x0000, 0x0000, 0x0000, 0x0000, 0x0000, 0x0000, 0x0000, 0x0000, 0x0000,
    0x0000, 0x0000, 0x0000, 0x0000, 0x0000, 0x0000, 0x0000, 0x0000, 0x0000, 0x0000, 0x0000, 0x0000,
    0x0000, 0x0000, 0x0000, 0x0000, 0x0000, 0x0000, 0x0000, 0x0000, 0x0000, 0x0000, 0x0000, 0x0000,
    0x0000, 0x0000, 0x0000, 0x0000, 0x0000, 0x0000, 0x0000, 0x0000, 0x0000, 0x0000, 0x0000, 0x0000,
    0x0000, 0x0000, 0x0000, 0x0000, 0x0000, 0x0821, 0x0A80, 0x1EA3, 0x1FE1, 0x17E0, 0x17E0, 0x17E0,
    0x17E0, 0x17E0, 0x17E0, 0x17E0, 0x17E1, 0x17C0, 0x17E0, 0x1FE1, 0x2FE3, 0x0160, 0x0801, 0x0000,
    0x0000, 0x0000, 0x0000, 0x0000, 0x0000, 0x0000, 0x0020, 0x0020, 0x1202, 0x27C2, 0x17C0, 0x1FE2,
    0x1FC1, 0x2523, 0x1002, 0x0000, 0x0000, 0x0000, 0x0000, 0x0000, 0x0000, 0x0000, 0x0000, 0x0000,
    0x0000, 0x0000, 0x0000, 0x0000, 0x0000, 0x0000, 0x0000, 0x0000, 0x0000, 0x0000, 0x0000, 0x0000,
    0x0000, 0x0000, 0x0000, 0x0020, 0x0160, 0x17E1, 0x17E0, 0x17C0, 0x2F45, 0x2424, 0x0000, 0x0020,
    0x0000, 0x0000, 0x0000, 0x0000, 0x0000, 0x0000, 0x0020, 0x0020, 0x0080, 0x0A61, 0x1FE1, 0x0FE0,
    0x1FE1, 0x17E0, 0x17E0, 0x17E0, 0x17E0, 0x17E0, 0x17E0, 0x17E0, 0x17E0, 0x07C0, 0x2FA2, 0x00E1,
    0x0001, 0x0020, 0x0000, 0x0000, 0x0000, 0x0000, 0x0000, 0x0000, 0x0000, 0x0000, 0x0000, 0x0000,
    0x0000, 0x0000, 0x0000, 0x0000, 0x0000, 0x0000, 0x0000, 0x0000, 0x0000, 0x0000, 0x0000, 0x0000,
    0x0000, 0x0000, 0x0000, 0x0000, 0x0000, 0x0000, 0x0000, 0x0000, 0x0000, 0x0000, 0x0000, 0x0000,
    0x0000, 0x0000, 0x0000, 0x0000, 0x0000, 0x0000, 0x0000, 0x0000, 0x0000, 0x0000, 0x0000, 0x0000,
    0x0000, 0x0000, 0x0000, 0x0000, 0x0000, 0x0000, 0x0000, 0x0000, 0x0000, 0x0000, 0x0000, 0x0000,
    0x0000, 0x0000, 0x0000, 0x0000, 0x0000, 0x0000, 0x0000, 0x0000, 0x0000, 0x0000, 0x0000, 0x0000,
    0x0000, 0x0000, 0x0000, 0x0000, 0x0000, 0x0000, 0x0000, 0x0000, 0x0000, 0x0000, 0x0000, 0x0000,
    0x0000, 0x0000, 0x0000, 0x0000, 0x0000, 0x0000, 0x0000, 0x0000, 0x0000, 0x0000, 0x0000, 0x0000,
    0x0000, 0x0000, 0x0000, 0x0000, 0x0000, 0x0021, 0x0800, 0x1260, 0x17E1, 0x17E1, 0x17E0, 0x17E2,
    0x1FE0, 0x17E0, 0x17E0, 0x17E0, 0x17E0, 0x17E0, 0x17E0, 0x17C0, 0x0FE0, 0x2543, 0x0160, 0x0020,
    0x0000, 0x0000, 0x0000, 0x0000, 0x0800, 0x0020, 0x1002, 0x1B42, 0x1F41, 0x17E1, 0x17E1, 0x17E1,
    0x07E0, 0x1EE3, 0x1002, 0x0020, 0x0000, 0x0000, 0x0000, 0x0000, 0x0000, 0x0000, 0x0000, 0x0000,
    0x0000, 0x0000, 0x0000, 0x0000, 0x0000, 0x0000, 0x0000, 0x0000, 0x0000, 0x0000, 0x0000, 0x0000,
    0x0000, 0x0000, 0x0000, 0x0801, 0x12C1, 0x17E0, 0x17E0, 0x1FC0, 0x17E0, 0x1FA1, 0x01C0, 0x0001,
    0x0020, 0x0020, 0x0000, 0x0000, 0x0000, 0x0000, 0x0020, 0x0040, 0x13C3, 0x2744, 0x17E0, 0x17E0,
    0x17E0, 0x17E0, 0x17E0, 0x17E0, 0x17E0, 0x17E0, 0x17E1, 0x1FC0, 0x17E1, 0x3724, 0x1362, 0x0820,
    0x0020, 0x0000, 0x0000, 0x0000, 0x0000, 0x0000, 0x0000, 0x0000, 0x0000, 0x0000, 0x0000, 0x0000,
    0x0000, 0x0000, 0x0000, 0x0000, 0x0000, 0x0000, 0x0000, 0x0000, 0x0000, 0x0000, 0x0000, 0x0000,
    0x0000, 0x0000, 0x0000, 0x0000, 0x0000, 0x0000, 0x0000, 0x0000, 0x0000, 0x0000, 0x0000, 0x0000,
    0x0000, 0x0000, 0x0000, 0x0000, 0x0000, 0x0000, 0x0000, 0x0000, 0x0000, 0x0000, 0x0000, 0x0000,
    0x0000, 0x0000, 0x0000, 0x0000, 0x0000, 0x0000, 0x0000, 0x0000, 0x0000, 0x0000, 0x0000, 0x0000,
    0x0000, 0x0000, 0x0000, 0x0000, 0x0000, 0x0000, 0x0000, 0x0000, 0x0000, 0x0000, 0x0000, 0x0000,
    0x0000, 0x0000, 0x0000, 0x0000, 0x0000, 0x0000, 0x0000, 0x0000, 0x0000, 0x0000, 0x0000, 0x0000,
    0x0000, 0x0000, 0x0000, 0x0000, 0x0000, 0x0000, 0x0000, 0x0000, 0x0000, 0x0000, 0x0000, 0x0000,
    0x0000, 0x0000, 0x0000, 0x0000, 0x0000, 0x0000, 0x0820, 0x00C0, 0x2783, 0x0FE0, 0x17E0, 0x0FC1,
    0x17C0, 0x17E0, 0x17E0, 0x17E0, 0x17E0, 0x17E0, 0x17E0, 0x17E0, 0x17E0, 0x2EC4, 0x12E1, 0x0001,
    0x0000, 0x0000, 0x0000, 0x0000, 0x0000, 0x0001, 0x0802, 0x2DC5, 0x17C1, 0x17E1, 0x17E1, 0x17E1,
    0x0FE0, 0x1F42, 0x1002, 0x0020, 0x0000, 0x0000, 0x0000, 0x0000, 0x0000, 0x0000, 0x0000, 0x0000,
    0x0000, 0x0000, 0x0000, 0x0000, 0x0000, 0x0000, 0x0000, 0x0000, 0x0000, 0x0000, 0x0000, 0x0000,
    0x0000, 0x0000, 0x0000, 0x0801, 0x1341, 0x17E0, 0x17E0, 0x17E0, 0x17C1, 0x17C1, 0x1401, 0x00A1,
    0x0020, 0x0000, 0x0000, 0x0000, 0x0000, 0x0000, 0x0000, 0x0000, 0x2D65, 0x1FC2, 0x17E0, 0x17E0,
    0x17E0, 0x17E0, 0x17E0, 0x17E0, 0x17E0, 0x1FE0, 0x17E1, 0x1FC0, 0x0FA0, 0x1D82, 0x0100, 0x0020,
    0x0020, 0x0000, 0x0000, 0x0000, 0x0000, 0x0000, 0x0000, 0x0000, 0x0000, 0x0000, 0x0000, 0x0000,
    0x0000, 0x0000, 0x0000, 0x0000, 0x0000, 0x0000, 0x0000, 0x0000, 0x0000, 0x0000, 0x0000, 0x0000,
    0x0000, 0x0000, 0x0000, 0x0000, 0x0000, 0x0000, 0x0000, 0x0000, 0x0000, 0x0000, 0x0000, 0x0000,
    0x0000, 0x0000, 0x0000, 0x0000, 0x0000, 0x0000, 0x0000, 0x0000, 0x0000, 0x0000, 0x0000, 0x0000,
    0x0000, 0x0000, 0x0000, 0x0000, 0x0000, 0x0000, 0x0000, 0x0000, 0x0000, 0x0000, 0x0000, 0x0000,
    0x0000, 0x0000, 0x0000, 0x0000, 0x0000, 0x0000, 0x0000, 0x0000, 0x0000, 0x0000, 0x0000, 0x0000,
    0x0000, 0x0000, 0x0000, 0x0000, 0x0000, 0x0000, 0x0000, 0x0000, 0x0000, 0x0000, 0x0000, 0x0000,
    0x0000, 0x0000, 0x0000, 0x0000, 0x0000, 0x0000, 0x0000, 0x0000, 0x0000, 0x0000, 0x0000, 0x0000,
    0x0000, 0x0000, 0x0000, 0x0000, 0x0000, 0x0000, 0x0001, 0x0002, 0x1B22, 0x26C3, 0x17A0, 0x1FE1,
    0x17E1, 0x17E0, 0x17E0, 0x17E0, 0x17E0, 0x17E0, 0x17E0, 0x17E0, 0x27A1, 0x0FE1, 0x36C3, 0x0002,
    0x0000, 0x0000, 0x0000, 0x0000, 0x0020, 0x0800, 0x1301, 0x0FE1, 0x17C0, 0x17E0, 0x17E0, 0x17E0,
    0x17E1, 0x1F82, 0x0000, 0x0000, 0x0000, 0x0000, 0x0000, 0x0000, 0x0000, 0x0000, 0x0000, 0x0000,
    0x0000, 0x0000, 0x0000, 0x0000, 0x0000, 0x0000, 0x0000, 0x0000, 0x0000, 0x0000, 0x0000, 0x0000,
    0x0000, 0x0000, 0x0020, 0x0021, 0x13A1, 0x17E0, 0x17E1, 0x17E0, 0x17E0, 0x0FE1, 0x27A2, 0x2D84,
    0x0001, 0x0842, 0x0000, 0x0000, 0x0000, 0x0000, 0x0802, 0x1183, 0x17A0, 0x1FC0, 0x17E0, 0x17E0,
    0x17E0, 0x17E0, 0x17E0, 0x17E0, 0x17E0, 0x1FA0, 0x17E0, 0x17E1, 0x2F44, 0x0100, 0x0801, 0x0020,
    0x0020, 0x0000, 0x0000, 0x0000, 0x0000, 0x0000, 0x0000, 0x0000, 0x0000, 0x0000, 0x0000, 0x0000,
    0x0000, 0x0000, 0x0000, 0x0000, 0x0000, 0x0000, 0x0000, 0x0000, 0x0000, 0x0000, 0x0000, 0x0000,
    0x0000, 0x0000, 0x0000, 0x0000, 0x0000, 0x0000, 0x0000, 0x0000, 0x0000, 0x0000, 0x0000, 0x0000,
    0x0000, 0x0000, 0x0000, 0x0000, 0x0000, 0x0000, 0x0000, 0x0000, 0x0000, 0x0000, 0x0000, 0x0000,
    0x0000, 0x0000, 0x0000, 0x0000, 0x0000, 0x0000, 0x0000, 0x0000, 0x0000, 0x0000, 0x0000, 0x0000,
    0x0000, 0x0000, 0x0000, 0x0000, 0x0000, 0x0000, 0x0000, 0x0000, 0x0000, 0x0000, 0x0000, 0x0000,
    0x0000, 0x0000, 0x0000, 0x0000, 0x0000, 0x0000, 0x0000, 0x0000, 0x0000, 0x0000, 0x0000, 0x0000,
    0x0000, 0x0000, 0x0000, 0x0000, 0x0000, 0x0000, 0x0000, 0x0000, 0x0000, 0x0000, 0x0000, 0x0000,
    0x0000, 0x0000, 0x0000, 0x0000, 0x0000, 0x0000, 0x0001, 0x0822, 0x08C0, 0x2C84, 0x17C0, 0x27E1,
    0x17E0, 0x17E0, 0x17E0, 0x17E0, 0x17E0, 0x17E0, 0x17E0, 0x17E0, 0x17A0, 0x17C0, 0x2FE4, 0x00E0,
    0x0000, 0x0000, 0x0000, 0x0000, 0x0040, 0x00E0, 0x2523, 0x17E0, 0x17C0, 0x17E0, 0x17E0, 0x17E0,
    0x1FE2, 0x1FA2, 0x0000, 0x0000, 0x0000, 0x0000, 0x0000, 0x0000, 0x0000, 0x0000, 0x0000, 0x0000,
    0x0000, 0x0000, 0x0000, 0x0000, 0x0000, 0x0000, 0x0000, 0x0000, 0x0000, 0x0000, 0x0000, 0x0000,
    0x0000, 0x0000, 0x0020, 0x0000, 0x13C1, 0x17E0, 0x17E1, 0x17E0, 0x17E0, 0x17E1, 0x17E0, 0x2F23,
    0x0040, 0x0821, 0x0000, 0x0000, 0x0000, 0x0000, 0x0060, 0x1BA2, 0x17E0, 0x1F80, 0x17E0, 0x17E0,
    0x17E0, 0x17E0, 0x17E0, 0x17E0, 0x17E0, 0x17C0, 0x1FE1, 0x27A3, 0x35A5, 0x0801, 0x0821, 0x0000,
    0x0000, 0x0000, 0x0000, 0x0000, 0x0000, 0x0000, 0x0000, 0x0000, 0x0000, 0x0000, 0x0000, 0x0000,
    0x0000, 0x0000, 0x0000, 0x0000, 0x0000, 0x0000, 0x0000, 0x0000, 0x0000, 0x0000, 0x0000, 0x0000,
    0x0000, 0x0000, 0x0000, 0x0000, 0x0000, 0x0000, 0x0000, 0x0000, 0x0000, 0x0000, 0x0000, 0x0000,
    0x0000, 0x0000, 0x0000, 0x0000, 0x0000, 0x0000, 0x0000, 0x0000, 0x0000, 0x0000, 0x0000, 0x0000,
    0x0000, 0x0000, 0x0000, 0x0000, 0x0000, 0x0000, 0x0000, 0x0000, 0x0000, 0x0000, 0x0000, 0x0000,
    0x0000, 0x0000, 0x0000, 0x0000, 0x0000, 0x0000, 0x0000, 0x0000, 0x0000, 0x0000, 0x0000, 0x0000,
    0x0000, 0x0000, 0x0000, 0x0000, 0x0000, 0x0000, 0x0000, 0x0000, 0x0000, 0x0000, 0x0000, 0x0000,
    0x0000, 0x0000, 0x0000, 0x0000, 0x0000, 0x0000, 0x0000, 0x0000, 0x0000, 0x0000, 0x0000, 0x0000,
    0x0000, 0x0000, 0x0000, 0x0000, 0x0000, 0x0000, 0x0000, 0x0000, 0x0801, 0x1021, 0x3665, 0x2FC2,
    0x0FC0, 0x1FE1, 0x1FE0, 0x1FE0, 0x17E1, 0x17E0, 0x17E0, 0x17E0, 0x17E0, 0x1FA1, 0x17E1, 0x14E2,
    0x0062, 0x0060, 0x0041, 0x0040, 0x2004, 0x2682, 0x1FE2, 0x17C0, 0x17E0, 0x17E0, 0x17E0, 0x17E0,
    0x17E1, 0x1FC2, 0x0000, 0x0000, 0x0000, 0x0000, 0x0000, 0x0000, 0x0000, 0x0000, 0x0000, 0x0000,
    0x0000, 0x0000, 0x0000, 0x0000, 0x0000, 0x0000, 0x0000, 0x0000, 0x0000, 0x0000, 0x0000, 0x0000,
    0x0000, 0x0000, 0x0000, 0x0021, 0x13E1, 0x17E0, 0x17E1, 0x17E0, 0x17E0, 0x17E0, 0x17C0, 0x17E0,
    0x24C3, 0x08A1, 0x0020, 0x0040, 0x0060, 0x0800, 0x1C61, 0x1F82, 0x27E1, 0x17E0, 0x17E0, 0x17E0,
    0x17E0, 0x17E0, 0x17E0, 0x17E0, 0x17E0, 0x1FC0, 0x0FE0, 0x2483, 0x00A0, 0x0000, 0x0000, 0x0000,
    0x0000, 0x0000, 0x0000, 0x0000, 0x0000, 0x0000, 0x0000, 0x0000, 0x0000, 0x0000, 0x0000, 0x0000,
    0x0000, 0x0000, 0x0000, 0x0000, 0x0000, 0x0000, 0x0000, 0x0000, 0x0000, 0x0000, 0x0000, 0x0000,
    0x0000, 0x0000, 0x0000, 0x0000, 0x0000, 0x0000, 0x0000, 0x0000, 0x0000, 0x0000, 0x0000, 0x0000,
    0x0000, 0x0000, 0x0000, 0x0000, 0x0000, 0x0000, 0x0000, 0x0000, 0x0000, 0x0000, 0x0000, 0x0000,
    0x0000, 0x0000, 0x0000, 0x0000, 0x0000, 0x0000, 0x0000, 0x0000, 0x0000, 0x0000, 0x0000, 0x0000,
    0x0000, 0x0000, 0x0000, 0x0000, 0x0000, 0x0000, 0x0000, 0x0000, 0x0000, 0x0000, 0x0000, 0x0000,
    0x0000, 0x0000, 0x0000, 0x0000, 0x0000, 0x0000, 0x0000, 0x0000, 0x0000, 0x0000, 0x0000, 0x0000,
    0x0000, 0x0000, 0x0000, 0x0000, 0x0000, 0x0000, 0x0000, 0x0000, 0x0000, 0x0000, 0x0000, 0x0000,
    0x0000, 0x0000, 0x0000, 0x0000, 0x0000, 0x0000, 0x0000, 0x0000, 0x0020, 0x0820, 0x0180, 0x0CE3,
    0x27E2, 0x0FE0, 0x17E1, 0x17E0, 0x1FE0, 0x17E0, 0x17E0, 0x17E0, 0x17E0, 0x1FE1, 0x0FE0, 0x2F63,
    0x1C63, 0x1024, 0x0020, 0x0802, 0x0A41, 0x27C2, 0x0FE0, 0x17E0, 0x17E0, 0x17E0, 0x17E0, 0x17E0,
    0x17E0, 0x1FC2, 0x0000, 0x0000, 0x0000, 0x0000, 0x0000, 0x0000, 0x0000, 0x0000, 0x0000, 0x0000,
    0x0000, 0x0000, 0x0000, 0x0000, 0x0000, 0x0000, 0x0000, 0x0000, 0x0000, 0x0000, 0x0000, 0x0000,
    0x0000, 0x0000, 0x0000, 0x0001, 0x13C1, 0x17E0, 0x17E1, 0x17E0, 0x17E0, 0x17E0, 0x1FE1, 0x0FC0,
    0x3745, 0x2CE4, 0x0801, 0x0821, 0x0802, 0x0020, 0x3725, 0x0FE1, 0x1FC1, 0x17E0, 0x17E0, 0x17E0,
    0x17E0, 0x1FE0, 0x17C0, 0x17E0, 0x17E1, 0x27E3, 0x3665, 0x0841, 0x0801, 0x0000, 0x0000, 0x0000,
    0x0000, 0x0000, 0x0000, 0x0000, 0x0000, 0x0000, 0x0000, 0x0000, 0x0000, 0x0000, 0x0000, 0x0000,
    0x0000, 0x0000, 0x0000, 0x0000, 0x0000, 0x0000, 0x0000, 0x0000, 0x0000, 0x0000, 0x0000, 0x0000,
    0x0000, 0x0000, 0x0000, 0x0000, 0x0000, 0x0000, 0x0000, 0x0000, 0x0000, 0x0000, 0x0000, 0x0000,
    0x0000, 0x0000, 0x0000, 0x0000, 0x0000, 0x0000, 0x0000, 0x0000, 0x0000, 0x0000, 0x0000, 0x0000,
    0x0000, 0x0000, 0x0000, 0x0000, 0x0000, 0x0000, 0x0000, 0x0000, 0x0000, 0x0000, 0x0000, 0x0000,
    0x0000, 0x0000, 0x0000, 0x0000, 0x0000, 0x0000, 0x0000, 0x0000, 0x0000, 0x0000, 0x0000, 0x0000,
    0x0000, 0x0000, 0x0000, 0x0000, 0x0000, 0x0000, 0x0000, 0x0000, 0x0000, 0x0000, 0x0000, 0x0000,
    0x0000, 0x0000, 0x0000, 0x0000, 0x0000, 0x0000, 0x0000, 0x0000, 0x0000, 0x0000, 0x0000, 0x0000,
    0x0000, 0x0000, 0x0000, 0x0000, 0x0000, 0x0000, 0x0000, 0x0000, 0x0000, 0x0820, 0x0802, 0x0160,
    0x2FC4, 0x17E0, 0x17E1, 0x1FE1, 0x1FE0, 0x17E0, 0x17E0, 0x17E0, 0x17E1, 0x17E1, 0x0FE0, 0x1FC2,
    0x26C3, 0x0803, 0x0041, 0x0001, 0x14C2, 0x17E1, 0x17E0, 0x1FE0, 0x17E0, 0x17E0, 0x17E0, 0x17E0,
    0x17E0, 0x1FC2, 0x0000, 0x0000, 0x0000, 0x0000, 0x0000, 0x0000, 0x0000, 0x0000, 0x0000, 0x0000,
    0x0000, 0x0000, 0x0000, 0x0000, 0x0000, 0x0000, 0x0000, 0x0000, 0x0000, 0x0000, 0x0000, 0x0000,
    0x0000, 0x0000, 0x0000, 0x0001, 0x13C1, 0x17E0, 0x17E0, 0x17E0, 0x17E0, 0x17E0, 0x1FE1, 0x17C0,
    0x1FA1, 0x36C4, 0x0001, 0x1042, 0x1023, 0x09C0, 0x2FE4, 0x07E0, 0x17A0, 0x1FE1, 0x17E0, 0x17E0,
    0x17E0, 0x17C0, 0x17E0, 0x17E0, 0x17E1, 0x2763, 0x0BA1, 0x1022, 0x0000, 0x0000, 0x0000, 0x0000,
    0x0000, 0x0000, 0x0000, 0x0000, 0x0000, 0x0000, 0x0000, 0x0000, 0x0000, 0x0000, 0x0000, 0x0000,
    0x0000, 0x0000, 0x0000, 0x0000, 0x0000, 0x0000, 0x0000, 0x0000, 0x0000, 0x0000, 0x0000, 0x0000,
    0x0000, 0x0000, 0x0000, 0x0000, 0x0000, 0x0000, 0x0000, 0x0000, 0x0000, 0x0000, 0x0000, 0x0000,
    0x0000, 0x0000, 0x0000, 0x0000, 0x0000, 0x0000, 0x0000, 0x0000, 0x0000, 0x0000, 0x0000, 0x0000,
    0x0000, 0x0000, 0x0000, 0x0000, 0x0000, 0x0000, 0x0000, 0x0000, 0x0000, 0x0000, 0x0000, 0x0000,
    0x0000, 0x0000, 0x0000, 0x0000, 0x0000, 0x0000, 0x0000, 0x0000, 0x0000, 0x0000, 0x0000, 0x0000,
    0x0000, 0x0000, 0x0000, 0x0000, 0x0000, 0x0000, 0x0000, 0x0000, 0x0000, 0x0000, 0x0000, 0x0000,
    0x0000, 0x0000, 0x0000, 0x0000, 0x0000, 0x0000, 0x0000, 0x0000, 0x0000, 0x0000, 0x0000, 0x0000,
    0x0000, 0x0000, 0x0000, 0x0000, 0x0000, 0x0000, 0x0000, 0x0000, 0x0000, 0x0001, 0x0020, 0x0001,
    0x0B40, 0x1E42, 0x1FE0, 0x17E1, 0x17E0, 0x17E0, 0x17E0, 0x17E0, 0x17E0, 0x17E1, 0x17A0, 0x17C1,
    0x0FA0, 0x09E0, 0x1023, 0x2D05, 0x2782, 0x0FE0, 0x17E1, 0x17E0, 0x17E0, 0x17E0, 0x17E0, 0x17E0,
    0x17E0, 0x1FC2, 0x0000, 0x0000, 0x0000, 0x0000, 0x0000, 0x0000, 0x0000, 0x0000, 0x0000, 0x0000,
    0x0000, 0x0000, 0x0000, 0x0000, 0x0000, 0x0000, 0x0000, 0x0000, 0x0000, 0x0000, 0x0000, 0x0000,
    0x0000, 0x0000, 0x0000, 0x0001, 0x13A2, 0x17E0, 0x17E0, 0x17E0, 0x17E0, 0x17E0, 0x1FE0, 0x1FC1,
    0x17E0, 0x17C1, 0x2B65, 0x0841, 0x11C2, 0x2663, 0x1FA2, 0x1FC2, 0x17E0, 0x17E1, 0x17E0, 0x17E0,
    0x17E0, 0x0FE1, 0x17E0, 0x27E1, 0x1F82, 0x1222, 0x0821, 0x0040, 0x0000, 0x0000, 0x0000, 0x0000,
    0x0000, 0x0000, 0x0000, 0x0000, 0x0000, 0x0000, 0x0000, 0x0000, 0x0000, 0x0000, 0x0000, 0x0000,
    0x0000, 0x0000, 0x0000, 0x0000, 0x0000, 0x0000, 0x0000, 0x0000, 0x0000, 0x0000, 0x0000, 0x0000,
    0x0000, 0x0000, 0x0000, 0x0000, 0x0000, 0x0000, 0x0000, 0x0000, 0x0000, 0x0000, 0x0000, 0x0000,
    0x0000, 0x0000, 0x0000, 0x0000, 0x0000, 0x0000, 0x0000, 0x0000, 0x0000, 0x0000, 0x0000, 0x0000,
    0x0000, 0x0000, 0x0000, 0x0000, 0x0000, 0x0000, 0x0000, 0x0000, 0x0000, 0x0000, 0x0000, 0x0000,
    0x0000, 0x0000, 0x0000, 0x0000, 0x0000, 0x0000, 0x0000, 0x0000, 0x0000, 0x0000, 0x0000, 0x0000,
    0x0000, 0x0000, 0x0000, 0x0000, 0x0000, 0x0000, 0x0000, 0x0000, 0x0000, 0x0000, 0x0000, 0x0000,
    0x0000, 0x0000, 0x0000, 0x0000, 0x0000, 0x0000, 0x0000, 0x0000, 0x0000, 0x0000, 0x0000, 0x0000,
    0x0000, 0x0000, 0x0000, 0x0000, 0x0000, 0x0000, 0x0000, 0x0000, 0x0000, 0x0000, 0x0000, 0x0000,
    0x0841, 0x12C1, 0x0FC0, 0x1782, 0x17E0, 0x17E0, 0x17E0, 0x17E0, 0x17E0, 0x17E0, 0x17E0, 0x17E0,
    0x17C1, 0x2C44, 0x0040, 0x2702, 0x17E0, 0x17E0, 0x17E0, 0x17E0, 0x17E0, 0x17E0, 0x17E0, 0x17E0,
    0x17E0, 0x1FA2, 0x0001, 0x0000, 0x0020, 0x0020, 0x0020, 0x0000, 0x0000, 0x0000, 0x0020, 0x0001,
    0x0001, 0x0001, 0x0001, 0x0000, 0x0000, 0x0000, 0x0000, 0x0001, 0x0001, 0x0800, 0x0800, 0x0000,
    0x0000, 0x0000, 0x0000, 0x0000, 0x0B81, 0x0FE0, 0x17E0, 0x17E0, 0x17E0, 0x17E0, 0x17E0, 0x17E0,
    0x17E0, 0x17E0, 0x3644, 0x1201, 0x2422, 0x2762, 0x17E0, 0x17E0, 0x17E0, 0x17E0, 0x17E0, 0x17E0,
    0x17E0, 0x1FC1, 0x1FC0, 0x1FE5, 0x3E27, 0x0000, 0x0000, 0x0000, 0x0000, 0x0000, 0x0000, 0x0000,
    0x0000, 0x0000, 0x0000, 0x0000, 0x0000, 0x0000, 0x0000, 0x0000, 0x0000, 0x0000, 0x0000, 0x0000,
    0x0000, 0x0000, 0x0000, 0x0000, 0x0000, 0x0000, 0x0000, 0x0000, 0x0000, 0x0000, 0x0000, 0x0000,
    0x0000, 0x0000, 0x0000, 0x0000, 0x0000, 0x0000, 0x0000, 0x0000, 0x0000, 0x0000, 0x0000, 0x0000,
    0x0000, 0x0000, 0x0000, 0x0000, 0x0000, 0x0000, 0x0000, 0x0000, 0x0000, 0x0000, 0x0000, 0x0000,
    0x0000, 0x0000, 0x0000, 0x0000, 0x0000, 0x0000, 0x0000, 0x0000, 0x0000, 0x0000, 0x0000, 0x0000,
    0x0000, 0x0000, 0x0000, 0x0000, 0x0000, 0x0000, 0x0000, 0x0000, 0x0000, 0x0000, 0x0000, 0x0000,
    0x0000, 0x0000, 0x0000, 0x0000, 0x0000, 0x0000, 0x0000, 0x0000, 0x0000, 0x0000, 0x0000, 0x0000,
    0x0000, 0x0000, 0x0000, 0x0000, 0x0000, 0x0000, 0x0000, 0x0000, 0x0000, 0x0000, 0x0000, 0x0000,
    0x0000, 0x0000, 0x0000, 0x0000, 0x0000, 0x0000, 0x0000, 0x0000, 0x0000, 0x0000, 0x0000, 0x0000,
    0x0020, 0x0821, 0x2E23, 0x17E0, 0x1FC1, 0x17E0, 0x17E0, 0x17E0, 0x17E0, 0x17E0, 0x17E0, 0x17E0,
    0x0FE0, 0x27A2, 0x1E81, 0x0FE0, 0x17E0, 0x17E0, 0x17E0, 0x17E0, 0x17E0, 0x17E0, 0x17E0, 0x17E0,
    0x17C1, 0x2782, 0x0800, 0x0800, 0x0020, 0x0020, 0x0020, 0x0000, 0x0000, 0x0000, 0x0000, 0x0000,
    0x0000, 0x0000, 0x0000, 0x0000, 0x0000, 0x0000, 0x0000, 0x0800, 0x0000, 0x0801, 0x0802, 0x0000,
    0x0000, 0x0001, 0x0001, 0x0000, 0x0B00, 0x17E1, 0x17E0, 0x17E0, 0x17E0, 0x17E0, 0x17E0, 0x17E0,
    0x17E0, 0x17E0, 0x1FC2, 0x26C3, 0x2F84, 0x0FE0, 0x17E0, 0x17E0, 0x17E0, 0x17E0, 0x17E0, 0x17E0,
    0x17E0, 0x17E1, 0x07E1, 0x2CC3, 0x0140, 0x0000, 0x0000, 0x0000, 0x0000, 0x0000, 0x0000, 0x0000,
    0x0000, 0x0000, 0x0000, 0x0000, 0x0000, 0x0000, 0x0000, 0x0000, 0x0000, 0x0000, 0x0000, 0x0000,
    0x0000, 0x0000, 0x0000, 0x0000, 0x0000, 0x0000, 0x0000, 0x0000, 0x0000, 0x0000, 0x0000, 0x0000,
    0x0000, 0x0000, 0x0000, 0x0000, 0x0000, 0x0000, 0x0000, 0x0000, 0x0000, 0x0000, 0x0000, 0x0000,
    0x0000, 0x0000, 0x0000, 0x0000, 0x0000, 0x0000, 0x0000, 0x0000, 0x0000, 0x0000, 0x0000, 0x0000,
    0x0000, 0x0000, 0x0000, 0x0000, 0x0000, 0x0000, 0x0000, 0x0000, 0x0000, 0x0000, 0x0000, 0x0000,
    0x0000, 0x0000, 0x0000, 0x0000, 0x0000, 0x0000, 0x0000, 0x0000, 0x0000, 0x0000, 0x0000, 0x0000,
    0x0000, 0x0000, 0x0000, 0x0000, 0x0000, 0x0000, 0x0000, 0x0000, 0x0000, 0x0000, 0x0000, 0x0000,
    0x0000, 0x0000, 0x0000, 0x0000, 0x0000, 0x0000, 0x0000, 0x0000, 0x0000, 0x0000, 0x0000, 0x0000,
    0x0000, 0x0000, 0x0000, 0x0000, 0x0000, 0x0000, 0x0000, 0x0000, 0x0000, 0x0000, 0x0000, 0x0000,
    0x0000, 0x1823, 0x24E3, 0x1FC1, 0x1FC1, 0x17E0, 0x17E0, 0x17E0, 0x17E0, 0x17E0, 0x17E0, 0x17E0,
    0x17C1, 0x1FE1, 0x27E2, 0x17E0, 0x17E0, 0x17E0, 0x17E0, 0x17E0, 0x17E0, 0x17E0, 0x17E0, 0x17E0,
    0x17C0, 0x1F62, 0x1002, 0x1002, 0x0000, 0x0020, 0x0080, 0x0100, 0x09C0, 0x0A60, 0x0B20, 0x0BA0,
    0x0BE1, 0x1402, 0x1C23, 0x1C42, 0x1C22, 0x1401, 0x1401, 0x0B61, 0x1301, 0x0A20, 0x09E0, 0x00C0,
    0x0060, 0x0802, 0x1002, 0x1001, 0x1301, 0x17E1, 0x0FE0, 0x17E0, 0x17E0, 0x17E0, 0x17E0, 0x17E0,
    0x17E0, 0x17E0, 0x1FE0, 0x1FC1, 0x1FC0, 0x17E0, 0x17E0, 0x17E0, 0x17E0, 0x17E0, 0x17E0, 0x17E0,
    0x17E0, 0x17E1, 0x0FE1, 0x0A00, 0x1001, 0x0000, 0x0000, 0x0000, 0x0000, 0x0000, 0x0000, 0x0000,
    0x0000, 0x0000, 0x0000, 0x0000, 0x0000, 0x0000, 0x0000, 0x0000, 0x0000, 0x0000, 0x0000, 0x0000,
    0x0000, 0x0000, 0x0000, 0x0000, 0x0000, 0x0000, 0x0000, 0x0000, 0x0000, 0x0000, 0x0000, 0x0000,
    0x0000, 0x0000, 0x0000, 0x0000, 0x0000, 0x0000, 0x0000, 0x0000, 0x0000, 0x0000, 0x0000, 0x0000,
    0x0000, 0x0000, 0x0000, 0x0000, 0x0000, 0x0000, 0x0000, 0x0000, 0x0000, 0x0000, 0x0000, 0x0000,
    0x0000, 0x0000, 0x0000, 0x0000, 0x0000, 0x0000, 0x0000, 0x0000, 0x0000, 0x0000, 0x0000, 0x0000,
    0x0000, 0x0000, 0x0000, 0x0000, 0x0000, 0x0000, 0x0000, 0x0000, 0x0000, 0x0000, 0x0000, 0x0000,
    0x0000, 0x0000, 0x0000, 0x0000, 0x0000, 0x0000, 0x0000, 0x0000, 0x0000, 0x0000, 0x0000, 0x0000,
    0x0000, 0x0000, 0x0000, 0x0000, 0x0000, 0x0000, 0x0000, 0x0000, 0x0000, 0x0000, 0x0000, 0x0000,
    0x0000, 0x0000, 0x0000, 0x0000, 0x0000, 0x0000, 0x0000, 0x0000, 0x0000, 0x0000, 0x0000, 0x0000,
    0x0020, 0x0000, 0x01E0, 0x3E46, 0x0FE0, 0x17E0, 0x17E0, 0x17E0, 0x17E0, 0x17E0, 0x17E0, 0x17E0,
    0x17E0, 0x1FC1, 0x17E0, 0x1FE2, 0x17E0, 0x17E0, 0x17E0, 0x17E0, 0x17E0, 0x17E0, 0x17E0, 0x1FE1,
    0x0F80, 0x0FE1, 0x3E67, 0x2E84, 0x2723, 0x27A3, 0x17C1, 0x17C1, 0x17E0, 0x17E0, 0x0FE0, 0x17C1,
    0x1FC1, 0x1FC1, 0x1FC1, 0x17C1, 0x1FC1, 0x1FE2, 0x1FE2, 0x1FE0, 0x17E1, 0x17E1, 0x0FE2, 0x17E1,
    0x27C2, 0x3F25, 0x3EE4, 0x3643, 0x1F42, 0x0FE0, 0x17C0, 0x17E0, 0x17E0, 0x17E0, 0x17E0, 0x17E0,
    0x17E0, 0x17E0, 0x0FA0, 0x1FE1, 0x1FE1, 0x17C1, 0x17E0, 0x17E0, 0x17E0, 0x17E0, 0x17E0, 0x17E0,
    0x17E0, 0x1FE0, 0x3723, 0x0022, 0x0842, 0x0000, 0x0000, 0x0000, 0x0000, 0x0000, 0x0000, 0x0000,
    0x0000, 0x0000, 0x0000, 0x0000, 0x0000, 0x0000, 0x0000, 0x0000, 0x0000, 0x0000, 0x0000, 0x0000,
    0x0000, 0x0000, 0x0000, 0x0000, 0x0000, 0x0000, 0x0000, 0x0000, 0x0000, 0x0000, 0x0000, 0x0000,
    0x0000, 0x0000, 0x0000, 0x0000, 0x0000, 0x0000, 0x0000, 0x0000, 0x0000, 0x0000, 0x0000, 0x0000,
    0x0000, 0x0000, 0x0000, 0x0000, 0x0000, 0x0000, 0x0000, 0x0000, 0x0000, 0x0000, 0x0000, 0x0000,
    0x0000, 0x0000, 0x0000, 0x0000, 0x0000, 0x0000, 0x0000, 0x0000, 0x0000, 0x0000, 0x0000, 0x0000,
    0x0000, 0x0000, 0x0000, 0x0000, 0x0000, 0x0000, 0x0000, 0x0000, 0x0000, 0x0000, 0x0000, 0x0000,
    0x0000, 0x0000, 0x0000, 0x0000, 0x0000, 0x0000, 0x0000, 0x0000, 0x0000, 0x0000, 0x0000, 0x0000,
    0x0000, 0x0000, 0x0000, 0x0000, 0x0000, 0x0000, 0x0000, 0x0000, 0x0000, 0x0000, 0x0000, 0x0000,
    0x0000, 0x0000, 0x0000, 0x0000, 0x0000, 0x0000, 0x0000, 0x0000, 0x0000, 0x0000, 0x0000, 0x0000,
    0x0000, 0x0020, 0x0901, 0x25C2, 0x17E0, 0x17E0, 0x17E0, 0x17E0, 0x17E0, 0x17E0, 0x17E0, 0x17E0,
    0x17E0, 0x17E0, 0x17E0, 0x17E0, 0x17E0, 0x17E0, 0x17E0, 0x17E0, 0x17E0, 0x17E0, 0x17E0, 0x17E0,
    0x17E0, 0x17E0, 0x17E0, 0x17E1, 0x17C1, 0x17C1, 0x17C1, 0x17E1, 0x17E0, 0x17E0, 0x17E0, 0x17E0,
    0x17E0, 0x17E0, 0x17E0, 0x17E0, 0x17E0, 0x17E0, 0x17E0, 0x17E0, 0x17E0, 0x17E0, 0x17E0, 0x17E0,
    0x17E0, 0x17E0, 0x17E0, 0x1FE1, 0x17E1, 0x17E1, 0x17E1, 0x17E0, 0x17E0, 0x17E0, 0x17E0, 0x17E0,
    0x17E0, 0x17E0, 0x17E0, 0x17E0, 0x17E0, 0x17E0, 0x17E0, 0x17E0, 0x17E0, 0x17E0, 0x17E0, 0x17E0,
    0x17E0, 0x17E1, 0x2F84, 0x1001, 0x0000, 0x0000, 0x0000, 0x0000, 0x0000, 0x0000, 0x0000, 0x0000,
    0x0000, 0x0000, 0x0000, 0x0000, 0x0000, 0x0000, 0x0000, 0x0000, 0x0000, 0x0000, 0x0000, 0x0000,
    0x0000, 0x0000, 0x0000, 0x0000, 0x0000, 0x0000, 0x0000, 0x0000, 0x0000, 0x0000, 0x0000, 0x0000,
    0x0000, 0x0000, 0x0000, 0x0000, 0x0000, 0x0000, 0x0000, 0x0000, 0x0000, 0x0000, 0x0000, 0x0000,
    0x0000, 0x0000, 0x0000, 0x0000, 0x0000, 0x0000, 0x0000, 0x0000, 0x0000, 0x0000, 0x0000, 0x0000,
    0x0000, 0x0000, 0x0000, 0x0000, 0x0000, 0x0000, 0x0000, 0x0000, 0x0000, 0x0000, 0x0000, 0x0000,
    0x0000, 0x0000, 0x0000, 0x0000, 0x0000, 0x0000, 0x0000, 0x0000, 0x0000, 0x0000, 0x0000, 0x0000,
    0x0000, 0x0000, 0x0000, 0x0000, 0x0000, 0x0000, 0x0000, 0x0000, 0x0000, 0x0000, 0x0000, 0x0000,
    0x0000, 0x0000, 0x0000, 0x0000, 0x0000, 0x0000, 0x0000, 0x0000, 0x0000, 0x0000, 0x0000, 0x0000,
    0x0000, 0x0000, 0x0000, 0x0000, 0x0000, 0x0000, 0x0000, 0x0000, 0x0000, 0x0000, 0x0000, 0x0000,
    0x0000, 0x0000, 0x0881, 0x1D42, 0x17C1, 0x17E0, 0x17E0, 0x17E0, 0x17E0, 0x17E0, 0x17E0, 0x17E0,
    0x17E0, 0x17E0, 0x17E0, 0x17E0, 0x17E0, 0x17E0, 0x17E0, 0x17E0, 0x17E0, 0x17E0, 0x17E0, 0x17E0,
    0x17E0, 0x17E0, 0x17E0, 0x17E0, 0x17E0, 0x17E0, 0x17E0, 0x17E0, 0x17E0, 0x17E0, 0x17E0, 0x17E0,
    0x17E0, 0x17E0, 0x17E0, 0x17E0, 0x17E0, 0x17E0, 0x17E0, 0x17E0, 0x17E0, 0x17E0, 0x17E0, 0x17E0,
    0x17E0, 0x17E0, 0x17E0, 0x17E0, 0x17E0, 0x17E0, 0x17E0, 0x17E0, 0x17E0, 0x17E0, 0x17E0, 0x17E0,
    0x17E0, 0x17E0, 0x17E0, 0x17E0, 0x17E0, 0x17E0, 0x17E0, 0x17E0, 0x17E0, 0x17E0, 0x17E0, 0x17E0,
    0x17E0, 0x1FC1, 0x27A3, 0x0000, 0x0020, 0x0000, 0x0000, 0x0000, 0x0000, 0x0000, 0x0000, 0x0000,
    0x0000, 0x0000, 0x0000, 0x0000, 0x0000, 0x0000, 0x0000, 0x0000, 0x0000, 0x0000, 0x0000, 0x0000,
    0x0000, 0x0000, 0x0000, 0x0000, 0x0000, 0x0000, 0x0000, 0x0000, 0x0000, 0x0000, 0x0000, 0x0000,
    0x0000, 0x0000, 0x0000, 0x0000, 0x0000, 0x0000, 0x0000, 0x0000, 0x0000, 0x0000, 0x0000, 0x0000,
    0x0000, 0x0000, 0x0000, 0x0000, 0x0000, 0x0000, 0x0000, 0x0000, 0x0000, 0x0000, 0x0000, 0x0000,
    0x0000, 0x0000, 0x0000, 0x0000, 0x0000, 0x0000, 0x0000, 0x0000, 0x0000, 0x0000, 0x0000, 0x0000,
    0x0000, 0x0000, 0x0000, 0x0000, 0x0000, 0x0000, 0x0000, 0x0000, 0x0000, 0x0000, 0x0000, 0x0000,
    0x0000, 0x0000, 0x0000, 0x0000, 0x0000, 0x0000, 0x0000, 0x0000, 0x0000, 0x0000, 0x0000, 0x0000,
    0x0000, 0x0000, 0x0000, 0x0000, 0x0000, 0x0000, 0x0000, 0x0000, 0x0000, 0x0000, 0x0000, 0x0000,
    0x0000, 0x0000, 0x0000, 0x0000, 0x0000, 0x0000, 0x0000, 0x0000, 0x0000, 0x0000, 0x0000, 0x0000,
    0x0000, 0x0000, 0x0100, 0x1DA3, 0x17C1, 0x17E0, 0x17E0, 0x17E0, 0x17E0, 0x17E0, 0x17E0, 0x17E0,
    0x17E0, 0x17E0, 0x17E0, 0x17E0, 0x17E0, 0x17E0, 0x17E0, 0x17E0, 0x17E0, 0x17E0, 0x17E0, 0x17E0,
    0x17E0, 0x17E0, 0x17E0, 0x17E0, 0x17E0, 0x17E0, 0x17E0, 0x17E0, 0x17E0, 0x17E0, 0x17E0, 0x17E0,
    0x17E0, 0x17E0, 0x17E0, 0x17E0, 0x17E0, 0x17E0, 0x17E0, 0x17E0, 0x17E0, 0x17E0, 0x17E0, 0x17E0,
    0x17E0, 0x17E0, 0x17E0, 0x17E0, 0x17E0, 0x17E0, 0x17E0, 0x17E0, 0x17E0, 0x17E0, 0x17E0, 0x17E0,
    0x17E0, 0x17E0, 0x17E0, 0x17E0, 0x17E0, 0x17E0, 0x17E0, 0x17E0, 0x17E0, 0x17E0, 0x17E0, 0x17E0,
    0x17E0, 0x1FC1, 0x1FC2, 0x0040, 0x0020, 0x0000, 0x0000, 0x0000, 0x0000, 0x0000, 0x0000, 0x0000,
    0x0000, 0x0000, 0x0000, 0x0000, 0x0000, 0x0000, 0x0000, 0x0000, 0x0000, 0x0000, 0x0000, 0x0000,
    0x0000, 0x0000, 0x0000, 0x0000, 0x0000, 0x0000, 0x0000, 0x0000, 0x0000, 0x0000, 0x0000, 0x0000,
    0x0000, 0x0000, 0x0000, 0x0000, 0x0000, 0x0000, 0x0000, 0x0000, 0x0000, 0x0000, 0x0000, 0x0000,
    0x0000, 0x0000, 0x0000, 0x0000, 0x0000, 0x0000, 0x0000, 0x0000, 0x0000, 0x0000, 0x0000, 0x0000,
    0x0000, 0x0000, 0x0000, 0x0000, 0x0000, 0x0000, 0x0000, 0x0000, 0x0000, 0x0000, 0x0000, 0x0000,
    0x0000, 0x0000, 0x0000, 0x0000, 0x0000, 0x0000, 0x0000, 0x0000, 0x0000, 0x0000, 0x0000, 0x0000,
    0x0000, 0x0000, 0x0000, 0x0000, 0x0000, 0x0000, 0x0000, 0x0000, 0x0000, 0x0000, 0x0000, 0x0000,
    0x0000, 0x0000, 0x0000, 0x0000, 0x0000, 0x0000, 0x0000, 0x0000, 0x0000, 0x0000, 0x0000, 0x0000,
    0x0000, 0x0000, 0x0000, 0x0000, 0x0000, 0x0000, 0x0000, 0x0000, 0x0000, 0x0000, 0x0000, 0x0000,
    0x0000, 0x0060, 0x1261, 0x3704, 0x17E0, 0x17E0, 0x17E0, 0x17E0, 0x17E0, 0x17E0, 0x17E0, 0x17E0,
    0x17E0, 0x17E0, 0x17E0, 0x17E0, 0x17E0, 0x17E0, 0x17E0, 0x17E0, 0x17E0, 0x17E0, 0x17E0, 0x17E0,
    0x17E0, 0x17E0, 0x17E0, 0x17E0, 0x17E1, 0x17E1, 0x17E1, 0x17E0, 0x17E0, 0x17E0, 0x17E0, 0x17E0,
    0x17E0, 0x17E0, 0x17E0, 0x17E0, 0x17E0, 0x17E0, 0x17E0, 0x17E0, 0x17E0, 0x17E0, 0x17E0, 0x17E0,
    0x17E0, 0x17E0, 0x17E0, 0x17E0, 0x17E0, 0x17E0, 0x17E0, 0x17E0, 0x17E0, 0x17E0, 0x17E0, 0x17E0,
    0x17E0, 0x17E0, 0x17E0, 0x17E0, 0x17E0, 0x17E0, 0x17E0, 0x17E0, 0x17E0, 0x17E0, 0x17E0, 0x17E0,
    0x17E0, 0x17E0, 0x0FE0, 0x09E1, 0x0040, 0x0000, 0x0000, 0x0000, 0x0000, 0x0000, 0x0000, 0x0000,
    0x0000, 0x0000, 0x0000, 0x0000, 0x0000, 0x0000, 0x0000, 0x0000, 0x0000, 0x0000, 0x0000, 0x0000,
    0x0000, 0x0000, 0x0000, 0x0000, 0x0000, 0x0000, 0x0000, 0x0000, 0x0000, 0x0000, 0x0000, 0x0000,
    0x0000, 0x0000, 0x0000, 0x0000, 0x0000, 0x0000, 0x0000, 0x0000, 0x0000, 0x0000, 0x0000, 0x0000,
    0x0000, 0x0000, 0x0000, 0x0000, 0x0000, 0x0000, 0x0000, 0x0000, 0x0000, 0x0000, 0x0000, 0x0000,
    0x0000, 0x0000, 0x0000, 0x0000, 0x0000, 0x0000, 0x0000, 0x0000, 0x0000, 0x0000, 0x0000, 0x0000,
    0x0000, 0x0000, 0x0000, 0x0000, 0x0000, 0x0000, 0x0000, 0x0000, 0x0000, 0x0000, 0x0000, 0x0000,
    0x0000, 0x0000, 0x0000, 0x0000, 0x0000, 0x0000, 0x0000, 0x0000, 0x0000, 0x0000, 0x0000, 0x0000,
    0x0000, 0x0000, 0x0000, 0x0000, 0x0000, 0x0000, 0x0000, 0x0000, 0x0000, 0x0000, 0x0000, 0x0000,
    0x0000, 0x0000, 0x0000, 0x0000, 0x0000, 0x0000, 0x0000, 0x0000, 0x0000, 0x0000, 0x0000, 0x0000,
    0x0000, 0x0001, 0x2BE2, 0x27A3, 0x1FC0, 0x17E0, 0x17E0, 0x17E0, 0x17E0, 0x17E0, 0x17E0, 0x17E0,
    0x17E0, 0x17E0, 0x17E0, 0x17E0, 0x17E0, 0x17E0, 0x17E0, 0x17E0, 0x17E0, 0x17E0, 0x17E0, 0x17E0,
    0x17E0, 0x17E0, 0x17E0, 0x17E0, 0x17E0, 0x17E0, 0x17E0, 0x17E0, 0x17E0, 0x17E0, 0x17E0, 0x17E0,
    0x17E0, 0x17E0, 0x17E0, 0x17E0, 0x17E0, 0x17E0, 0x17E0, 0x17E0, 0x17E0, 0x17E0, 0x17E0, 0x17E0,
    0x17E0, 0x17E0, 0x17E0, 0x17E0, 0x17E0, 0x17E0, 0x17E0, 0x17E0, 0x17E0, 0x17E0, 0x17E0, 0x17E0,
    0x17E0, 0x17E0, 0x17E0, 0x17E0, 0x17E0, 0x17E0, 0x17E0, 0x17E0, 0x17E0, 0x17E0, 0x17E0, 0x17E0,
    0x17E0, 0x1FE0, 0x17E1, 0x23A3, 0x0801, 0x0000, 0x0000, 0x0000, 0x0000, 0x0000, 0x0000, 0x0000,
    0x0000, 0x0000, 0x0000, 0x0000, 0x0000, 0x0000, 0x0000, 0x0000, 0x0000, 0x0000, 0x0000, 0x0000,
    0x0000, 0x0000, 0x0000, 0x0000, 0x0000, 0x0000, 0x0000, 0x0000, 0x0000, 0x0000, 0x0000, 0x0000,
    0x0000, 0x0000, 0x0000, 0x0000, 0x0000, 0x0000, 0x0000, 0x0000, 0x0000, 0x0000, 0x0000, 0x0000,
    0x0000, 0x0000, 0x0000, 0x0000, 0x0000, 0x0000, 0x0000, 0x0000, 0x0000, 0x0000, 0x0000, 0x0000,
    0x0000, 0x0000, 0x0000, 0x0000, 0x0000, 0x0000, 0x0000, 0x0000, 0x0000, 0x0000, 0x0000, 0x0000,
    0x0000, 0x0000, 0x0000, 0x0000, 0x0000, 0x0000, 0x0000, 0x0000, 0x0000, 0x0000, 0x0000, 0x0000,
    0x0000, 0x0000, 0x0000, 0x0000, 0x0000, 0x0000, 0x0000, 0x0000, 0x0000, 0x0000, 0x0000, 0x0000,
    0x0000, 0x0000, 0x0000, 0x0000, 0x0000, 0x0000, 0x0000, 0x0000, 0x0000, 0x0000, 0x0000, 0x0000,
    0x0000, 0x0000, 0x0000, 0x0000, 0x0000, 0x0000, 0x0000, 0x0000, 0x0000, 0x0000, 0x0000, 0x0000,
    0x0020, 0x0020, 0x35E5, 0x1FC1, 0x17C1, 0x17E0, 0x17E0, 0x17E0, 0x17E0, 0x17E0, 0x17E0, 0x17E0,
    0x17E0, 0x17E0, 0x17E0, 0x17E0, 0x17E0, 0x17E0, 0x17E0, 0x17E0, 0x17E0, 0x17E0, 0x17E0, 0x17E0,
    0x17E0, 0x17E0, 0x17E0, 0x17E0, 0x17E0, 0x17E0, 0x17E0, 0x17E0, 0x17E0, 0x17E0, 0x17E0, 0x17E0,
    0x17E0, 0x17E0, 0x17E0, 0x17E0, 0x17E0, 0x17E0, 0x17E0, 0x17E0, 0x17E0, 0x17E0, 0x17E0, 0x17E0,
    0x17E0, 0x17E0, 0x17E0, 0x17E0, 0x17E0, 0x17E0, 0x17E0, 0x17E0, 0x17E0, 0x17E0, 0x17E0, 0x17E0,
    0x17E0, 0x17E0, 0x17E0, 0x17E0, 0x17E0, 0x17E0, 0x17E0, 0x17E0, 0x17E0, 0x17E0, 0x17E0, 0x17E0,
    0x17E0, 0x17E0, 0x17E1, 0x2CE4, 0x08A1, 0x0000, 0x0000, 0x0000, 0x0000, 0x0000, 0x0000, 0x0000,
    0x0000, 0x0000, 0x0000, 0x0000, 0x0000, 0x0000, 0x0000, 0x0000, 0x0000, 0x0000, 0x0000, 0x0000,
    0x0000, 0x0000, 0x0000, 0x0000, 0x0000, 0x0000, 0x0000, 0x0000, 0x0000, 0x0000, 0x0000, 0x0000,
    0x0000, 0x0000, 0x0000, 0x0000, 0x0000, 0x0000, 0x0000, 0x0000, 0x0000, 0x0000, 0x0000, 0x0000,
    0x0000, 0x0000, 0x0000, 0x0000, 0x0000, 0x0000, 0x0000, 0x0000, 0x0000, 0x0000, 0x0000, 0x0000,
    0x0000, 0x0000, 0x0000, 0x0000, 0x0000, 0x0000, 0x0000, 0x0000, 0x0000, 0x0000, 0x0000, 0x0000,
    0x0000, 0x0000, 0x0000, 0x0000, 0x0000, 0x0000, 0x0000, 0x0000, 0x0000, 0x0000, 0x0000, 0x0000,
    0x0000, 0x0000, 0x0000, 0x0000, 0x0000, 0x0000, 0x0000, 0x0000, 0x0000, 0x0000, 0x0000, 0x0000,
    0x0000, 0x0000, 0x0000, 0x0000, 0x0000, 0x0000, 0x0000, 0x0000, 0x0000, 0x0000, 0x0000, 0x0000,
    0x0000, 0x0000, 0x0000, 0x0000, 0x0000, 0x0000, 0x0000, 0x0000, 0x0000, 0x0000, 0x0000, 0x0000,
    0x0020, 0x0820, 0x2EA5, 0x0FE0, 0x17C1, 0x17E0, 0x17E0, 0x17E0, 0x17E0, 0x17E0, 0x17E0, 0x17E0,
    0x17E0, 0x17E0, 0x17E0, 0x17E0, 0x17E0, 0x17E0, 0x17E0, 0x17E0, 0x17E0, 0x17E0, 0x17E0, 0x17E0,
    0x17E0, 0x17E0, 0x17E0, 0x17E0, 0x17E0, 0x17E0, 0x17E0, 0x17E0, 0x17E0, 0x17E0, 0x17E0, 0x17E0,
    0x17E0, 0x17E0, 0x17E0, 0x17E0, 0x17E0, 0x17E0, 0x17E0, 0x17E0, 0x17E0, 0x17E0, 0x17E0, 0x17E0,
    0x17E0, 0x17E0, 0x17E0, 0x17E0, 0x17E0, 0x17E0, 0x17E0, 0x17E0, 0x17E0, 0x17E0, 0x17E0, 0x17E0,
    0x17E0, 0x17E0, 0x17E0, 0x17E0, 0x17E0, 0x17E0, 0x17E0, 0x17E0, 0x17E0, 0x17E0, 0x17E0, 0x17E0,
    0x17E0, 0x17E0, 0x17E2, 0x2D84, 0x0901, 0x0000, 0x0000, 0x0000, 0x0000, 0x0000, 0x0000, 0x0000,
    0x0000, 0x0000, 0x0000, 0x0000, 0x0000, 0x0000, 0x0000, 0x0000, 0x0000, 0x0000, 0x0000, 0x0000,
    0x0000, 0x0000, 0x0000, 0x0000, 0x0000, 0x0000, 0x0000, 0x0000, 0x0000, 0x0000, 0x0000, 0x0000,
    0x0000, 0x0000, 0x0000, 0x0000, 0x0000, 0x0000, 0x0000, 0x0000, 0x0000, 0x0000, 0x0000, 0x0000,
    0x0000, 0x0000, 0x0000, 0x0000, 0x0000, 0x0000, 0x0000, 0x0000, 0x0000, 0x0000, 0x0000, 0x0000,
    0x0000, 0x0000, 0x0000, 0x0000, 0x0000, 0x0000, 0x0000, 0x0000, 0x0000, 0x0000, 0x0000, 0x0000,
    0x0000, 0x0000, 0x0000, 0x0000, 0x0000, 0x0000, 0x0000, 0x0000, 0x0000, 0x0000, 0x0000, 0x0000,
    0x0000, 0x0000, 0x0000, 0x0000, 0x0000, 0x0000, 0x0000, 0x0000, 0x0000, 0x0000, 0x0000, 0x0000,
    0x0000, 0x0000, 0x0000, 0x0000, 0x0000, 0x0000, 0x0000, 0x0000, 0x0000, 0x0000, 0x0000, 0x0000,
    0x0000, 0x0000, 0x0000, 0x0000, 0x0000, 0x0000, 0x0000, 0x0000, 0x0000, 0x0000, 0x0000, 0x0000,
    0x0020, 0x0800, 0x2F45, 0x0FE0, 0x17E2, 0x17E0, 0x17E0, 0x17E0, 0x17E0, 0x17E0, 0x17E0, 0x17E0,
    0x17E0, 0x17E0, 0x17E0, 0x17E0, 0x17E0, 0x17E0, 0x17E0, 0x17E0, 0x17E0, 0x17E0, 0x17E0, 0x17E0,
    0x17E0, 0x17E0, 0x17E0, 0x17E0, 0x17E0, 0x17E0, 0x17E0, 0x17E0, 0x17E0, 0x17E0, 0x17E0, 0x17E0,
    0x17E0, 0x17E0, 0x17E0, 0x17E0, 0x17E0, 0x17E0, 0x17E0, 0x17E0, 0x17E0, 0x17E0, 0x17E0, 0x17E0,
    0x17E0, 0x17E0, 0x17E0, 0x17E0, 0x17E0, 0x17E0, 0x17E0, 0x17E0, 0x17E0, 0x17E0, 0x17E0, 0x17E0,
    0x17E0, 0x17E0, 0x17E0, 0x17E0, 0x17E0, 0x17E0, 0x17E0, 0x17E0, 0x17E0, 0x17E0, 0x17E0, 0x17E0,
    0x17E0, 0x17E1, 0x1FE2, 0x25E2, 0x0160, 0x0000, 0x0000, 0x0000, 0x0000, 0x0000, 0x0000, 0x0000,
    0x0000, 0x0000, 0x0000, 0x0000, 0x0000, 0x0000, 0x0000, 0x0000, 0x0000, 0x0000, 0x0000, 0x0000,
    0x0000, 0x0000, 0x0000, 0x0000, 0x0000, 0x0000, 0x0000, 0x0000, 0x0000, 0x0000, 0x0000, 0x0000,
    0x0000, 0x0000, 0x0000, 0x0000, 0x0000, 0x0000, 0x0000, 0x0000, 0x0000, 0x0000, 0x0000, 0x0000,
    0x0000, 0x0000, 0x0000, 0x0000, 0x0000, 0x0000, 0x0000, 0x0000, 0x0000, 0x0000, 0x0000, 0x0000,
    0x0000, 0x0000, 0x0000, 0x0000, 0x0000, 0x0000, 0x0000, 0x0000, 0x0000, 0x0000, 0x0000, 0x0000,
    0x0000, 0x0000, 0x0000, 0x0000, 0x0000, 0x0000, 0x0000, 0x0000, 0x0000, 0x0000, 0x0000, 0x0000,
    0x0000, 0x0000, 0x0000, 0x0000, 0x0000, 0x0000, 0x0000, 0x0000, 0x0000, 0x0000, 0x0000, 0x0000,
    0x0000, 0x0000, 0x0000, 0x0000, 0x0000, 0x0000, 0x0000, 0x0000, 0x0000, 0x0000, 0x0000, 0x0000,
    0x0000, 0x0000, 0x0000, 0x0000, 0x0000, 0x0000, 0x0000, 0x0000, 0x0000, 0x0000, 0x0000, 0x0000,
    0x0020, 0x0000, 0x2F24, 0x17E2, 0x17E0, 0x17E0, 0x17E0, 0x17E0, 0x17E0, 0x17E0, 0x17E0, 0x17E0,
    0x17E0, 0x17E0, 0x17E0, 0x17E0, 0x17E0, 0x17E0, 0x17E0, 0x17E0, 0x17E0, 0x17E0, 0x17E0, 0x17E0,
    0x17E0, 0x17E0, 0x17E0, 0x17E0, 0x17E0, 0x17E0, 0x17E0, 0x17E0, 0x17E0, 0x17E0, 0x17E0, 0x17E0,
    0x17E0, 0x17E0, 0x17E0, 0x17E0, 0x17E0, 0x17E0, 0x17E0, 0x17E0, 0x17E0, 0x17E0, 0x17E0, 0x17E0,
    0x17E0, 0x17E0, 0x17E0, 0x17E0, 0x17E0, 0x17E0, 0x17E0, 0x17E0, 0x17E0, 0x17E0, 0x17E0, 0x17E0,
    0x17E0, 0x17E0, 0x17E0, 0x17E0, 0x17E0, 0x17E0, 0x17E0, 0x17E0, 0x17E0, 0x17E0, 0x17E0, 0x17E0,
    0x17E0, 0x17E0, 0x0FC1, 0x2582, 0x0120, 0x0000, 0x0000, 0x0000, 0x0000, 0x0000, 0x0000, 0x0000,
    0x0000, 0x0000, 0x0000, 0x0000, 0x0000, 0x0000, 0x0000, 0x0000, 0x0000, 0x0000, 0x0000, 0x0000,
    0x0000, 0x0000, 0x0000, 0x0000, 0x0000, 0x0000, 0x0000, 0x0000, 0x0000, 0x0000, 0x0000, 0x0000,
    0x0000, 0x0000, 0x0000, 0x0000, 0x0000, 0x0000, 0x0000, 0x0000, 0x0000, 0x0000, 0x0000, 0x0000,
    0x0000, 0x0000, 0x0000, 0x0000, 0x0000, 0x0000, 0x0000, 0x0000, 0x0000, 0x0000, 0x0000, 0x0000,
    0x0000, 0x0000, 0x0000, 0x0000, 0x0000, 0x0000, 0x0000, 0x0000, 0x0000, 0x0000, 0x0000, 0x0000,
    0x0000, 0x0000, 0x0000, 0x0000, 0x0000, 0x0000, 0x0000, 0x0000, 0x0000, 0x0000, 0x0000, 0x0000,
    0x0000, 0x0000, 0x0000, 0x0000, 0x0000, 0x0000, 0x0000, 0x0000, 0x0000, 0x0000, 0x0000, 0x0000,
    0x0000, 0x0000, 0x0000, 0x0000, 0x0000, 0x0000, 0x0000, 0x0000, 0x0000, 0x0000, 0x0000, 0x0000,
    0x0000, 0x0000, 0x0000, 0x0000, 0x0000, 0x0000, 0x0000, 0x0000, 0x0000, 0x0000, 0x0000, 0x0000,
    0x0020, 0x0000, 0x26C3, 0x1FE2, 0x17E0, 0x17E0, 0x17E0, 0x17E0, 0x17E0, 0x17E0, 0x17E0, 0x17E0,
    0x17E0, 0x17E0, 0x17E0, 0x17E0, 0x17E0, 0x17E0, 0x17E0, 0x17E0, 0x17E0, 0x17E0, 0x17E0, 0x17E0,
    0x17E0, 0x17E0, 0x17E0, 0x17E0, 0x17E0, 0x17E0, 0x17E0, 0x17E0, 0x17E0, 0x17E0, 0x17E0, 0x17E0,
    0x17E0, 0x17E0, 0x17E0, 0x17E0, 0x17E0, 0x17E0, 0x17E0, 0x17E0, 0x17E0, 0x17E0, 0x17E0, 0x17E0,
    0x17E0, 0x17E0, 0x17E0, 0x17E0, 0x17E0, 0x17E0, 0x17E0, 0x17E0, 0x17E0, 0x17E0, 0x17E0, 0x17E0,
    0x17E0, 0x17E0, 0x17E0, 0x17E0, 0x17E0, 0x17E0, 0x17E0, 0x17E0, 0x17E0, 0x17E0, 0x17E0, 0x17E0,
    0x17E0, 0x17E0, 0x0FA0, 0x2503, 0x00C1, 0x0000, 0x0000, 0x0000, 0x0000, 0x0000, 0x0000, 0x0000,
    0x0000, 0x0000, 0x0000, 0x0000, 0x0000, 0x0000, 0x0000, 0x0000, 0x0000, 0x0000, 0x0000, 0x0000,
    0x0000, 0x0000, 0x0000, 0x0000, 0x0000, 0x0000, 0x0000, 0x0000, 0x0000, 0x0000, 0x0000, 0x0000,
    0x0000, 0x0000, 0x0000, 0x0000, 0x0000, 0x0000, 0x0000, 0x0000, 0x0000, 0x0000, 0x0000, 0x0000,
    0x0000, 0x0000, 0x0000, 0x0000, 0x0000, 0x0000, 0x0000, 0x0000, 0x0000, 0x0000, 0x0000, 0x0000,
    0x0000, 0x0000, 0x0000, 0x0000, 0x0000, 0x0000, 0x0000, 0x0000, 0x0000, 0x0000, 0x0000, 0x0000,
    0x0000, 0x0000, 0x0000, 0x0000, 0x0000, 0x0000, 0x0000, 0x0000, 0x0000, 0x0000, 0x0000, 0x0000,
    0x0000, 0x0000, 0x0000, 0x0000, 0x0000, 0x0000, 0x0000, 0x0000, 0x0000, 0x0000, 0x0000, 0x0000,
    0x0000, 0x0000, 0x0000, 0x0000, 0x0000, 0x0000, 0x0000, 0x0000, 0x0000, 0x0000, 0x0000, 0x0000,
    0x0000, 0x0000, 0x0000, 0x0000, 0x0000, 0x0000, 0x0000, 0x0000, 0x0000, 0x0000, 0x0000, 0x0000,
    0x0020, 0x1803, 0x25A2, 0x1FC2, 0x1FE0, 0x17E0, 0x17E0, 0x17E0, 0x17E0, 0x17E0, 0x17E0, 0x17E0,
    0x17E0, 0x17E0, 0x17E0, 0x17E0, 0x17E0, 0x17E0, 0x17E0, 0x17E0, 0x17E0, 0x17E0, 0x17E0, 0x17E0,
    0x17E0, 0x17E0, 0x17E0, 0x17E0, 0x17E0, 0x17E0, 0x17E0, 0x17E0, 0x17E0, 0x17E0, 0x17E0, 0x17E0,
    0x17E0, 0x17E0, 0x17E0, 0x17E0, 0x17E0, 0x17E0, 0x17E0, 0x17E0, 0x17E0, 0x17E0, 0x17E0, 0x17E0,
    0x17E0, 0x17E0, 0x17E0, 0x17E0, 0x17E0, 0x17E0, 0x17E0, 0x17E0, 0x17E0, 0x17E0, 0x17E0, 0x17E0,
    0x17E0, 0x17E0, 0x17E0, 0x17E0, 0x17E0, 0x17E0, 0x17E0, 0x17E0, 0x17E0, 0x17E0, 0x17E0, 0x17E0,
    0x17E0, 0x17C0, 0x17E1, 0x1341, 0x1002, 0x0000, 0x0000, 0x0000, 0x0000, 0x0000, 0x0000, 0x0000,
    0x0000, 0x0000, 0x0000, 0x0000, 0x0000, 0x0000, 0x0000, 0x0000, 0x0000, 0x0000, 0x0000, 0x0000,
    0x0000, 0x0000, 0x0000, 0x0000, 0x0000, 0x0000, 0x0000, 0x0000, 0x0000, 0x0000, 0x0000, 0x0000,
    0x0000, 0x0000, 0x0000, 0x0000, 0x0000, 0x0000, 0x0000, 0x0000, 0x0000, 0x0000, 0x0000, 0x0000,
    0x0000, 0x0000, 0x0000, 0x0000, 0x0000, 0x0000, 0x0000, 0x0000, 0x0000, 0x0000, 0x0000, 0x0000,
    0x0000, 0x0000, 0x0000, 0x0000, 0x0000, 0x0000, 0x0000, 0x0000, 0x0000, 0x0000, 0x0000, 0x0000,
    0x0000, 0x0000, 0x0000, 0x0000, 0x0000, 0x0000, 0x0000, 0x0000, 0x0000, 0x0000, 0x0000, 0x0000,
    0x0000, 0x0000, 0x0000, 0x0000, 0x0000, 0x0000, 0x0000, 0x0000, 0x0000, 0x0000, 0x0000, 0x0000,
    0x0000, 0x0000, 0x0000, 0x0000, 0x0000, 0x0000, 0x0000, 0x0000, 0x0000, 0x0000, 0x0000, 0x0000,
    0x0000, 0x0000, 0x0000, 0x0000, 0x0000, 0x0000, 0x0000, 0x0000, 0x0000, 0x0000, 0x0000, 0x0000,
    0x0020, 0x1843, 0x1C82, 0x1F82, 0x1FE2, 0x17E1, 0x17E0, 0x17E0, 0x17E0, 0x17E0, 0x17E0, 0x17E0,
    0x17E0, 0x17E0, 0x17E0, 0x17E0, 0x17E0, 0x17E0, 0x17E0, 0x17E0, 0x17E0, 0x17E0, 0x17E0, 0x17E0,
    0x17E0, 0x17E0, 0x17E0, 0x17E0, 0x17E0, 0x17E0, 0x17E0, 0x17E0, 0x17E0, 0x17E0, 0x17E0, 0x17E0,
    0x17E0, 0x17E0, 0x17E0, 0x17E0, 0x17E0, 0x17E0, 0x17E0, 0x17E0, 0x17E0, 0x17E0, 0x17E0, 0x17E0,
    0x17E0, 0x17E0, 0x17E0, 0x17E0, 0x17E0, 0x17E0, 0x17E0, 0x17E0, 0x17E0, 0x17E0, 0x17E0, 0x17E0,
    0x17E0, 0x17E0, 0x17E0, 0x17E0, 0x17E0, 0x17E0, 0x17E0, 0x17E0, 0x17E0, 0x17E0, 0x17E0, 0x17E0,
    0x17E0, 0x17C0, 0x1FA1, 0x0200, 0x1002, 0x0000, 0x0000, 0x0000, 0x0000, 0x0000, 0x0000, 0x0000,
    0x0000, 0x0000, 0x0000, 0x0000, 0x0000, 0x0000, 0x0000, 0x0000, 0x0000, 0x0000, 0x0000, 0x0000,
    0x0000, 0x0000, 0x0000, 0x0000, 0x0000, 0x0000, 0x0000, 0x0000, 0x0000, 0x0000, 0x0000, 0x0000,
    0x0000, 0x0000, 0x0000, 0x0000, 0x0000, 0x0000, 0x0000, 0x0000, 0x0000, 0x0000, 0x0000, 0x0000,
    0x0000, 0x0000, 0x0000, 0x0000, 0x0000, 0x0000, 0x0000, 0x0000, 0x0000, 0x0000, 0x0000, 0x0000,
    0x0000, 0x0000, 0x0000, 0x0000, 0x0000, 0x0000, 0x0000, 0x0000, 0x0000, 0x0000, 0x0000, 0x0000,
    0x0000, 0x0000, 0x0000, 0x0000, 0x0000, 0x0000, 0x0000, 0x0000, 0x0000, 0x0000, 0x0000, 0x0000,
    0x0000, 0x0000, 0x0000, 0x0000, 0x0000, 0x0000, 0x0000, 0x0000, 0x0000, 0x0000, 0x0000, 0x0000,
    0x0000, 0x0000, 0x0000, 0x0000, 0x0000, 0x0000, 0x0000, 0x0000, 0x0000, 0x0000, 0x0000, 0x0000,
    0x0000, 0x0000, 0x0000, 0x0000, 0x0000, 0x0000, 0x0000, 0x0000, 0x0000, 0x0000, 0x0000, 0x0000,
    0x0000, 0x0000, 0x0100, 0x24A4, 0x0FE0, 0x17E0, 0x17E1, 0x17E0, 0x17E0, 0x17E0, 0x17E0, 0x17E0,
    0x17E0, 0x17E0, 0x17E0, 0x17E0, 0x17E0, 0x17E0, 0x17E0, 0x17E0, 0x17E0, 0x17E0, 0x17E0, 0x17E0,
    0x17E0, 0x17E0, 0x17E0, 0x17E0, 0x17E0, 0x17E0, 0x17E0, 0x17E0, 0x17E0, 0x17E0, 0x17E0, 0x17E0,
    0x17E0, 0x17E0, 0x17E0, 0x17E0, 0x17E0, 0x17E0, 0x17E0, 0x17E0, 0x17E0, 0x17E0, 0x17E0, 0x17E0,
    0x17E0, 0x17E0, 0x17E0, 0x17E0, 0x17E0, 0x17E0, 0x17E0, 0x17E0, 0x17E0, 0x17E0, 0x17E0, 0x17E0,
    0x17E0, 0x17E0, 0x17E0, 0x17E0, 0x17E0, 0x17E0, 0x17E0, 0x17E0, 0x17E0, 0x17E0, 0x17E0, 0x17E0,
    0x17E0, 0x17E1, 0x2EC4, 0x0020, 0x0821, 0x0000, 0x0000, 0x0000, 0x0000, 0x0000, 0x0000, 0x0000,
    0x0000, 0x0000, 0x0000, 0x0000, 0x0000, 0x0000, 0x0000, 0x0000, 0x0000, 0x0000, 0x0000, 0x0000,
    0x0000, 0x0000, 0x0000, 0x0000, 0x0000, 0x0000, 0x0000, 0x0000, 0x0000, 0x0000, 0x0000, 0x0000,
    0x0000, 0x0000, 0x0000, 0x0000, 0x0000, 0x0000, 0x0000, 0x0000, 0x0000, 0x0000, 0x0000, 0x0000,
    0x0000, 0x0000, 0x0000, 0x0000, 0x0000, 0x0000, 0x0000, 0x0000, 0x0000, 0x0000, 0x0000, 0x0000,
    0x0000, 0x0000, 0x0000, 0x0000, 0x0000, 0x0000, 0x0000, 0x0000, 0x0000, 0x0000, 0x0000, 0x0000,
    0x0000, 0x0000, 0x0000, 0x0000, 0x0000, 0x0000, 0x0000, 0x0000, 0x0000, 0x0000, 0x0000, 0x0000,
    0x0000, 0x0000, 0x0000, 0x0000, 0x0000, 0x0000, 0x0000, 0x0000, 0x0000, 0x0000, 0x0000, 0x0000,
    0x0000, 0x0000, 0x0000, 0x0000, 0x0000, 0x0000, 0x0000, 0x0000, 0x0000, 0x0000, 0x0000, 0x0000,
    0x0000, 0x0000, 0x0000, 0x0000, 0x0000, 0x0000, 0x0000, 0x0000, 0x0000, 0x0000, 0x0000, 0x0000,
    0x0001, 0x0020, 0x0000, 0x0A22, 0x1FE1, 0x17E0, 0x0FE1, 0x17E1, 0x17E0, 0x17E0, 0x17E0, 0x17E0,
    0x17E0, 0x17E0, 0x17E0, 0x17E0, 0x17E0, 0x17E0, 0x17E0, 0x17E0, 0x17E0, 0x17E0, 0x17E0, 0x17E0,
    0x17E0, 0x17E0, 0x17E0, 0x17E0, 0x17E0, 0x17E0, 0x17E0, 0x17E0, 0x17E0, 0x17E0, 0x17E0, 0x17E0,
    0x17E0, 0x17E0, 0x17E0, 0x17E0, 0x17E0, 0x17E0, 0x17E0, 0x17E0, 0x17E0, 0x17E0, 0x17E0, 0x17E0,
    0x17E0, 0x17E0, 0x17E0, 0x17E0, 0x17E0, 0x17E0, 0x17E0, 0x17E0, 0x17E0, 0x17E0, 0x17E0, 0x17E0,
    0x17E0, 0x17E0, 0x17E0, 0x17E0, 0x17E0, 0x17E0, 0x17E0, 0x17E0, 0x17E0, 0x17E0, 0x17E0, 0x17E0,
    0x17E1, 0x2783, 0x2523, 0x1022, 0x0820, 0x0000, 0x0000, 0x0000, 0x0000, 0x0000, 0x0000, 0x0000,
    0x0000, 0x0000, 0x0000, 0x0000, 0x0000, 0x0000, 0x0000, 0x0000, 0x0000, 0x0000, 0x0000, 0x0000,
    0x0000, 0x0000, 0x0000, 0x0000, 0x0000, 0x0000, 0x0000, 0x0000, 0x0000, 0x0000, 0x0000, 0x0000,
    0x0000, 0x0000, 0x0000, 0x0000, 0x0000, 0x0000, 0x0000, 0x0000, 0x0000, 0x0000, 0x0000, 0x0000,
    0x0000, 0x0000, 0x0000, 0x0000, 0x0000, 0x0000, 0x0000, 0x0000, 0x0000, 0x0000, 0x0000, 0x0000,
    0x0000, 0x0000, 0x0000, 0x0000, 0x0000, 0x0000, 0x0000, 0x0000, 0x0000, 0x0000, 0x0000, 0x0000,
    0x0000, 0x0000, 0x0000, 0x0000, 0x0000, 0x0000, 0x0000, 0x0000, 0x0000, 0x0000, 0x0000, 0x0000,
    0x0000, 0x0000, 0x0000, 0x0000, 0x0000, 0x0000, 0x0000, 0x0000, 0x0000, 0x0000, 0x0000, 0x0000,
    0x0000, 0x0000, 0x0000, 0x0000, 0x0000, 0x0000, 0x0000, 0x0000, 0x0000, 0x0000, 0x0000, 0x0000,
    0x0000, 0x0000, 0x0000, 0x0000, 0x0000, 0x0000, 0x0000, 0x0000, 0x0000, 0x0000, 0x0000, 0x0000,
    0x0020, 0x0020, 0x0801, 0x0000, 0x1D62, 0x2743, 0x0FE0, 0x0FE0, 0x17E0, 0x17E0, 0x17E0, 0x17E0,
    0x17E0, 0x17E0, 0x17E0, 0x17E0, 0x17E0, 0x17E0, 0x17E0, 0x17E0, 0x17E0, 0x17E0, 0x17E0, 0x17E0,
    0x17E0, 0x17E0, 0x17E0, 0x17E0, 0x17E0, 0x17E0, 0x17E0, 0x17E0, 0x17E0, 0x17E0, 0x17E0, 0x17E0,
    0x17E0, 0x17E0, 0x17E0, 0x17E0, 0x17E0, 0x17E0, 0x17E0, 0x17E0, 0x17E0, 0x17E0, 0x17E0, 0x17E0,
    0x17E0, 0x17E0, 0x17E0, 0x17E0, 0x17E0, 0x17E0, 0x17E0, 0x17E0, 0x17E0, 0x17E0, 0x17E0, 0x17E0,
    0x17E0, 0x17E0, 0x17E0, 0x17E0, 0x17E0, 0x17E0, 0x17E0, 0x17E0, 0x17E0, 0x17E0, 0x0FE0, 0x17E1,
    0x1FC2, 0x2403, 0x0100, 0x0001, 0x0020, 0x0000, 0x0000, 0x0000, 0x0000, 0x0000, 0x0000, 0x0000,
    0x0000, 0x0000, 0x0000, 0x0000, 0x0000, 0x0000, 0x0000, 0x0000, 0x0000, 0x0000, 0x0000, 0x0000,
    0x0000, 0x0000, 0x0000, 0x0000, 0x0000, 0x0000, 0x0000, 0x0000, 0x0000, 0x0000, 0x0000, 0x0000,
    0x0000, 0x0000, 0x0000, 0x0000, 0x0000, 0x0000, 0x0000, 0x0000, 0x0000, 0x0000, 0x0000, 0x0000,
    0x0000, 0x0000, 0x0000, 0x0000, 0x0000, 0x0000, 0x0000, 0x0000, 0x0000, 0x0000, 0x0000, 0x0000,
    0x0000, 0x0000, 0x0000, 0x0000, 0x0000, 0x0000, 0x0000, 0x0000, 0x0000, 0x0000, 0x0000, 0x0000,
    0x0000, 0x0000, 0x0000, 0x0000, 0x0000, 0x0000, 0x0000, 0x0000, 0x0000, 0x0000, 0x0000, 0x0000,
    0x0000, 0x0000, 0x0000, 0x0000, 0x0000, 0x0000, 0x0000, 0x0000, 0x0000, 0x0000, 0x0000, 0x0000,
    0x0000, 0x0000, 0x0000, 0x0000, 0x0000, 0x0000, 0x0000, 0x0000, 0x0000, 0x0000, 0x0000, 0x0000,
    0x0000, 0x0000, 0x0000, 0x0000, 0x0000, 0x0000, 0x0000, 0x0000, 0x0000, 0x0000, 0x0000, 0x0000,
    0x0000, 0x0020, 0x0000, 0x0020, 0x0AE2, 0x2D85, 0x0FC0, 0x17E0, 0x17E0, 0x17E0, 0x17E0, 0x17C1,
    0x17E0, 0x17E0, 0x17E0, 0x17E0, 0x17E0, 0x17E0, 0x17E0, 0x17E0, 0x17E0, 0x17E0, 0x17E0, 0x17E0,
    0x17E0, 0x17E0, 0x17E0, 0x17E0, 0x17E0, 0x17E0, 0x17E0, 0x17E0, 0x17E0, 0x17E0, 0x17E0, 0x17E1,
    0x17E0, 0x17E0, 0x17E0, 0x0FE0, 0x17E1, 0x17E1, 0x17E0, 0x17E0, 0x17E0, 0x17E0, 0x17E0, 0x17E0,
    0x17E0, 0x17E0, 0x17E0, 0x17E0, 0x17E0, 0x17E0, 0x17E0, 0x17E0, 0x17E0, 0x17E0, 0x17E0, 0x17E0,
    0x17E0, 0x17E0, 0x17E0, 0x17E0, 0x17E0, 0x17E0, 0x17E1, 0x17E0, 0x0FE0, 0x17E0, 0x17E0, 0x0FE0,
    0x2F24, 0x0960, 0x0020, 0x0020, 0x0020, 0x0000, 0x0000, 0x0000, 0x0000, 0x0000, 0x0000, 0x0000,
    0x0000, 0x0000, 0x0000, 0x0000, 0x0000, 0x0000, 0x0000, 0x0000, 0x0000, 0x0000, 0x0000, 0x0000,
    0x0000, 0x0000, 0x0000, 0x0000, 0x0000, 0x0000, 0x0000, 0x0000, 0x0000, 0x0000, 0x0000, 0x0000,
    0x0000, 0x0000, 0x0000, 0x0000, 0x0000, 0x0000, 0x0000, 0x0000, 0x0000, 0x0000, 0x0000, 0x0000,
    0x0000, 0x0000, 0x0000, 0x0000, 0x0000, 0x0000, 0x0000, 0x0000, 0x0000, 0x0000, 0x0000, 0x0000,
    0x0000, 0x0000, 0x0000, 0x0000, 0x0000, 0x0000, 0x0000, 0x0000, 0x0000, 0x0000, 0x0000, 0x0000,
    0x0000, 0x0000, 0x0000, 0x0000, 0x0000, 0x0000, 0x0000, 0x0000, 0x0000, 0x0000, 0x0000, 0x0000,
    0x0000, 0x0000, 0x0000, 0x0000, 0x0000, 0x0000, 0x0000, 0x0000, 0x0000, 0x0000, 0x0000, 0x0000,
    0x0000, 0x0000, 0x0000, 0x0000, 0x0000, 0x0000, 0x0000, 0x0000, 0x0000, 0x0000, 0x0000, 0x0000,
    0x0000, 0x0000, 0x0000, 0x0000, 0x0000, 0x0000, 0x0000, 0x0000, 0x0000, 0x0000, 0x0000, 0x0000,
    0x0000, 0x0000, 0x0000, 0x0000, 0x0020, 0x0020, 0x1E23, 0x27C2, 0x17C1, 0x1FC2, 0x1FC1, 0x17E0,
    0x17E0, 0x17E0, 0x17E0, 0x17E0, 0x17E0, 0x17E0, 0x17E0, 0x17E0, 0x17E0, 0x17E0, 0x17E0, 0x17E0,
    0x17E0, 0x17E0, 0x17E0, 0x17E0, 0x17E0, 0x17E0, 0x17E0, 0x17E0, 0x17E0, 0x17E0, 0x17E0, 0x17E0,
    0x17E0, 0x17E0, 0x17E0, 0x1FC2, 0x1FC1, 0x17E0, 0x0FE0, 0x17E0, 0x17E0, 0x17E0, 0x17E0, 0x17E0,
    0x17E0, 0x17E0, 0x17E0, 0x17E0, 0x17E0, 0x17E0, 0x17E0, 0x17E0, 0x17E0, 0x17E0, 0x17E0, 0x17E0,
    0x17E0, 0x17E0, 0x17E0, 0x17E0, 0x17E0, 0x17E0, 0x17E0, 0x1FE2, 0x1FC2, 0x1FE1, 0x17A1, 0x2F64,
    0x0220, 0x0020, 0x0000, 0x0000, 0x0000, 0x0000, 0x0000, 0x0000, 0x0000, 0x0000, 0x0000, 0x0000,
    0x0000, 0x0000, 0x0000, 0x0000, 0x0000, 0x0000, 0x0000, 0x0000, 0x0000, 0x0000, 0x0000, 0x0000,
    0x0000, 0x0000, 0x0000, 0x0000, 0x0000, 0x0000, 0x0000, 0x0000, 0x0000, 0x0000, 0x0000, 0x0000,
    0x0000, 0x0000, 0x0000, 0x0000, 0x0000, 0x0000, 0x0000, 0x0000, 0x0000, 0x0000, 0x0000, 0x0000,
    0x0000, 0x0000, 0x0000, 0x0000, 0x0000, 0x0000, 0x0000, 0x0000, 0x0000, 0x0000, 0x0000, 0x0000,
    0x0000, 0x0000, 0x0000, 0x0000, 0x0000, 0x0000, 0x0000, 0x0000, 0x0000, 0x0000, 0x0000, 0x0000,
    0x0000, 0x0000, 0x0000, 0x0000, 0x0000, 0x0000, 0x0000, 0x0000, 0x0000, 0x0000, 0x0000, 0x0000,
    0x0000, 0x0000, 0x0000, 0x0000, 0x0000, 0x0000, 0x0000, 0x0000, 0x0000, 0x0000, 0x0000, 0x0000,
    0x0000, 0x0000, 0x0000, 0x0000, 0x0000, 0x0000, 0x0000, 0x0000, 0x0000, 0x0000, 0x0000, 0x0000,
    0x0000, 0x0000, 0x0000, 0x0000, 0x0000, 0x0000, 0x0000, 0x0000, 0x0000, 0x0000, 0x0000, 0x0000,
    0x0000, 0x0000, 0x0000, 0x0000, 0x0001, 0x0001, 0x1260, 0x2D24, 0x0FE1, 0x0FE0, 0x17E1, 0x17E0,
    0x17E0, 0x17E0, 0x17E0, 0x17E0, 0x17E0, 0x17E0, 0x17E0, 0x17E0, 0x17E0, 0x17E0, 0x17E0, 0x17E0,
    0x17E0, 0x17E0, 0x17E0, 0x17E0, 0x17E0, 0x17E0, 0x17E0, 0x17E0, 0x17E0, 0x17E0, 0x17E0, 0x17E0,
    0x0FE0, 0x0FE0, 0x17E0, 0x0FE0, 0x17E0, 0x17E0, 0x17E1, 0x17E0, 0x17E0, 0x17E0, 0x17E0, 0x17E0,
    0x17E0, 0x17E0, 0x17E0, 0x17E0, 0x17E0, 0x17E0, 0x17E0, 0x17E0, 0x17E0, 0x17E0, 0x17E0, 0x17E0,
    0x17E0, 0x17E0, 0x17E0, 0x17E0, 0x17E0, 0x17E0, 0x17E1, 0x1FE1, 0x0FE0, 0x07E0, 0x36E5, 0x2445,
    0x0021, 0x0020, 0x0000, 0x0000, 0x0000, 0x0000, 0x0000, 0x0000, 0x0000, 0x0000, 0x0000, 0x0000,
    0x0000, 0x0000, 0x0000, 0x0000, 0x0000, 0x0000, 0x0000, 0x0000, 0x0000, 0x0000, 0x0000, 0x0000,
    0x0000, 0x0000, 0x0000, 0x0000, 0x0000, 0x0000, 0x0000, 0x0000, 0x0000, 0x0000, 0x0000, 0x0000,
    0x0000, 0x0000, 0x0000, 0x0000, 0x0000, 0x0000, 0x0000, 0x0000, 0x0000, 0x0000, 0x0000, 0x0000,
    0x0000, 0x0000, 0x0000, 0x0000, 0x0000, 0x0000, 0x0000, 0x0000, 0x0000, 0x0000, 0x0000, 0x0000,
    0x0000, 0x0000, 0x0000, 0x0000, 0x0000, 0x0000, 0x0000, 0x0000, 0x0000, 0x0000, 0x0000, 0x0000,
    0x0000, 0x0000, 0x0000, 0x0000, 0x0000, 0x0000, 0x0000, 0x0000, 0x0000, 0x0000, 0x0000, 0x0000,
    0x0000, 0x0000, 0x0000, 0x0000, 0x0000, 0x0000, 0x0000, 0x0000, 0x0000, 0x0000, 0x0000, 0x0000,
    0x0000, 0x0000, 0x0000, 0x0000, 0x0000, 0x0000, 0x0000, 0x0000, 0x0000, 0x0000, 0x0000, 0x0000,
    0x0000, 0x0000, 0x0000, 0x0000, 0x0000, 0x0000, 0x0000, 0x0000, 0x0000, 0x0000, 0x0000, 0x0000,
    0x0000, 0x0000, 0x0000, 0x0000, 0x0040, 0x0000, 0x0021, 0x0040, 0x1BA2, 0x2F63, 0x17E0, 0x17C2,
    0x17E0, 0x17E0, 0x17E0, 0x17E0, 0x17E0, 0x17E0, 0x17E0, 0x17E0, 0x17E0, 0x17E0, 0x17E0, 0x17E0,
    0x17E0, 0x17E0, 0x17E0, 0x17E0, 0x17E0, 0x17E0, 0x17E0, 0x17E0, 0x17E0, 0x17E0, 0x17E0, 0x1FE0,
    0x17E1, 0x1FE2, 0x1F21, 0x1D83, 0x2703, 0x17E0, 0x0FE0, 0x17E0, 0x17E0, 0x17E0, 0x17E0, 0x17E0,
    0x17E0, 0x17E0, 0x17E0, 0x17E0, 0x17E0, 0x17E0, 0x17E0, 0x17E0, 0x17E0, 0x17E0, 0x17E0, 0x17E0,
    0x17E0, 0x17E0, 0x17E0, 0x17E0, 0x17E0, 0x17E0, 0x17C0, 0x17E0, 0x2664, 0x1D03, 0x08A0, 0x0820,
    0x0040, 0x0000, 0x0000, 0x0000, 0x0000, 0x0000, 0x0000, 0x0000, 0x0000, 0x0000, 0x0000, 0x0000,
    0x0000, 0x0000, 0x0000, 0x0000, 0x0000, 0x0000, 0x0000, 0x0000, 0x0000, 0x0000, 0x0000, 0x0000,
    0x0000, 0x0000, 0x0000, 0x0000, 0x0000, 0x0000, 0x0000, 0x0000, 0x0000, 0x0000, 0x0000, 0x0000,
    0x0000, 0x0000, 0x0000, 0x0000, 0x0000, 0x0000, 0x0000, 0x0000, 0x0000, 0x0000, 0x0000, 0x0000,
    0x0000, 0x0000, 0x0000, 0x0000, 0x0000, 0x0000, 0x0000, 0x0000, 0x0000, 0x0000, 0x0000, 0x0000,
    0x0000, 0x0000, 0x0000, 0x0000, 0x0000, 0x0000, 0x0000, 0x0000, 0x0000, 0x0000, 0x0000, 0x0000,
    0x0000, 0x0000, 0x0000, 0x0000, 0x0000, 0x0000, 0x0000, 0x0000, 0x0000, 0x0000, 0x0000, 0x0000,
    0x0000, 0x0000, 0x0000, 0x0000, 0x0000, 0x0000, 0x0000, 0x0000, 0x0000, 0x0000, 0x0000, 0x0000,
    0x0000, 0x0000, 0x0000, 0x0000, 0x0000, 0x0000, 0x0000, 0x0000, 0x0000, 0x0000, 0x0000, 0x0000,
    0x0000, 0x0000, 0x0000, 0x0000, 0x0000, 0x0000, 0x0000, 0x0000, 0x0000, 0x0000, 0x0000, 0x0000,
    0x0000, 0x0000, 0x0000, 0x0000, 0x0000, 0x0000, 0x0000, 0x0000, 0x0080, 0x2C05, 0x4647, 0x0FE1,
    0x1FA3, 0x0FE0, 0x0FE0, 0x17A0, 0x0FE0, 0x17E0, 0x17E0, 0x1FE0, 0x1FE1, 0x1FE0, 0x1FE0, 0x1FC1,
    0x17C0, 0x17C1, 0x17C0, 0x17C0, 0x17E1, 0x17E1, 0x1FE0, 0x27C1, 0x17C1, 0x0FC0, 0x0FE1, 0x2764,
    0x1FE0, 0x2FE2, 0x0B60, 0x0160, 0x2C03, 0x2FE3, 0x07E0, 0x17E0, 0x17E0, 0x17E0, 0x0FE0, 0x0FE0,
    0x0FE0, 0x0FE0, 0x0FE0, 0x17C1, 0x17C1, 0x1FC2, 0x1FC1, 0x17E1, 0x17E1, 0x17E1, 0x1FE1, 0x17E1,
    0x0FC0, 0x0FE1, 0x17E0, 0x0FE0, 0x27E2, 0x27A2, 0x27E2, 0x3F06, 0x12C1, 0x0140, 0x0000, 0x0000,
    0x0000, 0x0000, 0x0000, 0x0000, 0x0000, 0x0000, 0x0000, 0x0000, 0x0000, 0x0000, 0x0000, 0x0000,
    0x0000, 0x0000, 0x0000, 0x0000, 0x0000, 0x0000, 0x0000, 0x0000, 0x0000, 0x0000, 0x0000, 0x0000,
    0x0000, 0x0000, 0x0000, 0x0000, 0x0000, 0x0000, 0x0000, 0x0000, 0x0000, 0x0000, 0x0000, 0x0000,
    0x0000, 0x0000, 0x0000, 0x0000, 0x0000, 0x0000, 0x0000, 0x0000, 0x0000, 0x0000, 0x0000, 0x0000,
    0x0000, 0x0000, 0x0000, 0x0000, 0x0000, 0x0000, 0x0000, 0x0000, 0x0000, 0x0000, 0x0000, 0x0000,
    0x0000, 0x0000, 0x0000, 0x0000, 0x0000, 0x0000, 0x0000, 0x0000, 0x0000, 0x0000, 0x0000, 0x0000,
    0x0000, 0x0000, 0x0000, 0x0000, 0x0000, 0x0000, 0x0000, 0x0000, 0x0000, 0x0000, 0x0000, 0x0000,
    0x0000, 0x0000, 0x0000, 0x0000, 0x0000, 0x0000, 0x0000, 0x0000, 0x0000, 0x0000, 0x0000, 0x0000,
    0x0000, 0x0000, 0x0000, 0x0000, 0x0000, 0x0000, 0x0000, 0x0000, 0x0000, 0x0000, 0x0000, 0x0000,
    0x0000, 0x0000, 0x0000, 0x0000, 0x0000, 0x0000, 0x0000, 0x0000, 0x0000, 0x0000, 0x0000, 0x0000,
    0x0000, 0x0000, 0x0000, 0x0000, 0x0000, 0x0000, 0x0000, 0x0000, 0x0800, 0x0801, 0x0020, 0x1282,
    0x1481, 0x2EA4, 0x2FA3, 0x1FC1, 0x0FE0, 0x17E0, 0x17C0, 0x1FC2, 0x1FE2, 0x1FE1, 0x1FE1, 0x1FE1,
    0x1FE1, 0x1FE1, 0x17C1, 0x17C0, 0x17E0, 0x17E0, 0x0FE0, 0x0FE0, 0x27E2, 0x3784, 0x2E22, 0x1D21,
    0x01A0, 0x0822, 0x0041, 0x0801, 0x0000, 0x09E0, 0x1AE2, 0x2523, 0x2DE4, 0x2EE3, 0x2F23, 0x1FC1,
    0x1FC1, 0x17C1, 0x17C1, 0x17C1, 0x17C1, 0x17C0, 0x17C0, 0x1FC1, 0x1FC1, 0x1FC1, 0x1FC0, 0x17C0,
    0x17E0, 0x17E0, 0x1FC1, 0x2762, 0x2DA3, 0x1480, 0x0960, 0x0040, 0x1002, 0x0801, 0x0000, 0x0000,
    0x0000, 0x0000, 0x0000, 0x0000, 0x0000, 0x0000, 0x0000, 0x0000, 0x0000, 0x0000, 0x0000, 0x0000,
    0x0000, 0x0000, 0x0000, 0x0000, 0x0000, 0x0000, 0x0000, 0x0000, 0x0000, 0x0000, 0x0000, 0x0000,
    0x0000, 0x0000, 0x0000, 0x0000, 0x0000, 0x0000, 0x0000, 0x0000, 0x0000, 0x0000, 0x0000, 0x0000,
    0x0000, 0x0000, 0x0000, 0x0000, 0x0000, 0x0000, 0x0000, 0x0000, 0x0000, 0x0000, 0x0000, 0x0000,
    0x0000, 0x0000, 0x0000, 0x0000, 0x0000, 0x0000, 0x0000, 0x0000, 0x0000, 0x0000, 0x0000, 0x0000,
    0x0000, 0x0000, 0x0000, 0x0000, 0x0000, 0x0000, 0x0000, 0x0000, 0x0000, 0x0000, 0x0000, 0x0000,
    0x0000, 0x0000, 0x0000, 0x0000, 0x0000, 0x0000, 0x0000, 0x0000, 0x0000, 0x0000, 0x0000, 0x0000,
    0x0000, 0x0000, 0x0000, 0x0000, 0x0000, 0x0000, 0x0000, 0x0000, 0x0000, 0x0000, 0x0000, 0x0000,
    0x0000, 0x0000, 0x0000, 0x0000, 0x0000, 0x0000, 0x0000, 0x0000, 0x0000, 0x0000, 0x0000, 0x0000,
    0x0000, 0x0000, 0x0000, 0x0000, 0x0000, 0x0000, 0x0000, 0x0000, 0x0000, 0x0000, 0x0000, 0x0000,
    0x0000, 0x0000, 0x0000, 0x0000, 0x0000, 0x0000, 0x0000, 0x0000, 0x0000, 0x0821, 0x0801, 0x0000,
    0x0801, 0x1241, 0x13E1, 0x36A5, 0x27A4, 0x27E3, 0x1FE1, 0x17C0, 0x17C1, 0x17E0, 0x0FE0, 0x0FE0,
    0x17E0, 0x17E0, 0x0FC0, 0x0FC0, 0x07E0, 0x17E0, 0x37C3, 0x3F83, 0x3DE4, 0x3485, 0x0120, 0x0842,
    0x0802, 0x0001, 0x0040, 0x0020, 0x0001, 0x0001, 0x0001, 0x0060, 0x00E0, 0x0280, 0x1342, 0x3665,
    0x3724, 0x17C0, 0x17C0, 0x1FC1, 0x17E0, 0x0FE0, 0x0FE0, 0x0FE0, 0x17E1, 0x17E1, 0x1FE0, 0x1FE1,
    0x27C4, 0x2764, 0x25C3, 0x13E1, 0x08E1, 0x0821, 0x0800, 0x1021, 0x0020, 0x0000, 0x0000, 0x0000,
    0x0000, 0x0000, 0x0000, 0x0000, 0x0000, 0x0000, 0x0000, 0x0000, 0x0000, 0x0000, 0x0000, 0x0000,
    0x0000, 0x0000, 0x0000, 0x0000, 0x0000, 0x0000, 0x0000, 0x0000, 0x0000, 0x0000, 0x0000, 0x0000,
    0x0000, 0x0000, 0x0000, 0x0000, 0x0000, 0x0000, 0x0000, 0x0000, 0x0000, 0x0000, 0x0000, 0x0000,
    0x0000, 0x0000, 0x0000, 0x0000, 0x0000, 0x0000, 0x0000, 0x0000, 0x0000, 0x0000, 0x0000, 0x0000,
    0x0000, 0x0000, 0x0000, 0x0000, 0x0000, 0x0000, 0x0000, 0x0000, 0x0000, 0x0000, 0x0000, 0x0000,
    0x0000, 0x0000, 0x0000, 0x0000, 0x0000, 0x0000, 0x0000, 0x0000, 0x0000, 0x0000, 0x0000, 0x0000,
    0x0000, 0x0000, 0x0000, 0x0000, 0x0000, 0x0000, 0x0000, 0x0000, 0x0000, 0x0000, 0x0000, 0x0000,
    0x0000, 0x0000, 0x0000, 0x0000, 0x0000, 0x0000, 0x0000, 0x0000, 0x0000, 0x0000, 0x0000, 0x0000,
    0x0000, 0x0000, 0x0000, 0x0000, 0x0000, 0x0000, 0x0000, 0x0000, 0x0000, 0x0000, 0x0000, 0x0000,
    0x0000, 0x0000, 0x0000, 0x0000, 0x0000, 0x0000, 0x0000, 0x0000, 0x0000, 0x0000, 0x0000, 0x0000,
    0x0000, 0x0000, 0x0000, 0x0000, 0x0000, 0x0000, 0x0000, 0x0000, 0x0800, 0x0000, 0x0000, 0x0020,
    0x0020, 0x0000, 0x0000, 0x0020, 0x0002, 0x00E1, 0x0181, 0x1282, 0x0B22, 0x23E3, 0x2404, 0x2404,
    0x2C24, 0x2424, 0x2403, 0x23A3, 0x12A2, 0x1222, 0x00A1, 0x0022, 0x0801, 0x0800, 0x0021, 0x0040,
    0x0001, 0x0001, 0x0040, 0x0000, 0x0000, 0x0020, 0x0020, 0x0020, 0x0000, 0x0000, 0x0801, 0x0801,
    0x0000, 0x0020, 0x08E1, 0x0A21, 0x0A61, 0x1301, 0x1341, 0x1B62, 0x1301, 0x0AC1, 0x0A21, 0x09C1,
    0x0061, 0x0001, 0x0000, 0x0801, 0x0001, 0x0000, 0x0000, 0x0000, 0x0000, 0x0801, 0x0000, 0x0000,
    0x0000, 0x0000, 0x0000, 0x0000, 0x0000, 0x0000, 0x0000, 0x0000, 0x0000, 0x0000, 0x0000, 0x0000,
    0x0000, 0x0000, 0x0000, 0x0000, 0x0000, 0x0000, 0x0000, 0x0000, 0x0000, 0x0000, 0x0000, 0x0000,
    0x0000, 0x0000, 0x0000, 0x0000, 0x0000, 0x0000, 0x0000, 0x0000, 0x0000, 0x0000, 0x0000, 0x0000,
    0x0000, 0x0000, 0x0000, 0x0000, 0x0000, 0x0000, 0x0000, 0x0000, 0x0000, 0x0000, 0x0000, 0x0000,
    0x0000, 0x0000, 0x0000, 0x0000, 0x0000, 0x0000, 0x0000, 0x0000, 0x0000, 0x0000, 0x0000, 0x0000,
    0x0000, 0x0000, 0x0000, 0x0000, 0x0000, 0x0000, 0x0000, 0x0000, 0x0000, 0x0000, 0x0000, 0x0000,
    0x0000, 0x0000, 0x0000, 0x0000, 0x0000, 0x0000, 0x0000, 0x0000, 0x0000, 0x0000, 0x0000, 0x0000,
    0x0000, 0x0000, 0x0000, 0x0000, 0x0000, 0x0000, 0x0000, 0x0000, 0x0000, 0x0000, 0x0000, 0x0000,
    0x0000, 0x0000, 0x0000, 0x0000, 0x0000, 0x0000, 0x0000, 0x0000, 0x0000, 0x0000, 0x0000, 0x0000,
    0x0000, 0x0000, 0x0000, 0x0000, 0x0000, 0x0000, 0x0000, 0x0000, 0x0000, 0x0000, 0x0000, 0x0000,
    0x0000, 0x0000, 0x0000, 0x0000, 0x0000, 0x0000, 0x0000, 0x0000, 0x0000, 0x0000, 0x0000, 0x0000,
    0x0000, 0x0000, 0x0000, 0x0000, 0x0000, 0x0000, 0x0000, 0x0000, 0x0000, 0x0000, 0x0000, 0x0000,
    0x0000, 0x0000, 0x0001, 0x0000, 0x0000, 0x0000, 0x0000, 0x0000, 0x0000, 0x0000, 0x0000, 0x0000,
    0x0000, 0x0000, 0x0000, 0x0000, 0x0000, 0x0000, 0x0000, 0x0000, 0x0000, 0x0000, 0x0000, 0x0000,
    0x0000, 0x0000, 0x0000, 0x0000, 0x0000, 0x0020, 0x0020, 0x0020, 0x0021, 0x0001, 0x0800, 0x0000,
    0x0000, 0x0000, 0x0000, 0x0000, 0x0000, 0x0000, 0x0000, 0x0000, 0x0000, 0x0000, 0x0000, 0x0000,
    0x0000, 0x0000, 0x0000, 0x0000, 0x0000, 0x0000, 0x0000, 0x0000, 0x0000, 0x0000, 0x0000, 0x0000,
    0x0000, 0x0000, 0x0000, 0x0000, 0x0000, 0x0000, 0x0000, 0x0000, 0x0000, 0x0000, 0x0000, 0x0000,
    0x0000, 0x0000, 0x0000, 0x0000, 0x0000, 0x0000, 0x0000, 0x0000, 0x0000, 0x0000, 0x0000, 0x0000,
    0x0000, 0x0000, 0x0000, 0x0000, 0x0000, 0x0000, 0x0000, 0x0000, 0x0000, 0x0000, 0x0000, 0x0000,
    0x0000, 0x0000, 0x0000, 0x0000, 0x0000, 0x0000, 0x0000, 0x0000, 0x0000, 0x0000, 0x0000, 0x0000,
    0x0000, 0x0000, 0x0000, 0x0000, 0x0000, 0x0000, 0x0000, 0x0000, 0x0000, 0x0000, 0x0000, 0x0000,
    0x0000, 0x0000, 0x0000, 0x0000, 0x0000, 0x0000, 0x0000, 0x0000, 0x0000, 0x0000, 0x0000, 0x0000,
    0x0000, 0x0000, 0x0000, 0x0000, 0x0000, 0x0000, 0x0000, 0x0000, 0x0000, 0x0000, 0x0000, 0x0000,
    0x0000, 0x0000, 0x0000, 0x0000, 0x0000, 0x0000, 0x0000, 0x0000, 0x0000, 0x0000, 0x0000, 0x0000,
    0x0000, 0x0000, 0x0000, 0x0000, 0x0000, 0x0000, 0x0000, 0x0000, 0x0000, 0x0000, 0x0000, 0x0000,
    0x0000, 0x0000, 0x0000, 0x0000, 0x0000, 0x0000, 0x0000, 0x0000, 0x0000, 0x0000, 0x0000, 0x0000,
    0x0000, 0x0000, 0x0000, 0x0000, 0x0000, 0x0000, 0x0000, 0x0000, 0x0000, 0x0000, 0x0000, 0x0000,
    0x0001, 0x0001, 0x0001, 0x0001, 0x0000, 0x0000, 0x0000, 0x0000, 0x0000, 0x0000, 0x0000, 0x0000,
    0x0000, 0x0000, 0x0000, 0x0000, 0x0000, 0x0000, 0x0000, 0x0000, 0x0000, 0x0000, 0x0000, 0x0000,
    0x0000, 0x0000, 0x0000, 0x0000, 0x0000, 0x0000, 0x0000, 0x0801, 0x0800, 0x0000, 0x0000, 0x0000,
    0x0000, 0x0000, 0x0000, 0x0000, 0x0000, 0x0000, 0x0000, 0x0000, 0x0000, 0x0000, 0x0000, 0x0000,
    0x0000, 0x0000, 0x0000, 0x0000, 0x0000, 0x0000, 0x0000, 0x0000, 0x0000, 0x0000, 0x0000, 0x0000,
    0x0000, 0x0000, 0x0000, 0x0000, 0x0000, 0x0000, 0x0000, 0x0000, 0x0000, 0x0000, 0x0000, 0x0000,
    0x0000, 0x0000, 0x0000, 0x0000, 0x0000, 0x0000, 0x0000, 0x0000, 0x0000, 0x0000, 0x0000, 0x0000,
    0x0000, 0x0000, 0x0000, 0x0000, 0x0000, 0x0000, 0x0000, 0x0000, 0x0000, 0x0000, 0x0000, 0x0000,
    0x0000, 0x0000, 0x0000, 0x0000, 0x0000, 0x0000, 0x0000, 0x0000, 0x0000, 0x0000, 0x0000, 0x0000,
    0x0000, 0x0000, 0x0000, 0x0000, 0x0000, 0x0000, 0x0000, 0x0000, 0x0000, 0x0000, 0x0000, 0x0000,
    0x0000, 0x0000, 0x0000, 0x0000, 0x0000, 0x0000, 0x0000, 0x0000, 0x0000, 0x0000, 0x0000, 0x0000,
    0x0000, 0x0000, 0x0000, 0x0000, 0x0000, 0x0000, 0x0000, 0x0000, 0x0000, 0x0000, 0x0000, 0x0000,
    0x0000, 0x0000, 0x0000, 0x0000, 0x0000, 0x0000, 0x0000, 0x0000, 0x0000, 0x0000, 0x0000, 0x0000,
    0x0000, 0x0000, 0x0000, 0x0000, 0x0000, 0x0000, 0x0000, 0x0000, 0x0000, 0x0000, 0x0000, 0x0000,
    0x0000, 0x0000, 0x0000, 0x0000, 0x0000, 0x0000, 0x0000, 0x0000, 0x0000, 0x0000, 0x0000, 0x0000,
    0x0000, 0x0000, 0x0000, 0x0000, 0x0000, 0x0000, 0x0000, 0x0000, 0x0000, 0x0000, 0x0000, 0x0000,
    0x0000, 0x0000, 0x0000, 0x0000, 0x0000, 0x0000, 0x0000, 0x0000, 0x0000, 0x0000, 0x0000, 0x0000,
    0x0000, 0x0000, 0x0000, 0x0000, 0x0000, 0x0000, 0x0000, 0x0000, 0x0000, 0x0000, 0x0000, 0x0000,
    0x0000, 0x0000, 0x0000, 0x0000, 0x0000, 0x0000, 0x0000, 0x0000, 0x0000, 0x0000, 0x0000, 0x0000,
    0x0000, 0x0000, 0x0000, 0x0000, 0x0000, 0x0000, 0x0000, 0x0000, 0x0000, 0x0000, 0x0000, 0x0000,
    0x0000, 0x0000, 0x0000, 0x0000, 0x0000, 0x0000, 0x0000, 0x0000, 0x0000, 0x0000, 0x0000, 0x0000,
    0x0000, 0x0000, 0x0000, 0x0000, 0x0000, 0x0000, 0x0000, 0x0000, 0x0000, 0x0000, 0x0000, 0x0000,
    0x0000, 0x0000, 0x0000, 0x0000, 0x0000, 0x0000, 0x0000, 0x0000, 0x0000, 0x0000, 0x0000, 0x0000,
    0x0000, 0x0000, 0x0000, 0x0000, 0x0000, 0x0000, 0x0000, 0x0000, 0x0000, 0x0000, 0x0000, 0x0000,
    0x0000, 0x0000, 0x0000, 0x0000, 0x0000, 0x0000, 0x0000, 0x0000, 0x0000, 0x0000, 0x0000, 0x0000,
    0x0000, 0x0000, 0x0000, 0x0000, 0x0000, 0x0000, 0x0000, 0x0000, 0x0000, 0x0000, 0x0000, 0x0000,
    0x0000, 0x0000, 0x0000, 0x0000, 0x0000, 0x0000, 0x0000, 0x0000, 0x0000, 0x0000, 0x0000, 0x0000,
    0x0000, 0x0000, 0x0000, 0x0000, 0x0000, 0x0000, 0x0000, 0x0000, 0x0000, 0x0000, 0x0000, 0x0000,
    0x0000, 0x0000, 0x0000, 0x0000, 0x0000, 0x0000, 0x0000, 0x0000, 0x0000, 0x0000, 0x0000, 0x0000,
    0x0000, 0x0000, 0x0000, 0x0000, 0x0000, 0x0000, 0x0000, 0x0000, 0x0000, 0x0000, 0x0000, 0x0000,
    0x0000, 0x0000, 0x0000, 0x0000, 0x0000, 0x0000, 0x0000, 0x0000, 0x0000, 0x0000, 0x0000, 0x0000,
    0x0000, 0x0000, 0x0000, 0x0000, 0x0000, 0x0000, 0x0000, 0x0000, 0x0000, 0x0000, 0x0000, 0x0000,
    0x0000, 0x0000, 0x0000, 0x0000, 0x0000, 0x0000, 0x0000, 0x0000, 0x0000, 0x0000, 0x0000, 0x0000,
    0x0000, 0x0000, 0x0000, 0x0000, 0x0000, 0x0000, 0x0000, 0x0000, 0x0000, 0x0000, 0x0000, 0x0000,
    0x0000, 0x0000, 0x0000, 0x0000, 0x0000, 0x0000, 0x0000, 0x0000, 0x0000, 0x0000, 0x0000, 0x0000,
    0x0000, 0x0000, 0x0000, 0x0000, 0x0000, 0x0000, 0x0000, 0x0000, 0x0000, 0x0000, 0x0000, 0x0000,
    0x0000, 0x0000, 0x0000, 0x0000, 0x0000, 0x0000, 0x0000, 0x0000, 0x0000, 0x0000, 0x0000, 0x0000,
    0x0000, 0x0000, 0x0000, 0x0000, 0x0000, 0x0000, 0x0000, 0x0000, 0x0000, 0x0000, 0x0000, 0x0000,
    0x0000, 0x0000, 0x0000, 0x0000, 0x0000, 0x0000, 0x0000, 0x0000, 0x0000, 0x0000, 0x0000, 0x0000,
    0x0000, 0x0000, 0x0000, 0x0000, 0x0000, 0x0000, 0x0000, 0x0000, 0x0000, 0x0000, 0x0000, 0x0000,
    0x0000, 0x0000, 0x0000, 0x0000, 0x0000, 0x0000, 0x0000, 0x0000, 0x0000, 0x0000, 0x0000, 0x0000,
    0x0000, 0x0000, 0x0000, 0x0000, 0x0000, 0x0000, 0x0000, 0x0000, 0x0000, 0x0000, 0x0000, 0x0000,
    0x0000, 0x0000, 0x0000, 0x0000, 0x0000, 0x0000, 0x0000, 0x0000, 0x0000, 0x0000, 0x0000, 0x0000,
    0x0000, 0x0000, 0x0000, 0x0000, 0x0000, 0x0000, 0x0000, 0x0000, 0x0000, 0x0000, 0x0000, 0x0000,
    0x0000, 0x0000, 0x0000, 0x0000, 0x0000, 0x0000, 0x0000, 0x0000, 0x0000, 0x0000, 0x0000, 0x0000,
    0x0000, 0x0000, 0x0000, 0x0000, 0x0000, 0x0000, 0x0000, 0x0000, 0x0000, 0x0000, 0x0000, 0x0000,
    0x0000, 0x0000, 0x0000, 0x0000, 0x0000, 0x0000, 0x0000, 0x0000, 0x0000, 0x0000, 0x0000, 0x0000,
    0x0000, 0x0000, 0x0000, 0x0000, 0x0000, 0x0000, 0x0000, 0x0000, 0x0000, 0x0000, 0x0000, 0x0000,
    0x0000, 0x0000, 0x0000, 0x0000, 0x0000, 0x0000, 0x0000, 0x0000, 0x0000, 0x0000, 0x0000, 0x0000,
    0x0000, 0x0000, 0x0000, 0x0000, 0x0000, 0x0000, 0x0000, 0x0000, 0x0000, 0x0000, 0x0000, 0x0000,
    0x0000, 0x0000, 0x0000, 0x0000, 0x0000, 0x0000, 0x0000, 0x0000, 0x0000, 0x0000, 0x0000, 0x0000,
    0x0000, 0x0000, 0x0000, 0x0000, 0x0000, 0x0000, 0x0000, 0x0000, 0x0000, 0x0000, 0x0000, 0x0000,
    0x0000, 0x0000, 0x0000, 0x0000, 0x0000, 0x0000, 0x0000, 0x0000, 0x0000, 0x0000, 0x0000, 0x0000,
    0x0000, 0x0000, 0x0000, 0x0000, 0x0000, 0x0000, 0x0000, 0x0000, 0x0000, 0x0000, 0x0000, 0x0000,
    0x0000, 0x0000, 0x0000, 0x0000, 0x0000, 0x0000, 0x0000, 0x0000, 0x0000, 0x0000, 0x0000, 0x0000,
    0x0000, 0x0000, 0x0000, 0x0000, 0x0000, 0x0000, 0x0000, 0x0000, 0x0000, 0x0000, 0x0000, 0x0000,
    0x0000, 0x0000, 0x0000, 0x0000, 0x0000, 0x0000, 0x0000, 0x0000, 0x0000, 0x0000, 0x0000, 0x0000,
    0x0000, 0x0000, 0x0000, 0x0000, 0x0000, 0x0000, 0x0000, 0x0000, 0x0000, 0x0000, 0x0000, 0x0000,
    0x0000, 0x0000, 0x0000, 0x0000, 0x0000, 0x0000, 0x0000, 0x0000, 0x0000, 0x0000, 0x0000, 0x0000,
    0x0000, 0x0000, 0x0000, 0x0000, 0x0000, 0x0000, 0x0000, 0x0000, 0x0000, 0x0000, 0x0000, 0x0000,
    0x0000, 0x0000, 0x0000, 0x0000, 0x0000, 0x0000, 0x0000, 0x0000, 0x0000, 0x0000, 0x0000, 0x0000,
    0x0000, 0x0000, 0x0000, 0x0000, 0x0000, 0x0000, 0x0000, 0x0000, 0x0000, 0x0000, 0x0000, 0x0000,
    0x0000, 0x0000, 0x0000, 0x0000, 0x0000, 0x0000, 0x0000, 0x0000, 0x0000, 0x0000, 0x0000, 0x0000,
    0x0000, 0x0000, 0x0000, 0x0000, 0x0000, 0x0000, 0x0000, 0x0000, 0x0000, 0x0000, 0x0000, 0x0000,
    0x0000, 0x0000, 0x0000, 0x0000, 0x0000, 0x0000, 0x0000, 0x0000, 0x0000, 0x0000, 0x0000, 0x0000,
    0x0000, 0x0000, 0x0000, 0x0000, 0x0000, 0x0000, 0x0000, 0x0000, 0x0000, 0x0000, 0x0000, 0x0000,
    0x0000, 0x0000, 0x0000, 0x0000, 0x0000, 0x0000, 0x0000, 0x0000, 0x0000, 0x0000, 0x0000, 0x0000,
    0x0000, 0x0000, 0x0000, 0x0000, 0x0000, 0x0000, 0x0000, 0x0000, 0x0000, 0x0000, 0x0000, 0x0000,
    0x0000, 0x0000, 0x0000, 0x0000, 0x0000, 0x0000, 0x0000, 0x0000, 0x0000, 0x0000, 0x0000, 0x0000,
    0x0000, 0x0000, 0x0000, 0x0000, 0x0000, 0x0000, 0x0000, 0x0000, 0x0000, 0x0000, 0x0000, 0x0000,
    0x0000, 0x0000, 0x0000, 0x0000, 0x0000, 0x0000, 0x0000, 0x0000, 0x0000, 0x0000, 0x0000, 0x0000,
    0x0000, 0x0000, 0x0000, 0x0000, 0x0000, 0x0000, 0x0000, 0x0000, 0x0000, 0x0000, 0x0000, 0x0000,
    0x0000, 0x0000, 0x0000, 0x0000, 0x0000, 0x0000, 0x0000, 0x0000, 0x0000, 0x0000, 0x0000, 0x0000,
    0x0000, 0x0000, 0x0000, 0x0000, 0x0000, 0x0000, 0x0000, 0x0000, 0x0000, 0x0000, 0x0000, 0x0000,
    0x0000, 0x0000, 0x0000, 0x0000, 0x0000, 0x0000, 0x0000, 0x0000, 0x0000, 0x0000, 0x0000, 0x0000,
    0x0000, 0x0000, 0x0000, 0x0000, 0x0000, 0x0000, 0x0000, 0x0000, 0x0000, 0x0000, 0x0000, 0x0000,
    0x0000, 0x0000, 0x0000, 0x0000, 0x0000, 0x0000, 0x0000, 0x0000, 0x0000, 0x0000, 0x0000, 0x0000,
    0x0000, 0x0000, 0x0000, 0x0000, 0x0000, 0x0000, 0x0000, 0x0000, 0x0000, 0x0000, 0x0000, 0x0000,
    0x0000, 0x0000, 0x0000, 0x0000, 0x0000, 0x0000, 0x0000, 0x0000, 0x0000, 0x0000, 0x0000, 0x0000,
    0x0000, 0x0000, 0x0000, 0x0000, 0x0000, 0x0000, 0x0000, 0x0000, 0x0000, 0x0000, 0x0000, 0x0000,
    0x0000, 0x0000, 0x0000, 0x0000, 0x0000, 0x0000, 0x0000, 0x0000, 0x0000, 0x0000, 0x0000, 0x0000,
    0x0000, 0x0000, 0x0000, 0x0000, 0x0000, 0x0000, 0x0000, 0x0000, 0x0000, 0x0000, 0x0000, 0x0000,
    0x0000, 0x0000, 0x0000, 0x0000, 0x0000, 0x0000, 0x0000, 0x0000, 0x0000, 0x0000, 0x0000, 0x0000,
    0x0000, 0x0000, 0x0000, 0x0000, 0x0000, 0x0000, 0x0000, 0x0000, 0x0000, 0x0000, 0x0000, 0x0000,
    0x0000, 0x0000, 0x0000, 0x0000, 0x0000, 0x0000, 0x0000, 0x0000, 0x0000, 0x0000, 0x0000, 0x0000,
    0x0000, 0x0000, 0x0000, 0x0000, 0x0000, 0x0000, 0x0000, 0x0000, 0x0000, 0x0000, 0x0000, 0x0000,
    0x0000, 0x0000, 0x0000, 0x0000, 0x0000, 0x0000, 0x0000, 0x0000, 0x0000, 0x0000, 0x0000, 0x0000,
    0x0000, 0x0000, 0x0000, 0x0000, 0x0000, 0x0000, 0x0000, 0x0000, 0x0000, 0x0000, 0x0000, 0x0000,
    0x0000, 0x0000, 0x0000, 0x0000, 0x0000, 0x0000, 0x0000, 0x0000, 0x0000, 0x0000, 0x0000, 0x0000,
    0x0000, 0x0000, 0x0000, 0x0000, 0x0000, 0x0000, 0x0000, 0x0000, 0x0000, 0x0000, 0x0000, 0x0000,
    0x0000, 0x0000, 0x0000, 0x0000, 0x0000, 0x0000, 0x0000, 0x0000, 0x0000, 0x0000, 0x0000, 0x0000,
    0x0000, 0x0000, 0x0000, 0x0000, 0x0000, 0x0000, 0x0000, 0x0000, 0x0000, 0x0000, 0x0000, 0x0000,
    0x0000, 0x0000, 0x0000, 0x0000, 0x0000, 0x0000, 0x0000, 0x0000, 0x0000, 0x0000, 0x0000, 0x0000,
    0x0000, 0x0000, 0x0000, 0x0000, 0x0000, 0x0000, 0x0000, 0x0000, 0x0000, 0x0000, 0x0000, 0x0000,
    0x0000, 0x0000, 0x0000, 0x0000, 0x0000, 0x0000, 0x0000, 0x0000, 0x0000, 0x0000, 0x0000, 0x0000,
    0x0000, 0x0000, 0x0000, 0x0000, 0x0000, 0x0000, 0x0000, 0x0000, 0x0000, 0x0000, 0x0000, 0x0000,
    0x0000, 0x0000, 0x0000, 0x0000, 0x0000, 0x0000, 0x0000, 0x0000, 0x0000, 0x0000, 0x0000, 0x0000,
    0x0000, 0x0000, 0x0000, 0x0000, 0x0000, 0x0000, 0x0000, 0x0000, 0x0000, 0x0000, 0x0000, 0x0000,
    0x0000, 0x0000, 0x0000, 0x0000, 0x0000, 0x0000, 0x0000, 0x0000, 0x0000, 0x0000, 0x0000, 0x0000,
    0x0000, 0x0000, 0x0000, 0x0000, 0x0000, 0x0000, 0x0000, 0x0000, 0x0000, 0x0000, 0x0000, 0x0000,
    0x0000, 0x0000, 0x0000, 0x0000, 0x0000, 0x0000, 0x0000, 0x0000, 0x0000, 0x0000, 0x0000, 0x0000,
    0x0000, 0x0000, 0x0000, 0x0000, 0x0000, 0x0000, 0x0000, 0x0000, 0x0000, 0x0000, 0x0000, 0x0000,
    0x0000, 0x0000, 0x0000, 0x0000, 0x0000, 0x0000, 0x0000, 0x0000, 0x0000, 0x0000, 0x0000, 0x0000,
    0x0000, 0x0000, 0x0000, 0x0000, 0x0000, 0x0000, 0x0000, 0x0000, 0x0000, 0x0000, 0x0000, 0x0000,
    0x0000, 0x0000, 0x0000, 0x0000, 0x0000, 0x0000, 0x0000, 0x0000, 0x0000, 0x0000, 0x0000, 0x0000,
    0x0000, 0x0000, 0x0000, 0x0000, 0x0000, 0x0000, 0x0000, 0x0000, 0x0000, 0x0000, 0x0000, 0x0000,
    0x0000, 0x0000, 0x0000, 0x0000, 0x0000, 0x0000, 0x0000, 0x0000, 0x0000, 0x0000, 0x0000, 0x0000,
    0x0000, 0x0000, 0x0000, 0x0000, 0x0000, 0x0000, 0x0000, 0x0000, 0x0000, 0x0000, 0x0000, 0x0000,
    0x0000, 0x0000, 0x0000, 0x0000, 0x0000, 0x0000, 0x0000, 0x0000, 0x0000, 0x0000, 0x0000, 0x0000,
    0x0000, 0x0000, 0x0000, 0x0000, 0x0000, 0x0000, 0x0000, 0x0000, 0x0000, 0x0000, 0x0000, 0x0000,
    0x0000, 0x0000, 0x0000, 0x0000, 0x0000, 0x0000, 0x0000, 0x0000, 0x0000, 0x0000, 0x0000, 0x0000,
    0x0000, 0x0000, 0x0000, 0x0000, 0x0000, 0x0000, 0x0000, 0x0000, 0x0000, 0x0000, 0x0000, 0x0000,
    0x0000, 0x0000, 0x0000, 0x0000, 0x0000, 0x0000, 0x0000, 0x0000, 0x0000, 0x0000, 0x0000, 0x0000,
    0x0000, 0x0000, 0x0000, 0x0000, 0x0000, 0x0000, 0x0000, 0x0000, 0x0000, 0x0000, 0x0000, 0x0000,
    0x0000, 0x0000, 0x0000, 0x0000, 0x0000, 0x0000, 0x0000, 0x0000, 0x0000, 0x0000, 0x0000, 0x0000,
    0x0000, 0x0000, 0x0000, 0x0000, 0x0000, 0x0000, 0x0000, 0x0000, 0x0000, 0x0000, 0x0000, 0x0000,
    0x0000, 0x0000, 0x0000, 0x0000, 0x0000, 0x0000, 0x0000, 0x0000, 0x0000, 0x0000, 0x0000, 0x0000,
    0x0000, 0x0000, 0x0000, 0x0000, 0x0000, 0x0000, 0x0000, 0x0000, 0x0000, 0x0000, 0x0000, 0x0000,
    0x0000, 0x0000, 0x0000, 0x0000, 0x0000, 0x0000, 0x0000, 0x0000, 0x0000, 0x0000, 0x0000, 0x0000,
    0x0000, 0x0000, 0x0000, 0x0000, 0x0000, 0x0000, 0x0000, 0x0000, 0x0000, 0x0000, 0x0000, 0x0000,
    0x0000, 0x0000, 0x0000, 0x0000, 0x0000, 0x0000, 0x0000, 0x0000, 0x0000, 0x0000, 0x0000, 0x0000,
    0x0000, 0x0000, 0x0000, 0x0000, 0x0000, 0x0000, 0x0000, 0x0000, 0x0000, 0x0000, 0x0000, 0x0000,
  },
  {
    0x0000, 0x0000, 0x0000, 0x0000, 0x0000, 0x0000, 0x0000, 0x0000, 0x0000, 0x0000, 0x0000, 0x0000,
    0x0000, 0x0000, 0x0000, 0x0000, 0x0000, 0x0000, 0x0000, 0x0000, 0x0000, 0x0000, 0x0000, 0x0000,
    0x0000, 0x0000, 0x0000, 0x0000, 0x0000, 0x0000, 0x0000, 0x0000, 0x0000, 0x0000, 0x0000, 0x0000,
    0x0000, 0x0000, 0x0000, 0x0000, 0x0000, 0x0000, 0x0000, 0x0000, 0x0000, 0x0000, 0x0000, 0x0000,
    0x0000, 0x0000, 0x0000, 0x0000, 0x0000, 0x0000, 0x0000, 0x0000, 0x0000, 0x0000, 0x0000, 0x0000,
    0x0000, 0x0000, 0x0000, 0x0000, 0x0000, 0x0000, 0x0000, 0x0000, 0x0000, 0x0000, 0x0000, 0x0000,
    0x0000, 0x0000, 0x0000, 0x0000, 0x0000, 0x0000, 0x0000, 0x0000, 0x0000, 0x0000, 0x0000, 0x0000,
    0x0000, 0x0000, 0x0000, 0x0000, 0x0000, 0x0000, 0x0000, 0x0000, 0x0000, 0x0000, 0x0000, 0x0000,
    0x0000, 0x0000, 0x0000, 0x0000, 0x0000, 0x0000, 0x0000, 0x0000, 0x0000, 0x0000, 0x0000, 0x0000,
    0x0000, 0x0000, 0x0000, 0x0000, 0x0000, 0x0000, 0x0000, 0x0000, 0x0000, 0x0000, 0x0000, 0x0000,
    0x0000, 0x0000, 0x0000, 0x0000, 0x0000, 0x0000, 0x0000, 0x0000, 0x0000, 0x0000, 0x0000, 0x0000,
    0x0000, 0x0000, 0x0000, 0x0000, 0x0000, 0x0000, 0x0000, 0x0000, 0x0000, 0x0000, 0x0000, 0x0000,
    0x0000, 0x0000, 0x0000, 0x0000, 0x0000, 0x0000, 0x0000, 0x0000, 0x0000, 0x0000, 0x0000, 0x0000,
    0x0000, 0x0000, 0x0000, 0x0000, 0x0000, 0x0000, 0x0000, 0x0000, 0x0000, 0x0000, 0x0000, 0x0000,
    0x0000, 0x0000, 0x0000, 0x0000, 0x0000, 0x0000, 0x0000, 0x0000, 0x0000, 0x0000, 0x0000, 0x0000,
    0x0000, 0x0000, 0x0000, 0x0000, 0x0000, 0x0000, 0x0000, 0x0000, 0x0000, 0x0000, 0x0000, 0x0000,
    0x0000, 0x0000, 0x0000, 0x0000, 0x0000, 0x0000, 0x0000, 0x0000, 0x0000, 0x0000, 0x0000, 0x0000,
    0x0000, 0x0000, 0x0000, 0x0000, 0x0000, 0x0000, 0x0000, 0x0000, 0x0000, 0x0000, 0x0000, 0x0000,
    0x0000, 0x0000, 0x0000, 0x0000, 0x0000, 0x0000, 0x0000, 0x0000, 0x0000, 0x0000, 0x0000, 0x0000,
    0x0000, 0x0000, 0x0000, 0x0000, 0x0000, 0x0000, 0x0000, 0x0000, 0x0000, 0x0000, 0x0000, 0x0000,
    0x0000, 0x0000, 0x0000, 0x0000, 0x0000, 0x0000, 0x0000, 0x0000, 0x0000, 0x0000, 0x0000, 0x0000,
    0x0000, 0x0000, 0x0000, 0x0000, 0x0000, 0x0000, 0x0000, 0x0000, 0x0000, 0x0000, 0x0000, 0x0000,
    0x0000, 0x0000, 0x0000, 0x0000, 0x0000, 0x0000, 0x0000, 0x0000, 0x0000, 0x0000, 0x0000, 0x0000,
    0x0000, 0x0000, 0x0000, 0x0000, 0x0000, 0x0000, 0x0000, 0x0000, 0x0000, 0x0000, 0x0000, 0x0000,
    0x0000, 0x0000, 0x0000, 0x0000, 0x0000, 0x0000, 0x0000, 0x0000, 0x0000, 0x0000, 0x0000, 0x0000,
    0x0000, 0x0000, 0x0000, 0x0000, 0x0000, 0x0000, 0x0000, 0x0000, 0x0000, 0x0000, 0x0000, 0x0000,
    0x0000, 0x0000, 0x0000, 0x0000, 0x0000, 0x0000, 0x0000, 0x0000, 0x0000, 0x0000, 0x0000, 0x0000,
    0x0000, 0x0000, 0x0000, 0x0000, 0x0000, 0x0000, 0x0000, 0x0000, 0x0000, 0x0000, 0x0000, 0x0000,
    0x0000, 0x0000, 0x0000, 0x0000, 0x0000, 0x0000, 0x0000, 0x0000, 0x0000, 0x0000, 0x0000, 0x0000,
    0x0000, 0x0000, 0x0000, 0x0000, 0x0000, 0x0000, 0x0000, 0x0000, 0x0000, 0x0000, 0x0000, 0x0000,
    0x0000, 0x0000, 0x0000, 0x0000, 0x0000, 0x0000, 0x0000, 0x0000, 0x0000, 0x0000, 0x0000, 0x0000,
    0x0000, 0x0000, 0x0000, 0x0000, 0x0000, 0x0000, 0x0000, 0x0000, 0x0000, 0x0000, 0x0000, 0x0000,
    0x0000, 0x0000, 0x0000, 0x0000, 0x0000, 0x0000, 0x0000, 0x0000, 0x0000, 0x0000, 0x0000, 0x0000,
    0x0000, 0x0000, 0x0000, 0x0000, 0x0000, 0x0000, 0x0000, 0x0000, 0x0000, 0x0000, 0x0000, 0x0000,
    0x0000, 0x0000, 0x0000, 0x0000, 0x0000, 0x0000, 0x0000, 0x0000, 0x0000, 0x0000, 0x0000, 0x0000,
    0x0000, 0x0000, 0x0000, 0x0000, 0x0000, 0x0000, 0x0000, 0x0000, 0x0000, 0x0000, 0x0000, 0x0000,
    0x0000, 0x0000, 0x0000, 0x0000, 0x0000, 0x0000, 0x0000, 0x0000, 0x0000, 0x0000, 0x0000, 0x0000,
    0x0000, 0x0000, 0x0000, 0x0000, 0x0000, 0x0000, 0x0000, 0x0000, 0x0000, 0x0000, 0x0000, 0x0000,
    0x0000, 0x0000, 0x0000, 0x0000, 0x0000, 0x0000, 0x0000, 0x0000, 0x0000, 0x0000, 0x0000, 0x0000,
    0x0000, 0x0000, 0x0000, 0x0000, 0x0000, 0x0000, 0x0000, 0x0000, 0x0000, 0x0000, 0x0000, 0x0000,
    0x0000, 0x0000, 0x0000, 0x0000, 0x0000, 0x0000, 0x0000, 0x0000, 0x0000, 0x0000, 0x0000, 0x0000,
    0x0000, 0x0000, 0x0000, 0x0000, 0x0000, 0x0000, 0x0000, 0x0000, 0x0000, 0x0000, 0x0000, 0x0000,
    0x0000, 0x0000, 0x0000, 0x0000, 0x0000, 0x0000, 0x0000, 0x0000, 0x0000, 0x0000, 0x0000, 0x0000,
    0x0000, 0x0000, 0x0000, 0x0000, 0x0000, 0x0000, 0x0000, 0x0000, 0x0000, 0x0000, 0x0000, 0x0000,
    0x0000, 0x0000, 0x0000, 0x0000, 0x0000, 0x0000, 0x0000, 0x0000, 0x0000, 0x0000, 0x0000, 0x0000,
    0x0000, 0x0000, 0x0000, 0x0000, 0x0000, 0x0000, 0x0000, 0x0000, 0x0000, 0x0000, 0x0000, 0x0000,
    0x0000, 0x0000, 0x0000, 0x0000, 0x0000, 0x0000, 0x0000, 0x0000, 0x0000, 0x0000, 0x0000, 0x0000,
    0x0000, 0x0000, 0x0000, 0x0000, 0x0000, 0x0000, 0x0000, 0x0000, 0x0000, 0x0000, 0x0000, 0x0000,
    0x0000, 0x0000, 0x0000, 0x0000, 0x0000, 0x0000, 0x0000, 0x0000, 0x0000, 0x0000, 0x0000, 0x0000,
    0x0000, 0x0000, 0x0000, 0x0000, 0x0000, 0x0000, 0x0000, 0x0000, 0x0000, 0x0000, 0x0000, 0x0000,
    0x0000, 0x0000, 0x0000, 0x0000, 0x0000, 0x0000, 0x0000, 0x0000, 0x0000, 0x0000, 0x0000, 0x0000,
    0x0000, 0x0000, 0x0000, 0x0000, 0x0000, 0x0000, 0x0000, 0x0000, 0x0000, 0x0000, 0x0000, 0x0000,
    0x0000, 0x0000, 0x0000, 0x0000, 0x0000, 0x0000, 0x0000, 0x0000, 0x0000, 0x0000, 0x0000, 0x0000,
    0x0000, 0x0000, 0x0000, 0x0000, 0x0000, 0x0000, 0x0000, 0x0000, 0x0000, 0x0000, 0x0000, 0x0000,
    0x0000, 0x0000, 0x0000, 0x0000, 0x0000, 0x0000, 0x0000, 0x0000, 0x0000, 0x0000, 0x0000, 0x0000,
    0x0000, 0x0000, 0x0000, 0x0000, 0x0000, 0x0000, 0x0000, 0x0000, 0x0000, 0x0000, 0x0000, 0x0000,
    0x0000, 0x0000, 0x0000, 0x0000, 0x0000, 0x0000, 0x0000, 0x0000, 0x0000, 0x0000, 0x0000, 0x0000,
    0x0000, 0x0000, 0x0000, 0x0000, 0x0000, 0x0000, 0x0000, 0x0000, 0x0000, 0x0000, 0x0000, 0x0000,
    0x0000, 0x0000, 0x0000, 0x0000, 0x0000, 0x0000, 0x0000, 0x0000, 0x0000, 0x0000, 0x0000, 0x0000,
    0x0000, 0x0000, 0x0000, 0x0000, 0x0000, 0x0000, 0x0000, 0x0000, 0x0000, 0x0000, 0x0000, 0x0000,
    0x0000, 0x0000, 0x0000, 0x0000, 0x0000, 0x0000, 0x0000, 0x0000, 0x0000, 0x0000, 0x0000, 0x0000,
    0x0000, 0x0000, 0x0000, 0x0000, 0x0000, 0x0000, 0x0000, 0x0000, 0x0000, 0x0000, 0x0000, 0x0000,
    0x0000, 0x0000, 0x0000, 0x0000, 0x0000, 0x0000, 0x0000, 0x0000, 0x0000, 0x0000, 0x0000, 0x0000,
    0x0000, 0x0000, 0x0000, 0x0000, 0x0000, 0x0000, 0x0000, 0x0000, 0x0000, 0x0000, 0x0000, 0x0000,
    0x0000, 0x0000, 0x0000, 0x0000, 0x0000, 0x0000, 0x0000, 0x0000, 0x0000, 0x0000, 0x0000, 0x0000,
    0x0000, 0x0000, 0x0000, 0x0000, 0x0000, 0x0000, 0x0000, 0x0000, 0x0000, 0x0000, 0x0000, 0x0000,
    0x0000, 0x0000, 0x0000, 0x0000, 0x0000, 0x0000, 0x0000, 0x0000, 0x0000, 0x0000, 0x0000, 0x0000,
    0x0000, 0x0000, 0x0000, 0x0000, 0x0000, 0x0000, 0x0000, 0x0000, 0x0000, 0x0000, 0x0000, 0x0000,
    0x0000, 0x0000, 0x0000, 0x0000, 0x0000, 0x0000, 0x0000, 0x0000, 0x0000, 0x0000, 0x0000, 0x0000,
    0x0000, 0x0000, 0x0000, 0x0000, 0x0000, 0x0000, 0x0000, 0x0000, 0x0000, 0x0000, 0x0000, 0x0000,
    0x0000, 0x0000, 0x0000, 0x0000, 0x0000, 0x0000, 0x0000, 0x0000, 0x0000, 0x0000, 0x0000, 0x0000,
    0x0000, 0x0000, 0x0000, 0x0000, 0x0000, 0x0000, 0x0000, 0x0000, 0x0000, 0x0000, 0x0000, 0x0000,
    0x0000, 0x0000, 0x0000, 0x0000, 0x0000, 0x0000, 0x0000, 0x0000, 0x0000, 0x0000, 0x0000, 0x0000,
    0x0000, 0x0000, 0x0000, 0x0000, 0x0000, 0x0000, 0x0000, 0x0000, 0x0000, 0x0000, 0x0000, 0x0000,
    0x0000, 0x0000, 0x0000, 0x0000, 0x0000, 0x0000, 0x0000, 0x0000, 0x0000, 0x0000, 0x0000, 0x0000,
    0x0000, 0x0000, 0x0000, 0x0000, 0x0000, 0x0000, 0x0000, 0x0000, 0x0000, 0x0000, 0x0000, 0x0000,
    0x0000, 0x0000, 0x0000, 0x0000, 0x0000, 0x0000, 0x0000, 0x0000, 0x0000, 0x0000, 0x0000, 0x0000,
    0x0000, 0x0000, 0x0000, 0x0000, 0x0000, 0x0000, 0x0000, 0x0000, 0x0000, 0x0000, 0x0000, 0x0000,
    0x0000, 0x0000, 0x0000, 0x0000, 0x0000, 0x0000, 0x0000, 0x0000, 0x0000, 0x0000, 0x0000, 0x0000,
    0x0000, 0x0000, 0x0000, 0x0000, 0x0000, 0x0000, 0x0000, 0x0000, 0x0000, 0x0000, 0x0000, 0x0000,
    0x0000, 0x0000, 0x0000, 0x0000, 0x0000, 0x0000, 0x0000, 0x0000, 0x0000, 0x0000, 0x0000, 0x0000,
    0x0000, 0x0000, 0x0000, 0x0000, 0x0000, 0x0000, 0x0000, 0x0000, 0x0000, 0x0000, 0x0000, 0x0000,
    0x0000, 0x0000, 0x0000, 0x0000, 0x0000, 0x0000, 0x0000, 0x0000, 0x0000, 0x0000, 0x0000, 0x0000,
    0x0000, 0x0000, 0x0000, 0x0000, 0x0000, 0x0000, 0x0000, 0x0000, 0x0000, 0x0000, 0x0000, 0x0000,
    0x0000, 0x0000, 0x0000, 0x0000, 0x0000, 0x0000, 0x0000, 0x0000, 0x0000, 0x0000, 0x0000, 0x0000,
    0x0000, 0x0000, 0x0000, 0x0000, 0x0000, 0x0000, 0x0000, 0x0000, 0x0000, 0x0000, 0x0000, 0x0000,
    0x0000, 0x0000, 0x0000, 0x0000, 0x0000, 0x0000, 0x0000, 0x0000, 0x0000, 0x0000, 0x0000, 0x0000,
    0x0000, 0x0000, 0x0000, 0x0000, 0x0000, 0x0000, 0x0000, 0x0000, 0x0000, 0x0000, 0x0000, 0x0000,
    0x0000, 0x0000, 0x0000, 0x0000, 0x0000, 0x0000, 0x0000, 0x0000, 0x0000, 0x0000, 0x0000, 0x0000,
    0x0000, 0x0000, 0x0000, 0x0000, 0x0000, 0x0000, 0x0000, 0x0000, 0x0000, 0x0000, 0x0000, 0x0000,
    0x0000, 0x0000, 0x0000, 0x0000, 0x0000, 0x0000, 0x0000, 0x0000, 0x0000, 0x0000, 0x0000, 0x0000,
    0x0000, 0x0000, 0x0000, 0x0000, 0x0000, 0x0000, 0x0000, 0x0000, 0x0000, 0x0000, 0x0000, 0x0000,
    0x0000, 0x0000, 0x0000, 0x0000, 0x0000, 0x0000, 0x0000, 0x0000, 0x0000, 0x0000, 0x0000, 0x0000,
    0x0000, 0x0000, 0x0000, 0x0000, 0x0000, 0x0000, 0x0000, 0x0000, 0x0000, 0x0000, 0x0000, 0x0000,
    0x0000, 0x0000, 0x0000, 0x0000, 0x0000, 0x0000, 0x0000, 0x0000, 0x0000, 0x0000, 0x0000, 0x0000,
    0x0000, 0x0000, 0x0000, 0x0000, 0x0000, 0x0000, 0x0000, 0x0000, 0x0000, 0x0000, 0x0000, 0x0000,
    0x0000, 0x0000, 0x0000, 0x0000, 0x0000, 0x0000, 0x0000, 0x0000, 0x0000, 0x0000, 0x0000, 0x0000,
    0x0000, 0x0000, 0x0000, 0x0000, 0x0000, 0x0000, 0x0000, 0x0000, 0x0000, 0x0000, 0x0000, 0x0000,
    0x0000, 0x0000, 0x0000, 0x0000, 0x0000, 0x0000, 0x0000, 0x0000, 0x0000, 0x0000, 0x0000, 0x0000,
    0x0000, 0x0000, 0x0000, 0x0000, 0x0000, 0x0000, 0x0000, 0x0000, 0x0000, 0x0000, 0x0000, 0x0000,
    0x0000, 0x0000, 0x0000, 0x0000, 0x0000, 0x0000, 0x0000, 0x0000, 0x0000, 0x0000, 0x0000, 0x0000,
    0x0000, 0x0000, 0x0000, 0x0000, 0x0000, 0x0000, 0x0000, 0x0000, 0x0000, 0x0000, 0x0000, 0x0000,
    0x0000, 0x0000, 0x0000, 0x0000, 0x0000, 0x0000, 0x0000, 0x0000, 0x0000, 0x0000, 0x0000, 0x0000,
    0x0000, 0x0000, 0x0000, 0x0000, 0x0000, 0x0000, 0x0000, 0x0000, 0x0000, 0x0000, 0x0000, 0x0000,
    0x0000, 0x0000, 0x0000, 0x0000, 0x0000, 0x0000, 0x0000, 0x0000, 0x0000, 0x0000, 0x0000, 0x0000,
    0x0000, 0x0000, 0x0000, 0x0000, 0x0000, 0x0000, 0x0000, 0x0000, 0x0000, 0x0000, 0x0000, 0x0000,
    0x0000, 0x0000, 0x0000, 0x0000, 0x0000, 0x0000, 0x0000, 0x0000, 0x0000, 0x0000, 0x0000, 0x0000,
    0x0000, 0x0000, 0x0000, 0x0000, 0x0000, 0x0000, 0x0000, 0x0000, 0x0000, 0x0000, 0x0000, 0x0000,
    0x0000, 0x0000, 0x0000, 0x0000, 0x0000, 0x0000, 0x0000, 0x0000, 0x0000, 0x0000, 0x0000, 0x0000,
    0x0000, 0x0000, 0x0000, 0x0000, 0x0000, 0x0000, 0x0000, 0x0000, 0x0000, 0x0000, 0x0000, 0x0000,
    0x0000, 0x0000, 0x0000, 0x0000, 0x0000, 0x0000, 0x0000, 0x0000, 0x0000, 0x0000, 0x0000, 0x0000,
    0x0000, 0x0000, 0x0000, 0x0000, 0x0000, 0x0000, 0x0000, 0x0000, 0x0000, 0x0000, 0x0000, 0x0000,
    0x0000, 0x0000, 0x0000, 0x0000, 0x0000, 0x0000, 0x0000, 0x0000, 0x0000, 0x0000, 0x0000, 0x0000,
    0x0000, 0x0000, 0x0000, 0x0000, 0x0000, 0x0000, 0x0000, 0x0000, 0x0000, 0x0000, 0x0000, 0x0000,
    0x0000, 0x0000, 0x0000, 0x0000, 0x0000, 0x0000, 0x0000, 0x0000, 0x0000, 0x0000, 0x0000, 0x0000,
    0x0000, 0x0000, 0x0000, 0x0000, 0x0000, 0x0000, 0x0000, 0x0000, 0x0000, 0x0000, 0x0000, 0x0000,
    0x0000, 0x0000, 0x0000, 0x0000, 0x0000, 0x0000, 0x0000, 0x0000, 0x0000, 0x0000, 0x0000, 0x0000,
    0x0000, 0x0000, 0x0000, 0x0000, 0x0000, 0x0000, 0x0000, 0x0000, 0x0000, 0x0000, 0x0000, 0x0000,
    0x0000, 0x0000, 0x0000, 0x0000, 0x0000, 0x0000, 0x0000, 0x0000, 0x0000, 0x0000, 0x0000, 0x0000,
    0x0000, 0x0000, 0x0000, 0x0000, 0x0000, 0x0000, 0x0000, 0x0000, 0x0000, 0x0000, 0x0000, 0x0000,
    0x0000, 0x0000, 0x0000, 0x0000, 0x0000, 0x0000, 0x0000, 0x0000, 0x0000, 0x0000, 0x0000, 0x0000,
    0x0000, 0x0000, 0x0000, 0x0000, 0x0000, 0x0000, 0x0000, 0x0000, 0x0000, 0x0000, 0x0000, 0x0000,
    0x0000, 0x0000, 0x0000, 0x0000, 0x0000, 0x0000, 0x0000, 0x0000, 0x0000, 0x0000, 0x0000, 0x0000,
    0x0000, 0x0000, 0x0000, 0x0000, 0x0000, 0x0000, 0x0000, 0x0000, 0x0000, 0x0000, 0x0000, 0x0000,
    0x0000, 0x0000, 0x0000, 0x0000, 0x0000, 0x0000, 0x0000, 0x0000, 0x0000, 0x0000, 0x0000, 0x0000,
    0x0000, 0x0000, 0x0000, 0x0000, 0x0000, 0x0000, 0x0000, 0x0000, 0x0000, 0x0000, 0x0000, 0x0000,
    0x0000, 0x0000, 0x0000, 0x0000, 0x0000, 0x0000, 0x0000, 0x0000, 0x0000, 0x0000, 0x0000, 0x0000,
    0x0000, 0x0000, 0x0000, 0x0000, 0x0000, 0x0000, 0x0000, 0x0000, 0x0000, 0x0000, 0x0000, 0x0000,
    0x0000, 0x0000, 0x0000, 0x0000, 0x0000, 0x0000, 0x0000, 0x0000, 0x0000, 0x0000, 0x0000, 0x0000,
    0x0000, 0x0000, 0x0000, 0x0000, 0x0000, 0x0000, 0x0000, 0x0000, 0x0000, 0x0000, 0x0000, 0x0000,
    0x0000, 0x0000, 0x0000, 0x0000, 0x0000, 0x0000, 0x0000, 0x0000, 0x0000, 0x0000, 0x0000, 0x0000,
    0x0000, 0x0000, 0x0000, 0x0000, 0x0000, 0x0000, 0x0000, 0x0000, 0x0000, 0x0000, 0x0000, 0x0000,
    0x0000, 0x0000, 0x0000, 0x0000, 0x0000, 0x0000, 0x0000, 0x0000, 0x0000, 0x0000, 0x0000, 0x0000,
    0x0000, 0x0000, 0x0000, 0x0000, 0x0000, 0x0000, 0x0000, 0x0000, 0x0000, 0x0000, 0x0000, 0x0000,
    0x0000, 0x0000, 0x0000, 0x0000, 0x0000, 0x0000, 0x0000, 0x0000, 0x0000, 0x0000, 0x0000, 0x0000,
    0x0000, 0x0000, 0x0000, 0x0000, 0x0000, 0x0000, 0x0000, 0x0000, 0x0000, 0x0000, 0x0000, 0x0000,
    0x0000, 0x0000, 0x0000, 0x0000, 0x0000, 0x0000, 0x0000, 0x0000, 0x0000, 0x0000, 0x0000, 0x0000,
    0x0000, 0x0000, 0x0000, 0x0000, 0x0000, 0x0000, 0x0000, 0x0000, 0x0000, 0x0000, 0x0000, 0x0000,
    0x0000, 0x0000, 0x0000, 0x0000, 0x0000, 0x0000, 0x0000, 0x0000, 0x0000, 0x0000, 0x0000, 0x0000,
    0x0000, 0x0000, 0x0000, 0x0000, 0x0000, 0x0000, 0x0000, 0x0000, 0x0000, 0x0000, 0x0000, 0x0000,
    0x0000, 0x0000, 0x0000, 0x0000, 0x0000, 0x0000, 0x0000, 0x0000, 0x0000, 0x0000, 0x0841, 0x0000,
    0x0000, 0x0000, 0x0000, 0x0000, 0x0000, 0x0000, 0x0000, 0x0000, 0x0000, 0x0000, 0x0000, 0x0000,
    0x0000, 0x0000, 0x0000, 0x0000, 0x0000, 0x0000, 0x0000, 0x0000, 0x0000, 0x0000, 0x0000, 0x0000,
    0x0000, 0x0000, 0x0000, 0x0000, 0x0000, 0x0000, 0x0000, 0x0000, 0x0000, 0x0000, 0x0000, 0x0000,
    0x0000, 0x0000, 0x0000, 0x0000, 0x0000, 0x0000, 0x0000, 0x0000, 0x0000, 0x0000, 0x0000, 0x0000,
    0x0000, 0x0000, 0x0000, 0x0000, 0x0000, 0x0000, 0x0000, 0x0000, 0x0000, 0x0000, 0x0000, 0x0000,
    0x0000, 0x0000, 0x0000, 0x0000, 0x0000, 0x0000, 0x0000, 0x0000, 0x0000, 0x0000, 0x0000, 0x0000,
    0x0000, 0x0000, 0x0000, 0x0000, 0x0000, 0x0000, 0x0000, 0x0000, 0x0000, 0x0000, 0x0000, 0x0000,
    0x0000, 0x0000, 0x0000, 0x0000, 0x0000, 0x0000, 0x0000, 0x0000, 0x0000, 0x0000, 0x0000, 0x0000,
    0x0000, 0x0000, 0x0000, 0x0000, 0x0000, 0x0000, 0x0000, 0x0000, 0x0000, 0x0000, 0x0000, 0x0000,
    0x0000, 0x0000, 0x0000, 0x0000, 0x0000, 0x0000, 0x0000, 0x0000, 0x0000, 0x0000, 0x0000, 0x0000,
    0x0000, 0x0000, 0x0000, 0x0000, 0x0000, 0x0000, 0x0000, 0x0000, 0x0000, 0x0000, 0x0000, 0x0000,
    0x0000, 0x0000, 0x0000, 0x0000, 0x0000, 0x0000, 0x0000, 0x0000, 0x0000, 0x0000, 0x0000, 0x0000,
    0x0000, 0x0000, 0x0000, 0x0000, 0x0000, 0x0000, 0x0000, 0x0000, 0x0000, 0x0000, 0x0000, 0x0000,
    0x0000, 0x0000, 0x0000, 0x0000, 0x0000, 0x0000, 0x0000, 0x0000, 0x0000, 0x0000, 0x0000, 0x0000,
    0x0000, 0x0000, 0x0000, 0x0000, 0x0000, 0x0000, 0x0000, 0x0000, 0x0000, 0x0000, 0x0000, 0x0000,
    0x0000, 0x0000, 0x0000, 0x0000, 0x0000, 0x0000, 0x0000, 0x0000, 0x0861, 0x4A69, 0x52AA, 0x2124,
    0x0021, 0x0000, 0x0000, 0x0000, 0x0000, 0x0000, 0x0000, 0x0000, 0x0000, 0x0000, 0x0000, 0x0000,
    0x0000, 0x0000, 0x0000, 0x0000, 0x0000, 0x0000, 0x0000, 0x0000, 0x0000, 0x0000, 0x0000, 0x0000,
    0x0000, 0x0000, 0x0000, 0x0000, 0x0000, 0x0000, 0x0000, 0x0000, 0x0000, 0x0000, 0x0000, 0x0000,
    0x0000, 0x0000, 0x0000, 0x0000, 0x0000, 0x0000, 0x0000, 0x0000, 0x0000, 0x0000, 0x0000, 0x0000,
    0x0000, 0x0000, 0x0000, 0x0000, 0x0000, 0x0000, 0x0000, 0x0000, 0x0000, 0x0000, 0x0000, 0x0000,
    0x0000, 0x0000, 0x0000, 0x0000, 0x0000, 0x0000, 0x0000, 0x0000, 0x0000, 0x0000, 0x0000, 0x0000,
    0x0000, 0x0000, 0x0000, 0x0000, 0x0000, 0x0000, 0x0000, 0x0000, 0x0000, 0x0000, 0x0000, 0x0000,
    0x0000, 0x0000, 0x0000, 0x0000, 0x0000, 0x0000, 0x0000, 0x0000, 0x0000, 0x0000, 0x0000, 0x0000,
    0x0000, 0x0000, 0x0000, 0x0000, 0x0000, 0x0000, 0x0000, 0x0000, 0x0000, 0x0000, 0x0000, 0x0000,
    0x0000, 0x0000, 0x0000, 0x0000, 0x0000, 0x0000, 0x0000, 0x0000, 0x0000, 0x0000, 0x0000, 0x0000,
    0x0000, 0x0000, 0x0000, 0x0000, 0x0000, 0x0000, 0x0000, 0x0000, 0x0000, 0x0000, 0x0000, 0x0000,
    0x0000, 0x0000, 0x0000, 0x0000, 0x0000, 0x0000, 0x0000, 0x0000, 0x0000, 0x0000, 0x0000, 0x0000,
    0x0000, 0x0000, 0x0000, 0x0000, 0x0000, 0x0000, 0x0000, 0x0000, 0x0000, 0x0000, 0x0000, 0x0000,
    0x0000, 0x0000, 0x0000, 0x0000, 0x0000, 0x0000, 0x0000, 0x0000, 0x0000, 0x0000, 0x0000, 0x0000,
    0x0000, 0x0000, 0x0000, 0x0000, 0x0000, 0x0000, 0x0000, 0x0000, 0x0000, 0x0000, 0x0000, 0x0000,
    0x0000, 0x0000, 0x0000, 0x0000, 0x0000, 0x39C7, 0xA555, 0xB5D7, 0xDEFB, 0xF7BE, 0xF7BF, 0xA535,
    0x4228, 0x0000, 0x0000, 0x0000, 0x0000, 0x0000, 0x0000, 0x52AA, 0x2965, 0x0000, 0x0000, 0x0000,
    0x0000, 0x0000, 0x0000, 0x0000, 0x0000, 0x0000, 0x0000, 0x0000, 0x0000, 0x0000, 0x0000, 0x0000,
    0x0000, 0x0000, 0x0000, 0x0000, 0x0000, 0x0000, 0x0000, 0x0000, 0x0000, 0x0000, 0x0000, 0x0000,
    0x0000, 0x0000, 0x0000, 0x0000, 0x0000, 0x0000, 0x0000, 0x0000, 0x0000, 0x0000, 0x0000, 0x0000,
    0x0000, 0x0000, 0x0000, 0x0000, 0x0000, 0x0000, 0x0000, 0x0000, 0x0000, 0x0000, 0x0000, 0x0000,
    0x0000, 0x0000, 0x0000, 0x0000, 0x0000, 0x0000, 0x0000, 0x0000, 0x0000, 0x0000, 0x0000, 0x0000,
    0x0000, 0x0000, 0x0000, 0x0000, 0x0000, 0x0000, 0x0000, 0x0000, 0x0000, 0x0000, 0x0000, 0x0000,
    0x0000, 0x0000, 0x0000, 0x0000, 0x0000, 0x0000, 0x0000, 0x0000, 0x0000, 0x0000, 0x0000, 0x0000,
    0x0000, 0x0000, 0x0000, 0x0000, 0x0000, 0x0000, 0x0000, 0x0000, 0x0000, 0x0000, 0x0000, 0x0000,
    0x0000, 0x0000, 0x0000, 0x0000, 0x0000, 0x0000, 0x0000, 0x0000, 0x0000, 0x0000, 0x0000, 0x0000,
    0x0000, 0x0000, 0x0000, 0x0000, 0x0000, 0x0000, 0x0000, 0x0000, 0x0000, 0x0000, 0x0000, 0x0000,
    0x0000, 0x0000, 0x0000, 0x0000, 0x0000, 0x0000, 0x0000, 0x0000, 0x0000, 0x0000, 0x0000, 0x0000,
    0x0000, 0x0000, 0x0000, 0x0000, 0x0000, 0x0000, 0x0000, 0x0000, 0x0000, 0x0000, 0x0000, 0x0000,
    0x0000, 0x0000, 0x0000, 0x0000, 0x0000, 0x0000, 0x0000, 0x0000, 0x0000, 0x0000, 0x0000, 0x0000,
    0x0000, 0x0000, 0x0000, 0x0000, 0x0000, 0x0000, 0x0000, 0x0000, 0x0000, 0x0000, 0x0000, 0x0000,
    0x0000, 0x0000, 0x0000, 0x0000, 0x0000, 0x528A, 0xE73D, 0xF7BE, 0xFFDF, 0xFFFF, 0xFFFF, 0xCE79,
    0x632C, 0x0000, 0x0000, 0x0000, 0x0000, 0x0841, 0x31A6, 0xAD96, 0x9492, 0x2965, 0x0841, 0x0000,
    0x0000, 0x0000, 0x0000, 0x0000, 0x0000, 0x0000, 0x0000, 0x0000, 0x0000, 0x0000, 0x0000, 0x0000,
    0x0000, 0x0000, 0x0000, 0x0000, 0x0000, 0x0000, 0x0000, 0x0000, 0x0000, 0x0000, 0x0000, 0x0000,
    0x0000, 0x0000, 0x0000, 0x0000, 0x0000, 0x0000, 0x0000, 0x0000, 0x0000, 0x0000, 0x0000, 0x0000,
    0x0000, 0x0000, 0x0000, 0x0000, 0x0000, 0x0000, 0x0000, 0x0000, 0x0000, 0x0000, 0x0000, 0x0000,
    0x0000, 0x0000, 0x0000, 0x0000, 0x0000, 0x0000, 0x0000, 0x0000, 0x0000, 0x0000, 0x0000, 0x0000,
    0x0000, 0x0000, 0x0000, 0x0000, 0x0000, 0x0000, 0x0000, 0x0000, 0x0000, 0x0000, 0x0000, 0x0000,
    0x0000, 0x0000, 0x0000, 0x0000, 0x0000, 0x0000, 0x0000, 0x0000, 0x0000, 0x0000, 0x0000, 0x0000,
    0x0000, 0x0000, 0x0000, 0x0000, 0x0000, 0x0000, 0x0000, 0x0000, 0x0000, 0x0000, 0x0000, 0x0000,
    0x0000, 0x0000, 0x0000, 0x0000, 0x0000, 0x0000, 0x0000, 0x0000, 0x0000, 0x0000, 0x0000, 0x0000,
    0x0000, 0x0000, 0x0000, 0x0000, 0x0000, 0x0000, 0x0000, 0x0000, 0x0000, 0x0000, 0x0000, 0x0000,
    0x0000, 0x0000, 0x0000, 0x0000, 0x0000, 0x0000, 0x0000, 0x0000, 0x0000, 0x0000, 0x0000, 0x0000,
    0x0000, 0x0000, 0x0000, 0x0000, 0x0000, 0x0000, 0x0000, 0x0000, 0x0000, 0x0000, 0x0000, 0x0000,
    0x0000, 0x0000, 0x0000, 0x0000, 0x0000, 0x0000, 0x0000, 0x0000, 0x0000, 0x0000, 0x0000, 0x0000,
    0x0000, 0x0000, 0x0000, 0x0000, 0x0000, 0x0000, 0x0000, 0x0000, 0x0000, 0x0000, 0x0000, 0x0000,
    0x0000, 0x0000, 0x0000, 0x0000, 0x0000, 0x4249, 0xF7BE, 0xFFFF, 0xFFFF, 0xFFFF, 0xFFFF, 0xF7BE,
    0xCE59, 0x5AEB, 0x52CB, 0x39E7, 0x2945, 0x8C92, 0xD69A, 0xFFFF, 0xFFDF, 0xCE39, 0x9CD3, 0x31A6,
    0x0000, 0x0000, 0x0000, 0x0000, 0x0000, 0x0000, 0x0000, 0x0000, 0x0000, 0x0000, 0x0000, 0x0000,
    0x0000, 0x0000, 0x0000, 0x0000, 0x0000, 0x0000, 0x0000, 0x0000, 0x0000, 0x0000, 0x0000, 0x0000,
    0x0000, 0x0000, 0x0000, 0x0000, 0x0000, 0x0000, 0x0000, 0x0000, 0x0000, 0x0000, 0x0000, 0x0000,
    0x0000, 0x0000, 0x0000, 0x0000, 0x0000, 0x0000, 0x0000, 0x0000, 0x0000, 0x0000, 0x0000, 0x0000,
    0x0000, 0x0000, 0x0000, 0x0000, 0x0000, 0x0000, 0x0000, 0x0000, 0x0000, 0x0000, 0x0000, 0x0000,
    0x0000, 0x0000, 0x0000, 0x0000, 0x0000, 0x0000, 0x0000, 0x0000, 0x0000, 0x0000, 0x0000, 0x0000,
    0x0000, 0x0000, 0x0000, 0x0000, 0x0000, 0x0000, 0x0000, 0x0000, 0x0000, 0x0000, 0x0000, 0x0000,
    0x0000, 0x0000, 0x0000, 0x0000, 0x0000, 0x0000, 0x0000, 0x0000, 0x0000, 0x0000, 0x0000, 0x0000,
    0x0000, 0x0000, 0x0000, 0x0000, 0x0000, 0x0000, 0x0000, 0x0000, 0x0000, 0x0000, 0x0000, 0x0000,
    0x0000, 0x0000, 0x0000, 0x0000, 0x0000, 0x0000, 0x0000, 0x0000, 0x0000, 0x0000, 0x0000, 0x0000,
    0x0000, 0x0000, 0x0000, 0x0000, 0x0000, 0x0000, 0x0000, 0x0000, 0x0000, 0x0000, 0x0000, 0x0000,
    0x0000, 0x0000, 0x0000, 0x0000, 0x0000, 0x0000, 0x0000, 0x0000, 0x0000, 0x0000, 0x0000, 0x0000,
    0x0000, 0x0000, 0x0000, 0x0000, 0x0000, 0x0000, 0x0000, 0x0000, 0x0000, 0x0000, 0x0000, 0x0000,
    0x0000, 0x0000, 0x0000, 0x0000, 0x0000, 0x0000, 0x0000, 0x0000, 0x0000, 0x0000, 0x0000, 0x0000,
    0x0000, 0x0000, 0x0000, 0x0000, 0x0000, 0x2104, 0xF7BE, 0xFFFF, 0xFFFF, 0xFFFF, 0xFFFF, 0xFFFF,
    0xF79E, 0xC659, 0xC638, 0xA534, 0x8C51, 0xD69A, 0xF79E, 0xFFFF, 0xFFFF, 0xF7BE, 0xE71C, 0x8410,
    0x0000, 0x0000, 0x0000, 0x0000, 0x0000, 0x0000, 0x0000, 0x0000, 0x0000, 0x0000, 0x0000, 0x0000,
    0x0000, 0x0000, 0x0000, 0x0000, 0x0000, 0x0000, 0x0000, 0x0000, 0x0000, 0x0000, 0x0000, 0x0000,
    0x0000, 0x0000, 0x0000, 0x0000, 0x0000, 0x0000, 0x0000, 0x0000, 0x0000, 0x0000, 0x0000, 0x0000,
    0x0000, 0x0000, 0x0000, 0x0000, 0x0000, 0x0000, 0x0000, 0x0000, 0x0000, 0x0000, 0x0000, 0x0000,
    0x0000, 0x0000, 0x0000, 0x0000, 0x0000, 0x0000, 0x0000, 0x0000, 0x0000, 0x0000, 0x0000, 0x0000,
    0x0000, 0x0000, 0x0000, 0x0000, 0x0000, 0x0000, 0x0000, 0x0000, 0x0000, 0x0000, 0x0000, 0x0000,
    0x0000, 0x0000, 0x0000, 0x0000, 0x0000, 0x0000, 0x0000, 0x0000, 0x0000, 0x0000, 0x0000, 0x0000,
    0x0000, 0x0000, 0x0000, 0x0000, 0x0000, 0x0000, 0x0000, 0x0000, 0x0000, 0x0000, 0x0000, 0x0000,
    0x0000, 0x0000, 0x0000, 0x0000, 0x0000, 0x0000, 0x0000, 0x0000, 0x0000, 0x0000, 0x0000, 0x0000,
    0x0000, 0x0000, 0x0000, 0x0000, 0x0000, 0x0000, 0x0000, 0x0000, 0x0000, 0x0000, 0x0000, 0x0000,
    0x0000, 0x0000, 0x0000, 0x0000, 0x0000, 0x0000, 0x0000, 0x0000, 0x0000, 0x0000, 0x0000, 0x0000,
    0x0000, 0x0000, 0x0000, 0x0000, 0x0000, 0x0000, 0x0000, 0x0000, 0x0000, 0x0000, 0x0000, 0x0000,
    0x0000, 0x0000, 0x0000, 0x0000, 0x0000, 0x0000, 0x0000, 0x0000, 0x0000, 0x0000, 0x0000, 0x0000,
    0x0000, 0x0000, 0x0000, 0x0000, 0x0000, 0x0000, 0x0000, 0x0000, 0x0000, 0x0000, 0x0000, 0x0020,
    0x0000, 0x0000, 0x0000, 0x0000, 0x2965, 0x73AE, 0xF7BE, 0xFFFF, 0xFFFF, 0xFFFF, 0xFFFF, 0xFFFF,
    0xFFFF, 0xFFFF, 0xFFFF, 0xFFFF, 0xFFDF, 0xFFFF, 0xFFFF, 0xFFFF, 0xFFFF, 0xFFFF, 0xFFFF, 0xDEFB,
    0x2945, 0x0000, 0x0000, 0x0000, 0x0000, 0x0000, 0x0000, 0x0000, 0x0000, 0x0000, 0x0000, 0x0000,
    0x0000, 0x0000, 0x0000, 0x0000, 0x0000, 0x0000, 0x0000, 0x0000, 0x0000, 0x0000, 0x0000, 0x0000,
    0x0000, 0x0000, 0x0000, 0x0000, 0x0000, 0x0000, 0x0000, 0x0000, 0x0000, 0x0000, 0x0000, 0x0000,
    0x0000, 0x0000, 0x0000, 0x0000, 0x0000, 0x0000, 0x0000, 0x0000, 0x0000, 0x0000, 0x0000, 0x0000,
    0x0000, 0x0000, 0x0000, 0x0000, 0x0000, 0x0000, 0x0000, 0x0000, 0x0000, 0x0000, 0x0000, 0x0000,
    0x0000, 0x0000, 0x0000, 0x0000, 0x0000, 0x0000, 0x0000, 0x0000, 0x0000, 0x0000, 0x0000, 0x0000,
    0x0000, 0x0000, 0x0000, 0x0000, 0x0000, 0x0000, 0x0000, 0x0000, 0x0000, 0x0000, 0x0000, 0x0000,
    0x0000, 0x0000, 0x0000, 0x0000, 0x0000, 0x0000, 0x0000, 0x0000, 0x0000, 0x0000, 0x0000, 0x0000,
    0x0000, 0x0000, 0x0000, 0x0000, 0x0000, 0x0000, 0x0000, 0x0000, 0x0000, 0x0000, 0x0000, 0x0000,
    0x0000, 0x0000, 0x0000, 0x0000, 0x0000, 0x0000, 0x0000, 0x0000, 0x0000, 0x0000, 0x0000, 0x0000,
    0x0000, 0x0000, 0x0000, 0x0000, 0x0000, 0x0000, 0x0000, 0x0000, 0x0000, 0x0000, 0x0000, 0x0000,
    0x0000, 0x0000, 0x0000, 0x0000, 0x0000, 0x0000, 0x0000, 0x0000, 0x0000, 0x0000, 0x0000, 0x0000,
    0x0000, 0x0000, 0x0000, 0x0000, 0x0000, 0x0000, 0x0000, 0x0000, 0x0000, 0x0000, 0x0000, 0x0000,
    0x0000, 0x0000, 0x0000, 0x0000, 0x0000, 0x0000, 0x0000, 0x0000, 0x0000, 0x0000, 0x0841, 0x4A6A,
    0x18C3, 0x0000, 0x0000, 0x18C3, 0x8C51, 0xCE59, 0xFFFF, 0xFFFF, 0xFFFF, 0xFFFF, 0xFFFF, 0xFFFF,
    0xFFFF, 0xFFFF, 0xFFFF, 0xFFFF, 0xFFFF, 0xFFFF, 0xFFFF, 0xFFFF, 0xFFFF, 0xFFFF, 0xFFFF, 0xC638,
    0x10A3, 0x0000, 0x0000, 0x0000, 0x0000, 0x0000, 0x0000, 0x0000, 0x0000, 0x0000, 0x0000, 0x0000,
    0x0000, 0x0000, 0x0000, 0x0000, 0x0000, 0x0000, 0x0000, 0x0000, 0x0000, 0x0000, 0x0000, 0x0000,
    0x0000, 0x0000, 0x0000, 0x0000, 0x0000, 0x0000, 0x0000, 0x0000, 0x0000, 0x0000, 0x0000, 0x0000,
    0x0000, 0x0000, 0x0000, 0x0000, 0x0000, 0x0000, 0x0000, 0x0000, 0x0000, 0x0000, 0x0000, 0x0000,
    0x0000, 0x0000, 0x0000, 0x0000, 0x0000, 0x0000, 0x0000, 0x0000, 0x0000, 0x0000, 0x0000, 0x0000,
    0x0000, 0x0000, 0x0000, 0x0000, 0x0000, 0x0000, 0x0000, 0x0000, 0x0000, 0x0000, 0x0000, 0x0000,
    0x0000, 0x0000, 0x0000, 0x0000, 0x0000, 0x0000, 0x0000, 0x0000, 0x0000, 0x0000, 0x0000, 0x0000,
    0x0000, 0x0000, 0x0000, 0x0000, 0x0000, 0x0000, 0x0000, 0x0000, 0x0000, 0x0000, 0x0000, 0x0000,
    0x0000, 0x0000, 0x0000, 0x0000, 0x0000, 0x0000, 0x0000, 0x0000, 0x0000, 0x0000, 0x0000, 0x0000,
    0x0000, 0x0000, 0x0000, 0x0000, 0x0000, 0x0000, 0x0000, 0x0000, 0x0000, 0x0000, 0x0000, 0x0000,
    0x0000, 0x0000, 0x0000, 0x0000, 0x0000, 0x0000, 0x0000, 0x0000, 0x0000, 0x0000, 0x0000, 0x0000,
    0x0000, 0x0000, 0x0000, 0x0000, 0x0000, 0x0000, 0x0000, 0x0000, 0x0000, 0x0000, 0x0000, 0x0000,
    0x0000, 0x0000, 0x0000, 0x0000, 0x0000, 0x0000, 0x0000, 0x0000, 0x0000, 0x0000, 0x0000, 0x0000,
    0x0000, 0x0000, 0x0000, 0x0000, 0x0000, 0x0000, 0x0000, 0x0000, 0x0000, 0x0000, 0xB5B6, 0xF79E,
    0xCE59, 0x9CF4, 0x94B3, 0xC638, 0xFFFF, 0xFFFF, 0xFFFF, 0xFFFF, 0xFFFF, 0xFFFF, 0xFFFF, 0xFFFF,
    0xFFFF, 0xFFFF, 0xFFFF, 0xFFFF, 0xFFFF, 0xFFFF, 0xFFFF, 0xFFFF, 0xFFFF, 0xFFFF, 0xFFDF, 0x6B4D,
    0x0000, 0x0000, 0x0000, 0x0000, 0x0000, 0x0000, 0x0000, 0x0000, 0x0000, 0x0000, 0x0000, 0x0000,
    0x0000, 0x0000, 0x0000, 0x0000, 0x0000, 0x0000, 0x0000, 0x0000, 0x0000, 0x0000, 0x0000, 0x0000,
    0x0000, 0x0000, 0x0000, 0x0000, 0x0000, 0x0000, 0x0000, 0x0000, 0x0000, 0x0000, 0x0000, 0x0000,
    0x0000, 0x0000, 0x0000, 0x0000, 0x0000, 0x0000, 0x0000, 0x0000, 0x0000, 0x0000, 0x0000, 0x0000,
    0x0000, 0x0000, 0x0000, 0x0000, 0x0000, 0x0000, 0x0000, 0x0000, 0x0000, 0x0000, 0x0000, 0x0000,
    0x0000, 0x0000, 0x0000, 0x0000, 0x0000, 0x0000, 0x0000, 0x0000, 0x0000, 0x0000, 0x0000, 0x0000,
    0x0000, 0x0000, 0x0000, 0x0000, 0x0000, 0x0000, 0x0000, 0x0000, 0x0000, 0x0000, 0x0000, 0x0000,
    0x0000, 0x0000, 0x0000, 0x0000, 0x0000, 0x0000, 0x0000, 0x0000, 0x0000, 0x0000, 0x0000, 0x0000,
    0x0000, 0x0000, 0x0000, 0x0000, 0x0000, 0x0000, 0x0000, 0x0000, 0x0000, 0x0000, 0x0000, 0x0000,
    0x0000, 0x0000, 0x0000, 0x0000, 0x0000, 0x0000, 0x0000, 0x0000, 0x0000, 0x0000, 0x0000, 0x0000,
    0x0000, 0x0000, 0x0000, 0x0000, 0x0000, 0x0000, 0x0000, 0x0000, 0x0000, 0x0000, 0x0000, 0x0000,
    0x0000, 0x0000, 0x0000, 0x0000, 0x0000, 0x0000, 0x0000, 0x0000, 0x0000, 0x0000, 0x0000, 0x0000,
    0x0000, 0x0000, 0x0000, 0x0000, 0x0000, 0x0000, 0x0000, 0x0000, 0x0000, 0x0000, 0x0000, 0x0000,
    0x0000, 0x0000, 0x0000, 0x0000, 0x0000, 0x0000, 0x0000, 0x0000, 0x0000, 0x0000, 0xE73C, 0xFFFF,
    0xF7BE, 0xE71C, 0xE73D, 0xF7BE, 0xFFFF, 0xFFFF, 0xFFFF, 0xFFFF, 0xFFFF, 0xFFFF, 0xFFFF, 0xFFFF,
    0xFFFF, 0xFFFF, 0xFFFF, 0xFFFF, 0xFFFF, 0xFFFF, 0xFFFF, 0xFFFF, 0xFFFF, 0xFFFF, 0xF7DF, 0x5AEB,
    0x0000, 0x0000, 0x0000, 0x0000, 0x0000, 0x0000, 0x0000, 0x0000, 0x0000, 0x0000, 0x0000, 0x0000,
    0x0000, 0x0000, 0x0000, 0x0000, 0x0000, 0x0000, 0x0000, 0x0000, 0x0000, 0x0000, 0x0000, 0x0000,
    0x0000, 0x0000, 0x0000, 0x0000, 0x0000, 0x0000, 0x0000, 0x0000, 0x0000, 0x0000, 0x0000, 0x0000,
    0x0000, 0x0000, 0x0000, 0x0000, 0x0000, 0x0000, 0x0000, 0x0000, 0x0000, 0x0000, 0x0000, 0x0000,
    0x0000, 0x0000, 0x0000, 0x0000, 0x0000, 0x0000, 0x0000, 0x0000, 0x0000, 0x0000, 0x0000, 0x0000,
    0x0000, 0x0000, 0x0000, 0x0000, 0x0000, 0x0000, 0x0000, 0x0000, 0x0000, 0x0000, 0x0000, 0x0000,
    0x0000, 0x0000, 0x0000, 0x0000, 0x0000, 0x0000, 0x0000, 0x0000, 0x0000, 0x0000, 0x0000, 0x0000,
    0x0000, 0x0000, 0x0000, 0x0000, 0x0000, 0x0000, 0x0000, 0x0000, 0x0000, 0x0000, 0x0000, 0x0000,
    0x0000, 0x0000, 0x0000, 0x0000, 0x0000, 0x0000, 0x0000, 0x0000, 0x0000, 0x0000, 0x0000, 0x0000,
    0x0000, 0x0000, 0x0000, 0x0000, 0x0000, 0x0000, 0x0000, 0x0000, 0x0000, 0x0000, 0x0000, 0x0000,
    0x0000, 0x0000, 0x0000, 0x0000, 0x0000, 0x0000, 0x0000, 0x0000, 0x0000, 0x0000, 0x0000, 0x0000,
    0x0000, 0x0000, 0x0000, 0x0000, 0x0000, 0x0000, 0x0000, 0x0000, 0x0000, 0x0000, 0x0000, 0x0000,
    0x0000, 0x0000, 0x0000, 0x0000, 0x0000, 0x0000, 0x0000, 0x0000, 0x0000, 0x0000, 0x0000, 0x0000,
    0x0000, 0x0000, 0x0000, 0x0000, 0x0000, 0x0000, 0x0000, 0x0000, 0x4A49, 0xAD55, 0xFFFF, 0xFFFF,
    0xFFFF, 0xFFFF, 0xFFFF, 0xFFFF, 0xFFFF, 0xFFFF, 0xFFFF, 0xFFFF, 0xFFFF, 0xFFFF, 0xFFDF, 0xEF7D,
    0xE73C, 0xF79E, 0xFFDF, 0xFFFF, 0xFFFF, 0xFFFF, 0xFFFF, 0xFFFF, 0xFFFF, 0xFFFF, 0xFFFF, 0xC638,
    0x18C3, 0x0000, 0x0000, 0x0000, 0x0000, 0x0000, 0x0000, 0x0000, 0x0000, 0x0000, 0x0000, 0x0000,
    0x0000, 0x0000, 0x0000, 0x0000, 0x0000, 0x0000, 0x0000, 0x0000, 0x0000, 0x0000, 0x0000, 0x0000,
    0x0000, 0x0000, 0x0000, 0x0000, 0x0000, 0x0000, 0x0000, 0x0000, 0x0000, 0x0000, 0x0000, 0x0000,
    0x0000, 0x0000, 0x0000, 0x0000, 0x0000, 0x0000, 0x0000, 0x0000, 0x0000, 0x0000, 0x0000, 0x0000,
    0x0000, 0x0000, 0x0000, 0x0000, 0x0000, 0x0000, 0x0000, 0x0000, 0x0000, 0x0000, 0x0000, 0x0000,
    0x0000, 0x0000, 0x0000, 0x0000, 0x0000, 0x0000, 0x0000, 0x0000, 0x0000, 0x0000, 0x0000, 0x0000,
    0x0000, 0x0000, 0x0000, 0x0000, 0x0000, 0x0000, 0x0000, 0x0000, 0x0000, 0x0000, 0x0000, 0x0000,
    0x0000, 0x0000, 0x0000, 0x0000, 0x0000, 0x0000, 0x0000, 0x0000, 0x0000, 0x0000, 0x0000, 0x0000,
    0x0000, 0x0000, 0x0000, 0x0000, 0x0000, 0x0000, 0x0000, 0x0000, 0x0000, 0x0000, 0x0000, 0x0000,
    0x0000, 0x0000, 0x0000, 0x0000, 0x0000, 0x0000, 0x0000, 0x0000, 0x0000, 0x0000, 0x0000, 0x0000,
    0x0000, 0x0000, 0x0000, 0x0000, 0x0000, 0x0000, 0x0000, 0x0000, 0x0000, 0x0000, 0x0000, 0x0000,
    0x0000, 0x0000, 0x0000, 0x0000, 0x0000, 0x0000, 0x0000, 0x0000, 0x0000, 0x0000, 0x0000, 0x0000,
    0x0000, 0x0000, 0x0000, 0x0000, 0x0000, 0x0000, 0x0000, 0x0000, 0x0000, 0x0000, 0x0000, 0x0000,
    0x0000, 0x0000, 0x0000, 0x0000, 0x0000, 0x0000, 0x0000, 0x0000, 0x8C92, 0xDEFB, 0xFFFF, 0xFFFF,
    0xFFFF, 0xFFFF, 0xFFFF, 0xFFFF, 0xFFFF, 0xFFFF, 0xFFFF, 0xFFFF, 0xF7DF, 0xDEDB, 0xCE59, 0x9CD3,
    0x9CD3, 0xB596, 0xBDD7, 0xEF5D, 0xF7BE, 0xFFFF, 0xFFFF, 0xFFFF, 0xFFFF, 0xFFFF, 0xFFFF, 0xEF7D,
    0x630C, 0x1082, 0x0000, 0x0000, 0x0000, 0x0000, 0x0000, 0x0000, 0x0000, 0x0000, 0x0000, 0x0000,
    0x0000, 0x0000, 0x0000, 0x0000, 0x0000, 0x0000, 0x0000, 0x0000, 0x0000, 0x0000, 0x0000, 0x0000,
    0x0000, 0x0000, 0x0000, 0x0000, 0x0000, 0x0000, 0x0000, 0x0000, 0x0000, 0x0000, 0x0000, 0x0000,
    0x0000, 0x0000, 0x0000, 0x0000, 0x0000, 0x0000, 0x0000, 0x0000, 0x0000, 0x0000, 0x0000, 0x0000,
    0x0000, 0x0000, 0x0000, 0x0000, 0x0000, 0x0000, 0x0000, 0x0000, 0x0000, 0x0000, 0x0000, 0x0000,
    0x0000, 0x0000, 0x0000, 0x0000, 0x0000, 0x0000, 0x0000, 0x0000, 0x0000, 0x0000, 0x0000, 0x0000,
    0x0000, 0x0000, 0x0000, 0x0000, 0x0000, 0x0000, 0x0000, 0x0000, 0x0000, 0x0000, 0x0000, 0x0000,
    0x0000, 0x0000, 0x0000, 0x0000, 0x0000, 0x0000, 0x0000, 0x0000, 0x0000, 0x0000, 0x0000, 0x0000,
    0x0000, 0x0000, 0x0000, 0x0000, 0x0000, 0x0000, 0x0000, 0x0000, 0x0000, 0x0000, 0x0000, 0x0000,
    0x0000, 0x0000, 0x0000, 0x0000, 0x0000, 0x0000, 0x0000, 0x0000, 0x0000, 0x0000, 0x0000, 0x0000,
    0x0000, 0x0000, 0x0000, 0x0000, 0x0000, 0x0000, 0x0000, 0x0000, 0x0000, 0x0000, 0x0000, 0x0000,
    0x0000, 0x0000, 0x0000, 0x0000, 0x0000, 0x0000, 0x0000, 0x0000, 0x0000, 0x0000, 0x0000, 0x0000,
    0x0000, 0x0000, 0x0000, 0x0000, 0x0000, 0x0000, 0x0000, 0x0000, 0x0000, 0x0000, 0x0000, 0x0000,
    0x0000, 0x0000, 0x0000, 0x0000, 0x0000, 0x0000, 0x0000, 0x2124, 0xE73C, 0xFFDF, 0xFFFF, 0xFFFF,
    0xFFFF, 0xFFFF, 0xFFFF, 0xFFFF, 0xFFFF, 0xFFFF, 0xF7BE, 0xDEFB, 0x6B6D, 0x18C3, 0x0000, 0x0000,
    0x0000, 0x0841, 0x0000, 0x31A6, 0x52AA, 0xCE79, 0xF7BE, 0xFFFF, 0xFFFF, 0xFFFF, 0xFFFF, 0xFFFF,
    0xD69A, 0x8C71, 0x738E, 0x73AE, 0x5AEB, 0x2124, 0x0000, 0x0000, 0x0000, 0x0000, 0x0000, 0x0000,
    0x0000, 0x0000, 0x0000, 0x0000, 0x0000, 0x0000, 0x0000, 0x0000, 0x0000, 0x0000, 0x0000, 0x0000,
    0x0000, 0x0000, 0x0000, 0x0000, 0x0000, 0x0000, 0x0000, 0x0000, 0x0000, 0x0000, 0x0000, 0x0000,
    0x0000, 0x0000, 0x0000, 0x0000, 0x0000, 0x0000, 0x0000, 0x0000, 0x0000, 0x0000, 0x0000, 0x0000,
    0x0000, 0x0000, 0x0000, 0x0000, 0x0000, 0x0000, 0x0000, 0x0000, 0x0000, 0x0000, 0x0000, 0x0000,
    0x0000, 0x0000, 0x0000, 0x0000, 0x0000, 0x0000, 0x0000, 0x0000, 0x0000, 0x0000, 0x0000, 0x0000,
    0x0000, 0x0000, 0x0000, 0x0000, 0x0000, 0x0000, 0x0000, 0x0000, 0x0000, 0x0000, 0x0000, 0x0000,
    0x0000, 0x0000, 0x0000, 0x0000, 0x0000, 0x0000, 0x0000, 0x0000, 0x0000, 0x0000, 0x0000, 0x0000,
    0x0000, 0x0000, 0x0000, 0x0000, 0x0000, 0x0000, 0x0000, 0x0000, 0x0000, 0x0000, 0x0000, 0x0000,
    0x0000, 0x0000, 0x0000, 0x0000, 0x0000, 0x0000, 0x0000, 0x0000, 0x0000, 0x0000, 0x0000, 0x0000,
    0x0000, 0x0000, 0x0000, 0x0000, 0x0000, 0x0000, 0x0000, 0x0000, 0x0000, 0x0000, 0x0000, 0x0000,
    0x0000, 0x0000, 0x0000, 0x0000, 0x0000, 0x0000, 0x0000, 0x0000, 0x0000, 0x0000, 0x0000, 0x0000,
    0x0000, 0x0000, 0x0000, 0x0000, 0x0000, 0x0000, 0x0000, 0x0000, 0x0000, 0x0000, 0x0000, 0x0000,
    0x0000, 0x0000, 0x0000, 0x0000, 0x0000, 0x0000, 0x0000, 0x18E3, 0xBDF7, 0xE73C, 0xFFFF, 0xFFFF,
    0xFFFF, 0xFFFF, 0xFFFF, 0xFFFF, 0xFFFF, 0xFFFF, 0xCE79, 0x94D3, 0x18E3, 0x0000, 0x0000, 0x0000,
    0x0000, 0x0000, 0x0000, 0x0020, 0x0861, 0x8C71, 0xD6BA, 0xFFFF, 0xFFFF, 0xFFFF, 0xFFFF, 0xFFFF,
    0xF7BE, 0xE71C, 0xD69A, 0xD6BA, 0xB5B6, 0x630C, 0x0000, 0x0000, 0x0000, 0x0000, 0x0000, 0x0000,
    0x0000, 0x0000, 0x0000, 0x0000, 0x0000, 0x0000, 0x0000, 0x0000, 0x0000, 0x0000, 0x0000, 0x0000,
    0x0000, 0x0000, 0x0000, 0x0000, 0x0000, 0x0000, 0x0000, 0x0000, 0x0000, 0x0000, 0x0000, 0x0000,
    0x0000, 0x0000, 0x0000, 0x0000, 0x0000, 0x0000, 0x0000, 0x0000, 0x0000, 0x0000, 0x0000, 0x0000,
    0x0000, 0x0000, 0x0000, 0x0000, 0x0000, 0x0000, 0x0000, 0x0000, 0x0000, 0x0000, 0x0000, 0x0000,
    0x0000, 0x0000, 0x0000, 0x0000, 0x0000, 0x0000, 0x0000, 0x0000, 0x0000, 0x0000, 0x0000, 0x0000,
    0x0000, 0x0000, 0x0000, 0x0000, 0x0000, 0x0000, 0x0000, 0x0000, 0x0000, 0x0000, 0x0000, 0x0000,
    0x0000, 0x0000, 0x0000, 0x0000, 0x0000, 0x0000, 0x0000, 0x0000, 0x0000, 0x0000, 0x0000, 0x0000,
    0x0000, 0x0000, 0x0000, 0x0000, 0x0000, 0x0000, 0x0000, 0x0000, 0x0000, 0x0000, 0x0000, 0x0000,
    0x0000, 0x0000, 0x0000, 0x0000, 0x0000, 0x0000, 0x0000, 0x0000, 0x0000, 0x0000, 0x0000, 0x0000,
    0x0000, 0x0000, 0x0000, 0x0000, 0x0000, 0x0000, 0x0000, 0x0000, 0x0000, 0x0000, 0x0000, 0x0000,
    0x0000, 0x0000, 0x0000, 0x0000, 0x0000, 0x0000, 0x0000, 0x0000, 0x0000, 0x0000, 0x0000, 0x0000,
    0x0000, 0x0000, 0x0000, 0x0000, 0x0000, 0x0000, 0x0000, 0x0000, 0x0000, 0x0000, 0x0000, 0x0000,
    0x0000, 0x0000, 0x0000, 0x0000, 0x0000, 0x0000, 0x0000, 0x0000, 0x0841, 0x5ACB, 0xE73C, 0xFFDF,
    0xFFFF, 0xFFFF, 0xFFFF, 0xFFFF, 0xFFFF, 0xE75D, 0x10A2, 0x0000, 0x0000, 0x0000, 0x0000, 0x0000,
    0x0000, 0x0000, 0x0000, 0x0000, 0x0000, 0x0000, 0x3186, 0xDEFB, 0xFFDF, 0xFFFF, 0xFFFF, 0xFFFF,
    0xFFFF, 0xFFFF, 0xFFFF, 0xFFFF, 0xEF5D, 0x9CF3, 0x0000, 0x0000, 0x0000, 0x0000, 0x0000, 0x0000,
    0x0000, 0x0000, 0x0000, 0x0000, 0x0000, 0x0000, 0x0000, 0x0000, 0x0000, 0x0000, 0x0000, 0x0000,
    0x0000, 0x0000, 0x0000, 0x0000, 0x0000, 0x0000, 0x0000, 0x0000, 0x0000, 0x0000, 0x0000, 0x0000,
    0x0000, 0x0000, 0x0000, 0x0000, 0x0000, 0x0000, 0x0000, 0x0000, 0x0000, 0x0000, 0x0000, 0x0000,
    0x0000, 0x0000, 0x0000, 0x0000, 0x0000, 0x0000, 0x0000, 0x0000, 0x0000, 0x0000, 0x0000, 0x0000,
    0x0000, 0x0000, 0x0000, 0x0000, 0x0000, 0x0000, 0x0000, 0x0000, 0x0000, 0x0000, 0x0000, 0x0000,
    0x0000, 0x0000, 0x0000, 0x0000, 0x0000, 0x0000, 0x0000, 0x0000, 0x0000, 0x0000, 0x0000, 0x0000,
    0x0000, 0x0000, 0x0000, 0x0000, 0x0000, 0x0000, 0x0000, 0x0000, 0x0000, 0x0000, 0x0000, 0x0000,
    0x0000, 0x0000, 0x0000, 0x0000, 0x0000, 0x0000, 0x0000, 0x0000, 0x0000, 0x0000, 0x0000, 0x0000,
    0x0000, 0x0000, 0x0000, 0x0000, 0x0000, 0x0000, 0x0000, 0x0000, 0x0000, 0x0000, 0x0000, 0x0000,
    0x0000, 0x0000, 0x0000, 0x0000, 0x0000, 0x0000, 0x0000, 0x0000, 0x0000, 0x0000, 0x0000, 0x0000,
    0x0000, 0x0000, 0x0000, 0x0000, 0x0000, 0x0000, 0x0000, 0x0000, 0x0000, 0x0000, 0x0000, 0x0000,
    0x0000, 0x0000, 0x0000, 0x0000, 0x0000, 0x0000, 0x0000, 0x0000, 0x0000, 0x0000, 0x0000, 0x0000,
    0x0000, 0x0000, 0x0000, 0x0000, 0x0000, 0x0000, 0x0000, 0x0000, 0x0000, 0x2124, 0xCE79, 0xF7DF,
    0xFFFF, 0xFFFF, 0xFFFF, 0xFFFF, 0xF7DF, 0xC618, 0x0000, 0x0000, 0x0000, 0x0000, 0x0000, 0x0000,
    0x0000, 0x0000, 0x0000, 0x0000, 0x0000, 0x0000, 0x0841, 0xAD96, 0xEF7D, 0xFFFF, 0xFFFF, 0xFFFF,
    0xFFFF, 0xFFFF, 0xFFFF, 0xFFFF, 0xF79E, 0xB596, 0x0020, 0x0000, 0x0000, 0x0000, 0x0000, 0x0000,
    0x0000, 0x0000, 0x0000, 0x0000, 0x0000, 0x0000, 0x0000, 0x0000, 0x0000, 0x0000, 0x0000, 0x0000,
    0x0000, 0x0000, 0x0000, 0x0000, 0x0000, 0x0000, 0x0000, 0x0000, 0x0000, 0x0000, 0x0000, 0x0000,
    0x0000, 0x0000, 0x0000, 0x0000, 0x0000, 0x0000, 0x0000, 0x0000, 0x0000, 0x0000, 0x0000, 0x0000,
    0x0000, 0x0000, 0x0000, 0x0000, 0x0000, 0x0000, 0x0000, 0x0000, 0x0000, 0x0000, 0x0000, 0x0000,
    0x0000, 0x0000, 0x0000, 0x0000, 0x0000, 0x0000, 0x0000, 0x0000, 0x0000, 0x0000, 0x0000, 0x0000,
    0x0000, 0x0000, 0x0000, 0x0000, 0x0000, 0x0000, 0x0000, 0x0000, 0x0000, 0x0000, 0x0000, 0x0000,
    0x0000, 0x0000, 0x0000, 0x0000, 0x0000, 0x0000, 0x0000, 0x0000, 0x0000, 0x0000, 0x0000, 0x0000,
    0x0000, 0x0000, 0x0000, 0x0000, 0x0000, 0x0000, 0x0000, 0x0000, 0x0000, 0x0000, 0x0000, 0x0000,
    0x0000, 0x0000, 0x0000, 0x0000, 0x0000, 0x0000, 0x0000, 0x0000, 0x0000, 0x0000, 0x0000, 0x0000,
    0x0000, 0x0000, 0x0000, 0x0000, 0x0000, 0x0000, 0x0000, 0x0000, 0x0000, 0x0000, 0x0000, 0x0000,
    0x0000, 0x0000, 0x0000, 0x0000, 0x0000, 0x0000, 0x0000, 0x0000, 0x0000, 0x0000, 0x0000, 0x0000,
    0x0000, 0x0000, 0x0000, 0x0000, 0x0000, 0x0000, 0x0000, 0x0000, 0x0000, 0x0000, 0x0000, 0x0000,
    0x0000, 0x0000, 0x0000, 0x0000, 0x0000, 0x0000, 0x0000, 0x0000, 0x0000, 0x0000, 0xDEDB, 0xFFFF,
    0xFFFF, 0xFFFF, 0xFFFF, 0xFFFF, 0xBDF7, 0x31A6, 0x0000, 0x0000, 0x0000, 0x0000, 0x0000, 0x0000,
    0x0000, 0x0000, 0x0000, 0x0000, 0x0000, 0x0000, 0x0000, 0x4A49, 0xAD55, 0xFFFF, 0xFFFF, 0xFFFF,
    0xFFFF, 0xFFFF, 0xFFFF, 0xFFFF, 0xFFFF, 0xD6BB, 0x18E3, 0x0000, 0x0000, 0x0000, 0x0000, 0x0000,
    0x0000, 0x0000, 0x0000, 0x0000, 0x0000, 0x0000, 0x0000, 0x0000, 0x0000, 0x0000, 0x0000, 0x0000,
    0x0000, 0x0000, 0x0000, 0x0000, 0x0000, 0x0000, 0x0000, 0x0000, 0x0000, 0x0000, 0x0000, 0x0000,
    0x0000, 0x0000, 0x0000, 0x0000, 0x0000, 0x0000, 0x0000, 0x0000, 0x0000, 0x0000, 0x0000, 0x0000,
    0x0000, 0x0000, 0x0000, 0x0000, 0x0000, 0x0000, 0x0000, 0x0000, 0x0000, 0x0000, 0x0000, 0x0000,
    0x0000, 0x0000, 0x0000, 0x0000, 0x0000, 0x0000, 0x0000, 0x0000, 0x0000, 0x0000, 0x0000, 0x0000,
    0x0000, 0x0000, 0x0000, 0x0000, 0x0000, 0x0000, 0x0000, 0x0000, 0x0000, 0x0000, 0x0000, 0x0000,
    0x0000, 0x0000, 0x0000, 0x0000, 0x0000, 0x0000, 0x0000, 0x0000, 0x0000, 0x0000, 0x0000, 0x0000,
    0x0000, 0x0000, 0x0000, 0x0000, 0x0000, 0x0000, 0x0000, 0x0000, 0x0000, 0x0000, 0x0000, 0x0000,
    0x0000, 0x0000, 0x0000, 0x0000, 0x0000, 0x0000, 0x0000, 0x0000, 0x0000, 0x0000, 0x0000, 0x0000,
    0x0000, 0x0000, 0x0000, 0x0000, 0x0000, 0x0000, 0x0000, 0x0000, 0x0000, 0x0000, 0x0000, 0x0000,
    0x0000, 0x0000, 0x0000, 0x0000, 0x0000, 0x0000, 0x0000, 0x0000, 0x0000, 0x0000, 0x0000, 0x0000,
    0x0000, 0x0000, 0x0000, 0x0000, 0x0000, 0x0000, 0x0000, 0x0000, 0x0000, 0x0000, 0x0000, 0x0000,
    0x0000, 0x0000, 0x0000, 0x0000, 0x0000, 0x0000, 0x0000, 0x0000, 0x0000, 0x2945, 0xEF7D, 0xFFFF,
    0xFFFF, 0xFFFF, 0xFFFF, 0xFFFF, 0x7C10, 0x2945, 0x0000, 0x0000, 0x0000, 0x0000, 0x0000, 0x0000,
    0x0000, 0x0000, 0x0000, 0x0000, 0x0000, 0x0000, 0x0000, 0x0861, 0x5AEB, 0xFFDF, 0xFFFF, 0xFFFF,
    0xFFFF, 0xFFFF, 0xFFFF, 0xFFFF, 0xFFFF, 0xE75D, 0x3186, 0x0000, 0x0000, 0x0000, 0x0000, 0x0000,
    0x0000, 0x0000, 0x0000, 0x0000, 0x0000, 0x0000, 0x0000, 0x0000, 0x0000, 0x0000, 0x0000, 0x0000,
    0x0000, 0x0000, 0x0000, 0x0000, 0x0000, 0x0000, 0x0000, 0x0000, 0x0000, 0x0000, 0x0000, 0x0000,
    0x0000, 0x0000, 0x0000, 0x0000, 0x0000, 0x0000, 0x0000, 0x0000, 0x0000, 0x0000, 0x0000, 0x0000,
    0x0000, 0x0000, 0x0000, 0x0000, 0x0000, 0x0000, 0x0000, 0x0000, 0x0000, 0x0000, 0x0000, 0x0000,
    0x0000, 0x0000, 0x0000, 0x0000, 0x0000, 0x0000, 0x0000, 0x0000, 0x0000, 0x0000, 0x0000, 0x0000,
    0x0000, 0x0000, 0x0000, 0x0000, 0x0000, 0x0000, 0x0000, 0x0000, 0x0000, 0x0000, 0x0000, 0x0000,
    0x0000, 0x0000, 0x0000, 0x0000, 0x0000, 0x0000, 0x0000, 0x0000, 0x0000, 0x0000, 0x0000, 0x0000,
    0x0000, 0x0000, 0x0000, 0x0000, 0x0000, 0x0000, 0x0000, 0x0000, 0x0000, 0x0000, 0x0000, 0x0000,
    0x0000, 0x0000, 0x0000, 0x0000, 0x0000, 0x0000, 0x0000, 0x0000, 0x0000, 0x0000, 0x0000, 0x0000,
    0x0000, 0x0000, 0x0000, 0x0000, 0x0000, 0x0000, 0x0000, 0x0000, 0x0000, 0x0000, 0x0000, 0x0000,
    0x0000, 0x0000, 0x0000, 0x0000, 0x0000, 0x0000, 0x0000, 0x0000, 0x0000, 0x0000, 0x0000, 0x0000,
    0x0000, 0x0000, 0x0000, 0x0000, 0x0000, 0x0000, 0x0000, 0x0000, 0x0000, 0x0000, 0x0000, 0x0000,
    0x0000, 0x0000, 0x0000, 0x0000, 0x0000, 0x0000, 0x0000, 0x0000, 0x0000, 0x39C7, 0xEF9E, 0xFFFF,
    0xFFFF, 0xFFFF, 0xFFFF, 0xF7BF, 0x5B0C, 0x1082, 0x0000, 0x0000, 0x0000, 0x0000, 0x0000, 0x0000,
    0x0000, 0x0000, 0x0000, 0x0000, 0x0000, 0x0000, 0x0000, 0x0000, 0x4A49, 0xF7BE, 0xFFFF, 0xFFFF,
    0xFFFF, 0xFFFF, 0xFFFF, 0xFFFF, 0xEF5D, 0xC638, 0x2104, 0x0000, 0x0000, 0x0000, 0x0000, 0x0000,
    0x0000, 0x0000, 0x0000, 0x0000, 0x0000, 0x0000, 0x0000, 0x0000, 0x0000, 0x0000, 0x0000, 0x0000,
    0x0000, 0x0000, 0x0000, 0x0000, 0x0000, 0x0000, 0x0000, 0x0000, 0x0000, 0x0000, 0x0000, 0x0000,
    0x0000, 0x0000, 0x0000, 0x0000, 0x0000, 0x0000, 0x0000, 0x0000, 0x0000, 0x0000, 0x0000, 0x0000,
    0x0000, 0x0000, 0x0000, 0x0000, 0x0000, 0x0000, 0x0000, 0x0000, 0x0000, 0x0000, 0x0000, 0x0000,
    0x0000, 0x0000, 0x0000, 0x0000, 0x0000, 0x0000, 0x0000, 0x0000, 0x0000, 0x0000, 0x0000, 0x0000,
    0x0000, 0x0000, 0x0000, 0x0000, 0x0000, 0x0000, 0x0000, 0x0000, 0x0000, 0x0000, 0x0000, 0x0000,
    0x0000, 0x0000, 0x0000, 0x0000, 0x0000, 0x0000, 0x0000, 0x0000, 0x0000, 0x0000, 0x0000, 0x0000,
    0x0000, 0x0000, 0x0000, 0x0000, 0x0000, 0x0000, 0x0000, 0x0000, 0x0000, 0x0000, 0x0000, 0x0000,
    0x0000, 0x0000, 0x0000, 0x0000, 0x0000, 0x0000, 0x0000, 0x0000, 0x0000, 0x0000, 0x0000, 0x0000,
    0x0000, 0x0000, 0x0000, 0x0000, 0x0000, 0x0000, 0x0000, 0x0000, 0x0000, 0x0000, 0x0000, 0x0000,
    0x0000, 0x0000, 0x0000, 0x0000, 0x0000, 0x0000, 0x0000, 0x0000, 0x0000, 0x0000, 0x0000, 0x0000,
    0x0000, 0x0000, 0x0000, 0x0000, 0x0000, 0x0000, 0x0000, 0x0000, 0x0000, 0x0000, 0x0000, 0x0000,
    0x0000, 0x0000, 0x0000, 0x0000, 0x0000, 0x0000, 0x39C7, 0x5ACB, 0xB596, 0xD69A, 0xFFFF, 0xFFFF,
    0xFFFF, 0xFFFF, 0xFFFF, 0xFFDF, 0x52CB, 0x0000, 0x0000, 0x0000, 0x0000, 0x0000, 0x0000, 0x0000,
    0x0000, 0x0000, 0x0000, 0x0000, 0x0000, 0x0000, 0x0000, 0x0000, 0x4208, 0xF79E, 0xFFFF, 0xFFFF,
    0xFFFF, 0xFFFF, 0xE71C, 0x9CF3, 0x31C7, 0x18E3, 0x0000, 0x0000, 0x0000, 0x0000, 0x0000, 0x0000,
    0x0000, 0x0000, 0x0000, 0x0000, 0x0000, 0x0000, 0x0000, 0x0000, 0x0000, 0x0000, 0x0000, 0x0000,
    0x0000, 0x0000, 0x0000, 0x0000, 0x0000, 0x0000, 0x0000, 0x0000, 0x0000, 0x0000, 0x0000, 0x0000,
    0x0000, 0x0000, 0x0000, 0x0000, 0x0000, 0x0000, 0x0000, 0x0000, 0x0000, 0x0000, 0x0000, 0x0000,
    0x0000, 0x0000, 0x0000, 0x0000, 0x0000, 0x0000, 0x0000, 0x0000, 0x0000, 0x0000, 0x0000, 0x0000,
    0x0000, 0x0000, 0x0000, 0x0000, 0x0000, 0x0000, 0x0000, 0x0000, 0x0000, 0x0000, 0x0000, 0x0000,
    0x0000, 0x0000, 0x0000, 0x0000, 0x0000, 0x0000, 0x0000, 0x0000, 0x0000, 0x0000, 0x0000, 0x0000,
    0x0000, 0x0000, 0x0000, 0x0000, 0x0000, 0x0000, 0x0000, 0x0000, 0x0000, 0x0000, 0x0000, 0x0000,
    0x0000, 0x0000, 0x0000, 0x0000, 0x0000, 0x0000, 0x0000, 0x0000, 0x0000, 0x0000, 0x0000, 0x0000,
    0x0000, 0x0000, 0x0000, 0x0000, 0x0000, 0x0000, 0x0000, 0x0000, 0x0000, 0x0000, 0x0000, 0x0000,
    0x0000, 0x0000, 0x0000, 0x0000, 0x0000, 0x0000, 0x0000, 0x0000, 0x0000, 0x0000, 0x0000, 0x0000,
    0x0000, 0x0000, 0x0000, 0x0000, 0x0000, 0x0000, 0x0000, 0x0000, 0x0000, 0x0000, 0x0000, 0x0000,
    0x0000, 0x0000, 0x0000, 0x0000, 0x0000, 0x0000, 0x0000, 0x0000, 0x0000, 0x0000, 0x0000, 0x0000,
    0x0000, 0x0000, 0x0000, 0x0000, 0x0000, 0x0000, 0x8430, 0xB5D6, 0xF79E, 0xFFDF, 0xFFFF, 0xFFFF,
    0xFFFF, 0xFFFF, 0xFFFF, 0xFFDF, 0x52CB, 0x0020, 0x0000, 0x0000, 0x0000, 0x0000, 0x0000, 0x0000,
    0x0000, 0x0000, 0x0000, 0x0000, 0x0000, 0x0000, 0x0000, 0x1082, 0x528A, 0xF79E, 0xFFFF, 0xFFFF,
    0xFFFF, 0xFFFF, 0xBDF7, 0x528A, 0x0000, 0x0000, 0x0000, 0x0000, 0x0000, 0x0000, 0x0000, 0x0000,
    0x0000, 0x0000, 0x0000, 0x0000, 0x0000, 0x0000, 0x0000, 0x0000, 0x0000, 0x0000, 0x0000, 0x0000,
    0x0000, 0x0000, 0x0000, 0x0000, 0x0000, 0x0000, 0x0000, 0x0000, 0x0000, 0x0000, 0x0000, 0x0000,
    0x0000, 0x0000, 0x0000, 0x0000, 0x0000, 0x0000, 0x0000, 0x0000, 0x0000, 0x0000, 0x0000, 0x0000,
    0x0000, 0x0000, 0x0000, 0x0000, 0x0000, 0x0000, 0x0000, 0x0000, 0x0000, 0x0000, 0x0000, 0x0000,
    0x0000, 0x0000, 0x0000, 0x0000, 0x0000, 0x0000, 0x0000, 0x0000, 0x0000, 0x0000, 0x0000, 0x0000,
    0x0000, 0x0000, 0x0000, 0x0000, 0x0000, 0x0000, 0x0000, 0x0000, 0x0000, 0x0000, 0x0000, 0x0000,
    0x0000, 0x0000, 0x0000, 0x0000, 0x0000, 0x0000, 0x0000, 0x0000, 0x0000, 0x0000, 0x0000, 0x0000,
    0x0000, 0x0000, 0x0000, 0x0000, 0x0000, 0x0000, 0x0000, 0x0000, 0x0000, 0x0000, 0x0000, 0x0000,
    0x0000, 0x0000, 0x0000, 0x0000, 0x0000, 0x0000, 0x0000, 0x0000, 0x0000, 0x0000, 0x0000, 0x0000,
    0x0000, 0x0000, 0x0000, 0x0000, 0x0000, 0x0000, 0x0000, 0x0000, 0x0000, 0x0000, 0x0000, 0x0000,
    0x0000, 0x0000, 0x0000, 0x0000, 0x0000, 0x0000, 0x0000, 0x0000, 0x0000, 0x0000, 0x0000, 0x0000,
    0x0000, 0x0000, 0x0000, 0x0000, 0x0000, 0x0000, 0x0000, 0x0000, 0x0000, 0x0000, 0x0000, 0x0000,
    0x0000, 0x0000, 0x0000, 0x0000, 0x0000, 0x0020, 0x9CF3, 0xEF7D, 0xFFFF, 0xFFFF, 0xFFFF, 0xFFFF,
    0xFFFF, 0xFFFF, 0xFFFF, 0xFFFF, 0x8C51, 0x1082, 0x0000, 0x0000, 0x0000, 0x0000, 0x0000, 0x0000,
    0x0000, 0x0000, 0x0000, 0x0000, 0x0000, 0x0000, 0x0000, 0x0000, 0x8C51, 0xFFFF, 0xFFFF, 0xFFFF,
    0xFFFF, 0xFFFF, 0xAD55, 0x2965, 0x0000, 0x0000, 0x0000, 0x0000, 0x0000, 0x0000, 0x0000, 0x0000,
    0x0000, 0x0000, 0x0000, 0x0000, 0x0000, 0x0000, 0x0000, 0x0000, 0x0000, 0x0000, 0x0000, 0x0000,
    0x0000, 0x0000, 0x0000, 0x0000, 0x0000, 0x0000, 0x0000, 0x0000, 0x0000, 0x0000, 0x0000, 0x0000,
    0x0000, 0x0000, 0x0000, 0x0000, 0x0000, 0x0000, 0x0000, 0x0000, 0x0000, 0x0000, 0x0000, 0x0000,
    0x0000, 0x0000, 0x0000, 0x0000, 0x0000, 0x0000, 0x0000, 0x0000, 0x0000, 0x0000, 0x0000, 0x0000,
    0x0000, 0x0000, 0x0000, 0x0000, 0x0000, 0x0000, 0x0000, 0x0000, 0x0000, 0x0000, 0x0000, 0x0000,
    0x0000, 0x0000, 0x0000, 0x0000, 0x0000, 0x0000, 0x0000, 0x0000, 0x0000, 0x0000, 0x0000, 0x0000,
    0x0000, 0x0000, 0x0000, 0x0000, 0x0000, 0x0000, 0x0000, 0x0000, 0x0000, 0x0000, 0x0020, 0x0020,
    0x0000, 0x0020, 0x0000, 0x0000, 0x0000, 0x0000, 0x0000, 0x0000, 0x0000, 0x0000, 0x0000, 0x0040,
    0x0842, 0x0001, 0x0060, 0x0022, 0x0821, 0x0041, 0x1001, 0x0000, 0x0000, 0x0000, 0x0000, 0x0000,
    0x0000, 0x0000, 0x0000, 0x0800, 0x0800, 0x0000, 0x0000, 0x0000, 0x0000, 0x0020, 0x0000, 0x0000,
    0x0000, 0x0000, 0x0000, 0x0000, 0x0000, 0x0000, 0x0000, 0x0000, 0x0000, 0x0000, 0x0000, 0x0000,
    0x0000, 0x0000, 0x0000, 0x0000, 0x0000, 0x0000, 0x0000, 0x0000, 0x0000, 0x0000, 0x0000, 0x0000,
    0x0000, 0x0000, 0x0000, 0x0000, 0x0000, 0x0000, 0x8451, 0xE71C, 0xFFFF, 0xFFFF, 0xFFFF, 0xFFFF,
    0xFFFF, 0xFFFF, 0xFFFF, 0xFFFF, 0xAD75, 0x4228, 0x0000, 0x0000, 0x0000, 0x0000, 0x0000, 0x0000,
    0x0000, 0x0000, 0x0000, 0x0000, 0x0000, 0x0000, 0x0000, 0x2966, 0xA555, 0xFFFF, 0xFFFF, 0xFFFF,
    0xFFFF, 0xFFFF, 0x94B2, 0x2945, 0x0000, 0x0000, 0x0000, 0x0000, 0x0000, 0x0000, 0x0000, 0x0000,
    0x0000, 0x0000, 0x0000, 0x0000, 0x0000, 0x0000, 0x0000, 0x0000, 0x0000, 0x0000, 0x0000, 0x0000,
    0x0000, 0x0000, 0x0000, 0x0000, 0x0000, 0x0000, 0x0000, 0x0000, 0x0000, 0x0000, 0x0000, 0x0000,
    0x0000, 0x0000, 0x0000, 0x0000, 0x0000, 0x0000, 0x0000, 0x0000, 0x0000, 0x0000, 0x0000, 0x0000,
    0x0000, 0x0000, 0x0000, 0x0000, 0x0000, 0x0000, 0x0000, 0x0000, 0x0000, 0x0000, 0x0000, 0x0000,
    0x0000, 0x0000, 0x0000, 0x0000, 0x0000, 0x0000, 0x0000, 0x0000, 0x0000, 0x0000, 0x0000, 0x0000,
    0x0000, 0x0000, 0x0000, 0x0000, 0x0000, 0x0000, 0x0000, 0x0000, 0x0000, 0x0000, 0x0000, 0x0000,
    0x0000, 0x0000, 0x0000, 0x0000, 0x0000, 0x0000, 0x0000, 0x0000, 0x0000, 0x0000, 0x0000, 0x0000,
    0x0000, 0x0000, 0x0000, 0x0000, 0x0000, 0x0000, 0x0000, 0x0000, 0x0000, 0x0000, 0x0000, 0x1801,
    0x0A20, 0x24C3, 0x2F87, 0x2763, 0x2C44, 0x0080, 0x0801, 0x0020, 0x0020, 0x0000, 0x0020, 0x0000,
    0x0000, 0x0000, 0x0000, 0x0020, 0x0021, 0x0000, 0x0000, 0x0000, 0x0000, 0x0000, 0x0000, 0x0000,
    0x0000, 0x0000, 0x0000, 0x0000, 0x0000, 0x0000, 0x0000, 0x0000, 0x0000, 0x0000, 0x0000, 0x0000,
    0x0000, 0x0000, 0x0000, 0x0000, 0x0000, 0x0000, 0x0000, 0x0000, 0x0000, 0x0000, 0x0000, 0x0000,
    0x0000, 0x0000, 0x0000, 0x0000, 0x0000, 0x0000, 0x4A69, 0xBDD7, 0xFFFF, 0xFFFF, 0xFFFF, 0xFFFF,
    0xFFFF, 0xFFFF, 0xFFFF, 0xFFFF, 0xE75D, 0x9D14, 0x0000, 0x0000, 0x0000, 0x0000, 0x0000, 0x0000,
    0x0000, 0x0000, 0x0000, 0x0000, 0x0000, 0x0000, 0x0000, 0x73AE, 0xCE9A, 0xFFFF, 0xFFFF, 0xFFFF,
    0xFFFF, 0xF7BE, 0x5AEB, 0x0020, 0x0000, 0x0000, 0x0000, 0x0000, 0x0000, 0x0000, 0x0000, 0x0000,
    0x0000, 0x0000, 0x0000, 0x0000, 0x0000, 0x0000, 0x0000, 0x0000, 0x0000, 0x0000, 0x0000, 0x0000,
    0x0000, 0x0000, 0x0000, 0x0000, 0x0000, 0x0000, 0x0000, 0x0000, 0x0000, 0x0000, 0x0000, 0x0000,
    0x0000, 0x0000, 0x0000, 0x0000, 0x0000, 0x0000, 0x0000, 0x0000, 0x0000, 0x0000, 0x0000, 0x0000,
    0x0000, 0x0000, 0x0000, 0x0000, 0x0000, 0x0000, 0x0000, 0x0000, 0x0000, 0x0000, 0x0000, 0x0000,
    0x0000, 0x0000, 0x0000, 0x0000, 0x0000, 0x0000, 0x0000, 0x0000, 0x0000, 0x0000, 0x0000, 0x0000,
    0x0000, 0x0000, 0x0000, 0x0000, 0x0000, 0x0000, 0x0000, 0x0000, 0x0000, 0x0000, 0x0000, 0x0000,
    0x0000, 0x0000, 0x0000, 0x0000, 0x0000, 0x0000, 0x0000, 0x0000, 0x0000, 0x0000, 0x0000, 0x0020,
    0x0801, 0x0801, 0x0020, 0x0020, 0x0000, 0x0000, 0x0000, 0x0000, 0x0020, 0x0000, 0x0000, 0x1020,
    0x2604, 0x27A4, 0x17C0, 0x0FE0, 0x2FA3, 0x1362, 0x0882, 0x0000, 0x0020, 0x0000, 0x0000, 0x0000,
    0x0000, 0x0000, 0x0000, 0x0000, 0x0000, 0x0020, 0x0800, 0x1002, 0x0000, 0x0000, 0x0000, 0x0000,
    0x0000, 0x0000, 0x0000, 0x0000, 0x0000, 0x0000, 0x0000, 0x0000, 0x0000, 0x0000, 0x0000, 0x0000,
    0x0000, 0x0000, 0x0000, 0x0000, 0x0000, 0x0000, 0x0000, 0x0000, 0x0000, 0x0000, 0x0000, 0x0000,
    0x0000, 0x0000, 0x0000, 0x0000, 0x0000, 0x0000, 0x39C7, 0x9D14, 0xFFFF, 0xFFFF, 0xFFFF, 0xFFFF,
    0xFFFF, 0xFFFF, 0xFFFF, 0xFFFF, 0xFFDF, 0xD6BA, 0x31A6, 0x0000, 0x0000, 0x0000, 0x0000, 0x0000,
    0x0000, 0x0000, 0x0000, 0x0000, 0x0000, 0x0000, 0x10A2, 0xB5B6, 0xEF7D, 0xFFFF, 0xFFFF, 0xFFFF,
    0xFFFF, 0xF7DF, 0x8430, 0x4228, 0x0000, 0x0000, 0x0000, 0x0000, 0x0000, 0x0000, 0x0000, 0x0000,
    0x0000, 0x0000, 0x0000, 0x0000, 0x0000, 0x0000, 0x0000, 0x0000, 0x0000, 0x0000, 0x0000, 0x0000,
    0x0000, 0x0000, 0x0000, 0x0000, 0x0000, 0x0000, 0x0000, 0x0000, 0x0000, 0x0000, 0x0000, 0x0000,
    0x0000, 0x0000, 0x0000, 0x0000, 0x0000, 0x0000, 0x0000, 0x0000, 0x0000, 0x0000, 0x0000, 0x0000,
    0x0000, 0x0000, 0x0000, 0x0000, 0x0000, 0x0000, 0x0000, 0x0000, 0x0000, 0x0000, 0x0000, 0x0000,
    0x0000, 0x0000, 0x0000, 0x0000, 0x0000, 0x0000, 0x0000, 0x0000, 0x0000, 0x0000, 0x0000, 0x0000,
    0x0000, 0x0000, 0x0000, 0x0000, 0x0000, 0x0000, 0x0000, 0x0000, 0x0000, 0x0000, 0x0000, 0x0000,
    0x0000, 0x0000, 0x0000, 0x0000, 0x0000, 0x0000, 0x0000, 0x0000, 0x0040, 0x0000, 0x0140, 0x3DA6,
    0x2463, 0x09E0, 0x0001, 0x0000, 0x0000, 0x0000, 0x0000, 0x0000, 0x0020, 0x0822, 0x11C1, 0x1DE2,
    0x27C1, 0x17E0, 0x17A3, 0x1FA2, 0x17E0, 0x1F81, 0x26E2, 0x08A1, 0x0801, 0x0020, 0x0021, 0x0000,
    0x0000, 0x0000, 0x0000, 0x0821, 0x0021, 0x3546, 0x4E69, 0x1C02, 0x0020, 0x0801, 0x0000, 0x0000,
    0x0800, 0x0000, 0x0000, 0x0000, 0x0000, 0x0000, 0x0000, 0x0000, 0x0000, 0x0000, 0x0000, 0x0000,
    0x0000, 0x0000, 0x0000, 0x0000, 0x0000, 0x0000, 0x0000, 0x0000, 0x0000, 0x0000, 0x0000, 0x0000,
    0x0000, 0x0000, 0x0000, 0x0000, 0x0000, 0x0000, 0x0000, 0x630C, 0xE73C, 0xEF7D, 0xDEDB, 0xE73C,
    0xFFFF, 0xFFFF, 0xFFFF, 0xFFFF, 0xFFFF, 0xFFDF, 0xB5B6, 0x6B6D, 0x0000, 0x0000, 0x0000, 0x0000,
    0x0000, 0x0000, 0x0000, 0x0000, 0x0000, 0x6B6D, 0xBDD7, 0xFFFF, 0xFFFF, 0xFFFF, 0xFFFF, 0xFFFF,
    0xFFFF, 0xFFFF, 0xF79E, 0xD69A, 0x4A69, 0x0020, 0x0000, 0x0000, 0x0000, 0x0000, 0x0000, 0x0000,
    0x0000, 0x0000, 0x0000, 0x0000, 0x0000, 0x0000, 0x0000, 0x0000, 0x0000, 0x0000, 0x0000, 0x0000,
    0x0000, 0x0000, 0x0000, 0x0000, 0x0000, 0x0000, 0x0000, 0x0000, 0x0000, 0x0000, 0x0000, 0x0000,
    0x0000, 0x0000, 0x0000, 0x0000, 0x0000, 0x0000, 0x0000, 0x0000, 0x0000, 0x0000, 0x0000, 0x0000,
    0x0000, 0x0000, 0x0000, 0x0000, 0x0000, 0x0000, 0x0000, 0x0000, 0x0000, 0x0000, 0x0000, 0x0000,
    0x0000, 0x0000, 0x0000, 0x0000, 0x0000, 0x0000, 0x0000, 0x0000, 0x0000, 0x0000, 0x0000, 0x0000,
    0x0000, 0x0000, 0x0000, 0x0000, 0x0000, 0x0000, 0x0000, 0x0000, 0x0000, 0x0000, 0x0000, 0x0000,
    0x0000, 0x0000, 0x0000, 0x0000, 0x0001, 0x0020, 0x0801, 0x0060, 0x1001, 0x09A1, 0x2C84, 0x0FC2,
    0x2F23, 0x1C42, 0x0001, 0x0000, 0x0000, 0x0000, 0x0000, 0x0000, 0x0040, 0x1003, 0x24A2, 0x2781,
    0x1FE0, 0x17E0, 0x17E0, 0x17E0, 0x17E0, 0x17E0, 0x17E1, 0x1301, 0x0841, 0x0020, 0x0001, 0x0000,
    0x0000, 0x0000, 0x0000, 0x0001, 0x01A2, 0x2FC2, 0x17E2, 0x2EE3, 0x0A41, 0x0060, 0x0001, 0x0060,
    0x0800, 0x0021, 0x0000, 0x0000, 0x0000, 0x0000, 0x0000, 0x0000, 0x0000, 0x0000, 0x0000, 0x0000,
    0x0000, 0x0000, 0x0000, 0x0000, 0x0000, 0x0000, 0x0000, 0x0000, 0x0000, 0x0000, 0x0000, 0x0000,
    0x0000, 0x0000, 0x0000, 0x0000, 0x0000, 0x0000, 0x0841, 0x4208, 0x9CF3, 0x8C71, 0x7BEF, 0x94B2,
    0xFFDF, 0xFFFF, 0xFFFF, 0xFFFF, 0xFFFF, 0xFFFF, 0xF7BE, 0xD6DB, 0x630C, 0x0000, 0x0000, 0x0000,
    0x0000, 0x0000, 0x0000, 0x18E3, 0x39E7, 0xC618, 0xEF7D, 0xFFFF, 0xFFFF, 0xFFFF, 0xFFFF, 0xFFFF,
    0xFFFF, 0xFFFF, 0xFFFF, 0xF7BE, 0x7C10, 0x2945, 0x0000, 0x0000, 0x0000, 0x0000, 0x0000, 0x0000,
    0x0000, 0x0000, 0x0000, 0x0000, 0x0000, 0x0000, 0x0000, 0x0000, 0x0000, 0x0000, 0x0000, 0x0000,
    0x0000, 0x0000, 0x0000, 0x0000, 0x0000, 0x0000, 0x0000, 0x0000, 0x0000, 0x0000, 0x0000, 0x0000,
    0x0000, 0x0000, 0x0000, 0x0000, 0x0000, 0x0000, 0x0000, 0x0000, 0x0000, 0x0000, 0x0000, 0x0000,
    0x0000, 0x0000, 0x0000, 0x0000, 0x0000, 0x0000, 0x0000, 0x0000, 0x0000, 0x0000, 0x0000, 0x0000,
    0x0000, 0x0000, 0x0000, 0x0000, 0x0000, 0x0000, 0x0000, 0x0000, 0x0000, 0x0000, 0x0000, 0x0000,
    0x0000, 0x0000, 0x0000, 0x0000, 0x0000, 0x0000, 0x0000, 0x0000, 0x0000, 0x0000, 0x0000, 0x0000,
    0x0000, 0x0000, 0x0000, 0x0000, 0x0000, 0x0020, 0x0801, 0x0840, 0x0B62, 0x27C3, 0x17E0, 0x1FE1,
    0x0FE0, 0x1FA2, 0x00E0, 0x0801, 0x0000, 0x0000, 0x0000, 0x0040, 0x0862, 0x1382, 0x27C1, 0x17C0,
    0x17E0, 0x17E0, 0x17E0, 0x17E0, 0x17E0, 0x17E0, 0x17E1, 0x1FC2, 0x25A4, 0x0802, 0x0060, 0x0000,
    0x0000, 0x0000, 0x0000, 0x1221, 0x2E61, 0x0FC1, 0x1FA1, 0x0FE0, 0x27A3, 0x2663, 0x0120, 0x1001,
    0x0021, 0x0020, 0x0000, 0x0000, 0x0000, 0x0000, 0x0000, 0x0000, 0x0000, 0x0000, 0x0000, 0x0000,
    0x0000, 0x0000, 0x0000, 0x0000, 0x0000, 0x0000, 0x0000, 0x0000, 0x0000, 0x0000, 0x0000, 0x0000,
    0x0000, 0x0000, 0x0000, 0x0000, 0x0000, 0x0000, 0x0000, 0x0000, 0x0000, 0x0000, 0x0000, 0x0020,
    0xC638, 0xF7DF, 0xFFFF, 0xFFFF, 0xFFFF, 0xFFFF, 0xFFFF, 0xFFFF, 0xF7BE, 0xC618, 0xA534, 0x73AE,
    0x738E, 0x8C71, 0xA534, 0xD6BA, 0xEF5D, 0xFFFF, 0xFFFF, 0xFFFF, 0xFFFF, 0xFFFF, 0xFFFF, 0xFFFF,
    0xFFFF, 0xFFFF, 0xFFFF, 0xE75D, 0x5B0C, 0x0000, 0x0000, 0x0000, 0x0000, 0x0000, 0x0000, 0x0000,
    0x0000, 0x0000, 0x0000, 0x0000, 0x0000, 0x0000, 0x0000, 0x0000, 0x0000, 0x0000, 0x0000, 0x0000,
    0x0000, 0x0000, 0x0000, 0x0000, 0x0000, 0x0000, 0x0000, 0x0000, 0x0000, 0x0000, 0x0000, 0x0000,
    0x0000, 0x0000, 0x0000, 0x0000, 0x0000, 0x0000, 0x0000, 0x0000, 0x0000, 0x0000, 0x0000, 0x0000,
    0x0000, 0x0000, 0x0000, 0x0000, 0x0000, 0x0000, 0x0000, 0x0000, 0x0000, 0x0000, 0x0000, 0x0000,
    0x0000, 0x0000, 0x0000, 0x0000, 0x0000, 0x0000, 0x0000, 0x0000, 0x0000, 0x0000, 0x0000, 0x0000,
    0x0000, 0x0000, 0x0000, 0x0000, 0x0000, 0x0000, 0x0000, 0x0000, 0x0000, 0x0000, 0x0000, 0x0000,
    0x0000, 0x0000, 0x0000, 0x0020, 0x0022, 0x0842, 0x0001, 0x2B23, 0x1EE4, 0x17C0, 0x1FE0, 0x0FA1,
    0x17E0, 0x17E1, 0x0240, 0x0020, 0x0020, 0x0020, 0x0020, 0x0040, 0x1A02, 0x2E45, 0x27A1, 0x1FE1,
    0x17E0, 0x17E0, 0x17E0, 0x17E0, 0x17E0, 0x17E0, 0x17E1, 0x17E1, 0x2F44, 0x0120, 0x0000, 0x0000,
    0x0000, 0x0000, 0x0000, 0x1C63, 0x2FC3, 0x17E3, 0x17E0, 0x17E1, 0x17A0, 0x17E1, 0x1C84, 0x1180,
    0x0001, 0x0041, 0x0000, 0x0000, 0x0000, 0x0000, 0x0000, 0x0000, 0x0000, 0x0000, 0x0000, 0x0000,
    0x0000, 0x0000, 0x0000, 0x0000, 0x0000, 0x0000, 0x0000, 0x0000, 0x0000, 0x0000, 0x0000, 0x0000,
    0x0000, 0x0000, 0x0000, 0x0000, 0x0000, 0x0000, 0x0000, 0x0000, 0x0000, 0x0000, 0x0000, 0x0000,
    0x8430, 0xD6DB, 0xFFFF, 0xFFFF, 0xFFFF, 0xFFFF, 0xFFFF, 0xFFFF, 0xFFFF, 0xF79E, 0xEF5D, 0xDEDB,
    0xD69A, 0xE73C, 0xEF7D, 0xFFDF, 0xFFFF, 0xFFFF, 0xFFFF, 0xFFFF, 0xFFFF, 0xFFFF, 0xFFFF, 0xFFFF,
    0xFFFF, 0xFFFF, 0xF7BE, 0xCE79, 0x3186, 0x0000, 0x0000, 0x0000, 0x0000, 0x0000, 0x0000, 0x0000,
    0x0000, 0x0000, 0x0000, 0x0000, 0x0000, 0x0000, 0x0000, 0x0000, 0x0000, 0x0000, 0x0000, 0x0000,
    0x0000, 0x0000, 0x0000, 0x0000, 0x0000, 0x0000, 0x0000, 0x0000, 0x0000, 0x0000, 0x0000, 0x0000,
    0x0000, 0x0000, 0x0000, 0x0000, 0x0000, 0x0000, 0x0000, 0x0000, 0x0000, 0x0000, 0x0000, 0x0000,
    0x0000, 0x0000, 0x0000, 0x0000, 0x0000, 0x0000, 0x0000, 0x0000, 0x0000, 0x0000, 0x0000, 0x0000,
    0x0000, 0x0000, 0x0000, 0x0000, 0x0000, 0x0000, 0x0000, 0x0000, 0x0000, 0x0000, 0x0000, 0x0000,
    0x0000, 0x0000, 0x0000, 0x0000, 0x0000, 0x0000, 0x0000, 0x0000, 0x0000, 0x0000, 0x0000, 0x0000,
    0x0001, 0x0000, 0x0000, 0x0040, 0x0000, 0x0160, 0x1CE3, 0x07A0, 0x1FA0, 0x17E1, 0x17E1, 0x17E0,
    0x17E1, 0x17E0, 0x2EC4, 0x03E0, 0x0000, 0x0040, 0x0801, 0x0980, 0x2784, 0x17C0, 0x1FC2, 0x0FE0,
    0x17E0, 0x17E0, 0x17E0, 0x17E0, 0x17E0, 0x17E0, 0x17E0, 0x1FE1, 0x17E0, 0x2E43, 0x0B40, 0x0041,
    0x0000, 0x0800, 0x08C1, 0x1F82, 0x0FE0, 0x1FE0, 0x17E1, 0x17E0, 0x17E0, 0x17E1, 0x17A0, 0x2784,
    0x0260, 0x0841, 0x0020, 0x0020, 0x0001, 0x0000, 0x0000, 0x0000, 0x0000, 0x0000, 0x0000, 0x0000,
    0x0000, 0x0000, 0x0000, 0x0000, 0x0000, 0x0000, 0x0000, 0x0000, 0x0000, 0x0000, 0x0000, 0x0000,
    0x0000, 0x0000, 0x0000, 0x0000, 0x0000, 0x0000, 0x0000, 0x0000, 0x0000, 0x0000, 0x0000, 0x0000,
    0x1082, 0x6B4D, 0xF7BE, 0xFFFF, 0xFFFF, 0xFFFF, 0xFFFF, 0xFFFF, 0xFFFF, 0xFFFF, 0xFFFF, 0xFFFF,
    0xFFFF, 0xFFFF, 0xFFFF, 0xFFFF, 0xFFFF, 0xFFFF, 0xFFFF, 0xFFFF, 0xFFFF, 0xF7BE, 0xEF7E, 0xF7DF,
    0xFFFF, 0xFFFF, 0xBDF7, 0x6B6D, 0x0000, 0x0000, 0x0000, 0x0000, 0x0000, 0x0000, 0x0000, 0x0000,
    0x0000, 0x0000, 0x0000, 0x0000, 0x0000, 0x0000, 0x0000, 0x0000, 0x0000, 0x0000, 0x0000, 0x0000,
    0x0000, 0x0000, 0x0000, 0x0000, 0x0000, 0x0000, 0x0000, 0x0000, 0x0000, 0x0000, 0x0000, 0x0000,
    0x0000, 0x0000, 0x0000, 0x0000, 0x0000, 0x0000, 0x0000, 0x0000, 0x0000, 0x0000, 0x0000, 0x0000,
    0x0000, 0x0000, 0x0000, 0x0000, 0x0000, 0x0000, 0x0000, 0x0000, 0x0000, 0x0000, 0x0000, 0x0000,
    0x0000, 0x0000, 0x0000, 0x0000, 0x0000, 0x0020, 0x0000, 0x0020, 0x0000, 0x0000, 0x0000, 0x0000,
    0x0000, 0x0000, 0x0000, 0x0000, 0x0000, 0x0000, 0x0000, 0x0000, 0x0000, 0x0000, 0x0000, 0x0000,
    0x0802, 0x0020, 0x0000, 0x0061, 0x0800, 0x24C4, 0x2744, 0x1FC2, 0x17E0, 0x17E0, 0x17E0, 0x17E0,
    0x17E0, 0x17E0, 0x2742, 0x1581, 0x0801, 0x0020, 0x0020, 0x1BC2, 0x1FE2, 0x0FC0, 0x1FE2, 0x17E1,
    0x17E0, 0x17E0, 0x17E0, 0x17E0, 0x17E0, 0x17E0, 0x17E0, 0x1FE1, 0x0FA0, 0x2F43, 0x2DE4, 0x0020,
    0x0001, 0x0020, 0x0180, 0x1FC2, 0x0FE0, 0x17E1, 0x17E0, 0x17E0, 0x17E0, 0x17E0, 0x1FE1, 0x1FC1,
    0x2DA4, 0x1241, 0x0020, 0x0020, 0x0001, 0x0020, 0x0000, 0x0000, 0x0000, 0x0000, 0x0000, 0x0000,
    0x0000, 0x0000, 0x0000, 0x0000, 0x0000, 0x0000, 0x0000, 0x0000, 0x0000, 0x0000, 0x0000, 0x0000,
    0x0000, 0x0000, 0x0000, 0x0000, 0x0000, 0x0000, 0x0000, 0x0000, 0x0000, 0x0000, 0x0000, 0x0000,
    0x2104, 0x7BCF, 0xFFDF, 0xFFFF, 0xFFFF, 0xFFFF, 0xFFFF, 0xFFFF, 0xFFFF, 0xFFFF, 0xFFFF, 0xFFFF,
    0xFFFF, 0xFFFF, 0xFFFF, 0xFFFF, 0xFFFF, 0xFFFF, 0xFFFF, 0xFFFF, 0xFFFF, 0xDEDB, 0xB5B6, 0xCE59,
    0xEF7D, 0xF7BE, 0x8451, 0x39C7, 0x0000, 0x0000, 0x0000, 0x0000, 0x0000, 0x0000, 0x0000, 0x0000,
    0x0000, 0x0000, 0x0000, 0x0000, 0x0000, 0x0000, 0x0000, 0x0000, 0x0000, 0x0000, 0x0000, 0x0000,
    0x0000, 0x0000, 0x0000, 0x0000, 0x0000, 0x0000, 0x0000, 0x0000, 0x0000, 0x0000, 0x0000, 0x0000,
    0x0000, 0x0000, 0x0000, 0x0000, 0x0000, 0x0000, 0x0000, 0x0000, 0x0000, 0x0000, 0x0000, 0x0000,
    0x0000, 0x0000, 0x0000, 0x0000, 0x0000, 0x0000, 0x0000, 0x0000, 0x0000, 0x0000, 0x0000, 0x0000,
    0x0000, 0x0000, 0x0000, 0x0000, 0x0000, 0x0801, 0x0020, 0x0000, 0x0020, 0x0000, 0x0000, 0x0000,
    0x0000, 0x0000, 0x0000, 0x0000, 0x0000, 0x0000, 0x0000, 0x0000, 0x0000, 0x0000, 0x0000, 0x0000,
    0x0000, 0x0001, 0x0803, 0x0900, 0x1D24, 0x17E0, 0x17A0, 0x0FE0, 0x17E0, 0x17E0, 0x17E0, 0x17E0,
    0x1FE1, 0x17E0, 0x1FE0, 0x27A2, 0x0822, 0x0801, 0x2543, 0x27C2, 0x0FE0, 0x1FE1, 0x0FE0, 0x17E0,
    0x17E0, 0x17E0, 0x17E0, 0x17E0, 0x17E0, 0x17E0, 0x17E0, 0x17C1, 0x1FE1, 0x0FE0, 0x1FC2, 0x0BE0,
    0x0840, 0x0020, 0x1422, 0x0FA0, 0x0FE0, 0x17E1, 0x17E0, 0x17E0, 0x17E0, 0x17E0, 0x17E1, 0x0FE0,
    0x17C0, 0x2F64, 0x01E0, 0x1002, 0x0040, 0x0801, 0x0000, 0x0000, 0x0000, 0x0000, 0x0000, 0x0000,
    0x0000, 0x0000, 0x0000, 0x0000, 0x0000, 0x0000, 0x0000, 0x0000, 0x0000, 0x0000, 0x0000, 0x0821,
    0x0021, 0x0800, 0x0820, 0x0000, 0x0000, 0x0000, 0x0000, 0x0000, 0x0000, 0x0000, 0x0000, 0x0000,
    0x4208, 0xBDF8, 0xFFFF, 0xFFFF, 0xFFFF, 0xFFFF, 0xFFFF, 0xFFFF, 0xFFFF, 0xFFFF, 0xFFFF, 0xFFFF,
    0xFFFF, 0xFFFF, 0xFFFF, 0xFFFF, 0xFFFF, 0xFFFF, 0xFFFF, 0xE71C, 0xC618, 0x4A49, 0x10A2, 0x18E3,
    0x2965, 0x5B0C, 0x0841, 0x0000, 0x0000, 0x0000, 0x0000, 0x0000, 0x0000, 0x0000, 0x0000, 0x0000,
    0x0000, 0x0000, 0x0000, 0x0000, 0x0000, 0x0000, 0x0000, 0x0000, 0x0000, 0x0000, 0x0000, 0x0000,
    0x0000, 0x0000, 0x0000, 0x0000, 0x0000, 0x0000, 0x0000, 0x0000, 0x0000, 0x0000, 0x0000, 0x0000,
    0x0000, 0x0000, 0x0000, 0x0000, 0x0000, 0x0000, 0x0000, 0x0000, 0x0000, 0x0000, 0x0000, 0x0000,
    0x0000, 0x0000, 0x0000, 0x0000, 0x0000, 0x0000, 0x0000, 0x0000, 0x0000, 0x0000, 0x0000, 0x0000,
    0x0000, 0x0000, 0x0000, 0x0020, 0x0020, 0x0100, 0x08E1, 0x0060, 0x0000, 0x0000, 0x0000, 0x0000,
    0x0000, 0x0000, 0x0000, 0x0000, 0x0000, 0x0000, 0x0000, 0x0000, 0x0000, 0x0000, 0x0000, 0x0020,
    0x0001, 0x0821, 0x00E0, 0x2F44, 0x0FE0, 0x1FA2, 0x17E0, 0x1FA2, 0x17E0, 0x17E0, 0x17E0, 0x17E0,
    0x17E1, 0x17E1, 0x17C1, 0x1FA2, 0x14C0, 0x2B04, 0x07E0, 0x17C3, 0x1FE0, 0x17E0, 0x1FE0, 0x17E0,
    0x17E0, 0x17E0, 0x17E0, 0x17E0, 0x17E0, 0x17E0, 0x17E0, 0x1FE1, 0x1FA1, 0x17E0, 0x17E0, 0x2FA3,
    0x2523, 0x1482, 0x2F44, 0x1FA1, 0x27E2, 0x1FE1, 0x17C0, 0x17E0, 0x17E0, 0x17E0, 0x1FE1, 0x27E2,
    0x17E0, 0x17C0, 0x2F63, 0x24A2, 0x0802, 0x0040, 0x0000, 0x0000, 0x0000, 0x0000, 0x0000, 0x0000,
    0x0000, 0x0000, 0x0000, 0x0000, 0x0000, 0x0000, 0x0000, 0x0000, 0x0000, 0x0000, 0x0801, 0x0040,
    0x0921, 0x00C2, 0x0020, 0x0020, 0x0000, 0x0000, 0x0000, 0x0000, 0x0000, 0x0000, 0x0000, 0x0000,
    0x8410, 0xDEDB, 0xFFFF, 0xFFFF, 0xFFFF, 0xFFFF, 0xFFFF, 0xF7BE, 0xEF9E, 0xFFFF, 0xFFFF, 0xFFFF,
    0xFFFF, 0xFFFF, 0xFFFF, 0xFFFF, 0xFFFF, 0xFFFF, 0xF7BE, 0x4228, 0x0841, 0x0000, 0x0000, 0x0000,
    0x0000, 0x0000, 0x0000, 0x0000, 0x0000, 0x0000, 0x0000, 0x0000, 0x0000, 0x0000, 0x0000, 0x0000,
    0x0000, 0x0000, 0x0000, 0x0000, 0x0000, 0x0000, 0x0000, 0x0000, 0x0000, 0x0000, 0x0000, 0x0000,
    0x0000, 0x0000, 0x0000, 0x0000, 0x0000, 0x0000, 0x0000, 0x0000, 0x0000, 0x0000, 0x0000, 0x0000,
    0x0000, 0x0000, 0x0000, 0x0000, 0x0000, 0x0000, 0x0000, 0x0000, 0x0000, 0x0000, 0x0000, 0x0000,
    0x0000, 0x0000, 0x0000, 0x0000, 0x0000, 0x0000, 0x0000, 0x0000, 0x0000, 0x0800, 0x0000, 0x0020,
    0x0000, 0x0060, 0x0000, 0x1000, 0x0340, 0x2DA3, 0x2C84, 0x00E1, 0x0021, 0x0000, 0x0000, 0x0000,
    0x0000, 0x0000, 0x0000, 0x0000, 0x0000, 0x0000, 0x0000, 0x0000, 0x0000, 0x0000, 0x0000, 0x0000,
    0x0000, 0x0020, 0x1BC2, 0x17A1, 0x17E0, 0x1FE1, 0x17E0, 0x27C1, 0x17E0, 0x17E0, 0x17E0, 0x17E0,
    0x17E0, 0x17E1, 0x17E0, 0x1FE1, 0x1F61, 0x2F04, 0x17E1, 0x17C2, 0x17E0, 0x17E0, 0x17E0, 0x17E0,
    0x17E0, 0x17E0, 0x17E0, 0x17E0, 0x17E0, 0x17E0, 0x17E0, 0x17E1, 0x1FC0, 0x17E0, 0x17E0, 0x27E1,
    0x2F83, 0x1F82, 0x1FC0, 0x1FE1, 0x1FE1, 0x17E1, 0x17E0, 0x17E0, 0x17E0, 0x17E0, 0x17E0, 0x1FE1,
    0x17E0, 0x17E0, 0x1FE1, 0x26E2, 0x0821, 0x0800, 0x0020, 0x0020, 0x0000, 0x0000, 0x0000, 0x0000,
    0x0000, 0x0000, 0x0000, 0x0000, 0x0000, 0x0000, 0x0000, 0x0000, 0x0000, 0x0000, 0x0020, 0x1AE1,
    0x2621, 0x14C2, 0x01C0, 0x1001, 0x0020, 0x0020, 0x0000, 0x0000, 0x0000, 0x0000, 0x0000, 0x0000,
    0x0861, 0x6B4D, 0xE73C, 0xF7DF, 0xFFFF, 0xFFFF, 0xF7BE, 0xD6BA, 0xAD96, 0xD6DB, 0xDEFB, 0xE73C,
    0xF7BE, 0xFFFF, 0xFFFF, 0xFFFF, 0xFFFF, 0xFFFF, 0xF79E, 0x39C7, 0x0000, 0x0000, 0x0000, 0x0000,
    0x0000, 0x0000, 0x0000, 0x0000, 0x0000, 0x0000, 0x0000, 0x0000, 0x0000, 0x0000, 0x0000, 0x0000,
    0x0000, 0x0000, 0x0000, 0x0000, 0x0000, 0x0000, 0x0000, 0x0000, 0x0000, 0x0000, 0x0000, 0x0000,
    0x0000, 0x0000, 0x0000, 0x0000, 0x0000, 0x0000, 0x0000, 0x0000, 0x0000, 0x0000, 0x0000, 0x0000,
    0x0000, 0x0000, 0x0000, 0x0000, 0x0000, 0x0000, 0x0000, 0x0000, 0x0000, 0x0000, 0x0000, 0x0000,
    0x0000, 0x0000, 0x0000, 0x0000, 0x0000, 0x0000, 0x0000, 0x0000, 0x0000, 0x0020, 0x0020, 0x0000,
    0x0801, 0x1003, 0x0140, 0x2E65, 0x0FE0, 0x07E0, 0x2643, 0x01C0, 0x0020, 0x0000, 0x0000, 0x0000,
    0x0000, 0x0000, 0x0000, 0x0000, 0x0000, 0x0000, 0x0000, 0x0000, 0x0000, 0x0000, 0x0000, 0x0040,
    0x0000, 0x25A2, 0x27C2, 0x17E1, 0x17E0, 0x17E0, 0x17E0, 0x17E0, 0x17E0, 0x17E0, 0x17E0, 0x17E0,
    0x17E0, 0x17E0, 0x17E0, 0x17E0, 0x17E0, 0x17E0, 0x17E0, 0x17E0, 0x17E0, 0x17E0, 0x17E0, 0x17E0,
    0x17E0, 0x17E0, 0x17E0, 0x17E0, 0x17E0, 0x17E0, 0x17E0, 0x17E0, 0x17E0, 0x17E0, 0x17E0, 0x17E0,
    0x17E0, 0x17E0, 0x17E0, 0x17E0, 0x17E0, 0x17E0, 0x17E0, 0x17E0, 0x17E0, 0x17E0, 0x17E0, 0x17E0,
    0x17E0, 0x17E0, 0x17C0, 0x17C1, 0x25E3, 0x0A21, 0x0800, 0x0000, 0x0020, 0x0000, 0x0000, 0x0000,
    0x0000, 0x0000, 0x0000, 0x0000, 0x0000, 0x0000, 0x0000, 0x0000, 0x0000, 0x0801, 0x0040, 0x2C83,
    0x27E1, 0x1FE0, 0x1FC4, 0x1C02, 0x1001, 0x0801, 0x0020, 0x0040, 0x0000, 0x0000, 0x0000, 0x0000,
    0x0000, 0x0000, 0x0000, 0x5ACB, 0xDEFB, 0xEF7D, 0xA535, 0x5AEB, 0x0000, 0x0000, 0x10A2, 0x4228,
    0x9D13, 0xFFFF, 0xFFFF, 0xFFFF, 0xFFFF, 0xFFFF, 0xF79E, 0x4A49, 0x0041, 0x0000, 0x0000, 0x0000,
    0x0000, 0x0000, 0x0000, 0x0000, 0x0000, 0x0000, 0x0000, 0x0000, 0x0000, 0x0000, 0x0000, 0x0000,
    0x0000, 0x0000, 0x0000, 0x0000, 0x0000, 0x0000, 0x0000, 0x0000, 0x0000, 0x0000, 0x0000, 0x0000,
    0x0000, 0x0000, 0x0000, 0x0000, 0x0000, 0x0000, 0x0000, 0x0000, 0x0000, 0x0000, 0x0000, 0x0000,
    0x0000, 0x0000, 0x0000, 0x0000, 0x0000, 0x0000, 0x0000, 0x0000, 0x0000, 0x0000, 0x0000, 0x0000,
    0x0000, 0x0000, 0x0000, 0x0000, 0x0000, 0x0000, 0x0000, 0x0000, 0x0000, 0x0040, 0x0000, 0x0001,
    0x0821, 0x1120, 0x1C21, 0x27E3, 0x1FE0, 0x17E0, 0x2DE3, 0x0180, 0x0020, 0x0000, 0x0000, 0x0000,
    0x0000, 0x0000, 0x0000, 0x0000, 0x0000, 0x0000, 0x0000, 0x0000, 0x0020, 0x0000, 0x0020, 0x0020,
    0x0020, 0x2F43, 0x0FE0, 0x1FC1, 0x17E0, 0x17E0, 0x17E0, 0x17E0, 0x17E0, 0x17E0, 0x17E0, 0x17E0,
    0x17E0, 0x17E0, 0x17E0, 0x17E0, 0x17E0, 0x17E0, 0x17E0, 0x17E0, 0x17E0, 0x17E0, 0x17E0, 0x17E0,
    0x17E0, 0x17E0, 0x17E0, 0x17E0, 0x17E0, 0x17E0, 0x17E0, 0x17E0, 0x17E0, 0x17E0, 0x17E0, 0x17E0,
    0x17E0, 0x17E0, 0x17E0, 0x17E0, 0x17E0, 0x17E0, 0x17E0, 0x17E0, 0x17E0, 0x17E0, 0x17E0, 0x17E0,
    0x17E0, 0x17E0, 0x27E2, 0x1FA2, 0x2763, 0x2443, 0x0800, 0x0801, 0x0020, 0x0800, 0x0000, 0x0000,
    0x0000, 0x0000, 0x0000, 0x0000, 0x0000, 0x0000, 0x0000, 0x0000, 0x0000, 0x0821, 0x0040, 0x2483,
    0x1FE0, 0x0FE0, 0x0FE0, 0x3724, 0x09C1, 0x0801, 0x0801, 0x0800, 0x0000, 0x0000, 0x0000, 0x0000,
    0x0000, 0x0000, 0x0000, 0x10A2, 0x8C71, 0xB5B7, 0x5ACB, 0x1904, 0x0000, 0x0000, 0x0000, 0x0000,
    0x632C, 0xFFFF, 0xFFFF, 0xFFFF, 0xFFFF, 0xFFDF, 0xEF7D, 0x4228, 0x0000, 0x0000, 0x0000, 0x0000,
    0x0000, 0x0000, 0x0000, 0x0000, 0x0000, 0x0000, 0x0000, 0x0000, 0x0000, 0x0000, 0x0000, 0x0000,
    0x0000, 0x0000, 0x0000, 0x0000, 0x0000, 0x0000, 0x0000, 0x0000, 0x0000, 0x0000, 0x0000, 0x0000,
    0x0000, 0x0000, 0x0000, 0x0000, 0x0000, 0x0000, 0x0000, 0x0000, 0x0000, 0x0000, 0x0000, 0x0000,
    0x0000, 0x0000, 0x0000, 0x0000, 0x0000, 0x0000, 0x0000, 0x0000, 0x0000, 0x0000, 0x0000, 0x0000,
    0x0000, 0x0000, 0x0000, 0x0000, 0x0000, 0x0000, 0x0000, 0x0000, 0x0000, 0x0800, 0x0000, 0x0020,
    0x0120, 0x2F03, 0x27A2, 0x1FE0, 0x17C0, 0x17E1, 0x1D02, 0x00C0, 0x0020, 0x0000, 0x0000, 0x0000,
    0x0000, 0x0000, 0x0000, 0x0000, 0x0000, 0x0000, 0x0000, 0x0000, 0x0000, 0x0020, 0x0000, 0x18E3,
    0x1DE1, 0x17E0, 0x27E2, 0x17E0, 0x17E0, 0x17E0, 0x17E0, 0x17E0, 0x17E0, 0x17E0, 0x17E0, 0x17E0,
    0x17E0, 0x17E0, 0x17E0, 0x17E0, 0x17E0, 0x17E0, 0x17E0, 0x17E0, 0x17E0, 0x17E0, 0x17E0, 0x17E0,
    0x17E0, 0x17E0, 0x17E0, 0x17E0, 0x17E0, 0x17E0, 0x17E0, 0x17E0, 0x17E0, 0x17E0, 0x17E0, 0x17E0,
    0x17E0, 0x17E0, 0x17E0, 0x17E0, 0x17E0, 0x17E0, 0x17E0, 0x17E0, 0x17E0, 0x17E0, 0x17E0, 0x17E0,
    0x17E0, 0x17E0, 0x17C0, 0x17C1, 0x17E1, 0x1FC3, 0x0200, 0x1003, 0x0020, 0x0001, 0x0000, 0x0000,
    0x0000, 0x0000, 0x0000, 0x0000, 0x0000, 0x0000, 0x0000, 0x0000, 0x0000, 0x0000, 0x0020, 0x1BE2,
    0x1FA1, 0x17E0, 0x17C1, 0x17C0, 0x2783, 0x1D83, 0x0801, 0x1000, 0x0000, 0x0000, 0x0000, 0x0000,
    0x0000, 0x0000, 0x0000, 0x0000, 0x0000, 0x0000, 0x0000, 0x0000, 0x0000, 0x0000, 0x0000, 0x0000,
    0x2104, 0xCE7A, 0xDEFB, 0xB5B6, 0x9CD3, 0x6B4D, 0x52AB, 0x0861, 0x0000, 0x0000, 0x0000, 0x0000,
    0x0000, 0x0000, 0x0000, 0x0000, 0x0000, 0x0000, 0x0000, 0x0000, 0x0000, 0x0000, 0x0000, 0x0000,
    0x0000, 0x0000, 0x0000, 0x0000, 0x0000, 0x0000, 0x0000, 0x0000, 0x0000, 0x0000, 0x0000, 0x0000,
    0x0000, 0x0000, 0x0000, 0x0000, 0x0000, 0x0000, 0x0000, 0x0000, 0x0000, 0x0000, 0x0000, 0x0000,
    0x0000, 0x0000, 0x0000, 0x0000, 0x0000, 0x0000, 0x0000, 0x0000, 0x0000, 0x0000, 0x0000, 0x0000,
    0x0000, 0x0000, 0x0000, 0x0000, 0x0000, 0x0021, 0x0000, 0x0000, 0x0000, 0x0040, 0x0040, 0x0881,
    0x1BC1, 0x1FE1, 0x17E0, 0x17E0, 0x17E0, 0x17C1, 0x2483, 0x00A0, 0x0001, 0x0000, 0x0000, 0x0000,
    0x0000, 0x0000, 0x0000, 0x0000, 0x0000, 0x0000, 0x0000, 0x0000, 0x0800, 0x0021, 0x1803, 0x1C64,
    0x1FC1, 0x17C0, 0x17C1, 0x17E1, 0x17E0, 0x17E0, 0x17E0, 0x17E0, 0x17E0, 0x17E0, 0x17E0, 0x17E0,
    0x17E0, 0x17E0, 0x17E0, 0x17E0, 0x17E0, 0x17E0, 0x17E0, 0x17E0, 0x17E0, 0x17E0, 0x17E0, 0x17E0,
    0x17E0, 0x17E0, 0x17E0, 0x17E0, 0x17E0, 0x17E0, 0x17E0, 0x17E0, 0x17E0, 0x17E0, 0x17E0, 0x17E0,
    0x17E0, 0x17E0, 0x17E0, 0x17E0, 0x17E0, 0x17E0, 0x17E0, 0x17E0, 0x17E0, 0x17E0, 0x17E0, 0x17E0,
    0x17E0, 0x17E0, 0x17E0, 0x17E0, 0x17E0, 0x17E0, 0x1523, 0x08E1, 0x0040, 0x0020, 0x0000, 0x0000,
    0x0000, 0x0000, 0x0000, 0x0000, 0x0000, 0x0000, 0x0000, 0x0000, 0x0000, 0x0800, 0x0000, 0x1321,
    0x27A4, 0x17E0, 0x17E0, 0x17E0, 0x27C3, 0x17A1, 0x01E0, 0x1003, 0x0020, 0x0040, 0x0800, 0x0000,
    0x0000, 0x0000, 0x0000, 0x0000, 0x0000, 0x0000, 0x0000, 0x0000, 0x0000, 0x0000, 0x0000, 0x0000,
    0x0841, 0x8430, 0x8410, 0x4A69, 0x2124, 0x10A2, 0x0000, 0x0000, 0x0000, 0x0000, 0x0000, 0x0000,
    0x0000, 0x0000, 0x0000, 0x0000, 0x0000, 0x0000, 0x0000, 0x0000, 0x0000, 0x0000, 0x0000, 0x0000,
    0x0000, 0x0000, 0x0000, 0x0000, 0x0000, 0x0000, 0x0000, 0x0000, 0x0000, 0x0000, 0x0000, 0x0000,
    0x0000, 0x0000, 0x0000, 0x0000, 0x0000, 0x0000, 0x0000, 0x0000, 0x0000, 0x0000, 0x0000, 0x0000,
    0x0000, 0x0000, 0x0000, 0x0000, 0x0000, 0x0000, 0x0000, 0x0000, 0x0000, 0x0000, 0x0000, 0x0000,
    0x0000, 0x0000, 0x0000, 0x0000, 0x0000, 0x0000, 0x0020, 0x0000, 0x0001, 0x0804, 0x0120, 0x2725,
    0x17C2, 0x17E0, 0x17E0, 0x17E0, 0x17E0, 0x1FC1, 0x1C23, 0x0060, 0x0021, 0x0000, 0x0000, 0x0000,
    0x0000, 0x0000, 0x0000, 0x0000, 0x0000, 0x0000, 0x0000, 0x0000, 0x0000, 0x0001, 0x0080, 0x2783,
    0x17E1, 0x17E0, 0x17E0, 0x17E0, 0x17E0, 0x17E0, 0x17E0, 0x17E0, 0x17E0, 0x17E0, 0x17E0, 0x17E0,
    0x17E0, 0x17E0, 0x17E0, 0x17E0, 0x17E0, 0x17E0, 0x17E0, 0x17E0, 0x17E0, 0x17E0, 0x17E0, 0x17E0,
    0x17E0, 0x17E0, 0x17E0, 0x17E0, 0x17E0, 0x17E0, 0x17E0, 0x17E0, 0x17E0, 0x17E0, 0x17E0, 0x17E0,
    0x17E0, 0x17E0, 0x17E0, 0x17E0, 0x17E0, 0x17E0, 0x17E0, 0x17E0, 0x17E0, 0x17E0, 0x17E0, 0x17E0,
    0x17E0, 0x17E0, 0x17E0, 0x17E0, 0x17E0, 0x17E0, 0x1F82, 0x1501, 0x0803, 0x0020, 0x0000, 0x0000,
    0x0000, 0x0000, 0x0000, 0x0000, 0x0000, 0x0000, 0x0000, 0x0000, 0x0000, 0x0800, 0x0000, 0x0AC0,
    0x2743, 0x17E0, 0x17E0, 0x17E0, 0x0FC0, 0x17E1, 0x2F83, 0x2522, 0x0800, 0x0800, 0x0020, 0x0020,
    0x0000, 0x0000, 0x0000, 0x0000, 0x0000, 0x0000, 0x0000, 0x0000, 0x0000, 0x0000, 0x0000, 0x0000,
    0x0000, 0x0000, 0x0000, 0x0000, 0x0000, 0x0000, 0x0000, 0x0000, 0x0000, 0x0000, 0x0000, 0x0000,
    0x0000, 0x0000, 0x0000, 0x0000, 0x0000, 0x0000, 0x0000, 0x0000, 0x0000, 0x0000, 0x0000, 0x0000,
    0x0000, 0x0000, 0x0000, 0x0000, 0x0000, 0x0000, 0x0000, 0x0000, 0x0000, 0x0000, 0x0000, 0x0000,
    0x0000, 0x0000, 0x0000, 0x0000, 0x0000, 0x0000, 0x0000, 0x0000, 0x0000, 0x0000, 0x0000, 0x0000,
    0x0000, 0x0000, 0x0000, 0x0000, 0x0000, 0x0000, 0x0000, 0x0000, 0x0000, 0x0000, 0x0000, 0x0000,
    0x0000, 0x0000, 0x0000, 0x0000, 0x0000, 0x0000, 0x0000, 0x0021, 0x0841, 0x0020, 0x1463, 0x1FC0,
    0x17C0, 0x17E0, 0x17E0, 0x17E0, 0x17E0, 0x17C0, 0x1BC2, 0x0040, 0x0001, 0x0000, 0x0000, 0x0000,
    0x0000, 0x0000, 0x0000, 0x0000, 0x0000, 0x0000, 0x0000, 0x0000, 0x0040, 0x0020, 0x0280, 0x17E0,
    0x17E0, 0x17E0, 0x17E0, 0x17E0, 0x17E0, 0x17E0, 0x17E0, 0x17E0, 0x17E0, 0x17E0, 0x17E0, 0x17E0,
    0x17E0, 0x17E0, 0x17E0, 0x17E0, 0x17E0, 0x17E0, 0x17E0, 0x17E0, 0x17E0, 0x17E0, 0x17E0, 0x17E0,
    0x17E0, 0x17E0, 0x17E0, 0x17E0, 0x17E0, 0x17E0, 0x17E0, 0x17E0, 0x17E0, 0x17E0, 0x17E0, 0x17E0,
    0x17E0, 0x17E0, 0x17E0, 0x17E0, 0x17E0, 0x17E0, 0x17E0, 0x17E0, 0x17E0, 0x17E0, 0x17E0, 0x17E0,
    0x17E0, 0x17E0, 0x17E0, 0x17E0, 0x17E0, 0x17E0, 0x1FE0, 0x1EC2, 0x0801, 0x0020, 0x0000, 0x0000,
    0x0000, 0x0000, 0x0000, 0x0000, 0x0000, 0x0000, 0x0000, 0x0000, 0x0000, 0x0800, 0x0001, 0x0280,
    0x2723, 0x17E0, 0x17E0, 0x17E0, 0x17E0, 0x17C1, 0x07E0, 0x2F63, 0x0040, 0x0000, 0x0021, 0x0020,
    0x0000, 0x0000, 0x0000, 0x0000, 0x0000, 0x0000, 0x0000, 0x0000, 0x0000, 0x0000, 0x0000, 0x0000,
    0x0000, 0x0000, 0x0000, 0x0000, 0x0000, 0x0000, 0x0000, 0x0000, 0x0000, 0x0000, 0x0000, 0x0000,
    0x0000, 0x0000, 0x0000, 0x0000, 0x0000, 0x0000, 0x0000, 0x0000, 0x0000, 0x0000, 0x0000, 0x0000,
    0x0000, 0x0000, 0x0000, 0x0000, 0x0000, 0x0000, 0x0000, 0x0000, 0x0000, 0x0000, 0x0000, 0x0000,
    0x0000, 0x0000, 0x0000, 0x0000, 0x0000, 0x0000, 0x0000, 0x0000, 0x0000, 0x0000, 0x0000, 0x0000,
    0x0000, 0x0000, 0x0000, 0x0000, 0x0000, 0x0000, 0x0000, 0x0000, 0x0000, 0x0000, 0x0000, 0x0000,
    0x0000, 0x0000, 0x0000, 0x0000, 0x0000, 0x0020, 0x0000, 0x0800, 0x00C0, 0x2723, 0x2762, 0x17E1,
    0x0FC0, 0x17E0, 0x17E0, 0x17E0, 0x17E0, 0x1FE1, 0x1362, 0x0000, 0x0000, 0x0000, 0x0000, 0x0000,
    0x0000, 0x0000, 0x0000, 0x0000, 0x0000, 0x0000, 0x0000, 0x0000, 0x0021, 0x2B23, 0x3EE6, 0x1FA1,
    0x17C0, 0x17E1, 0x17E1, 0x17C0, 0x17E0, 0x17E0, 0x17E0, 0x17E0, 0x17E0, 0x17E0, 0x17E0, 0x17E0,
    0x17E0, 0x17E0, 0x17E0, 0x17E0, 0x17E0, 0x17E0, 0x17E0, 0x17E0, 0x17E0, 0x17E0, 0x17E0, 0x17E0,
    0x17E0, 0x17E0, 0x17E0, 0x17E0, 0x17E0, 0x17E0, 0x17E0, 0x17E0, 0x17E0, 0x17E0, 0x17E0, 0x17E0,
    0x17E0, 0x17E0, 0x17E0, 0x17E0, 0x17E0, 0x17E0, 0x17E0, 0x17E0, 0x17E0, 0x17E0, 0x17E0, 0x17E0,
    0x17E0, 0x17E0, 0x17E0, 0x17E0, 0x17E0, 0x17E0, 0x2781, 0x1FC3, 0x12C0, 0x0803, 0x0020, 0x0000,
    0x0000, 0x0000, 0x0000, 0x0000, 0x0000, 0x0000, 0x0000, 0x0000, 0x0000, 0x0800, 0x0001, 0x0A60,
    0x2703, 0x17E0, 0x17E0, 0x17E0, 0x17E1, 0x1FE1, 0x1FC2, 0x1FE1, 0x3D89, 0x01A0, 0x0001, 0x0020,
    0x0000, 0x0000, 0x0000, 0x0000, 0x0000, 0x0000, 0x0000, 0x0000, 0x0000, 0x0000, 0x0000, 0x0000,
    0x0000, 0x0000, 0x0000, 0x0000, 0x0000, 0x0000, 0x0000, 0x0000, 0x0000, 0x0000, 0x0000, 0x0000,
    0x0000, 0x0000, 0x0000, 0x0000, 0x0000, 0x0000, 0x0000, 0x0000, 0x0000, 0x0000, 0x0000, 0x0000,
    0x0000, 0x0000, 0x0000, 0x0000, 0x0000, 0x0000, 0x0000, 0x0000, 0x0000, 0x0000, 0x0000, 0x0000,
    0x0000, 0x0000, 0x0000, 0x0000, 0x0000, 0x0000, 0x0000, 0x0000, 0x0000, 0x0000, 0x0000, 0x0000,
    0x0000, 0x0000, 0x0000, 0x0000, 0x0000, 0x0000, 0x0000, 0x0000, 0x0000, 0x0000, 0x0000, 0x0000,
    0x0000, 0x0000, 0x0000, 0x0000, 0x0000, 0x0040, 0x1801, 0x0022, 0x0A20, 0x17E1, 0x17E1, 0x17E1,
    0x17E1, 0x17E0, 0x17E0, 0x17E0, 0x17E0, 0x17E0, 0x1B43, 0x0801, 0x0000, 0x0000, 0x0000, 0x0000,
    0x0000, 0x0000, 0x0000, 0x0000, 0x0020, 0x0000, 0x0020, 0x0000, 0x0803, 0x25E2, 0x2FC3, 0x17E1,
    0x17E0, 0x17E0, 0x17E0, 0x17E0, 0x17E0, 0x17E0, 0x17E0, 0x17E0, 0x17E0, 0x17E0, 0x17E0, 0x17E0,
    0x17E0, 0x17E0, 0x17E0, 0x17E0, 0x17E0, 0x17E0, 0x17E0, 0x17E0, 0x17E0, 0x17E0, 0x17E0, 0x17E0,
    0x17E0, 0x17E0, 0x17E0, 0x17E0, 0x17E0, 0x17E0, 0x17E0, 0x17E0, 0x17E0, 0x17E0, 0x17E0, 0x17E0,
    0x17E0, 0x17E0, 0x17E0, 0x17E0, 0x17E0, 0x17E0, 0x17E0, 0x17E0, 0x17E0, 0x17E0, 0x17E0, 0x17E0,
    0x17E0, 0x17E0, 0x17E0, 0x17E0, 0x17E0, 0x17E0, 0x17C0, 0x17E0, 0x0D01, 0x1100, 0x0040, 0x0000,
    0x0000, 0x0000, 0x0000, 0x0000, 0x0000, 0x0000, 0x0000, 0x0000, 0x0000, 0x0040, 0x0040, 0x02C0,
    0x27A3, 0x17E1, 0x17E1, 0x17E0, 0x17E0, 0x17E0, 0x17E0, 0x17E0, 0x17E0, 0x1CA2, 0x0800, 0x0040,
    0x0000, 0x0000, 0x0000, 0x0000, 0x0000, 0x0000, 0x0000, 0x0000, 0x0000, 0x0000, 0x0000, 0x0000,
    0x0000, 0x0000, 0x0000, 0x0000, 0x0000, 0x0000, 0x0000, 0x0000, 0x0000, 0x0000, 0x0000, 0x0000,
    0x0000, 0x0000, 0x0000, 0x0000, 0x0000, 0x0000, 0x0000, 0x0000, 0x0000, 0x0000, 0x0000, 0x0000,
    0x0000, 0x0000, 0x0000, 0x0000, 0x0000, 0x0000, 0x0000, 0x0000, 0x0000, 0x0000, 0x0000, 0x0000,
    0x0000, 0x0000, 0x0000, 0x0000, 0x0000, 0x0000, 0x0000, 0x0000, 0x0000, 0x0000, 0x0000, 0x0000,
    0x0000, 0x0000, 0x0000, 0x0000, 0x0000, 0x0000, 0x0000, 0x0000, 0x0000, 0x0000, 0x0000, 0x0000,
    0x0000, 0x0000, 0x0000, 0x0000, 0x0000, 0x0020, 0x0040, 0x0A00, 0x26C4, 0x17E1, 0x17E1, 0x17E1,
    0x17E1, 0x17E0, 0x17E0, 0x17E0, 0x17E0, 0x1FE1, 0x13C2, 0x0020, 0x0001, 0x0000, 0x0000, 0x0000,
    0x0000, 0x0000, 0x0000, 0x0000, 0x0000, 0x0041, 0x0001, 0x0801, 0x0100, 0x27A3, 0x0FE1, 0x1FC0,
    0x17E0, 0x17E0, 0x17E0, 0x17E0, 0x17E0, 0x17E0, 0x17E0, 0x17E0, 0x17E0, 0x17E0, 0x17E0, 0x17E0,
    0x17E0, 0x17E0, 0x17E0, 0x17E0, 0x17E0, 0x17E0, 0x17E0, 0x17E0, 0x17E0, 0x17E0, 0x17E0, 0x17E0,
    0x17E0, 0x17E0, 0x17E0, 0x17E0, 0x17E0, 0x17E0, 0x17E0, 0x17E0, 0x17E0, 0x17E0, 0x17E0, 0x17E0,
    0x17E0, 0x17E0, 0x17E0, 0x17E0, 0x17E0, 0x17E0, 0x17E0, 0x17E0, 0x17E0, 0x17E0, 0x17E0, 0x17E0,
    0x17E0, 0x17E0, 0x17E0, 0x17E0, 0x17E0, 0x17E0, 0x1FC1, 0x17E0, 0x2F84, 0x1CA2, 0x0801, 0x0000,
    0x0000, 0x0000, 0x0000, 0x0000, 0x0000, 0x0000, 0x0000, 0x0000, 0x0000, 0x0020, 0x0000, 0x0BE2,
    0x2783, 0x17E1, 0x17E1, 0x17E0, 0x17E0, 0x17E0, 0x17E0, 0x17E0, 0x1FC1, 0x1F81, 0x0080, 0x0802,
    0x0000, 0x0000, 0x0000, 0x0000, 0x0000, 0x0000, 0x0000, 0x0000, 0x0000, 0x0000, 0x0000, 0x0000,
    0x0000, 0x0000, 0x0000, 0x0000, 0x0000, 0x0000, 0x0000, 0x0000, 0x0000, 0x0000, 0x0000, 0x0000,
    0x0000, 0x0000, 0x0000, 0x0000, 0x0000, 0x0000, 0x0000, 0x0000, 0x0000, 0x0000, 0x0000, 0x0000,
    0x0000, 0x0000, 0x0000, 0x0000, 0x0000, 0x0000, 0x0000, 0x0000, 0x0000, 0x0000, 0x0000, 0x0000,
    0x0000, 0x0000, 0x0000, 0x0000, 0x0000, 0x0000, 0x0000, 0x0000, 0x0000, 0x0000, 0x0000, 0x0000,
    0x0000, 0x0000, 0x0000, 0x0000, 0x0000, 0x0000, 0x0000, 0x0000, 0x0000, 0x0000, 0x0000, 0x0000,
    0x0000, 0x0000, 0x0000, 0x0000, 0x0000, 0x0800, 0x0021, 0x2C63, 0x2FC4, 0x17E0, 0x17E0, 0x17E0,
    0x17E0, 0x17E0, 0x17E0, 0x17E0, 0x17E0, 0x1FC1, 0x1C43, 0x00A0, 0x0001, 0x0000, 0x0000, 0x0000,
    0x0000, 0x0000, 0x0000, 0x0000, 0x0000, 0x0841, 0x0822, 0x0821, 0x0B20, 0x17E1, 0x0FE0, 0x1FE0,
    0x17E0, 0x17E0, 0x17E0, 0x17E0, 0x17E0, 0x17E0, 0x17E0, 0x17E0, 0x17E0, 0x17E0, 0x17E0, 0x17E0,
    0x17E0, 0x17E0, 0x17E0, 0x17E0, 0x17E0, 0x17E0, 0x17E0, 0x17E0, 0x17E0, 0x17E0, 0x17E0, 0x17E0,
    0x17E0, 0x17E0, 0x17E0, 0x17E0, 0x17E0, 0x17E0, 0x17E0, 0x17E0, 0x17E0, 0x17E0, 0x17E0, 0x17E0,
    0x17E0, 0x17E0, 0x17E0, 0x17E0, 0x17E0, 0x17E0, 0x17E0, 0x17E0, 0x17E0, 0x17E0, 0x17E0, 0x17E0,
    0x17E0, 0x17E0, 0x17E0, 0x17E0, 0x17E0, 0x17E0, 0x17A0, 0x1FE1, 0x1FC2, 0x1EA3, 0x0020, 0x0801,
    0x0020, 0x0000, 0x0000, 0x0000, 0x0000, 0x0000, 0x0000, 0x0000, 0x0000, 0x0020, 0x0000, 0x1CC3,
    0x27A2, 0x17E1, 0x17E1, 0x17E0, 0x17E0, 0x17E0, 0x17E0, 0x17E0, 0x2782, 0x17E0, 0x1241, 0x0801,
    0x0000, 0x0000, 0x0000, 0x0000, 0x0000, 0x0000, 0x0000, 0x0000, 0x0000, 0x0000, 0x0000, 0x0000,
    0x0000, 0x0000, 0x0000, 0x0000, 0x0000, 0x0000, 0x0000, 0x0000, 0x0000, 0x0000, 0x0000, 0x0000,
    0x0000, 0x0000, 0x0000, 0x0000, 0x0000, 0x0000, 0x0000, 0x0000, 0x0000, 0x0000, 0x0000, 0x0000,
    0x0000, 0x0000, 0x0000, 0x0000, 0x0000, 0x0000, 0x0000, 0x0000, 0x0000, 0x0000, 0x0000, 0x0000,
    0x0000, 0x0000, 0x0000, 0x0000, 0x0000, 0x0000, 0x0000, 0x0000, 0x0000, 0x0000, 0x0000, 0x0000,
    0x0000, 0x0000, 0x0000, 0x0000, 0x0000, 0x0000, 0x0000, 0x0000, 0x0000, 0x0000, 0x0000, 0x0000,
    0x0000, 0x0000, 0x0000, 0x0000, 0x0000, 0x0061, 0x0880, 0x17C2, 0x1FE0, 0x17E0, 0x17E0, 0x17E0,
    0x17E0, 0x17E0, 0x17E0, 0x17E0, 0x17E0, 0x1FA1, 0x2D64, 0x0961, 0x0001, 0x0000, 0x0000, 0x0000,
    0x0000, 0x0000, 0x0000, 0x0000, 0x0000, 0x0841, 0x0841, 0x0040, 0x2EE6, 0x17E0, 0x1F80, 0x0FC0,
    0x17E0, 0x17E0, 0x17E0, 0x17E0, 0x17E0, 0x17E0, 0x17E0, 0x17E0, 0x17E0, 0x17E0, 0x17E0, 0x17E0,
    0x17E0, 0x17E0, 0x17E0, 0x17E0, 0x17E0, 0x17E0, 0x17E0, 0x17E0, 0x17E0, 0x17E0, 0x17E0, 0x17E0,
    0x17E0, 0x17E0, 0x17E0, 0x17E0, 0x17E0, 0x17E0, 0x17E0, 0x17E0, 0x17E0, 0x17E0, 0x17E0, 0x17E0,
    0x17E0, 0x17E0, 0x17E0, 0x17E0, 0x17E0, 0x17E0, 0x17E0, 0x17E0, 0x17E0, 0x17E0, 0x17E0, 0x17E0,
    0x17E0, 0x17E0, 0x17E0, 0x17E0, 0x17E0, 0x17E0, 0x17E1, 0x17C1, 0x17A0, 0x1FC2, 0x0200, 0x1803,
    0x0020, 0x0000, 0x0000, 0x0000, 0x0000, 0x0000, 0x0000, 0x0000, 0x0020, 0x0060, 0x0000, 0x36A5,
    0x1FE0, 0x17E1, 0x17E1, 0x17E0, 0x17E0, 0x17E0, 0x17E0, 0x17E0, 0x1FC2, 0x17E1, 0x2664, 0x0260,
    0x0020, 0x0000, 0x0000, 0x0000, 0x0000, 0x0000, 0x0000, 0x0000, 0x0000, 0x0000, 0x0000, 0x0000,
    0x0000, 0x0000, 0x0000, 0x0000, 0x0000, 0x0000, 0x0000, 0x0000, 0x0000, 0x0000, 0x0000, 0x0000,
    0x0000, 0x0000, 0x0000, 0x0000, 0x0000, 0x0000, 0x0000, 0x0000, 0x0000, 0x0000, 0x0000, 0x0000,
    0x0000, 0x0000, 0x0000, 0x0000, 0x0000, 0x0000, 0x0000, 0x0000, 0x0000, 0x0000, 0x0000, 0x0000,
    0x0000, 0x0000, 0x0000, 0x0000, 0x0000, 0x0000, 0x0000, 0x0000, 0x0000, 0x0000, 0x0000, 0x0000,
    0x0000, 0x0000, 0x0000, 0x0000, 0x0000, 0x0000, 0x0000, 0x0000, 0x0000, 0x0000, 0x0000, 0x0000,
    0x0000, 0x0000, 0x0000, 0x0000, 0x0000, 0x0801, 0x01A0, 0x07E0, 0x27C0, 0x17E0, 0x17E0, 0x17E0,
    0x17E0, 0x17E0, 0x17E0, 0x17E0, 0x17E0, 0x17E0, 0x2EA5, 0x1A82, 0x0041, 0x0000, 0x0000, 0x0000,
    0x0000, 0x0000, 0x0000, 0x0000, 0x0000, 0x0020, 0x1002, 0x00A0, 0x1FA2, 0x17E0, 0x17E0, 0x17E0,
    0x17E0, 0x17E0, 0x17E0, 0x17E0, 0x17E0, 0x17E0, 0x17E0, 0x17E0, 0x17E0, 0x17E0, 0x17E0, 0x17E0,
    0x17E0, 0x17E0, 0x17E0, 0x17E0, 0x17E0, 0x17E0, 0x17E0, 0x17E0, 0x17E0, 0x17E0, 0x17E0, 0x17E0,
    0x17E0, 0x17E0, 0x17E0, 0x17E0, 0x17E0, 0x17E0, 0x17E0, 0x17E0, 0x17E0, 0x17E0, 0x17E0, 0x17E0,
    0x17E0, 0x17E0, 0x17E0, 0x17E0, 0x17E0, 0x17E0, 0x17E0, 0x17E0, 0x17E0, 0x17E0, 0x17E0, 0x17E0,
    0x17E0, 0x17E0, 0x17E0, 0x17E0, 0x17E0, 0x17E0, 0x17E0, 0x17E0, 0x17C0, 0x17C0, 0x24A4, 0x00A0,
    0x0001, 0x0000, 0x0000, 0x0000, 0x0000, 0x0000, 0x0000, 0x0000, 0x0000, 0x1022, 0x1003, 0x2F64,
    0x0FA0, 0x17E0, 0x17E0, 0x17E0, 0x17E0, 0x17E0, 0x17E0, 0x17E0, 0x17E0, 0x17E0, 0x1F81, 0x1461,
    0x0020, 0x0000, 0x0000, 0x0000, 0x0000, 0x0000, 0x0000, 0x0000, 0x0000, 0x0000, 0x0000, 0x0000,
    0x0000, 0x0000, 0x0000, 0x0000, 0x0000, 0x0000, 0x0000, 0x0000, 0x0000, 0x0000, 0x0000, 0x0000,
    0x0000, 0x0000, 0x0000, 0x0000, 0x0000, 0x0000, 0x0000, 0x0000, 0x0000, 0x0000, 0x0000, 0x0000,
    0x0000, 0x0000, 0x0000, 0x0000, 0x0000, 0x0000, 0x0000, 0x0000, 0x0000, 0x0000, 0x0000, 0x0000,
    0x0000, 0x0000, 0x0000, 0x0000, 0x0000, 0x0000, 0x0000, 0x0000, 0x0000, 0x0000, 0x0000, 0x0000,
    0x0000, 0x0000, 0x0000, 0x0000, 0x0000, 0x0000, 0x0000, 0x0000, 0x0000, 0x0000, 0x0000, 0x0000,
    0x0000, 0x0000, 0x0000, 0x0000, 0x0000, 0x0000, 0x2403, 0x17E0, 0x1FC0, 0x17E0, 0x17E0, 0x17E0,
    0x17E0, 0x17E0, 0x17E0, 0x17E0, 0x17E0, 0x1FC1, 0x27C2, 0x2523, 0x1804, 0x0000, 0x0000, 0x0000,
    0x0000, 0x0000, 0x0000, 0x0000, 0x0020, 0x0841, 0x0060, 0x1BC2, 0x17E0, 0x17E0, 0x17E0, 0x17E0,
    0x17E0, 0x17E0, 0x17E0, 0x17E0, 0x17E0, 0x17E0, 0x17E0, 0x17E0, 0x17E0, 0x17E0, 0x17E0, 0x17E0,
    0x17E0, 0x17E0, 0x17E0, 0x17E0, 0x17E0, 0x17E0, 0x17E0, 0x17E0, 0x17E0, 0x17E0, 0x17E0, 0x17E0,
    0x17E0, 0x17E0, 0x17E0, 0x17E0, 0x17E0, 0x17E0, 0x17E0, 0x17E0, 0x17E0, 0x17E0, 0x17E0, 0x17E0,
    0x17E0, 0x17E0, 0x17E0, 0x17E0, 0x17E0, 0x17E0, 0x17E0, 0x17E0, 0x17E0, 0x17E0, 0x17E0, 0x17E0,
    0x17E0, 0x17E0, 0x17E0, 0x17E0, 0x17E0, 0x17E0, 0x17E0, 0x17E0, 0x17C1, 0x17C1, 0x3743, 0x1B23,
    0x1040, 0x0000, 0x0000, 0x0000, 0x0000, 0x0000, 0x0000, 0x0000, 0x0000, 0x0801, 0x0160, 0x27A2,
    0x17E0, 0x17E0, 0x17E0, 0x17E0, 0x17E0, 0x17E0, 0x17E0, 0x17E0, 0x17E0, 0x17E0, 0x17C1, 0x3665,
    0x0020, 0x0000, 0x0000, 0x0000, 0x0000, 0x0000, 0x0000, 0x0000, 0x0000, 0x0000, 0x0000, 0x0000,
    0x0000, 0x0000, 0x0000, 0x0000, 0x0000, 0x0000, 0x0000, 0x0000, 0x0000, 0x0000, 0x0000, 0x0000,
    0x0000, 0x0000, 0x0000, 0x0000, 0x0000, 0x0000, 0x0000, 0x0000, 0x0000, 0x0000, 0x0000, 0x0000,
    0x0000, 0x0000, 0x0000, 0x0000, 0x0000, 0x0000, 0x0000, 0x0000, 0x0000, 0x0000, 0x0000, 0x0000,
    0x0000, 0x0000, 0x0000, 0x0000, 0x0000, 0x0000, 0x0000, 0x0000, 0x0000, 0x0000, 0x0000, 0x0000,
    0x0000, 0x0000, 0x0000, 0x0000, 0x0000, 0x0000, 0x0000, 0x0000, 0x0000, 0x0000, 0x0000, 0x0000,
    0x0000, 0x0000, 0x0000, 0x0000, 0x0000, 0x0040, 0x1D24, 0x17C0, 0x17A1, 0x17E0, 0x17E0, 0x17E0,
    0x17E0, 0x17E0, 0x17E0, 0x17E0, 0x17E0, 0x1FE1, 0x1FE1, 0x1E62, 0x1002, 0x0000, 0x0000, 0x0000,
    0x0000, 0x0000, 0x0000, 0x0000, 0x0040, 0x0000, 0x0200, 0x2E24, 0x17E0, 0x17E0, 0x17E0, 0x17E0,
    0x17E0, 0x17E0, 0x17E0, 0x17E0, 0x17E0, 0x17E0, 0x17E0, 0x17E0, 0x17E0, 0x17E0, 0x17E0, 0x17E0,
    0x17E0, 0x17E0, 0x17E0, 0x17E0, 0x17E0, 0x17E0, 0x17E0, 0x17E0, 0x17E0, 0x17E0, 0x17E0, 0x17E0,
    0x17E0, 0x17E0, 0x17E0, 0x17E0, 0x17E0, 0x17E0, 0x17E0, 0x17E0, 0x17E0, 0x17E0, 0x17E0, 0x17E0,
    0x17E0, 0x17E0, 0x17E0, 0x17E0, 0x17E0, 0x17E0, 0x17E0, 0x17E0, 0x17E0, 0x17E0, 0x17E0, 0x17E0,
    0x17E0, 0x17E0, 0x17E0, 0x17E0, 0x17E0, 0x17E0, 0x17E0, 0x17E0, 0x17E1, 0x17C1, 0x27A1, 0x2D86,
    0x0000, 0x0000, 0x0000, 0x0000, 0x0000, 0x0000, 0x0000, 0x0000, 0x0000, 0x0001, 0x0B00, 0x1FC1,
    0x17E0, 0x17E0, 0x17E0, 0x17E0, 0x17E0, 0x17E0, 0x17E0, 0x17E0, 0x17E0, 0x1FE1, 0x17E0, 0x3725,
    0x0020, 0x0000, 0x0000, 0x0000, 0x0000, 0x0000, 0x0000, 0x0000, 0x0000, 0x0000, 0x0000, 0x0000,
    0x0000, 0x0000, 0x0000, 0x0000, 0x0000, 0x0000, 0x0000, 0x0000, 0x0000, 0x0000, 0x0000, 0x0000,
    0x0000, 0x0000, 0x0000, 0x0000, 0x0000, 0x0000, 0x0000, 0x0000, 0x0000, 0x0000, 0x0000, 0x0000,
    0x0000, 0x0000, 0x0000, 0x0000, 0x0000, 0x0000, 0x0000, 0x0000, 0x0000, 0x0000, 0x0000, 0x0000,
    0x0000, 0x0000, 0x0000, 0x0000, 0x0000, 0x0000, 0x0000, 0x0000, 0x0000, 0x0000, 0x0000, 0x0000,
    0x0000, 0x0000, 0x0000, 0x0000, 0x0000, 0x0000, 0x0000, 0x0000, 0x0000, 0x0000, 0x0000, 0x0000,
    0x0000, 0x0000, 0x0000, 0x0000, 0x0000, 0x1A42, 0x2F06, 0x27E1, 0x17C2, 0x17E0, 0x17E0, 0x17E0,
    0x17E0, 0x17E0, 0x17E0, 0x17E0, 0x17E0, 0x0FE0, 0x17E0, 0x27E4, 0x0160, 0x0000, 0x0000, 0x0000,
    0x0000, 0x0000, 0x0000, 0x0000, 0x0000, 0x0800, 0x2E05, 0x17E2, 0x17E0, 0x17E0, 0x17E0, 0x17E0,
    0x17E0, 0x17E0, 0x17E0, 0x17E0, 0x17E0, 0x17E0, 0x17E0, 0x17E0, 0x17E0, 0x17E0, 0x17E0, 0x17E0,
    0x17E0, 0x17E0, 0x17E0, 0x17E0, 0x17E0, 0x17E0, 0x17E0, 0x17E0, 0x17E0, 0x17E0, 0x17E0, 0x17E0,
    0x17E0, 0x17E0, 0x17E0, 0x17E0, 0x17E0, 0x17E0, 0x17E0, 0x17E0, 0x17E0, 0x17E0, 0x17E0, 0x17E0,
    0x17E0, 0x17E0, 0x17E0, 0x17E0, 0x17E0, 0x17E0, 0x17E0, 0x17E0, 0x17E0, 0x17E0, 0x17E0, 0x17E0,
    0x17E0, 0x17E0, 0x17E0, 0x17E0, 0x17E0, 0x17E0, 0x17E0, 0x17E0, 0x17E1, 0x17E1, 0x0FE1, 0x2FE0,
    0x00C2, 0x0000, 0x0000, 0x0000, 0x0000, 0x0000, 0x0000, 0x0000, 0x0000, 0x0181, 0x3645, 0x17E1,
    0x17E0, 0x17E0, 0x17E0, 0x17E0, 0x17E0, 0x17E0, 0x17E0, 0x17E0, 0x0FC0, 0x1FE1, 0x17E0, 0x2783,
    0x0060, 0x0000, 0x0000, 0x0000, 0x0000, 0x0000, 0x0000, 0x0000, 0x0000, 0x0000, 0x0000, 0x0000,
    0x0000, 0x0000, 0x0000, 0x0000, 0x0000, 0x0000, 0x0000, 0x0000, 0x0000, 0x0000, 0x0000, 0x0000,
    0x0000, 0x0000, 0x0000, 0x0000, 0x0000, 0x0000, 0x0000, 0x0000, 0x0000, 0x0000, 0x0000, 0x0000,
    0x0000, 0x0000, 0x0000, 0x0000, 0x0000, 0x0000, 0x0000, 0x0000, 0x0000, 0x0000, 0x0000, 0x0000,
    0x0000, 0x0000, 0x0000, 0x0000, 0x0000, 0x0000, 0x0000, 0x0000, 0x0000, 0x0000, 0x0000, 0x0000,
    0x0000, 0x0000, 0x0000, 0x0000, 0x0000, 0x0000, 0x0000, 0x0000, 0x0000, 0x0000, 0x0000, 0x0000,
    0x0000, 0x0000, 0x0000, 0x0000, 0x0021, 0x0CC1, 0x2F63, 0x17E1, 0x17C1, 0x17E0, 0x17E0, 0x17E0,
    0x17E0, 0x17E0, 0x17E0, 0x17E0, 0x17E0, 0x17E1, 0x17E0, 0x1FE2, 0x1E82, 0x0A62, 0x1002, 0x0001,
    0x0000, 0x0000, 0x0000, 0x0020, 0x0821, 0x0080, 0x2FA3, 0x0FE0, 0x17E0, 0x17E0, 0x17E0, 0x17E0,
    0x17E0, 0x17E0, 0x17E0, 0x17E0, 0x17E0, 0x17E0, 0x17E0, 0x17E0, 0x17E0, 0x17E0, 0x17E0, 0x17E0,
    0x17E0, 0x17E0, 0x17E0, 0x17E0, 0x17E0, 0x17E0, 0x17E0, 0x17E0, 0x17E0, 0x17E0, 0x17E0, 0x17E0,
    0x17E0, 0x17E0, 0x17E0, 0x17E0, 0x17E0, 0x17E0, 0x17E0, 0x17E0, 0x17E0, 0x17E0, 0x17E0, 0x17E0,
    0x17E0, 0x17E0, 0x17E0, 0x17E0, 0x17E0, 0x17E0, 0x17E0, 0x17E0, 0x17E0, 0x17E0, 0x17E0, 0x17E0,
    0x17E0, 0x17E0, 0x17E0, 0x17E0, 0x17E0, 0x17E0, 0x17E0, 0x17E0, 0x17E0, 0x17E0, 0x17E0, 0x17E0,
    0x1C43, 0x0000, 0x0000, 0x0020, 0x0000, 0x0020, 0x0000, 0x0801, 0x0080, 0x36C5, 0x1FE1, 0x1FE2,
    0x0FC0, 0x17E0, 0x17E0, 0x17E0, 0x17E0, 0x17E0, 0x17E0, 0x17E0, 0x17E0, 0x1FE1, 0x0FE0, 0x1FC1,
    0x0220, 0x0821, 0x0020, 0x0001, 0x0000, 0x0000, 0x0000, 0x0000, 0x0000, 0x0000, 0x0000, 0x0000,
    0x0000, 0x0000, 0x0000, 0x0000, 0x0000, 0x0000, 0x0000, 0x0000, 0x0000, 0x0000, 0x0000, 0x0000,
    0x0000, 0x0000, 0x0000, 0x0000, 0x0000, 0x0000, 0x0000, 0x0000, 0x0000, 0x0000, 0x0000, 0x0000,
    0x0000, 0x0000, 0x0000, 0x0000, 0x0000, 0x0000, 0x0000, 0x0000, 0x0000, 0x0000, 0x0000, 0x0000,
    0x0000, 0x0000, 0x0000, 0x0000, 0x0000, 0x0000, 0x0000, 0x0000, 0x0000, 0x0000, 0x0000, 0x0000,
    0x0000, 0x0000, 0x0000, 0x0000, 0x0000, 0x0000, 0x0000, 0x0000, 0x0000, 0x0000, 0x0000, 0x0000,
    0x0000, 0x0000, 0x0000, 0x0000, 0x0020, 0x1522, 0x2F83, 0x17E1, 0x17C1, 0x17E0, 0x17E0, 0x17E0,
    0x17E0, 0x17E0, 0x17E0, 0x17E0, 0x17E0, 0x17E1, 0x1FE0, 0x1FC0, 0x1FA3, 0x1D24, 0x1002, 0x0842,
    0x0000, 0x0000, 0x0000, 0x0020, 0x0040, 0x0280, 0x1FE1, 0x17E0, 0x1FE0, 0x17E0, 0x17E0, 0x17E0,
    0x17E0, 0x17E0, 0x17E0, 0x17E0, 0x17E0, 0x17E0, 0x17E0, 0x17E0, 0x17E0, 0x17E0, 0x17E0, 0x17E0,
    0x17E0, 0x17E0, 0x17E0, 0x17E0, 0x17E0, 0x17E0, 0x17E0, 0x17E0, 0x17E0, 0x17E0, 0x17E0, 0x17E0,
    0x17E0, 0x17E0, 0x17E0, 0x17E0, 0x17E0, 0x17E0, 0x17E0, 0x17E0, 0x17E0, 0x17E0, 0x17E0, 0x17E0,
    0x17E0, 0x17E0, 0x17E0, 0x17E0, 0x17E0, 0x17E0, 0x17E0, 0x17E0, 0x17E0, 0x17E0, 0x17E0, 0x17E0,
    0x17E0, 0x17E0, 0x17E0, 0x17E0, 0x17E0, 0x17E0, 0x17E0, 0x17E0, 0x17E0, 0x17E0, 0x17E0, 0x17E0,
    0x2DC4, 0x0000, 0x0000, 0x0020, 0x0000, 0x0001, 0x0040, 0x0802, 0x0220, 0x1FC3, 0x17E0, 0x1FC1,
    0x0FC0, 0x17E0, 0x17E0, 0x17E0, 0x17E0, 0x17E0, 0x17E0, 0x17E0, 0x17E0, 0x1FE1, 0x0FE0, 0x17C1,
    0x1302, 0x0841, 0x0020, 0x0001, 0x0000, 0x0000, 0x0000, 0x0000, 0x0000, 0x0000, 0x0000, 0x0000,
    0x0000, 0x0000, 0x0000, 0x0000, 0x0000, 0x0000, 0x0000, 0x0000, 0x0000, 0x0000, 0x0000, 0x0000,
    0x0000, 0x0000, 0x0000, 0x0000, 0x0000, 0x0000, 0x0000, 0x0000, 0x0000, 0x0000, 0x0000, 0x0000,
    0x0000, 0x0000, 0x0000, 0x0000, 0x0000, 0x0000, 0x0000, 0x0000, 0x0000, 0x0000, 0x0000, 0x0000,
    0x0000, 0x0000, 0x0000, 0x0000, 0x0000, 0x0000, 0x0000, 0x0000, 0x0000, 0x0000, 0x0000, 0x0000,
    0x0000, 0x0000, 0x0000, 0x0000, 0x0000, 0x0000, 0x0000, 0x0000, 0x0000, 0x0000, 0x0000, 0x0000,
    0x0000, 0x0000, 0x0000, 0x0001, 0x0020, 0x1DE2, 0x2FC3, 0x1FE1, 0x17C1, 0x17E0, 0x17E0, 0x17E0,
    0x17E0, 0x17E0, 0x17E0, 0x17E0, 0x17E0, 0x17C0, 0x17E1, 0x17E1, 0x1FC1, 0x1FC2, 0x0C03, 0x00E0,
    0x0001, 0x0000, 0x0000, 0x0020, 0x1361, 0x36E4, 0x0FE0, 0x1FC2, 0x17E0, 0x17E0, 0x17E0, 0x17E0,
    0x17E0, 0x17E0, 0x17E0, 0x17E0, 0x17E0, 0x17E0, 0x17E0, 0x17E0, 0x17E0, 0x17E0, 0x17E0, 0x17E0,
    0x17E0, 0x17E0, 0x17E0, 0x17E0, 0x17E0, 0x17E0, 0x17E0, 0x17E0, 0x17E0, 0x17E0, 0x17E0, 0x17E0,
    0x17E0, 0x17E0, 0x17E0, 0x17E0, 0x17E0, 0x17E0, 0x17E0, 0x17E0, 0x17E0, 0x17E0, 0x17E0, 0x17E0,
    0x17E0, 0x17E0, 0x17E0, 0x17E0, 0x17E0, 0x17E0, 0x17E0, 0x17E0, 0x17E0, 0x17E0, 0x17E0, 0x17E0,
    0x17E0, 0x17E0, 0x17E0, 0x17E0, 0x17E0, 0x17E0, 0x17E0, 0x17E0, 0x17E0, 0x17E0, 0x1FC1, 0x17E0,
    0x2F83, 0x0861, 0x0020, 0x0000, 0x0020, 0x0041, 0x0000, 0x1D42, 0x2783, 0x17E0, 0x1FE2, 0x17E0,
    0x17E0, 0x17E0, 0x17E0, 0x17E0, 0x17E0, 0x17E0, 0x17E0, 0x17E0, 0x17E0, 0x1FC0, 0x0FE0, 0x17E0,
    0x1C03, 0x0060, 0x0000, 0x0001, 0x0000, 0x0000, 0x0000, 0x0000, 0x0000, 0x0000, 0x0000, 0x0000,
    0x0000, 0x0000, 0x0000, 0x0000, 0x0000, 0x0000, 0x0000, 0x0000, 0x0000, 0x0000, 0x0000, 0x0000,
    0x0000, 0x0000, 0x0000, 0x0000, 0x0000, 0x0000, 0x0000, 0x0000, 0x0000, 0x0000, 0x0000, 0x0000,
    0x0000, 0x0000, 0x0000, 0x0000, 0x0000, 0x0000, 0x0000, 0x0000, 0x0000, 0x0000, 0x0000, 0x0000,
    0x0000, 0x0000, 0x0000, 0x0000, 0x0000, 0x0000, 0x0000, 0x0000, 0x0000, 0x0000, 0x0000, 0x0000,
    0x0000, 0x0000, 0x0000, 0x0000, 0x0000, 0x0000, 0x0000, 0x0000, 0x0000, 0x0000, 0x0000, 0x0000,
    0x0000, 0x0000, 0x0000, 0x0001, 0x0020, 0x25C3, 0x27C2, 0x1FE2, 0x17C1, 0x17E0, 0x17E0, 0x17E0,
    0x17E0, 0x17E0, 0x17E0, 0x17E0, 0x17E0, 0x1FE0, 0x0FE0, 0x0FC0, 0x27E1, 0x1FC0, 0x2EC7, 0x23E3,
    0x0041, 0x0000, 0x0802, 0x0020, 0x2563, 0x2F82, 0x17E1, 0x1781, 0x17E0, 0x17E0, 0x17E0, 0x17E0,
    0x17E0, 0x17E0, 0x17E0, 0x17E0, 0x17E0, 0x17E0, 0x17E0, 0x17E0, 0x17E0, 0x17E0, 0x17E0, 0x17E0,
    0x17E0, 0x17E0, 0x17E0, 0x17E0, 0x17E0, 0x17E0, 0x17E0, 0x17E0, 0x17E0, 0x17E0, 0x17E0, 0x17E0,
    0x17E0, 0x17E0, 0x17E0, 0x17E0, 0x17E0, 0x17E0, 0x17E0, 0x17E0, 0x17E0, 0x17E0, 0x17E0, 0x17E0,
    0x17E0, 0x17E0, 0x17E0, 0x17E0, 0x17E0, 0x17E0, 0x17E0, 0x17E0, 0x17E0, 0x17E0, 0x17E0, 0x17E0,
    0x17E0, 0x17E0, 0x17E0, 0x17E0, 0x17E0, 0x17E0, 0x17E0, 0x17E0, 0x17E0, 0x17E0, 0x1FC1, 0x17E0,
    0x1FA2, 0x1982, 0x0061, 0x0820, 0x0821, 0x00C0, 0x0AA2, 0x2763, 0x0FE0, 0x1FC1, 0x1FA2, 0x17E0,
    0x1FE0, 0x17E0, 0x17E0, 0x17E0, 0x17E0, 0x17E0, 0x17E0, 0x17E0, 0x17E0, 0x1FC0, 0x17E0, 0x17E0,
    0x2443, 0x0060, 0x0020, 0x0801, 0x0000, 0x0000, 0x0000, 0x0000, 0x0000, 0x0000, 0x0000, 0x0000,
    0x0000, 0x0000, 0x0000, 0x0000, 0x0000, 0x0000, 0x0000, 0x0000, 0x0000, 0x0000, 0x0000, 0x0000,
    0x0000, 0x0000, 0x0000, 0x0000, 0x0000, 0x0000, 0x0000, 0x0000, 0x0000, 0x0000, 0x0000, 0x0000,
    0x0000, 0x0000, 0x0000, 0x0000, 0x0000, 0x0000, 0x0000, 0x0000, 0x0000, 0x0000, 0x0000, 0x0000,
    0x0000, 0x0000, 0x0000, 0x0000, 0x0000, 0x0000, 0x0000, 0x0000, 0x0000, 0x0000, 0x0000, 0x0000,
    0x0000, 0x0000, 0x0000, 0x0000, 0x0000, 0x0000, 0x0000, 0x0000, 0x0000, 0x0000, 0x0000, 0x0000,
    0x0000, 0x0000, 0x0000, 0x0000, 0x0000, 0x2D64, 0x1FC1, 0x27E2, 0x0FE0, 0x17E0, 0x17E0, 0x17E0,
    0x17E0, 0x17E0, 0x17E0, 0x17E0, 0x17E0, 0x17E0, 0x17E0, 0x17E0, 0x17E1, 0x1FE2, 0x17E0, 0x1FE2,
    0x2642, 0x23E1, 0x0B41, 0x1502, 0x27E3, 0x17E0, 0x17E0, 0x17E0, 0x17E0, 0x17E0, 0x17E0, 0x17E0,
    0x17E0, 0x17E0, 0x17E0, 0x17E0, 0x17E0, 0x17E0, 0x17E0, 0x17E0, 0x17E0, 0x17E0, 0x17E0, 0x17E0,
    0x17E0, 0x17E0, 0x17E0, 0x17E0, 0x17E0, 0x17E0, 0x17E0, 0x17E0, 0x17E0, 0x17E0, 0x17E0, 0x17E0,
    0x17E0, 0x17E0, 0x17E0, 0x17E0, 0x17E0, 0x17E0, 0x17E0, 0x17E0, 0x17E0, 0x17E0, 0x17E0, 0x17E0,
    0x17E0, 0x17E0, 0x17E0, 0x17E0, 0x17E0, 0x17E0, 0x17E0, 0x17E0, 0x17E0, 0x17E0, 0x17E0, 0x17E0,
    0x17E0, 0x17E0, 0x17E0, 0x17E0, 0x17E0, 0x17E0, 0x17E0, 0x17E0, 0x17E0, 0x17E0, 0x17E0, 0x17E0,
    0x17E0, 0x3703, 0x13A3, 0x0100, 0x02A0, 0x2722, 0x27E2, 0x17E0, 0x17C1, 0x17E0, 0x17E0, 0x17E0,
    0x17E0, 0x17E0, 0x17E0, 0x17E0, 0x17E0, 0x17E0, 0x17E0, 0x17E0, 0x1FE0, 0x17E0, 0x17E0, 0x17C0,
    0x2423, 0x0061, 0x0020, 0x0001, 0x0000, 0x0000, 0x0000, 0x0000, 0x0000, 0x0000, 0x0000, 0x0000,
    0x0000, 0x0000, 0x0000, 0x0000, 0x0000, 0x0000, 0x0000, 0x0000, 0x0000, 0x0000, 0x0000, 0x0000,
    0x0000, 0x0000, 0x0000, 0x0000, 0x0000, 0x0000, 0x0000, 0x0000, 0x0000, 0x0000, 0x0000, 0x0000,
    0x0000, 0x0000, 0x0000, 0x0000, 0x0000, 0x0000, 0x0000, 0x0000, 0x0000, 0x0000, 0x0000, 0x0000,
    0x0000, 0x0000, 0x0000, 0x0000, 0x0000, 0x0000, 0x0000, 0x0000, 0x0000, 0x0000, 0x0000, 0x0000,
    0x0000, 0x0000, 0x0000, 0x0000, 0x0000, 0x0000, 0x0000, 0x0000, 0x0000, 0x0000, 0x0000, 0x0000,
    0x0000, 0x0000, 0x0000, 0x0000, 0x0000, 0x2503, 0x1FC1, 0x1FE2, 0x0FE0, 0x17E0, 0x17E0, 0x17E0,
    0x17E0, 0x17E0, 0x17E0, 0x17E0, 0x17E0, 0x17E0, 0x17E0, 0x17E0, 0x17E0, 0x17E0, 0x1FE1, 0x17E1,
    0x1FC2, 0x2F63, 0x2723, 0x27C3, 0x0FE0, 0x17E0, 0x17E0, 0x17E0, 0x17E0, 0x17E0, 0x17E0, 0x17E0,
    0x17E0, 0x17E0, 0x17E0, 0x17E0, 0x17E0, 0x17E0, 0x17E0, 0x17E0, 0x17E0, 0x17E0, 0x17E0, 0x17E0,
    0x17E0, 0x17E0, 0x17E0, 0x17E0, 0x17E0, 0x17E0, 0x17E0, 0x17E0, 0x17E0, 0x17E0, 0x17E0, 0x17E0,
    0x17E0, 0x17E0, 0x17E0, 0x17E0, 0x17E0, 0x17E0, 0x17E0, 0x17E0, 0x17E0, 0x17E0, 0x17E0, 0x17E0,
    0x17E0, 0x17E0, 0x17E0, 0x17E0, 0x17E0, 0x17E0, 0x17E0, 0x17E0, 0x17E0, 0x17E0, 0x17E0, 0x17E0,
    0x17E0, 0x17E0, 0x17E0, 0x17E0, 0x17E0, 0x17E0, 0x17E0, 0x17E0, 0x17E0, 0x17E0, 0x17E0, 0x17E0,
    0x17E0, 0x1FE1, 0x2F26, 0x25E3, 0x26C2, 0x0FE0, 0x17E0, 0x17A0, 0x17C0, 0x17E0, 0x17E0, 0x17E0,
    0x17E0, 0x17E0, 0x17E0, 0x17E0, 0x17E0, 0x17E0, 0x17E0, 0x17E0, 0x17E0, 0x17E0, 0x17E0, 0x17C0,
    0x1BA2, 0x0041, 0x0020, 0x0001, 0x0000, 0x0000, 0x0000, 0x0000, 0x0000, 0x0000, 0x0000, 0x0000,
    0x0000, 0x0000, 0x0000, 0x0000, 0x0000, 0x0000, 0x0000, 0x0000, 0x0000, 0x0000, 0x0000, 0x0000,
    0x0000, 0x0000, 0x0000, 0x0000, 0x0000, 0x0000, 0x0000, 0x0000, 0x0000, 0x0000, 0x0000, 0x0000,
    0x0000, 0x0000, 0x0000, 0x0000, 0x0000, 0x0000, 0x0000, 0x0000, 0x0000, 0x0000, 0x0000, 0x0000,
    0x0000, 0x0000, 0x0000, 0x0000, 0x0000, 0x0000, 0x0000, 0x0000, 0x0000, 0x0000, 0x0000, 0x0000,
    0x0000, 0x0000, 0x0000, 0x0000, 0x0000, 0x0000, 0x0000, 0x0000, 0x0000, 0x0000, 0x0000, 0x0000,
    0x0000, 0x0000, 0x0000, 0x0000, 0x0020, 0x0B21, 0x2F24, 0x27E2, 0x0FE0, 0x17E0, 0x17E0, 0x17E0,
    0x17E0, 0x17E0, 0x17E0, 0x17E0, 0x17E0, 0x17E0, 0x17E0, 0x17E0, 0x17E0, 0x1FE1, 0x17E0, 0x0FC0,
    0x17C1, 0x17E0, 0x17E0, 0x17E1, 0x1FE1, 0x17E0, 0x17E0, 0x17E0, 0x17E0, 0x17E0, 0x17E0, 0x17E0,
    0x17E0, 0x17E0, 0x17E0, 0x17E0, 0x17E0, 0x17E0, 0x17E0, 0x17E0, 0x17E0, 0x17E0, 0x17E0, 0x17E0,
    0x17E0, 0x17E0, 0x17E0, 0x17E0, 0x17E0, 0x17E0, 0x17E0, 0x17E0, 0x17E0, 0x17E0, 0x17E0, 0x17E0,
    0x17E0, 0x17E0, 0x17E0, 0x17E0, 0x17E0, 0x17E0, 0x17E0, 0x17E0, 0x17E0, 0x17E0, 0x17E0, 0x17E0,
    0x17E0, 0x17E0, 0x17E0, 0x17E0, 0x17E0, 0x17E0, 0x17E0, 0x17E0, 0x17E0, 0x17E0, 0x17E0, 0x17E0,
    0x17E0, 0x17E0, 0x17E0, 0x17E0, 0x17E0, 0x17E0, 0x17E0, 0x17E0, 0x17E0, 0x17E0, 0x17E0, 0x17E0,
    0x17E0, 0x1FE2, 0x17E0, 0x0FE0, 0x17E1, 0x1FE0, 0x1FE0, 0x17E0, 0x17E0, 0x17E0, 0x17E0, 0x17E0,
    0x17E0, 0x17E0, 0x17E0, 0x17E0, 0x17E0, 0x17E0, 0x17E0, 0x17E0, 0x17E0, 0x17E0, 0x17E0, 0x1FC0,
    0x12E1, 0x0802, 0x0040, 0x0801, 0x0000, 0x0000, 0x0000, 0x0000, 0x0000, 0x0000, 0x0000, 0x0000,
    0x0000, 0x0000, 0x0000, 0x0000, 0x0000, 0x0000, 0x0000, 0x0000, 0x0000, 0x0000, 0x0000, 0x0000,
    0x0000, 0x0000, 0x0000, 0x0000, 0x0000, 0x0000, 0x0000, 0x0000, 0x0000, 0x0000, 0x0000, 0x0000,
    0x0000, 0x0000, 0x0000, 0x0000, 0x0000, 0x0000, 0x0000, 0x0000, 0x0000, 0x0000, 0x0000, 0x0000,
    0x0000, 0x0000, 0x0000, 0x0000, 0x0000, 0x0000, 0x0000, 0x0000, 0x0000, 0x0000, 0x0000, 0x0000,
    0x0000, 0x0000, 0x0000, 0x0000, 0x0000, 0x0000, 0x0000, 0x0000, 0x0000, 0x0000, 0x0000, 0x0000,
    0x0000, 0x0000, 0x0000, 0x0000, 0x0020, 0x01E0, 0x36A5, 0x1FE2, 0x1FC1, 0x17E0, 0x17E0, 0x17E0,
    0x17E0, 0x17E0, 0x17E0, 0x17E0, 0x17E0, 0x17E0, 0x17E0, 0x17E0, 0x17E0, 0x1FC1, 0x17E0, 0x17E0,
    0x1FE0, 0x1FC0, 0x17E0, 0x17E1, 0x17E1, 0x17E0, 0x17E0, 0x17E0, 0x17E0, 0x17E0, 0x17C0, 0x17E0,
    0x1FC1, 0x17E1, 0x17E0, 0x17E0, 0x17E0, 0x17E0, 0x17E0, 0x17E0, 0x17E0, 0x17E0, 0x17E0, 0x17E0,
    0x17E0, 0x17E0, 0x17E0, 0x17E0, 0x17E0, 0x17E0, 0x17E0, 0x17E0, 0x17E0, 0x17E0, 0x17E0, 0x17E0,
    0x17E0, 0x17E0, 0x17E0, 0x17E0, 0x17E0, 0x17E0, 0x17E0, 0x17E0, 0x17E0, 0x17E0, 0x17E0, 0x17E0,
    0x17E0, 0x17E0, 0x17E0, 0x17E0, 0x17E0, 0x17E0, 0x17E0, 0x17E0, 0x17E0, 0x17E0, 0x17E0, 0x17E0,
    0x17E0, 0x17E0, 0x17E1, 0x17E1, 0x17E0, 0x17E0, 0x1FE1, 0x17E0, 0x17E0, 0x17E1, 0x17E0, 0x17E0,
    0x17E0, 0x17C1, 0x17C0, 0x1FE1, 0x17E0, 0x17E0, 0x17E0, 0x17E0, 0x17E1, 0x17E0, 0x17E0, 0x17E0,
    0x17E0, 0x17E0, 0x17E0, 0x17E0, 0x17E0, 0x17E0, 0x17E0, 0x17E0, 0x17E0, 0x17E1, 0x17E0, 0x1FA1,
    0x0A01, 0x0021, 0x0020, 0x0000, 0x0000, 0x0000, 0x0000, 0x0000, 0x0000, 0x0000, 0x0000, 0x0000,
    0x0000, 0x0000, 0x0000, 0x0000, 0x0000, 0x0000, 0x0000, 0x0000, 0x0000, 0x0000, 0x0000, 0x0000,
    0x0000, 0x0000, 0x0000, 0x0000, 0x0000, 0x0000, 0x0000, 0x0000, 0x0000, 0x0000, 0x0000, 0x0000,
    0x0000, 0x0000, 0x0000, 0x0000, 0x0000, 0x0000, 0x0000, 0x0000, 0x0000, 0x0000, 0x0000, 0x0000,
    0x0000, 0x0000, 0x0000, 0x0000, 0x0000, 0x0000, 0x0000, 0x0000, 0x0000, 0x0000, 0x0000, 0x0000,
    0x0000, 0x0000, 0x0000, 0x0000, 0x0000, 0x0000, 0x0000, 0x0000, 0x0000, 0x0000, 0x0000, 0x0000,
    0x0000, 0x0000, 0x0000, 0x0000, 0x0000, 0x0020, 0x1C62, 0x07E0, 0x1FE0, 0x17E0, 0x17E0, 0x17E0,
    0x17E0, 0x17E0, 0x17E0, 0x17E0, 0x17E0, 0x17E0, 0x17E0, 0x17E0, 0x17E0, 0x17E0, 0x17E0, 0x17E0,
    0x17E0, 0x17E0, 0x17E0, 0x17E0, 0x17E0, 0x17E0, 0x17E0, 0x17E0, 0x17E0, 0x17E0, 0x17E0, 0x17E0,
    0x1FE0, 0x17E1, 0x1FA1, 0x17E0, 0x17E0, 0x17E0, 0x17E0, 0x17E0, 0x17E0, 0x17E0, 0x17E0, 0x17E0,
    0x17E0, 0x17E0, 0x17E0, 0x17E0, 0x17E0, 0x17E0, 0x17E0, 0x17E0, 0x17E0, 0x17E0, 0x17E0, 0x17E0,
    0x17E0, 0x17E0, 0x17E0, 0x17E0, 0x17E0, 0x17E0, 0x17E0, 0x17E0, 0x17E0, 0x17E0, 0x17E0, 0x17E0,
    0x17E0, 0x17E0, 0x17E0, 0x17E0, 0x17E0, 0x17E0, 0x17E0, 0x17E0, 0x17E0, 0x17E0, 0x17E0, 0x17E0,
    0x17E0, 0x17E0, 0x17E0, 0x17E0, 0x17E0, 0x17E0, 0x17E0, 0x1FE1, 0x17C0, 0x17E0, 0x17E0, 0x17E0,
    0x17E0, 0x17E0, 0x17E0, 0x17E0, 0x17E0, 0x17E0, 0x17E0, 0x17E0, 0x17E0, 0x17E0, 0x17E0, 0x17E0,
    0x17E0, 0x17E0, 0x17E0, 0x17E0, 0x17E0, 0x17E0, 0x17E0, 0x17E0, 0x17E0, 0x17C0, 0x07E0, 0x2F63,
    0x0020, 0x0020, 0x0000, 0x0000, 0x0000, 0x0000, 0x0000, 0x0000, 0x0000, 0x0000, 0x0000, 0x0000,
    0x0000, 0x0000, 0x0000, 0x0000, 0x0000, 0x0000, 0x0000, 0x0000, 0x0000, 0x0000, 0x0000, 0x0000,
    0x0000, 0x0000, 0x0000, 0x0000, 0x0000, 0x0000, 0x0000, 0x0000, 0x0000, 0x0000, 0x0000, 0x0000,
    0x0000, 0x0000, 0x0000, 0x0000, 0x0000, 0x0000, 0x0000, 0x0000, 0x0000, 0x0000, 0x0000, 0x0000,
    0x0000, 0x0000, 0x0000, 0x0000, 0x0000, 0x0000, 0x0000, 0x0000, 0x0000, 0x0000, 0x0000, 0x0000,
    0x0000, 0x0000, 0x0000, 0x0000, 0x0000, 0x0000, 0x0000, 0x0000, 0x0000, 0x0000, 0x0000, 0x0000,
    0x0000, 0x0000, 0x0000, 0x0000, 0x0000, 0x0000, 0x12E1, 0x0FE0, 0x17E0, 0x17E0, 0x17E0, 0x17E0,
    0x17E0, 0x17E0, 0x17E0, 0x17E0, 0x17E0, 0x17E0, 0x17E0, 0x17E0, 0x17E0, 0x17E0, 0x17E0, 0x17E0,
    0x17E0, 0x17E0, 0x17E0, 0x17E0, 0x17E0, 0x17E0, 0x17E0, 0x17E0, 0x17E1, 0x17E0, 0x0FE0, 0x1FE1,
    0x17E0, 0x0FC0, 0x1FE1, 0x0FE0, 0x17E0, 0x17E0, 0x17E0, 0x17E0, 0x17E0, 0x17E0, 0x17E0, 0x17E0,
    0x17E0, 0x17E0, 0x17E0, 0x17E0, 0x17E0, 0x17E0, 0x17E0, 0x17E0, 0x17E0, 0x17E0, 0x17E0, 0x17E0,
    0x17E0, 0x17E0, 0x17E0, 0x17E0, 0x17E0, 0x17E0, 0x17E0, 0x17E0, 0x17E0, 0x17E0, 0x17E0, 0x17E0,
    0x17E0, 0x17E0, 0x17E0, 0x17E0, 0x17E0, 0x17E0, 0x17E0, 0x17E0, 0x17E0, 0x17E0, 0x17E0, 0x17E0,
    0x17E0, 0x17E0, 0x17E0, 0x17E0, 0x0FC0, 0x1FE1, 0x0FA0, 0x1FA1, 0x17E0, 0x17E0, 0x17E0, 0x17E0,
    0x17E0, 0x17E0, 0x17E0, 0x17E0, 0x17E0, 0x17E0, 0x17E0, 0x17E0, 0x17E0, 0x17E0, 0x17E0, 0x17E0,
    0x17E0, 0x17E0, 0x17E0, 0x17E0, 0x17E0, 0x17E0, 0x17E0, 0x17E0, 0x0FE0, 0x17E0, 0x17E0, 0x3705,
    0x0000, 0x0020, 0x0000, 0x0000, 0x0000, 0x0000, 0x0000, 0x0000, 0x0000, 0x0000, 0x0000, 0x0000,
    0x0000, 0x0000, 0x0000, 0x0000, 0x0000, 0x0000, 0x0000, 0x0000, 0x0000, 0x0000, 0x0000, 0x0000,
    0x0000, 0x0000, 0x0000, 0x0000, 0x0000, 0x0000, 0x0000, 0x0000, 0x0000, 0x0000, 0x0000, 0x0000,
    0x0000, 0x0000, 0x0000, 0x0000, 0x0000, 0x0000, 0x0000, 0x0000, 0x0000, 0x0000, 0x0000, 0x0000,
    0x0000, 0x0000, 0x0000, 0x0000, 0x0000, 0x0000, 0x0000, 0x0000, 0x0000, 0x0000, 0x0000, 0x0000,
    0x0000, 0x0000, 0x0000, 0x0000, 0x0000, 0x0000, 0x0000, 0x0000, 0x0000, 0x0000, 0x0000, 0x0000,
    0x0000, 0x0000, 0x0000, 0x0000, 0x0000, 0x0001, 0x0060, 0x2F45, 0x0FE0, 0x17E0, 0x17E0, 0x17E0,
    0x17E0, 0x17E0, 0x17E0, 0x17E0, 0x17E0, 0x17E0, 0x17E0, 0x17E0, 0x17E0, 0x17E0, 0x17E0, 0x17E0,
    0x17E0, 0x17E0, 0x17E0, 0x17E0, 0x17E0, 0x17E0, 0x17E0, 0x17E0, 0x17C0, 0x17E0, 0x17C1, 0x1E82,
    0x24E3, 0x1FE2, 0x0FE0, 0x17A1, 0x17E0, 0x17E0, 0x17E0, 0x17E0, 0x17E0, 0x17E0, 0x17E0, 0x17E0,
    0x17E0, 0x17E0, 0x17E0, 0x17E0, 0x17E0, 0x17E0, 0x17E0, 0x17E0, 0x17E0, 0x17E0, 0x17E0, 0x17E0,
    0x17E0, 0x17E0, 0x17E0, 0x17E0, 0x17E0, 0x17E0, 0x17E0, 0x17E0, 0x17E0, 0x17E0, 0x17E0, 0x17E0,
    0x17E0, 0x17E0, 0x17E0, 0x17E0, 0x17E0, 0x17E0, 0x17E0, 0x17E0, 0x17E0, 0x17E0, 0x17E0, 0x17E0,
    0x17E0, 0x17E0, 0x17E0, 0x17E0, 0x2FA3, 0x26C2, 0x2EE4, 0x1FE2, 0x17E0, 0x17C1, 0x17E0, 0x17E0,
    0x17E0, 0x17E0, 0x17E0, 0x17E0, 0x17E0, 0x17E0, 0x17E0, 0x17E0, 0x17E0, 0x17E0, 0x17E0, 0x17E0,
    0x17E0, 0x17E0, 0x17E0, 0x17E0, 0x17E0, 0x17E0, 0x17E0, 0x17E0, 0x17E0, 0x0FC0, 0x2FC3, 0x24C3,
    0x0820, 0x0000, 0x0000, 0x0000, 0x0000, 0x0000, 0x0000, 0x0000, 0x0000, 0x0000, 0x0000, 0x0000,
    0x0000, 0x0000, 0x0000, 0x0000, 0x0000, 0x0000, 0x0000, 0x0000, 0x0000, 0x0000, 0x0000, 0x0000,
    0x0000, 0x0000, 0x0000, 0x0000, 0x0000, 0x0000, 0x0000, 0x0000, 0x0000, 0x0000, 0x0000, 0x0000,
    0x0000, 0x0000, 0x0000, 0x0000, 0x0000, 0x0000, 0x0000, 0x0000, 0x0000, 0x0000, 0x0000, 0x0000,
    0x0000, 0x0000, 0x0000, 0x0000, 0x0000, 0x0000, 0x0000, 0x0000, 0x0000, 0x0000, 0x0000, 0x0000,
    0x0000, 0x0000, 0x0000, 0x0000, 0x0000, 0x0000, 0x0000, 0x0000, 0x0000, 0x0000, 0x0000, 0x0000,
    0x0000, 0x0000, 0x0000, 0x0000, 0x0000, 0x0020, 0x0800, 0x2E65, 0x17E2, 0x1FE1, 0x1FE1, 0x17E0,
    0x17E0, 0x17E0, 0x17E0, 0x17E0, 0x17E0, 0x17E0, 0x17E0, 0x17E0, 0x17E0, 0x17E0, 0x17E0, 0x17E0,
    0x17E0, 0x17E0, 0x17E0, 0x17E0, 0x17E0, 0x17E0, 0x17E0, 0x17E0, 0x17E0, 0x17E1, 0x17E1, 0x1C02,
    0x0181, 0x2764, 0x0FE0, 0x27A2, 0x1FE1, 0x1FC1, 0x17E0, 0x17E0, 0x17E0, 0x17E0, 0x17E0, 0x17E0,
    0x17E0, 0x17E0, 0x17E0, 0x17E0, 0x17E0, 0x17E0, 0x17E0, 0x17E0, 0x17E0, 0x17E0, 0x17E0, 0x17E0,
    0x17E0, 0x17E0, 0x17E0, 0x17E0, 0x17E0, 0x17E0, 0x17E0, 0x17E0, 0x17E0, 0x17E0, 0x17E0, 0x17E0,
    0x17E0, 0x17E0, 0x17E0, 0x17E0, 0x17E0, 0x17E0, 0x17E0, 0x17E0, 0x17E0, 0x17E0, 0x17E0, 0x17E0,
    0x17E0, 0x17E0, 0x0FE0, 0x17E0, 0x2762, 0x1482, 0x1CA1, 0x2782, 0x1FE2, 0x17E1, 0x17E0, 0x17E0,
    0x17E0, 0x17E0, 0x17E0, 0x17E0, 0x17E0, 0x17E0, 0x17E0, 0x17E0, 0x17E0, 0x17E0, 0x17E0, 0x17E0,
    0x17E0, 0x17E0, 0x17E0, 0x17E0, 0x17E0, 0x17E0, 0x17E0, 0x17E0, 0x0FE0, 0x17C1, 0x2EC4, 0x0B20,
    0x0000, 0x0000, 0x0000, 0x0000, 0x0000, 0x0000, 0x0000, 0x0000, 0x0000, 0x0000, 0x0000, 0x0000,
    0x0000, 0x0000, 0x0000, 0x0000, 0x0000, 0x0000, 0x0000, 0x0000, 0x0000, 0x0000, 0x0000, 0x0000,
    0x0000, 0x0000, 0x0000, 0x0000, 0x0000, 0x0000, 0x0000, 0x0000, 0x0000, 0x0000, 0x0000, 0x0000,
    0x0000, 0x0000, 0x0000, 0x0000, 0x0000, 0x0000, 0x0000, 0x0000, 0x0000, 0x0000, 0x0000, 0x0000,
    0x0000, 0x0000, 0x0000, 0x0000, 0x0000, 0x0000, 0x0000, 0x0000, 0x0000, 0x0000, 0x0000, 0x0000,
    0x0000, 0x0000, 0x0000, 0x0000, 0x0000, 0x0000, 0x0000, 0x0000, 0x0000, 0x0000, 0x0000, 0x0000,
    0x0000, 0x0000, 0x0000, 0x0000, 0x0000, 0x0020, 0x0841, 0x0180, 0x2DE3, 0x0FC0, 0x17E0, 0x17E0,
    0x17E0, 0x17E0, 0x17E0, 0x17E0, 0x17E0, 0x17E0, 0x17E0, 0x17E0, 0x17E0, 0x17E0, 0x17E0, 0x17E0,
    0x17E0, 0x17E0, 0x17E0, 0x17E0, 0x17E0, 0x17E0, 0x17E0, 0x17E0, 0x17E1, 0x2783, 0x1CE3, 0x0020,
    0x0000, 0x0220, 0x2D85, 0x0FE0, 0x17E0, 0x17E0, 0x17E0, 0x17C0, 0x17E0, 0x17E0, 0x17E0, 0x17E0,
    0x17E0, 0x17E0, 0x17E0, 0x17E0, 0x17E0, 0x17E0, 0x17E0, 0x17E0, 0x17E0, 0x17E0, 0x17E0, 0x17E0,
    0x17E0, 0x17E0, 0x17E0, 0x17E0, 0x17E0, 0x17E0, 0x17E0, 0x17E0, 0x17E0, 0x17E0, 0x17E0, 0x17E0,
    0x17E0, 0x17E0, 0x17E0, 0x17E0, 0x17E0, 0x17E0, 0x17E0, 0x17E0, 0x17E0, 0x17E0, 0x17E0, 0x17E0,
    0x17E0, 0x17E0, 0x1FC2, 0x27A2, 0x21E4, 0x0821, 0x0040, 0x1B42, 0x17C1, 0x0FC0, 0x17E0, 0x17E0,
    0x17E0, 0x17E0, 0x17E0, 0x17E0, 0x17E0, 0x17E0, 0x17E0, 0x17E0, 0x17E0, 0x17E0, 0x17E0, 0x17E0,
    0x17E0, 0x17E0, 0x17E0, 0x17E0, 0x17E0, 0x17E0, 0x17E0, 0x17E0, 0x0FE0, 0x1FE1, 0x0A00, 0x0801,
    0x0000, 0x0000, 0x0000, 0x0000, 0x0000, 0x0000, 0x0000, 0x0000, 0x0000, 0x0000, 0x0000, 0x0000,
    0x0000, 0x0000, 0x0000, 0x0000, 0x0000, 0x0000, 0x0000, 0x0000, 0x0000, 0x0000, 0x0000, 0x0000,
    0x0000, 0x0000, 0x0000, 0x0000, 0x0000, 0x0000, 0x0000, 0x0000, 0x0000, 0x0000, 0x0000, 0x0000,
    0x0000, 0x0000, 0x0000, 0x0000, 0x0000, 0x0000, 0x0000, 0x0000, 0x0000, 0x0000, 0x0000, 0x0000,
    0x0000, 0x0000, 0x0000, 0x0000, 0x0000, 0x0000, 0x0000, 0x0000, 0x0000, 0x0000, 0x0000, 0x0000,
    0x0000, 0x0000, 0x0000, 0x0000, 0x0000, 0x0000, 0x0000, 0x0000, 0x0000, 0x0000, 0x0000, 0x0000,
    0x0000, 0x0000, 0x0000, 0x0000, 0x0000, 0x0020, 0x0020, 0x0800, 0x1B81, 0x1FE1, 0x17E0, 0x17E0,
    0x1FE0, 0x17E0, 0x17E0, 0x17E0, 0x17E0, 0x17E0, 0x17E0, 0x17E0, 0x17E0, 0x17E0, 0x17E0, 0x17E0,
    0x17E0, 0x17E0, 0x17E0, 0x17E0, 0x17E0, 0x17E0, 0x17E0, 0x17E0, 0x17E1, 0x1E22, 0x0220, 0x0801,
    0x0000, 0x0021, 0x0A41, 0x27C2, 0x1FE1, 0x0FE0, 0x17E0, 0x1FC1, 0x17E0, 0x17E0, 0x17E0, 0x17E0,
    0x17E0, 0x17E0, 0x17E0, 0x17E0, 0x17E0, 0x17E0, 0x17E0, 0x17E0, 0x17E0, 0x17E0, 0x17E0, 0x17E0,
    0x17E0, 0x17E0, 0x17E0, 0x17E0, 0x17E0, 0x17E0, 0x17E0, 0x17E0, 0x17E0, 0x17E0, 0x17E0, 0x17E0,
    0x17E0, 0x17E0, 0x17E0, 0x17E0, 0x17E0, 0x17E0, 0x17E0, 0x17E0, 0x17E0, 0x17E0, 0x17E0, 0x17E0,
    0x17E0, 0x1FE0, 0x17E0, 0x26C3, 0x0821, 0x1022, 0x1003, 0x10E2, 0x27A3, 0x0FC0, 0x17E0, 0x17E0,
    0x17E0, 0x17E0, 0x17E0, 0x17E0, 0x17E0, 0x17E0, 0x17E0, 0x17E0, 0x17E0, 0x17E0, 0x17E0, 0x17E0,
    0x17E0, 0x17E0, 0x17E0, 0x17E0, 0x17E0, 0x17E0, 0x17E0, 0x17E0, 0x17A1, 0x2F63, 0x0862, 0x1003,
    0x0000, 0x0000, 0x0000, 0x0000, 0x0000, 0x0000, 0x0000, 0x0000, 0x0000, 0x0000, 0x0000, 0x0000,
    0x0000, 0x0000, 0x0000, 0x0000, 0x0000, 0x0000, 0x0000, 0x0000, 0x0000, 0x0000, 0x0000, 0x0000,
    0x0000, 0x0000, 0x0000, 0x0000, 0x0000, 0x0000, 0x0000, 0x0000, 0x0000, 0x0000, 0x0000, 0x0000,
    0x0000, 0x0000, 0x0000, 0x0000, 0x0000, 0x0000, 0x0000, 0x0000, 0x0000, 0x0000, 0x0000, 0x0000,
    0x0000, 0x0000, 0x0000, 0x0000, 0x0000, 0x0000, 0x0000, 0x0000, 0x0000, 0x0000, 0x0000, 0x0000,
    0x0000, 0x0000, 0x0000, 0x0000, 0x0000, 0x0000, 0x0000, 0x0000, 0x0000, 0x0000, 0x0000, 0x0000,
    0x0000, 0x0000, 0x0000, 0x0000, 0x0000, 0x0001, 0x0820, 0x0822, 0x0041, 0x1EA2, 0x2783, 0x0FE0,
    0x17E0, 0x17E0, 0x17E0, 0x17E0, 0x17E0, 0x17E0, 0x17E0, 0x17E0, 0x17E0, 0x17E0, 0x17E0, 0x17E0,
    0x17E0, 0x17E0, 0x17E0, 0x17E0, 0x17E0, 0x17E0, 0x17E0, 0x17E0, 0x0FE0, 0x0180, 0x1022, 0x0020,
    0x0060, 0x0801, 0x0020, 0x22E4, 0x1EE2, 0x1FE1, 0x17E0, 0x1FC1, 0x17E0, 0x17E0, 0x17E0, 0x17E0,
    0x17E0, 0x17E0, 0x17E0, 0x17E0, 0x17E0, 0x17E0, 0x17E0, 0x17E0, 0x17E0, 0x17E0, 0x17E0, 0x17E0,
    0x17E0, 0x17E0, 0x17E0, 0x17E0, 0x17E0, 0x17E0, 0x17E0, 0x17E0, 0x17E0, 0x17E0, 0x17E0, 0x17E0,
    0x17E0, 0x17E0, 0x17E0, 0x17E0, 0x17E0, 0x17E0, 0x17E0, 0x17E0, 0x17E0, 0x17E0, 0x17E0, 0x17E0,
    0x1FE0, 0x1FE0, 0x1C23, 0x0101, 0x0821, 0x0021, 0x0020, 0x0020, 0x24E3, 0x27A2, 0x17E0, 0x17E0,
    0x17E0, 0x17E0, 0x17E0, 0x17E0, 0x17E0, 0x17E0, 0x17E0, 0x17E0, 0x17E0, 0x17E0, 0x17E0, 0x17E0,
    0x17E0, 0x17E0, 0x17E0, 0x17E0, 0x17E0, 0x17E0, 0x17E0, 0x17E0, 0x2661, 0x12C1, 0x0040, 0x0060,
    0x0000, 0x0000, 0x0000, 0x0000, 0x0000, 0x0000, 0x0000, 0x0000, 0x0000, 0x0000, 0x0000, 0x0000,
    0x0000, 0x0000, 0x0000, 0x0000, 0x0000, 0x0000, 0x0000, 0x0000, 0x0000, 0x0000, 0x0000, 0x0000,
    0x0000, 0x0000, 0x0000, 0x0000, 0x0000, 0x0000, 0x0000, 0x0000, 0x0000, 0x0000, 0x0000, 0x0000,
    0x0000, 0x0000, 0x0000, 0x0000, 0x0000, 0x0000, 0x0000, 0x0000, 0x0000, 0x0000, 0x0000, 0x0000,
    0x0000, 0x0000, 0x0000, 0x0000, 0x0000, 0x0000, 0x0000, 0x0000, 0x0000, 0x0000, 0x0000, 0x0000,
    0x0000, 0x0000, 0x0000, 0x0000, 0x0000, 0x0000, 0x0000, 0x0000, 0x0000, 0x0000, 0x0000, 0x0000,
    0x0000, 0x0000, 0x0000, 0x0000, 0x0000, 0x0000, 0x0000, 0x0000, 0x0020, 0x0860, 0x03A0, 0x17A2,
    0x17C1, 0x1FE0, 0x17E0, 0x17E1, 0x17E0, 0x17E0, 0x17E0, 0x17E0, 0x17E0, 0x17E0, 0x17E0, 0x17E0,
    0x17E0, 0x17E0, 0x17E0, 0x17E0, 0x17E0, 0x17E0, 0x17E1, 0x17E1, 0x1F61, 0x0000, 0x0020, 0x0020,
    0x0000, 0x0000, 0x0000, 0x0020, 0x08C0, 0x2F04, 0x27A3, 0x0FC0, 0x17C0, 0x17C0, 0x17C0, 0x1FE2,
    0x17E0, 0x17E0, 0x17E0, 0x17E0, 0x17E0, 0x17E0, 0x17E0, 0x17E0, 0x17E0, 0x17E0, 0x17E0, 0x17E0,
    0x17E0, 0x17E0, 0x17E0, 0x17E0, 0x17E0, 0x17E0, 0x17E0, 0x17E0, 0x17E0, 0x17E0, 0x17E0, 0x17E0,
    0x17E0, 0x17E0, 0x17E0, 0x17E0, 0x17E0, 0x17E0, 0x17E0, 0x17E0, 0x17E0, 0x17E0, 0x17E1, 0x17E1,
    0x2704, 0x2463, 0x0020, 0x0000, 0x0000, 0x0000, 0x0000, 0x0020, 0x0A02, 0x1E43, 0x17E0, 0x17E0,
    0x17C1, 0x17E0, 0x17E0, 0x17E0, 0x17E0, 0x17E0, 0x17E0, 0x17E0, 0x17E0, 0x17E0, 0x17E0, 0x17E0,
    0x17E0, 0x17E0, 0x17E0, 0x17E0, 0x1FE1, 0x1FA0, 0x17E0, 0x2EE4, 0x0861, 0x0000, 0x0020, 0x0000,
    0x0000, 0x0000, 0x0000, 0x0000, 0x0000, 0x0000, 0x0000, 0x0000, 0x0000, 0x0000, 0x0000, 0x0000,
    0x0000, 0x0000, 0x0000, 0x0000, 0x0000, 0x0000, 0x0000, 0x0000, 0x0000, 0x0000, 0x0000, 0x0000,
    0x0000, 0x0000, 0x0000, 0x0000, 0x0000, 0x0000, 0x0000, 0x0000, 0x0000, 0x0000, 0x0000, 0x0000,
    0x0000, 0x0000, 0x0000, 0x0000, 0x0000, 0x0000, 0x0000, 0x0000, 0x0000, 0x0000, 0x0000, 0x0000,
    0x0000, 0x0000, 0x0000, 0x0000, 0x0000, 0x0000, 0x0000, 0x0000, 0x0000, 0x0000, 0x0000, 0x0000,
    0x0000, 0x0000, 0x0000, 0x0000, 0x0000, 0x0000, 0x0000, 0x0000, 0x0000, 0x0000, 0x0000, 0x0000,
    0x0000, 0x0000, 0x0000, 0x0000, 0x0000, 0x0000, 0x0000, 0x0000, 0x0020, 0x1002, 0x0101, 0x2F05,
    0x1FC2, 0x17E0, 0x17E0, 0x17E1, 0x17E0, 0x17E0, 0x17E0, 0x17E0, 0x17E0, 0x17E0, 0x17E0, 0x17E0,
    0x17E0, 0x17E0, 0x17E0, 0x17E0, 0x17E0, 0x17E0, 0x17E1, 0x17E1, 0x1EE1, 0x0001, 0x0020, 0x0000,
    0x0000, 0x0000, 0x0000, 0x0000, 0x1801, 0x1B41, 0x3E46, 0x07E0, 0x1FC1, 0x1FE1, 0x1FC1, 0x1FC2,
    0x17E0, 0x17E0, 0x17E0, 0x17E0, 0x17E0, 0x17E0, 0x17E0, 0x17E0, 0x17E0, 0x17E0, 0x17E0, 0x17E0,
    0x17E0, 0x17E0, 0x17E0, 0x17E0, 0x17E0, 0x17E0, 0x17E0, 0x17E0, 0x17E0, 0x17E0, 0x17E0, 0x17E0,
    0x17E0, 0x17E0, 0x17E0, 0x17E0, 0x17E0, 0x17E0, 0x17E0, 0x17E0, 0x17E0, 0x17E0, 0x1780, 0x17E0,
    0x2C46, 0x1162, 0x0000, 0x0020, 0x0000, 0x0000, 0x0000, 0x0020, 0x08E1, 0x1CA3, 0x17E0, 0x17E0,
    0x17C1, 0x17E0, 0x17E0, 0x17E0, 0x17E0, 0x17E0, 0x17E0, 0x17E0, 0x17E0, 0x17E0, 0x17E0, 0x17E0,
    0x17E0, 0x17E0, 0x17E0, 0x17E0, 0x1FC0, 0x0FC0, 0x2EA1, 0x1BC1, 0x0000, 0x0000, 0x0020, 0x0000,
    0x0000, 0x0000, 0x0000, 0x0000, 0x0000, 0x0000, 0x0000, 0x0000, 0x0000, 0x0000, 0x0000, 0x0000,
    0x0000, 0x0000, 0x0000, 0x0000, 0x0000, 0x0000, 0x0000, 0x0000, 0x0000, 0x0000, 0x0000, 0x0000,
    0x0000, 0x0000, 0x0000, 0x0000, 0x0000, 0x0000, 0x0000, 0x0000, 0x0000, 0x0000, 0x0000, 0x0000,
    0x0000, 0x0000, 0x0000, 0x0000, 0x0000, 0x0000, 0x0000, 0x0000, 0x0000, 0x0000, 0x0000, 0x0000,
    0x0000, 0x0000, 0x0000, 0x0000, 0x0000, 0x0000, 0x0000, 0x0000, 0x0000, 0x0000, 0x0000, 0x0000,
    0x0000, 0x0000, 0x0000, 0x0000, 0x0000, 0x0000, 0x0000, 0x0000, 0x0000, 0x0000, 0x0000, 0x0000,
    0x0000, 0x0000, 0x0000, 0x0000, 0x0000, 0x0000, 0x0000, 0x0000, 0x0000, 0x0040, 0x0000, 0x0900,
    0x2523, 0x17C2, 0x17E1, 0x17E0, 0x17E0, 0x17E0, 0x17E0, 0x17E0, 0x17E0, 0x17E0, 0x17E0, 0x17E0,
    0x17E0, 0x17E0, 0x17E0, 0x17E0, 0x17E0, 0x17E0, 0x17E1, 0x1FE1, 0x25E2, 0x0802, 0x0040, 0x0000,
    0x0000, 0x0000, 0x0000, 0x0000, 0x0001, 0x0001, 0x00C0, 0x35C5, 0x2783, 0x17E0, 0x0FE0, 0x17E0,
    0x17E0, 0x17E0, 0x17E0, 0x17E0, 0x17E0, 0x17E0, 0x17E0, 0x17E0, 0x17E0, 0x17E0, 0x17E0, 0x17E0,
    0x17E0, 0x17E0, 0x17E0, 0x17E0, 0x17E0, 0x17E0, 0x17E0, 0x17E0, 0x17E0, 0x17E0, 0x17E0, 0x17E0,
    0x17E0, 0x17E0, 0x17E0, 0x17E0, 0x17E0, 0x17E0, 0x17E0, 0x17E0, 0x17E1, 0x17C1, 0x2E83, 0x23E2,
    0x0021, 0x0040, 0x0000, 0x0000, 0x0020, 0x0000, 0x0801, 0x0020, 0x0821, 0x09C1, 0x1FC2, 0x17E0,
    0x17E1, 0x17E0, 0x17E0, 0x17E0, 0x17E0, 0x17E0, 0x17E0, 0x17E0, 0x17E0, 0x17E0, 0x17E0, 0x17E0,
    0x17E0, 0x17E0, 0x17E0, 0x17E0, 0x1FA2, 0x2623, 0x0041, 0x0000, 0x0000, 0x0000, 0x0000, 0x0000,
    0x0000, 0x0000, 0x0000, 0x0000, 0x0000, 0x0000, 0x0000, 0x0000, 0x0000, 0x0000, 0x0000, 0x0000,
    0x0000, 0x0000, 0x0000, 0x0000, 0x0000, 0x0000, 0x0000, 0x0000, 0x0000, 0x0000, 0x0000, 0x0000,
    0x0000, 0x0000, 0x0000, 0x0000, 0x0000, 0x0000, 0x0000, 0x0000, 0x0000, 0x0000, 0x0000, 0x0000,
    0x0000, 0x0000, 0x0000, 0x0000, 0x0000, 0x0000, 0x0000, 0x0000, 0x0000, 0x0000, 0x0000, 0x0000,
    0x0000, 0x0000, 0x0000, 0x0000, 0x0000, 0x0000, 0x0000, 0x0000, 0x0000, 0x0000, 0x0000, 0x0000,
    0x0000, 0x0000, 0x0000, 0x0000, 0x0000, 0x0000, 0x0000, 0x0000, 0x0000, 0x0000, 0x0000, 0x0000,
    0x0000, 0x0000, 0x0000, 0x0000, 0x0000, 0x0000, 0x0000, 0x0000, 0x0000, 0x1000, 0x0020, 0x1004,
    0x0A22, 0x1FC3, 0x1FE2, 0x17E0, 0x17E0, 0x17E0, 0x17E0, 0x17E0, 0x17E0, 0x17E0, 0x17E0, 0x17E0,
    0x17E0, 0x17E0, 0x17E0, 0x17E0, 0x17E0, 0x17E0, 0x17E1, 0x1FC1, 0x25A2, 0x1003, 0x0040, 0x0000,
    0x0000, 0x0000, 0x0000, 0x0000, 0x0820, 0x0821, 0x0802, 0x1221, 0x1E02, 0x27C2, 0x17C0, 0x17A1,
    0x17E0, 0x17E0, 0x17E0, 0x17E0, 0x17E0, 0x17E0, 0x17E0, 0x17E0, 0x17E0, 0x17E0, 0x17E0, 0x17E0,
    0x17E0, 0x17E0, 0x17E0, 0x17E0, 0x17E0, 0x17E0, 0x17E0, 0x17E0, 0x17E0, 0x17E0, 0x17E0, 0x17E0,
    0x17E0, 0x17E0, 0x17E0, 0x17E0, 0x17E0, 0x17E0, 0x17E0, 0x17E1, 0x17C2, 0x17C2, 0x0AE1, 0x08A1,
    0x0040, 0x0801, 0x0020, 0x0000, 0x0000, 0x0000, 0x0801, 0x0040, 0x0841, 0x00E0, 0x1FA2, 0x17E0,
    0x17E0, 0x17E0, 0x17E0, 0x17E0, 0x17E0, 0x17E0, 0x17E0, 0x17E0, 0x17E0, 0x17E0, 0x17E0, 0x17E0,
    0x17E0, 0x17E0, 0x17E0, 0x17E0, 0x2664, 0x0AE0, 0x0062, 0x0020, 0x0000, 0x0000, 0x0000, 0x0000,
    0x0000, 0x0000, 0x0000, 0x0000, 0x0000, 0x0000, 0x0000, 0x0000, 0x0000, 0x0000, 0x0000, 0x0000,
    0x0000, 0x0000, 0x0000, 0x0000, 0x0000, 0x0000, 0x0000, 0x0000, 0x0000, 0x0000, 0x0000, 0x0000,
    0x0000, 0x0000, 0x0000, 0x0000, 0x0000, 0x0000, 0x0000, 0x0000, 0x0000, 0x0000, 0x0000, 0x0000,
    0x0000, 0x0000, 0x0000, 0x0000, 0x0000, 0x0000, 0x0000, 0x0000, 0x0000, 0x0000, 0x0000, 0x0000,
    0x0000, 0x0000, 0x0000, 0x0000, 0x0000, 0x0000, 0x0000, 0x0000, 0x0000, 0x0000, 0x0000, 0x0000,
    0x0000, 0x0000, 0x0000, 0x0000, 0x0000, 0x0000, 0x0000, 0x0000, 0x0000, 0x0000, 0x0000, 0x0000,
    0x0000, 0x0000, 0x0000, 0x0000, 0x0000, 0x0000, 0x0000, 0x0000, 0x0000, 0x0000, 0x0000, 0x0000,
    0x0020, 0x1340, 0x26C3, 0x17C0, 0x0FE0, 0x17E0, 0x17E0, 0x17E0, 0x17E0, 0x17E0, 0x17E0, 0x17E0,
    0x17E0, 0x17E0, 0x17E0, 0x17E0, 0x17E1, 0x17E1, 0x17E0, 0x17E0, 0x15A1, 0x0801, 0x0801, 0x0000,
    0x0000, 0x0000, 0x0000, 0x0000, 0x0000, 0x0000, 0x0000, 0x0020, 0x0020, 0x13A2, 0x2E44, 0x17C1,
    0x1FC0, 0x1FC0, 0x0FE1, 0x0FE1, 0x17E0, 0x17E0, 0x17E0, 0x17E0, 0x17E0, 0x17E0, 0x17E0, 0x17E0,
    0x17E0, 0x17E0, 0x17E0, 0x17E0, 0x17E0, 0x17E0, 0x17E0, 0x17E0, 0x17E0, 0x17E0, 0x17E0, 0x17E0,
    0x17E0, 0x17E0, 0x17E1, 0x0FE1, 0x1FC0, 0x1FE0, 0x1FE0, 0x2FA4, 0x13E2, 0x0140, 0x0000, 0x0000,
    0x0000, 0x0000, 0x0000, 0x0000, 0x0000, 0x0000, 0x0000, 0x0000, 0x0000, 0x0000, 0x1FC2, 0x17E0,
    0x17E0, 0x17E0, 0x17E0, 0x17E0, 0x17E0, 0x17E0, 0x17E0, 0x17E0, 0x17E0, 0x17E0, 0x17E0, 0x17E0,
    0x17E0, 0x17E0, 0x17C0, 0x27C3, 0x0921, 0x0020, 0x0000, 0x0000, 0x0000, 0x0000, 0x0000, 0x0000,
    0x0000, 0x0000, 0x0000, 0x0000, 0x0000, 0x0000, 0x0000, 0x0000, 0x0000, 0x0000, 0x0000, 0x0000,
    0x0000, 0x0000, 0x0000, 0x0000, 0x0000, 0x0000, 0x0000, 0x0000, 0x0000, 0x0000, 0x0000, 0x0000,
    0x0000, 0x0000, 0x0000, 0x0000, 0x0000, 0x0000, 0x0000, 0x0000, 0x0000, 0x0000, 0x0000, 0x0000,
    0x0000, 0x0000, 0x0000, 0x0000, 0x0000, 0x0000, 0x0000, 0x0000, 0x0000, 0x0000, 0x0000, 0x0000,
    0x0000, 0x0000, 0x0000, 0x0000, 0x0000, 0x0000, 0x0000, 0x0000, 0x0000, 0x0000, 0x0000, 0x0000,
    0x0000, 0x0000, 0x0000, 0x0000, 0x0000, 0x0000, 0x0000, 0x0000, 0x0000, 0x0000, 0x0000, 0x0000,
    0x0000, 0x0000, 0x0000, 0x0000, 0x0000, 0x0000, 0x0000, 0x0000, 0x0000, 0x0000, 0x0000, 0x0000,
    0x0020, 0x0120, 0x24C3, 0x17C0, 0x0FC0, 0x17E0, 0x17E0, 0x17E0, 0x17E0, 0x17E0, 0x17E0, 0x17E0,
    0x17E0, 0x17E0, 0x17E0, 0x17E0, 0x17E1, 0x17E1, 0x17E0, 0x17E0, 0x15C1, 0x0801, 0x0821, 0x0000,
    0x0000, 0x0000, 0x0000, 0x0000, 0x0000, 0x0000, 0x0000, 0x0000, 0x0020, 0x0881, 0x0A41, 0x2F25,
    0x17E0, 0x17E0, 0x1FC1, 0x1FE2, 0x17E0, 0x17E0, 0x17E0, 0x17E0, 0x17E0, 0x17E0, 0x17E0, 0x17E0,
    0x17E0, 0x17E0, 0x17E0, 0x17E0, 0x17E0, 0x17E0, 0x17E0, 0x17E0, 0x17E0, 0x17E0, 0x17E0, 0x17E0,
    0x17E0, 0x17E0, 0x17E1, 0x17E0, 0x1FE0, 0x0FE0, 0x1FA3, 0x2D04, 0x00A0, 0x0802, 0x0000, 0x0000,
    0x0000, 0x0000, 0x0000, 0x0000, 0x0000, 0x0000, 0x0000, 0x0000, 0x0000, 0x0000, 0x1FC1, 0x17E0,
    0x0FE0, 0x17E0, 0x17E0, 0x17E0, 0x17E0, 0x17E0, 0x17E0, 0x17E0, 0x17E0, 0x17E0, 0x17E0, 0x17E0,
    0x17E0, 0x1FE1, 0x17E0, 0x3EC6, 0x0040, 0x0020, 0x0000, 0x0000, 0x0000, 0x0000, 0x0000, 0x0000,
    0x0000, 0x0000, 0x0000, 0x0000, 0x0000, 0x0000, 0x0000, 0x0000, 0x0000, 0x0000, 0x0000, 0x0000,
    0x0000, 0x0000, 0x0000, 0x0000, 0x0000, 0x0000, 0x0000, 0x0000, 0x0000, 0x0000, 0x0000, 0x0000,
    0x0000, 0x0000, 0x0000, 0x0000, 0x0000, 0x0000, 0x0000, 0x0000, 0x0000, 0x0000, 0x0000, 0x0000,
    0x0000, 0x0000, 0x0000, 0x0000, 0x0000, 0x0000, 0x0000, 0x0000, 0x0000, 0x0000, 0x0000, 0x0000,
    0x0000, 0x0000, 0x0000, 0x0000, 0x0000, 0x0000, 0x0000, 0x0000, 0x0000, 0x0000, 0x0000, 0x0000,
    0x0000, 0x0000, 0x0000, 0x0000, 0x0000, 0x0000, 0x0000, 0x0000, 0x0000, 0x0000, 0x0000, 0x0000,
    0x0000, 0x0000, 0x0000, 0x0000, 0x0000, 0x0000, 0x0000, 0x0000, 0x0000, 0x0000, 0x0000, 0x0000,
    0x0000, 0x1022, 0x0020, 0x2763, 0x1FC1, 0x17E0, 0x17E0, 0x17E0, 0x17E0, 0x17E0, 0x17E0, 0x17E0,
    0x17E0, 0x17E0, 0x17E0, 0x17E0, 0x17E1, 0x17E1, 0x17E0, 0x17E0, 0x1E22, 0x0820, 0x0001, 0x0000,
    0x0000, 0x0000, 0x0000, 0x0000, 0x0000, 0x0000, 0x0000, 0x0000, 0x0800, 0x0020, 0x0000, 0x1042,
    0x1B62, 0x1DA4, 0x27A3, 0x1FC1, 0x17E1, 0x17E1, 0x17E1, 0x17E0, 0x17E0, 0x17E0, 0x17E0, 0x17E0,
    0x17E0, 0x17E0, 0x17E0, 0x17E0, 0x17E0, 0x17E0, 0x17E0, 0x17E0, 0x17E0, 0x17E0, 0x17E0, 0x17E1,
    0x17E1, 0x17E1, 0x1FE1, 0x2743, 0x2E45, 0x1AC1, 0x0980, 0x0842, 0x0000, 0x0020, 0x0000, 0x0000,
    0x0000, 0x0000, 0x0000, 0x0000, 0x0000, 0x0000, 0x0000, 0x0000, 0x0000, 0x0000, 0x1FC2, 0x17E0,
    0x0FE0, 0x17E0, 0x17E0, 0x17E0, 0x17E0, 0x17E0, 0x17E0, 0x17E0, 0x17E0, 0x17E0, 0x17E0, 0x17E0,
    0x17E0, 0x1FA0, 0x17E0, 0x0A82, 0x0820, 0x0000, 0x0000, 0x0000, 0x0000, 0x0000, 0x0000, 0x0000,
    0x0000, 0x0000, 0x0000, 0x0000, 0x0000, 0x0000, 0x0000, 0x0000, 0x0000, 0x0000, 0x0000, 0x0000,
    0x0000, 0x0000, 0x0000, 0x0000, 0x0000, 0x0000, 0x0000, 0x0000, 0x0000, 0x0000, 0x0000, 0x0000,
    0x0000, 0x0000, 0x0000, 0x0000, 0x0000, 0x0000, 0x0000, 0x0000, 0x0000, 0x0000, 0x0000, 0x0000,
    0x0000, 0x0000, 0x0000, 0x0000, 0x0000, 0x0000, 0x0000, 0x0000, 0x0000, 0x0000, 0x0000, 0x0000,
    0x0000, 0x0000, 0x0000, 0x0000, 0x0000, 0x0000, 0x0000, 0x0000, 0x0000, 0x0000, 0x0000, 0x0000,
    0x0000, 0x0000, 0x0000, 0x0000, 0x0000, 0x0000, 0x0000, 0x0000, 0x0000, 0x0000, 0x0000, 0x0000,
    0x0000, 0x0000, 0x0000, 0x0000, 0x0000, 0x0000, 0x0000, 0x0000, 0x0000, 0x0000, 0x0000, 0x0000,
    0x0000, 0x0000, 0x0820, 0x1EC3, 0x1780, 0x17E0, 0x17E0, 0x17E0, 0x17E0, 0x17E0, 0x17E0, 0x17E0,
    0x17E0, 0x17E0, 0x17E0, 0x17E0, 0x17E1, 0x17E1, 0x17E0, 0x17E0, 0x2663, 0x0020, 0x0001, 0x0000,
    0x0000, 0x0000, 0x0000, 0x0000, 0x0000, 0x0000, 0x0000, 0x0000, 0x0000, 0x0002, 0x0041, 0x0060,
    0x0061, 0x0140, 0x14E1, 0x26E3, 0x17E1, 0x17E1, 0x17E1, 0x17E0, 0x17E0, 0x17E0, 0x17E0, 0x17E0,
    0x17E0, 0x17E0, 0x17E0, 0x17E0, 0x17E0, 0x17E0, 0x17E0, 0x17E0, 0x17E0, 0x17E0, 0x17E0, 0x17E1,
    0x17E1, 0x17E1, 0x1FC2, 0x13C0, 0x09C0, 0x0020, 0x0821, 0x0021, 0x0020, 0x0000, 0x0000, 0x0000,
    0x0000, 0x0000, 0x0000, 0x0000, 0x0000, 0x0000, 0x0000, 0x0000, 0x0000, 0x0000, 0x1FC2, 0x17E0,
    0x0FE0, 0x17E0, 0x17E0, 0x17E0, 0x17E0, 0x17E0, 0x17E0, 0x17E0, 0x17E0, 0x17E0, 0x17E0, 0x17E0,
    0x17E0, 0x1FA1, 0x1FC1, 0x0120, 0x0020, 0x0000, 0x0000, 0x0000, 0x0000, 0x0000, 0x0000, 0x0000,
    0x0000, 0x0000, 0x0000, 0x0000, 0x0000, 0x0000, 0x0000, 0x0000, 0x0000, 0x0000, 0x0000, 0x0000,
    0x0000, 0x0000, 0x0000, 0x0000, 0x0000, 0x0000, 0x0000, 0x0000, 0x0000, 0x0000, 0x0000, 0x0000,
    0x0000, 0x0000, 0x0000, 0x0000, 0x0000, 0x0000, 0x0000, 0x0000, 0x0000, 0x0000, 0x0000, 0x0000,
    0x0000, 0x0000, 0x0000, 0x0000, 0x0000, 0x0000, 0x0000, 0x0000, 0x0000, 0x0000, 0x0000, 0x0000,
    0x0000, 0x0000, 0x0000, 0x0000, 0x0000, 0x0000, 0x0000, 0x0000, 0x0000, 0x0000, 0x0000, 0x0000,
    0x0000, 0x0000, 0x0000, 0x0000, 0x0000, 0x0000, 0x0000, 0x0000, 0x0000, 0x0000, 0x0000, 0x0000,
    0x0000, 0x0000, 0x0000, 0x0000, 0x0000, 0x0000, 0x0000, 0x0000, 0x0000, 0x0000, 0x0000, 0x0000,
    0x0000, 0x0000, 0x0000, 0x1D43, 0x1FA1, 0x17E0, 0x17E0, 0x17E0, 0x17E0, 0x17E0, 0x17E0, 0x17E0,
    0x17E0, 0x17E0, 0x17E0, 0x17E0, 0x17E0, 0x17E0, 0x17E0, 0x17E0, 0x2723, 0x0800, 0x0820, 0x0000,
    0x0000, 0x0000, 0x0000, 0x0000, 0x0000, 0x0000, 0x0000, 0x0000, 0x0000, 0x0000, 0x0000, 0x0000,
    0x0000, 0x0020, 0x0000, 0x0040, 0x0260, 0x14C2, 0x1FE2, 0x0FC0, 0x17E0, 0x17E0, 0x17E0, 0x17E0,
    0x17E0, 0x17E0, 0x17E0, 0x17E0, 0x17E0, 0x17E0, 0x17E0, 0x17E0, 0x17E0, 0x17E0, 0x17E0, 0x1F81,
    0x1F82, 0x13C2, 0x0160, 0x0000, 0x0801, 0x0000, 0x0020, 0x0000, 0x0000, 0x0000, 0x0000, 0x0000,
    0x0000, 0x0000, 0x0000, 0x0000, 0x0000, 0x0000, 0x0000, 0x0000, 0x0020, 0x08E2, 0x27A2, 0x17E0,
    0x17E0, 0x17E0, 0x17E0, 0x17E0, 0x17E0, 0x17E0, 0x17E0, 0x17E0, 0x17E0, 0x17E0, 0x17E0, 0x17E0,
    0x17E0, 0x17C1, 0x17C0, 0x0060, 0x0000, 0x0000, 0x0000, 0x0000, 0x0000, 0x0000, 0x0000, 0x0000,
    0x0000, 0x0000, 0x0000, 0x0000, 0x0000, 0x0000, 0x0000, 0x0000, 0x0000, 0x0000, 0x0000, 0x0000,
    0x0000, 0x0000, 0x0000, 0x0000, 0x0000, 0x0000, 0x0000, 0x0000, 0x0000, 0x0000, 0x0000, 0x0000,
    0x0000, 0x0000, 0x0000, 0x0000, 0x0000, 0x0000, 0x0000, 0x0000, 0x0000, 0x0000, 0x0000, 0x0000,
    0x0000, 0x0000, 0x0000, 0x0000, 0x0000, 0x0000, 0x0000, 0x0000, 0x0000, 0x0000, 0x0000, 0x0000,
    0x0000, 0x0000, 0x0000, 0x0000, 0x0000, 0x0000, 0x0000, 0x0000, 0x0000, 0x0000, 0x0000, 0x0000,
    0x0000, 0x0000, 0x0000, 0x0000, 0x0000, 0x0000, 0x0000, 0x0000, 0x0000, 0x0000, 0x0000, 0x0000,
    0x0000, 0x0000, 0x0000, 0x0000, 0x0000, 0x0000, 0x0000, 0x0000, 0x0000, 0x0000, 0x0000, 0x0000,
    0x0000, 0x0000, 0x0000, 0x1523, 0x27C2, 0x17E0, 0x17E0, 0x17E0, 0x17E0, 0x17E0, 0x17E0, 0x17E0,
    0x17E0, 0x17E0, 0x17E0, 0x17E0, 0x17E0, 0x17E0, 0x17E0, 0x17E0, 0x2F84, 0x0820, 0x0801, 0x0000,
    0x0000, 0x0000, 0x0000, 0x0000, 0x0000, 0x0000, 0x0000, 0x0000, 0x0000, 0x0000, 0x0000, 0x0000,
    0x0000, 0x0000, 0x0000, 0x0801, 0x0000, 0x0140, 0x27A3, 0x17E0, 0x17E0, 0x17E0, 0x17E0, 0x17E0,
    0x17E0, 0x17E0, 0x17E0, 0x17E0, 0x17E0, 0x17E0, 0x17E0, 0x17E0, 0x17E0, 0x17E0, 0x17E0, 0x1F81,
    0x3704, 0x00A0, 0x1803, 0x0000, 0x0801, 0x0000, 0x0020, 0x0000, 0x0000, 0x0000, 0x0000, 0x0000,
    0x0000, 0x0000, 0x0000, 0x0000, 0x0000, 0x0000, 0x0000, 0x0000, 0x0020, 0x11E3, 0x1FC1, 0x0FE0,
    0x1FE1, 0x17E0, 0x17E0, 0x17E0, 0x17E0, 0x17E0, 0x17E0, 0x17E0, 0x17E0, 0x17E0, 0x17E0, 0x17E0,
    0x17E0, 0x1FC1, 0x1FE0, 0x0040, 0x0000, 0x0000, 0x0000, 0x0000, 0x0000, 0x0000, 0x0000, 0x0000,
    0x0000, 0x0000, 0x0000, 0x0000, 0x0000, 0x0000, 0x0000, 0x0000, 0x0000, 0x0000, 0x0000, 0x0000,
    0x0000, 0x0000, 0x0000, 0x0000, 0x0000, 0x0000, 0x0000, 0x0000, 0x0000, 0x0000, 0x0000, 0x0000,
    0x0000, 0x0000, 0x0000, 0x0000, 0x0000, 0x0000, 0x0000, 0x0000, 0x0000, 0x0000, 0x0000, 0x0000,
    0x0000, 0x0000, 0x0000, 0x0000, 0x0000, 0x0000, 0x0000, 0x0000, 0x0000, 0x0000, 0x0000, 0x0000,
    0x0000, 0x0000, 0x0000, 0x0000, 0x0000, 0x0000, 0x0000, 0x0000, 0x0000, 0x0000, 0x0000, 0x0000,
    0x0000, 0x0000, 0x0000, 0x0000, 0x0000, 0x0000, 0x0000, 0x0000, 0x0000, 0x0000, 0x0000, 0x0000,
    0x0000, 0x0000, 0x0000, 0x0000, 0x0000, 0x0000, 0x0000, 0x0000, 0x0000, 0x0000, 0x0000, 0x0000,
    0x0000, 0x0000, 0x0000, 0x1D64, 0x1FA1, 0x17E0, 0x17E0, 0x17E0, 0x17E0, 0x17E0, 0x17E0, 0x17E0,
    0x17E0, 0x17E0, 0x17E0, 0x17E0, 0x17E0, 0x17E0, 0x17E0, 0x17E0, 0x17E1, 0x0A00, 0x0802, 0x0001,
    0x0000, 0x0000, 0x0000, 0x0000, 0x0000, 0x0000, 0x0000, 0x0000, 0x0000, 0x0000, 0x0000, 0x0000,
    0x0000, 0x0000, 0x0020, 0x0020, 0x0000, 0x0800, 0x2E04, 0x1FC1, 0x17E0, 0x17E0, 0x17E0, 0x17E0,
    0x17E0, 0x17E0, 0x17E0, 0x17E0, 0x17E0, 0x17E0, 0x17E0, 0x17E0, 0x17E0, 0x17E0, 0x17E0, 0x2F03,
    0x0AC0, 0x1022, 0x0020, 0x0000, 0x0000, 0x0000, 0x0000, 0x0000, 0x0000, 0x0000, 0x0000, 0x0000,
    0x0000, 0x0000, 0x0000, 0x0000, 0x0000, 0x0000, 0x0020, 0x0000, 0x0120, 0x2CC4, 0x17E0, 0x0FE0,
    0x17C0, 0x17E0, 0x17E0, 0x17E0, 0x17E0, 0x17E0, 0x17E0, 0x17E0, 0x17E0, 0x17E0, 0x17E0, 0x17E0,
    0x17E0, 0x17C1, 0x1FE1, 0x00E0, 0x0000, 0x0000, 0x0000, 0x0000, 0x0000, 0x0000, 0x0000, 0x0000,
    0x0000, 0x0000, 0x0000, 0x0000, 0x0000, 0x0000, 0x0000, 0x0000, 0x0000, 0x0000, 0x0000, 0x0000,
    0x0000, 0x0000, 0x0000, 0x0000, 0x0000, 0x0000, 0x0000, 0x0000, 0x0000, 0x0000, 0x0000, 0x0000,
    0x0000, 0x0000, 0x0000, 0x0000, 0x0000, 0x0000, 0x0000, 0x0000, 0x0000, 0x0000, 0x0000, 0x0000,
    0x0000, 0x0000, 0x0000, 0x0000, 0x0000, 0x0000, 0x0000, 0x0000, 0x0000, 0x0000, 0x0000, 0x0000,
    0x0000, 0x0000, 0x0000, 0x0000, 0x0000, 0x0000, 0x0000, 0x0000, 0x0000, 0x0000, 0x0000, 0x0000,
    0x0000, 0x0000, 0x0000, 0x0000, 0x0000, 0x0000, 0x0000, 0x0000, 0x0000, 0x0000, 0x0000, 0x0000,
    0x0000, 0x0000, 0x0000, 0x0000, 0x0000, 0x0000, 0x0000, 0x0000, 0x0000, 0x0000, 0x0000, 0x0000,
    0x0000, 0x0020, 0x0000, 0x25E4, 0x17C1, 0x17E0, 0x17E0, 0x17E0, 0x17E0, 0x17E0, 0x17E0, 0x17E0,
    0x17E0, 0x17E0, 0x17E0, 0x17E0, 0x17E0, 0x17E0, 0x17E0, 0x17E0, 0x0FE0, 0x1B42, 0x0822, 0x0001,
    0x0000, 0x0000, 0x0000, 0x0000, 0x0000, 0x0000, 0x0000, 0x0000, 0x0000, 0x0000, 0x0000, 0x0000,
    0x0000, 0x0000, 0x0000, 0x0001, 0x0800, 0x1842, 0x25C2, 0x1FC1, 0x17E0, 0x17E0, 0x17E0, 0x17E0,
    0x17E0, 0x17E0, 0x17E0, 0x17E0, 0x17E0, 0x17E0, 0x17E0, 0x17E0, 0x17E0, 0x17E0, 0x17E0, 0x2622,
    0x0140, 0x0002, 0x00E0, 0x0000, 0x0000, 0x0000, 0x0000, 0x0000, 0x0000, 0x0000, 0x0000, 0x0000,
    0x0000, 0x0000, 0x0000, 0x0000, 0x0000, 0x0000, 0x0020, 0x0000, 0x09E0, 0x4625, 0x17E0, 0x0FE0,
    0x17C0, 0x17E0, 0x17E0, 0x17E0, 0x17E0, 0x17E0, 0x17E0, 0x17E0, 0x17E0, 0x17E0, 0x17E0, 0x17E0,
    0x17E0, 0x17A1, 0x17C0, 0x0180, 0x0000, 0x0000, 0x0000, 0x0000, 0x0000, 0x0000, 0x0000, 0x0000,
    0x0000, 0x0000, 0x0000, 0x0000, 0x0000, 0x0000, 0x0000, 0x0000, 0x0000, 0x0000, 0x0000, 0x0000,
    0x0000, 0x0000, 0x0000, 0x0000, 0x0000, 0x0000, 0x0000, 0x0000, 0x0000, 0x0000, 0x0000, 0x0000,
    0x0000, 0x0000, 0x0000, 0x0000, 0x0000, 0x0000, 0x0000, 0x0000, 0x0000, 0x0000, 0x0000, 0x0000,
    0x0000, 0x0000, 0x0000, 0x0000, 0x0000, 0x0000, 0x0000, 0x0000, 0x0000, 0x0000, 0x0000, 0x0000,
    0x0000, 0x0000, 0x0000, 0x0000, 0x0000, 0x0000, 0x0000, 0x0000, 0x0000, 0x0000, 0x0000, 0x0000,
    0x0000, 0x0000, 0x0000, 0x0000, 0x0000, 0x0000, 0x0000, 0x0000, 0x0000, 0x0000, 0x0000, 0x0000,
    0x0000, 0x0000, 0x0000, 0x0000, 0x0000, 0x0040, 0x0020, 0x0020, 0x0040, 0x0020, 0x0020, 0x0040,
    0x0060, 0x1022, 0x00A0, 0x27A3, 0x17A1, 0x17E0, 0x17E0, 0x17E0, 0x17E0, 0x17E0, 0x17E0, 0x17E0,
    0x17E0, 0x17E0, 0x17E0, 0x17E0, 0x17E0, 0x17E0, 0x17E0, 0x17E0, 0x1FE0, 0x2643, 0x01E0, 0x1042,
    0x0000, 0x0000, 0x0000, 0x0000, 0x0000, 0x0000, 0x0000, 0x0000, 0x0000, 0x0000, 0x0000, 0x0000,
    0x0000, 0x0000, 0x0000, 0x0000, 0x0800, 0x0000, 0x3684, 0x17E0, 0x17E0, 0x17E0, 0x17E0, 0x17E0,
    0x17E0, 0x17E0, 0x17E0, 0x17E0, 0x17E0, 0x17E0, 0x17E0, 0x17E0, 0x17E0, 0x17E0, 0x17E0, 0x25C2,
    0x0020, 0x0020, 0x0800, 0x0000, 0x0000, 0x0000, 0x0000, 0x0000, 0x0000, 0x0000, 0x0000, 0x0000,
    0x0000, 0x0000, 0x0000, 0x0000, 0x0000, 0x0000, 0x0822, 0x1002, 0x2D64, 0x27C2, 0x17E0, 0x17E0,
    0x17E0, 0x17E0, 0x17E0, 0x17E0, 0x17E0, 0x17E0, 0x17E0, 0x17E0, 0x17E0, 0x17E0, 0x17E0, 0x17E0,
    0x17E0, 0x1FE0, 0x17E0, 0x23E3, 0x0823, 0x0001, 0x0000, 0x0020, 0x0040, 0x0020, 0x0001, 0x0001,
    0x0000, 0x0000, 0x0000, 0x0000, 0x0000, 0x0000, 0x0000, 0x0000, 0x0000, 0x0000, 0x0000, 0x0000,
    0x0000, 0x0000, 0x0000, 0x0000, 0x0000, 0x0000, 0x0000, 0x0000, 0x0000, 0x0000, 0x0000, 0x0000,
    0x0000, 0x0000, 0x0000, 0x0000, 0x0000, 0x0000, 0x0000, 0x0000, 0x0000, 0x0000, 0x0000, 0x0000,
    0x0000, 0x0000, 0x0000, 0x0000, 0x0000, 0x0000, 0x0000, 0x0000, 0x0000, 0x0000, 0x0000, 0x0000,
    0x0000, 0x0000, 0x0000, 0x0000, 0x0000, 0x0000, 0x0000, 0x0000, 0x0000, 0x0000, 0x0000, 0x0000,
    0x0000, 0x0000, 0x0000, 0x0000, 0x0000, 0x0000, 0x0000, 0x0000, 0x0000, 0x0000, 0x0000, 0x0000,
    0x0000, 0x0000, 0x0000, 0x0000, 0x0000, 0x0000, 0x0000, 0x0801, 0x0822, 0x0801, 0x0801, 0x0801,
    0x0000, 0x00A0, 0x0AE1, 0x0FE1, 0x1FC1, 0x17E0, 0x17E0, 0x17E0, 0x17E0, 0x17E0, 0x17E0, 0x17E0,
    0x17E0, 0x17E0, 0x17E0, 0x17E0, 0x17E0, 0x17E0, 0x17E0, 0x17E0, 0x1FA0, 0x2744, 0x1BA2, 0x0802,
    0x0000, 0x0000, 0x0000, 0x0000, 0x0000, 0x0000, 0x0000, 0x0000, 0x0000, 0x0000, 0x0000, 0x0000,
    0x0000, 0x0000, 0x0000, 0x0020, 0x0801, 0x0000, 0x3745, 0x17E0, 0x17E0, 0x17E0, 0x17E0, 0x17E0,
    0x17E0, 0x17E0, 0x17E0, 0x17E0, 0x17E0, 0x17E0, 0x17E0, 0x17E0, 0x17E0, 0x17E0, 0x17E0, 0x25E3,
    0x0040, 0x0020, 0x0801, 0x0000, 0x0000, 0x0000, 0x0000, 0x0000, 0x0000, 0x0000, 0x0000, 0x0000,
    0x0000, 0x0000, 0x0000, 0x0000, 0x0000, 0x0000, 0x0003, 0x0802, 0x2F03, 0x17C1, 0x17E0, 0x17E0,
    0x17E0, 0x17E0, 0x17E0, 0x17E0, 0x17E0, 0x17E0, 0x17E0, 0x17E0, 0x17E0, 0x17E0, 0x17E0, 0x17E0,
    0x17E0, 0x17C0, 0x0FE0, 0x35E5, 0x1081, 0x1001, 0x0801, 0x0001, 0x0820, 0x0820, 0x0800, 0x0000,
    0x0000, 0x0000, 0x0000, 0x0000, 0x0000, 0x0000, 0x0000, 0x0000, 0x0000, 0x0000, 0x0000, 0x0000,
    0x0000, 0x0000, 0x0000, 0x0000, 0x0000, 0x0000, 0x0000, 0x0000, 0x0000, 0x0000, 0x0000, 0x0000,
    0x0000, 0x0000, 0x0000, 0x0000, 0x0000, 0x0000, 0x0000, 0x0000, 0x0000, 0x0000, 0x0000, 0x0000,
    0x0000, 0x0000, 0x0000, 0x0000, 0x0000, 0x0000, 0x0000, 0x0000, 0x0000, 0x0000, 0x0000, 0x0000,
    0x0000, 0x0000, 0x0000, 0x0000, 0x0000, 0x0000, 0x0000, 0x0000, 0x0000, 0x0000, 0x0000, 0x0000,
    0x0000, 0x0000, 0x0000, 0x0000, 0x0000, 0x0000, 0x0000, 0x0000, 0x0000, 0x0000, 0x0000, 0x0000,
    0x0000, 0x0000, 0x0000, 0x0000, 0x0000, 0x0020, 0x00A0, 0x0320, 0x14A1, 0x1F41, 0x1F81, 0x27C2,
    0x1FC1, 0x37A4, 0x27E3, 0x17E0, 0x0FC0, 0x17E0, 0x17E0, 0x17E0, 0x17E0, 0x17E0, 0x17E0, 0x17E0,
    0x17E0, 0x17E0, 0x17E0, 0x17E0, 0x17E0, 0x17E0, 0x17E0, 0x17E0, 0x17C1, 0x17C1, 0x2764, 0x08A0,
    0x0000, 0x0000, 0x0000, 0x0000, 0x0000, 0x0000, 0x0000, 0x0000, 0x0000, 0x0000, 0x0000, 0x0000,
    0x0000, 0x0000, 0x0000, 0x0000, 0x0001, 0x00C0, 0x1FA1, 0x1FE0, 0x17E0, 0x17E0, 0x17E0, 0x17E0,
    0x17E0, 0x17E0, 0x17E0, 0x17E0, 0x17E0, 0x17E0, 0x17E0, 0x17E0, 0x17E0, 0x17E0, 0x17E0, 0x2724,
    0x0A01, 0x0840, 0x0001, 0x0000, 0x0000, 0x0000, 0x0000, 0x0000, 0x0000, 0x0000, 0x0000, 0x0000,
    0x0000, 0x0000, 0x0000, 0x0000, 0x0000, 0x0020, 0x00E0, 0x1C22, 0x17C1, 0x17C1, 0x17E0, 0x17E0,
    0x17E0, 0x17E0, 0x17E0, 0x17E0, 0x17E0, 0x17E0, 0x17E0, 0x17E0, 0x17E0, 0x17E0, 0x17E0, 0x17E0,
    0x17E0, 0x17E2, 0x17E1, 0x1FE1, 0x1FA3, 0x1F84, 0x3645, 0x3565, 0x0B62, 0x02C1, 0x00E0, 0x0061,
    0x0000, 0x0000, 0x0000, 0x0000, 0x0000, 0x0000, 0x0000, 0x0000, 0x0000, 0x0000, 0x0000, 0x0000,
    0x0000, 0x0000, 0x0000, 0x0000, 0x0000, 0x0000, 0x0000, 0x0000, 0x0000, 0x0000, 0x0000, 0x0000,
    0x0000, 0x0000, 0x0000, 0x0000, 0x0000, 0x0000, 0x0000, 0x0000, 0x0000, 0x0000, 0x0000, 0x0000,
    0x0000, 0x0000, 0x0000, 0x0000, 0x0000, 0x0000, 0x0000, 0x0000, 0x0000, 0x0000, 0x0000, 0x0000,
    0x0000, 0x0000, 0x0000, 0x0000, 0x0000, 0x0000, 0x0000, 0x0000, 0x0000, 0x0000, 0x0000, 0x0000,
    0x0000, 0x0000, 0x0000, 0x0000, 0x0000, 0x0000, 0x0000, 0x0000, 0x0000, 0x0000, 0x0000, 0x0000,
    0x0020, 0x0020, 0x0000, 0x0801, 0x0800, 0x13E1, 0x24E4, 0x2724, 0x17A2, 0x1F82, 0x1FA2, 0x1FC1,
    0x17C1, 0x0FE0, 0x0FE0, 0x1FE1, 0x1FE1, 0x17E0, 0x17E0, 0x17E0, 0x17E0, 0x17E0, 0x17E0, 0x17E0,
    0x17E0, 0x17E0, 0x17E0, 0x17E0, 0x17E0, 0x17E0, 0x17E0, 0x17E0, 0x0FC1, 0x1FC0, 0x1FE2, 0x0BA0,
    0x0120, 0x0060, 0x0060, 0x0060, 0x0080, 0x0080, 0x0080, 0x0080, 0x0080, 0x0080, 0x0080, 0x0080,
    0x0080, 0x0080, 0x0080, 0x0080, 0x0141, 0x12C2, 0x1FC2, 0x1FE0, 0x17E0, 0x17E0, 0x17E0, 0x17E0,
    0x17E0, 0x17E0, 0x17E0, 0x17E0, 0x17E0, 0x17E0, 0x17E0, 0x17E0, 0x17E0, 0x17E0, 0x17E0, 0x2F84,
    0x1402, 0x08E0, 0x00A1, 0x0080, 0x0080, 0x0080, 0x0080, 0x0080, 0x0080, 0x0080, 0x0080, 0x0080,
    0x0080, 0x0080, 0x0080, 0x0080, 0x0080, 0x0080, 0x1B20, 0x2E64, 0x1FA1, 0x17C0, 0x17E0, 0x17E0,
    0x17E0, 0x17E0, 0x17E0, 0x17E0, 0x17E0, 0x17E0, 0x17E0, 0x17E0, 0x17E0, 0x17E0, 0x17E0, 0x17E0,
    0x17E0, 0x1FE0, 0x17A0, 0x17E0, 0x17E0, 0x17E0, 0x17E1, 0x17E1, 0x2760, 0x2F22, 0x2D84, 0x1C02,
    0x0080, 0x0020, 0x0000, 0x0000, 0x0000, 0x0000, 0x0000, 0x0000, 0x0000, 0x0000, 0x0000, 0x0000,
    0x0000, 0x0000, 0x0000, 0x0000, 0x0000, 0x0000, 0x0000, 0x0000, 0x0000, 0x0000, 0x0000, 0x0000,
    0x0000, 0x0000, 0x0000, 0x0000, 0x0000, 0x0000, 0x0000, 0x0000, 0x0000, 0x0000, 0x0000, 0x0000,
    0x0000, 0x0000, 0x0000, 0x0000, 0x0000, 0x0000, 0x0000, 0x0000, 0x0000, 0x0000, 0x0000, 0x0000,
    0x0000, 0x0000, 0x0000, 0x0000, 0x0000, 0x0000, 0x0000, 0x0000, 0x0000, 0x0000, 0x0000, 0x0000,
    0x0000, 0x0000, 0x0000, 0x0000, 0x0000, 0x0000, 0x0000, 0x0000, 0x0000, 0x0000, 0x0000, 0x0021,
    0x0001, 0x0801, 0x0802, 0x0421, 0x1F03, 0x27E3, 0x1FE1, 0x17E1, 0x1FE1, 0x17E0, 0x17E0, 0x17E0,
    0x17E0, 0x17E0, 0x17E0, 0x17E0, 0x17E0, 0x17E0, 0x17E0, 0x17E0, 0x17E0, 0x17E0, 0x17E0, 0x17E0,
    0x17E0, 0x17E0, 0x17E0, 0x17E0, 0x17E0, 0x17E0, 0x17E0, 0x17E0, 0x17E1, 0x17E0, 0x0FC0, 0x27C3,
    0x0FE0, 0x1FE0, 0x1FE0, 0x17E0, 0x17E0, 0x17E0, 0x17E0, 0x17E0, 0x17E0, 0x17E0, 0x17E0, 0x17E0,
    0x17E0, 0x17E0, 0x17E0, 0x17E0, 0x17E0, 0x17E0, 0x0FE0, 0x17E0, 0x17E0, 0x17E0, 0x17E0, 0x17E0,
    0x17E0, 0x17E0, 0x17E0, 0x17E0, 0x17E0, 0x17E0, 0x17E0, 0x17E0, 0x17E0, 0x17E0, 0x17E0, 0x17E1,
    0x17E1, 0x1FC2, 0x1FC1, 0x1FE0, 0x1FE0, 0x1FE0, 0x1FE0, 0x17E0, 0x17E0, 0x17E0, 0x17E0, 0x17E0,
    0x17E0, 0x17E0, 0x17E0, 0x17E0, 0x17E0, 0x17E0, 0x0FE0, 0x07C0, 0x17E0, 0x1FC1, 0x17E0, 0x17E0,
    0x17E0, 0x17E0, 0x17E0, 0x17E0, 0x17E0, 0x17E0, 0x17E0, 0x17E0, 0x17E0, 0x17E0, 0x17E0, 0x17E0,
    0x17E0, 0x17E0, 0x17E0, 0x17E0, 0x17E0, 0x17E0, 0x17E0, 0x17E0, 0x27E0, 0x1FE0, 0x0FE0, 0x17E1,
    0x27C3, 0x2584, 0x0060, 0x0800, 0x0800, 0x0000, 0x0000, 0x0000, 0x0000, 0x0000, 0x0000, 0x0000,
    0x0000, 0x0000, 0x0000, 0x0000, 0x0000, 0x0000, 0x0000, 0x0000, 0x0000, 0x0000, 0x0000, 0x0000,
    0x0000, 0x0000, 0x0000, 0x0000, 0x0000, 0x0000, 0x0000, 0x0000, 0x0000, 0x0000, 0x0000, 0x0000,
    0x0000, 0x0000, 0x0000, 0x0000, 0x0000, 0x0000, 0x0000, 0x0000, 0x0000, 0x0000, 0x0000, 0x0000,
    0x0000, 0x0000, 0x0000, 0x0000, 0x0000, 0x0000, 0x0000, 0x0000, 0x0000, 0x0000, 0x0000, 0x0000,
    0x0000, 0x0000, 0x0000, 0x0000, 0x0000, 0x0000, 0x0000, 0x0000, 0x0000, 0x0000, 0x0020, 0x0000,
    0x0000, 0x09A0, 0x1CC0, 0x1FA2, 0x1F42, 0x0FE0, 0x17E0, 0x17C0, 0x17E0, 0x17E0, 0x17E0, 0x17E0,
    0x17E0, 0x17E0, 0x17E0, 0x17E0, 0x17E0, 0x17E0, 0x17E0, 0x17E0, 0x17E0, 0x17E0, 0x17E0, 0x17E0,
    0x17E0, 0x17E0, 0x17E0, 0x17E0, 0x17E0, 0x17E0, 0x17E0, 0x17E0, 0x17E0, 0x0FC0, 0x17E0, 0x17E0,
    0x0FE0, 0x0FE0, 0x0FE0, 0x17E0, 0x17E0, 0x17E0, 0x17E0, 0x17E0, 0x17E0, 0x17E0, 0x17E0, 0x17E0,
    0x17E0, 0x17E0, 0x17E0, 0x17E0, 0x17C0, 0x17E0, 0x17E0, 0x17E0, 0x17E0, 0x17E0, 0x17E0, 0x17E0,
    0x17E0, 0x17E0, 0x17E0, 0x17E0, 0x17E0, 0x17E0, 0x17E0, 0x17E0, 0x17E0, 0x17E0, 0x17E0, 0x1FE0,
    0x1FC0, 0x1F80, 0x1FA0, 0x0FE0, 0x0FE0, 0x0FE0, 0x0FE0, 0x17E0, 0x17E0, 0x17E0, 0x17E0, 0x17E0,
    0x17E0, 0x17E0, 0x0FE0, 0x0FE0, 0x0FE0, 0x0FE0, 0x1FA1, 0x17A0, 0x17E0, 0x1FE0, 0x17E0, 0x17E0,
    0x17E0, 0x17E0, 0x17E0, 0x17E0, 0x17E0, 0x17E0, 0x17E0, 0x17E0, 0x17E0, 0x17E0, 0x17E0, 0x17E0,
    0x17E0, 0x17E0, 0x17E0, 0x17E0, 0x17E0, 0x17E0, 0x17E0, 0x17E0, 0x17E1, 0x17C1, 0x1FC1, 0x27E1,
    0x27C0, 0x1FE0, 0x1F42, 0x1C83, 0x0020, 0x0000, 0x0000, 0x0000, 0x0000, 0x0000, 0x0000, 0x0000,
    0x0000, 0x0000, 0x0000, 0x0000, 0x0000, 0x0000, 0x0000, 0x0000, 0x0000, 0x0000, 0x0000, 0x0000,
    0x0000, 0x0000, 0x0000, 0x0000, 0x0000, 0x0000, 0x0000, 0x0000, 0x0000, 0x0000, 0x0000, 0x0000,
    0x0000, 0x0000, 0x0000, 0x0000, 0x0000, 0x0000, 0x0000, 0x0000, 0x0000, 0x0000, 0x0000, 0x0000,
    0x0000, 0x0000, 0x0000, 0x0000, 0x0000, 0x0000, 0x0000, 0x0000, 0x0000, 0x0000, 0x0000, 0x0000,
    0x0000, 0x0000, 0x0000, 0x0000, 0x0000, 0x0000, 0x0000, 0x0000, 0x0000, 0x0000, 0x0040, 0x0000,
    0x0020, 0x24E2, 0x2702, 0x17E0, 0x27E2, 0x17C0, 0x17E1, 0x1FC0, 0x17E0, 0x17E0, 0x17E0, 0x17E0,
    0x17E0, 0x17E0, 0x17E0, 0x17E0, 0x17E0, 0x17E0, 0x17E0, 0x17E0, 0x17E0, 0x17E0, 0x17E0, 0x17E0,
    0x17E0, 0x17E0, 0x17E0, 0x17E0, 0x17E0, 0x17E0, 0x17E0, 0x17E0, 0x17E1, 0x17C0, 0x17C0, 0x17E0,
    0x1FA2, 0x1FA1, 0x1FC1, 0x1FC1, 0x17A1, 0x17A1, 0x17A1, 0x17A1, 0x17A1, 0x17A1, 0x17A1, 0x17A1,
    0x17A1, 0x17A1, 0x17A1, 0x17C1, 0x0FE0, 0x0FE0, 0x0FE0, 0x17E0, 0x17E0, 0x17E0, 0x17E0, 0x17E0,
    0x17E0, 0x17E0, 0x17E0, 0x17E0, 0x17E0, 0x17E0, 0x17E0, 0x17E0, 0x17E0, 0x17E0, 0x17E0, 0x17E0,
    0x17E0, 0x1FE1, 0x1FE1, 0x17C1, 0x17C1, 0x17C1, 0x17C1, 0x17A1, 0x17A1, 0x17A1, 0x17A1, 0x17A1,
    0x17A1, 0x17A1, 0x1FC1, 0x1FC1, 0x1FC1, 0x1FC1, 0x1FE1, 0x1FE2, 0x17E0, 0x0FC0, 0x17E0, 0x17E0,
    0x17E0, 0x17E0, 0x17E0, 0x17E0, 0x17E0, 0x17E0, 0x17E0, 0x17E0, 0x17E0, 0x17E0, 0x17E0, 0x17E0,
    0x17E0, 0x17E0, 0x17E0, 0x17E0, 0x17E0, 0x17E0, 0x17E0, 0x17E0, 0x17E0, 0x17E0, 0x1FE1, 0x17C0,
    0x17A0, 0x1FE0, 0x1FE1, 0x2EE4, 0x08C2, 0x0000, 0x0000, 0x0000, 0x0000, 0x0000, 0x0000, 0x0000,
    0x0000, 0x0000, 0x0000, 0x0000, 0x0000, 0x0000, 0x0000, 0x0000, 0x0000, 0x0000, 0x0000, 0x0000,
    0x0000, 0x0000, 0x0000, 0x0000, 0x0000, 0x0000, 0x0000, 0x0000, 0x0000, 0x0000, 0x0000, 0x0000,
    0x0000, 0x0000, 0x0000, 0x0000, 0x0000, 0x0000, 0x0000, 0x0000, 0x0000, 0x0000, 0x0000, 0x0000,
    0x0000, 0x0000, 0x0000, 0x0000, 0x0000, 0x0000, 0x0000, 0x0000, 0x0000, 0x0000, 0x0000, 0x0000,
    0x0000, 0x0000, 0x0000, 0x0000, 0x0000, 0x0000, 0x0000, 0x0000, 0x0000, 0x0000, 0x0000, 0x1001,
    0x0181, 0x27A2, 0x17E0, 0x17E0, 0x17E0, 0x17E0, 0x17E0, 0x17E0, 0x17E0, 0x17E0, 0x17E0, 0x17E0,
    0x17E0, 0x17E0, 0x17E0, 0x17E0, 0x17E0, 0x17E0, 0x17E0, 0x17E0, 0x17E0, 0x17E0, 0x17E0, 0x17E0,
    0x17E0, 0x17E0, 0x17E0, 0x17E0, 0x17E0, 0x17E0, 0x17E0, 0x17E0, 0x17E0, 0x17E0, 0x17E0, 0x17E0,
    0x17E0, 0x17E0, 0x17E0, 0x17E0, 0x17E0, 0x17E0, 0x17E0, 0x17E0, 0x17E0, 0x17E0, 0x17E0, 0x17E0,
    0x17E0, 0x17E0, 0x17E0, 0x17E0, 0x17E0, 0x17E0, 0x17E0, 0x17E0, 0x17E0, 0x17E0, 0x17E0, 0x17E0,
    0x17E0, 0x17E0, 0x17E0, 0x17E0, 0x17E0, 0x17E0, 0x17E0, 0x17E0, 0x17E0, 0x17E0, 0x17E0, 0x17E0,
    0x17E0, 0x17E0, 0x17E0, 0x17E0, 0x17E0, 0x17E0, 0x17E0, 0x17E0, 0x17E0, 0x17E0, 0x17E0, 0x17E0,
    0x17E0, 0x17E0, 0x17E0, 0x17E0, 0x17E0, 0x17E0, 0x17E0, 0x17E0, 0x17E0, 0x17E0, 0x17E0, 0x17E0,
    0x17E0, 0x17E0, 0x17E0, 0x17E0, 0x17E0, 0x17E0, 0x17E0, 0x17E0, 0x17E0, 0x17E0, 0x17E0, 0x17E0,
    0x17E0, 0x17E0, 0x17E0, 0x17E0, 0x17E0, 0x17E0, 0x17E0, 0x17E0, 0x17E0, 0x17E0, 0x17E0, 0x17E0,
    0x17E0, 0x17E0, 0x17E0, 0x17E0, 0x2684, 0x12A1, 0x0801, 0x0800, 0x0000, 0x0000, 0x0000, 0x0000,
    0x0000, 0x0000, 0x0000, 0x0000, 0x0000, 0x0000, 0x0000, 0x0000, 0x0000, 0x0000, 0x0000, 0x0000,
    0x0000, 0x0000, 0x0000, 0x0000, 0x0000, 0x0000, 0x0000, 0x0000, 0x0000, 0x0000, 0x0000, 0x0000,
    0x0000, 0x0000, 0x0000, 0x0000, 0x0000, 0x0000, 0x0000, 0x0000, 0x0000, 0x0000, 0x0000, 0x0000,
    0x0000, 0x0000, 0x0000, 0x0000, 0x0000, 0x0000, 0x0000, 0x0000, 0x0000, 0x0000, 0x0000, 0x0000,
    0x0000, 0x0000, 0x0000, 0x0000, 0x0000, 0x0000, 0x0000, 0x0000, 0x0000, 0x0000, 0x0020, 0x0860,
    0x1462, 0x1FE0, 0x17E0, 0x17E0, 0x17E0, 0x17E0, 0x17E0, 0x17E0, 0x17E0, 0x17E0, 0x17E0, 0x17E0,
    0x17E0, 0x17E0, 0x17E0, 0x17E0, 0x17E0, 0x17E0, 0x17E0, 0x17E0, 0x17E0, 0x17E0, 0x17E0, 0x17E0,
    0x17E0, 0x17E0, 0x17E0, 0x17E0, 0x17E0, 0x17E0, 0x17E0, 0x17E0, 0x17E0, 0x17E0, 0x17E0, 0x17E0,
    0x17E0, 0x17E0, 0x17E0, 0x17E0, 0x17E0, 0x17E0, 0x17E0, 0x17E0, 0x17E0, 0x17E0, 0x17E0, 0x17E0,
    0x17E0, 0x17E0, 0x17E0, 0x17E0, 0x17E0, 0x17E0, 0x17E0, 0x17E0, 0x17E0, 0x17E0, 0x17E0, 0x17E0,
    0x17E0, 0x17E0, 0x17E0, 0x17E0, 0x17E0, 0x17E0, 0x17E0, 0x17E0, 0x17E0, 0x17E0, 0x17E0, 0x17E0,
    0x17E0, 0x17E0, 0x17E0, 0x17E0, 0x17E0, 0x17E0, 0x17E0, 0x17E0, 0x17E0, 0x17E0, 0x17E0, 0x17E0,
    0x17E0, 0x17E0, 0x17E0, 0x17E0, 0x17E0, 0x17E0, 0x17E0, 0x17E0, 0x17E0, 0x17E0, 0x17E0, 0x17E0,
    0x17E0, 0x17E0, 0x17E0, 0x17E0, 0x17E0, 0x17E0, 0x17E0, 0x17E0, 0x17E0, 0x17E0, 0x17E0, 0x17E0,
    0x17E0, 0x17E0, 0x17E0, 0x17E0, 0x17E0, 0x17E0, 0x17E0, 0x17E0, 0x17E0, 0x17E0, 0x17E0, 0x17E0,
    0x17E0, 0x17E0, 0x17E0, 0x17E0, 0x27A3, 0x2D85, 0x0821, 0x0020, 0x0000, 0x0000, 0x0000, 0x0000,
    0x0000, 0x0000, 0x0000, 0x0000, 0x0000, 0x0000, 0x0000, 0x0000, 0x0000, 0x0000, 0x0000, 0x0000,
    0x0000, 0x0000, 0x0000, 0x0000, 0x0000, 0x0000, 0x0000, 0x0000, 0x0000, 0x0000, 0x0000, 0x0000,
    0x0000, 0x0000, 0x0000, 0x0000, 0x0000, 0x0000, 0x0000, 0x0000, 0x0000, 0x0000, 0x0000, 0x0000,
    0x0000, 0x0000, 0x0000, 0x0000, 0x0000, 0x0000, 0x0000, 0x0000, 0x0000, 0x0000, 0x0000, 0x0000,
    0x0000, 0x0000, 0x0000, 0x0000, 0x0000, 0x0000, 0x0000, 0x0000, 0x0000, 0x0000, 0x0801, 0x00A0,
    0x2FA4, 0x17E0, 0x17E0, 0x17E0, 0x17E0, 0x17E0, 0x17E0, 0x17E0, 0x17E0, 0x17E0, 0x17E0, 0x17E0,
    0x17E0, 0x17E0, 0x17E0, 0x17E0, 0x17E0, 0x17E0, 0x17E0, 0x17E0, 0x17E0, 0x17E0, 0x17E0, 0x17E0,
    0x17E0, 0x17E0, 0x17E0, 0x17E0, 0x17E0, 0x17E0, 0x17E0, 0x17E0, 0x17E0, 0x17E0, 0x17E0, 0x17E0,
    0x17E0, 0x17E0, 0x17E0, 0x17E0, 0x17E0, 0x17E0, 0x17E0, 0x17E0, 0x17E0, 0x17E0, 0x17E0, 0x17E0,
    0x17E0, 0x17E0, 0x17E0, 0x17E0, 0x17E0, 0x17E0, 0x17E0, 0x17E0, 0x17E0, 0x17E0, 0x17E0, 0x17E0,
    0x17E0, 0x17E0, 0x17E0, 0x17E0, 0x17E0, 0x17E0, 0x17E0, 0x17E0, 0x17E0, 0x17E0, 0x17E0, 0x17E0,
    0x17E0, 0x17E0, 0x17E0, 0x17E0, 0x17E0, 0x17E0, 0x17E0, 0x17E0, 0x17E0, 0x17E0, 0x17E0, 0x17E0,
    0x17E0, 0x17E0, 0x17E0, 0x17E0, 0x17E0, 0x17E0, 0x17E0, 0x17E0, 0x17E0, 0x17E0, 0x17E0, 0x17E0,
    0x17E0, 0x17E0, 0x17E0, 0x17E0, 0x17E0, 0x17E0, 0x17E0, 0x17E0, 0x17E0, 0x17E0, 0x17E0, 0x17E0,
    0x17E0, 0x17E0, 0x17E0, 0x17E0, 0x17E0, 0x17E0, 0x17E0, 0x17E0, 0x17E0, 0x17E0, 0x17E0, 0x17E0,
    0x17E0, 0x17E0, 0x17E0, 0x17E0, 0x0FE0, 0x17E2, 0x01E0, 0x0020, 0x0000, 0x0000, 0x0000, 0x0000,
    0x0000, 0x0000, 0x0000, 0x0000, 0x0000, 0x0000, 0x0000, 0x0000, 0x0000, 0x0000, 0x0000, 0x0000,
    0x0000, 0x0000, 0x0000, 0x0000, 0x0000, 0x0000, 0x0000, 0x0000, 0x0000, 0x0000, 0x0000, 0x0000,
    0x0000, 0x0000, 0x0000, 0x0000, 0x0000, 0x0000, 0x0000, 0x0000, 0x0000, 0x0000, 0x0000, 0x0000,
    0x0000, 0x0000, 0x0000, 0x0000, 0x0000, 0x0000, 0x0000, 0x0000, 0x0000, 0x0000, 0x0000, 0x0000,
    0x0000, 0x0000, 0x0000, 0x0000, 0x0000, 0x0000, 0x0000, 0x0000, 0x0000, 0x0000, 0x0801, 0x09E1,
    0x1FE2, 0x17E0, 0x17E0, 0x17E0, 0x17E0, 0x17E0, 0x17E0, 0x17E0, 0x17E0, 0x17E0, 0x17E0, 0x17E0,
    0x17E0, 0x17E0, 0x17E0, 0x17E0, 0x17E0, 0x17E0, 0x17E0, 0x17E0, 0x17E0, 0x17E0, 0x17E0, 0x17E0,
    0x17E0, 0x17E0, 0x17E0, 0x17E0, 0x17E0, 0x17E0, 0x17E0, 0x17E0, 0x17E0, 0x17E0, 0x17E0, 0x17E0,
    0x17E0, 0x17E0, 0x17E0, 0x17E0, 0x17E0, 0x17E0, 0x17E0, 0x17E0, 0x17E0, 0x17E0, 0x17E0, 0x17E0,
    0x17E0, 0x17E0, 0x17E0, 0x17E0, 0x17E0, 0x17E0, 0x17E0, 0x17E0, 0x17E0, 0x17E0, 0x17E0, 0x17E0,
    0x17E0, 0x17E0, 0x17E0, 0x17E0, 0x17E0, 0x17E0, 0x17E0, 0x17E0, 0x17E0, 0x17E0, 0x17E0, 0x17E0,
    0x17E0, 0x17E0, 0x17E0, 0x17E0, 0x17E0, 0x17E0, 0x17E0, 0x17E0, 0x17E0, 0x17E0, 0x17E0, 0x17E0,
    0x17E0, 0x17E0, 0x17E0, 0x17E0, 0x17E0, 0x17E0, 0x17E0, 0x17E0, 0x17E0, 0x17E0, 0x17E0, 0x17E0,
    0x17E0, 0x17E0, 0x17E0, 0x17E0, 0x17E0, 0x17E0, 0x17E0, 0x17E0, 0x17E0, 0x17E0, 0x17E0, 0x17E0,
    0x17E0, 0x17E0, 0x17E0, 0x17E0, 0x17E0, 0x17E0, 0x17E0, 0x17E0, 0x17E0, 0x17E0, 0x17E0, 0x17E0,
    0x17E0, 0x17E0, 0x17E0, 0x17E0, 0x17C2, 0x17E0, 0x1C64, 0x0880, 0x0000, 0x0000, 0x0000, 0x0000,
    0x0000, 0x0000, 0x0000, 0x0000, 0x0000, 0x0000, 0x0000, 0x0000, 0x0000, 0x0000, 0x0000, 0x0000,
    0x0000, 0x0000, 0x0000, 0x0000, 0x0000, 0x0000, 0x0000, 0x0000, 0x0000, 0x0000, 0x0000, 0x0000,
    0x0000, 0x0000, 0x0000, 0x0000, 0x0000, 0x0000, 0x0000, 0x0000, 0x0000, 0x0000, 0x0000, 0x0000,
    0x0000, 0x0000, 0x0000, 0x0000, 0x0000, 0x0000, 0x0000, 0x0000, 0x0000, 0x0000, 0x0000, 0x0000,
    0x0000, 0x0000, 0x0000, 0x0000, 0x0000, 0x0000, 0x0000, 0x0000, 0x0000, 0x0020, 0x0061, 0x2523,
    0x27A3, 0x0FE0, 0x17E0, 0x17E0, 0x17E0, 0x17E0, 0x17E0, 0x17E0, 0x17E0, 0x17E0, 0x17E0, 0x17E0,
    0x17E0, 0x17E0, 0x17E0, 0x17E0, 0x17E0, 0x17E0, 0x17E0, 0x17E0, 0x17E0, 0x17E0, 0x17E0, 0x17E0,
    0x17E0, 0x17E0, 0x17E0, 0x17E0, 0x17E0, 0x17E0, 0x17E0, 0x17E0, 0x17E0, 0x17E0, 0x17E0, 0x17E0,
    0x17E0, 0x17E0, 0x17E0, 0x17E0, 0x17E0, 0x17E0, 0x17E0, 0x17E0, 0x17E0, 0x17E0, 0x17E0, 0x17E0,
    0x17E0, 0x17E0, 0x17E0, 0x17E0, 0x17E0, 0x17E0, 0x17E0, 0x17E0, 0x17E0, 0x17E0, 0x17E0, 0x17E0,
    0x17E0, 0x17E0, 0x17E0, 0x17E0, 0x17E0, 0x17E0, 0x17E0, 0x17E0, 0x17E0, 0x17E0, 0x17E0, 0x17E0,
    0x17E0, 0x17E0, 0x17E0, 0x17E0, 0x17E0, 0x17E0, 0x17E0, 0x17E0, 0x17E0, 0x17E0, 0x17E0, 0x17E0,
    0x17E0, 0x17E0, 0x17E0, 0x17E0, 0x17E0, 0x17E0, 0x17E0, 0x17E0, 0x17E0, 0x17E0, 0x17E0, 0x17E0,
    0x17E0, 0x17E0, 0x17E0, 0x17E0, 0x17E0, 0x17E0, 0x17E0, 0x17E0, 0x17E0, 0x17E0, 0x17E0, 0x17E0,
    0x17E0, 0x17E0, 0x17E0, 0x17E0, 0x17E0, 0x17E0, 0x17E0, 0x17E0, 0x17E0, 0x17E0, 0x17E0, 0x17E0,
    0x17E0, 0x17E0, 0x17E0, 0x17E0, 0x17E0, 0x17E1, 0x2723, 0x1341, 0x0000, 0x0000, 0x0000, 0x0000,
    0x0000, 0x0000, 0x0000, 0x0000, 0x0000, 0x0000, 0x0000, 0x0000, 0x0000, 0x0000, 0x0000, 0x0000,
    0x0000, 0x0000, 0x0000, 0x0000, 0x0000, 0x0000, 0x0000, 0x0000, 0x0000, 0x0000, 0x0000, 0x0000,
    0x0000, 0x0000, 0x0000, 0x0000, 0x0000, 0x0000, 0x0000, 0x0000, 0x0000, 0x0000, 0x0000, 0x0000,
    0x0000, 0x0000, 0x0000, 0x0000, 0x0000, 0x0000, 0x0000, 0x0000, 0x0000, 0x0000, 0x0000, 0x0000,
    0x0000, 0x0000, 0x0000, 0x0000, 0x0000, 0x0000, 0x0000, 0x0000, 0x0000, 0x0020, 0x1A42, 0x2E64,
    0x1FE2, 0x17E0, 0x17E0, 0x17E0, 0x17E0, 0x17E0, 0x17E0, 0x17E0, 0x17E0, 0x17E0, 0x17E0, 0x17E0,
    0x17E0, 0x17E0, 0x17E0, 0x17E0, 0x17E0, 0x17E0, 0x17E0, 0x17E0, 0x17E0, 0x17E0, 0x17E0, 0x17E0,
    0x17E0, 0x17E0, 0x17E0, 0x17E0, 0x17E0, 0x17E0, 0x17E0, 0x17E0, 0x17E0, 0x17E0, 0x17E0, 0x17E0,
    0x17E0, 0x17E0, 0x17E0, 0x17E0, 0x17E0, 0x17E0, 0x17E0, 0x17E0, 0x17E0, 0x17E0, 0x17E0, 0x17E0,
    0x17E0, 0x17E0, 0x17E0, 0x17E0, 0x17E0, 0x17E0, 0x17E0, 0x17E0, 0x17E0, 0x17E0, 0x17E0, 0x17E0,
    0x17E0, 0x17E0, 0x17E0, 0x17E0, 0x17E0, 0x17E0, 0x17E0, 0x17E0, 0x17E0, 0x17E0, 0x17E0, 0x17E0,
    0x17E0, 0x17E0, 0x17E0, 0x17E0, 0x17E0, 0x17E0, 0x17E0, 0x17E0, 0x17E0, 0x17E0, 0x17E0, 0x17E0,
    0x17E0, 0x17E0, 0x17E0, 0x17E0, 0x17E0, 0x17E0, 0x17E0, 0x17E0, 0x17E0, 0x17E0, 0x17E0, 0x17E0,
    0x17E0, 0x17E0, 0x17E0, 0x17E0, 0x17E0, 0x17E0, 0x17E0, 0x17E0, 0x17E0, 0x17E0, 0x17E0, 0x17E0,
    0x17E0, 0x17E0, 0x17E0, 0x17E0, 0x17E0, 0x17E0, 0x17E0, 0x17E0, 0x17E0, 0x17E0, 0x17E0, 0x17E0,
    0x17E0, 0x17E0, 0x17E0, 0x17E0, 0x17E0, 0x1FE1, 0x2783, 0x24C4, 0x0000, 0x0000, 0x0000, 0x0000,
    0x0000, 0x0000, 0x0000, 0x0000, 0x0000, 0x0000, 0x0000, 0x0000, 0x0000, 0x0000, 0x0000, 0x0000,
    0x0000, 0x0000, 0x0000, 0x0000, 0x0000, 0x0000, 0x0000, 0x0000, 0x0000, 0x0000, 0x0000, 0x0000,
    0x0000, 0x0000, 0x0000, 0x0000, 0x0000, 0x0000, 0x0000, 0x0000, 0x0000, 0x0000, 0x0000, 0x0000,
    0x0000, 0x0000, 0x0000, 0x0000, 0x0000, 0x0000, 0x0000, 0x0000, 0x0000, 0x0000, 0x0000, 0x0000,
    0x0000, 0x0000, 0x0000, 0x0000, 0x0000, 0x0000, 0x0000, 0x0000, 0x0000, 0x0000, 0x25A3, 0x1FE1,
    0x17E0, 0x1FE1, 0x17E0, 0x17E0, 0x17E0, 0x17E0, 0x17E0, 0x17E0, 0x17E0, 0x17E0, 0x17E0, 0x17E0,
    0x17E0, 0x17E0, 0x17E0, 0x17E0, 0x17E0, 0x17E0, 0x17E0, 0x17E0, 0x17E0, 0x17E0, 0x17E0, 0x17E0,
    0x17E0, 0x17E0, 0x17E0, 0x17E0, 0x17E0, 0x17E0, 0x17E0, 0x17E0, 0x17E0, 0x17E0, 0x17E0, 0x17E0,
    0x17E0, 0x17E0, 0x17E0, 0x17E0, 0x17E0, 0x17E0, 0x17E0, 0x17E0, 0x17E0, 0x17E0, 0x17E0, 0x17E0,
    0x17E0, 0x17E0, 0x17E0, 0x17E0, 0x17E0, 0x17E0, 0x17E0, 0x17E0, 0x17E0, 0x17E0, 0x17E0, 0x17E0,
    0x17E0, 0x17E0, 0x17E0, 0x17E0, 0x17E0, 0x17E0, 0x17E0, 0x17E0, 0x17E0, 0x17E0, 0x17E0, 0x17E0,
    0x17E0, 0x17E0, 0x17E0, 0x17E0, 0x17E0, 0x17E0, 0x17E0, 0x17E0, 0x17E0, 0x17E0, 0x17E0, 0x17E0,
    0x17E0, 0x17E0, 0x17E0, 0x17E0, 0x17E0, 0x17E0, 0x17E0, 0x17E0, 0x17E0, 0x17E0, 0x17E0, 0x17E0,
    0x17E0, 0x17E0, 0x17E0, 0x17E0, 0x17E0, 0x17E0, 0x17E0, 0x17E0, 0x17E0, 0x17E0, 0x17E0, 0x17E0,
    0x17E0, 0x17E0, 0x17E0, 0x17E0, 0x17E0, 0x17E0, 0x17E0, 0x17E0, 0x17E0, 0x17E0, 0x17E0, 0x17E0,
    0x17E0, 0x17E0, 0x17E0, 0x17E0, 0x17E0, 0x1FC1, 0x17E0, 0x3765, 0x0000, 0x0000, 0x0000, 0x0000,
    0x0000, 0x0000, 0x0000, 0x0000, 0x0000, 0x0000, 0x0000, 0x0000, 0x0000, 0x0000, 0x0000, 0x0000,
    0x0000, 0x0000, 0x0000, 0x0000, 0x0000, 0x0000, 0x0000, 0x0000, 0x0000, 0x0000, 0x0000, 0x0000,
    0x0000, 0x0000, 0x0000, 0x0000, 0x0000, 0x0000, 0x0000, 0x0000, 0x0000, 0x0000, 0x0000, 0x0000,
    0x0000, 0x0000, 0x0000, 0x0000, 0x0000, 0x0000, 0x0000, 0x0000, 0x0000, 0x0000, 0x0000, 0x0000,
    0x0000, 0x0000, 0x0000, 0x0000, 0x0000, 0x0000, 0x0000, 0x0000, 0x0000, 0x0000, 0x26C3, 0x17E0,
    0x17C0, 0x17E1, 0x17E0, 0x17E0, 0x17E0, 0x17E0, 0x17E0, 0x17E0, 0x17E0, 0x17E0, 0x17E0, 0x17E0,
    0x17E0, 0x17E0, 0x17E0, 0x17E0, 0x17E0, 0x17E0, 0x17E0, 0x17E0, 0x17E0, 0x17E0, 0x17E0, 0x17E0,
    0x17E0, 0x17E0, 0x17E0, 0x17E0, 0x17E0, 0x17E0, 0x17E0, 0x17E0, 0x17E0, 0x17E0, 0x17E0, 0x17E0,
    0x17E0, 0x17E0, 0x17E0, 0x17E0, 0x17E0, 0x17E0, 0x17E0, 0x17E0, 0x17E0, 0x17E0, 0x17E0, 0x17E0,
    0x17E0, 0x17E0, 0x17E0, 0x17E0, 0x17E0, 0x17E0, 0x17E0, 0x17E0, 0x17E0, 0x17E0, 0x17E0, 0x17E0,
    0x17E0, 0x17E0, 0x17E0, 0x17E0, 0x17E0, 0x17E0, 0x17E0, 0x17E0, 0x17E0, 0x17E0, 0x17E0, 0x17E0,
    0x17E0, 0x17E0, 0x17E0, 0x17E0, 0x17E0, 0x17E0, 0x17E0, 0x17E0, 0x17E0, 0x17E0, 0x17E0, 0x17E0,
    0x17E0, 0x17E0, 0x17E0, 0x17E0, 0x17E0, 0x17E0, 0x17E0, 0x17E0, 0x17E0, 0x17E0, 0x17E0, 0x17E0,
    0x17E0, 0x17E0, 0x17E0, 0x17E0, 0x17E0, 0x17E0, 0x17E0, 0x17E0, 0x17E0, 0x17E0, 0x17E0, 0x17E0,
    0x17E0, 0x17E0, 0x17E0, 0x17E0, 0x17E0, 0x17E0, 0x17E0, 0x17E0, 0x17E0, 0x17E0, 0x17E0, 0x17E0,
    0x17E0, 0x17E0, 0x17E0, 0x17E0, 0x17E0, 0x1780, 0x0FE0, 0x2FE4, 0x0020, 0x0000, 0x0000, 0x0000,
    0x0000, 0x0000, 0x0000, 0x0000, 0x0000, 0x0000, 0x0000, 0x0000, 0x0000, 0x0000, 0x0000, 0x0000,
    0x0000, 0x0000, 0x0000, 0x0000, 0x0000, 0x0000, 0x0000, 0x0000, 0x0000, 0x0000, 0x0000, 0x0000,
    0x0000, 0x0000, 0x0000, 0x0000, 0x0000, 0x0000, 0x0000, 0x0000, 0x0000, 0x0000, 0x0000, 0x0000,
    0x0000, 0x0000, 0x0000, 0x0000, 0x0000, 0x0000, 0x0000, 0x0000, 0x0000, 0x0000, 0x0000, 0x0000,
    0x0000, 0x0000, 0x0000, 0x0000, 0x0000, 0x0000, 0x0000, 0x0801, 0x0021, 0x0020, 0x1F83, 0x17C0,
    0x17E1, 0x17E0, 0x17E0, 0x17E0, 0x17E0, 0x17E0, 0x17E0, 0x17E0, 0x17E0, 0x17E0, 0x17E0, 0x17E0,
    0x17E0, 0x17E0, 0x17E0, 0x17E0, 0x17E0, 0x17E0, 0x17E0, 0x17E0, 0x17E0, 0x1FE1, 0x17C0, 0x1FE1,
    0x1FE1, 0x17E0, 0x17E0, 0x17E0, 0x17E0, 0x17E0, 0x17E0, 0x17E0, 0x17E0, 0x17E0, 0x17E0, 0x17E0,
    0x17E0, 0x17E0, 0x17E0, 0x17E0, 0x17E0, 0x17E0, 0x17E0, 0x17E0, 0x17E0, 0x17E0, 0x17E0, 0x17E0,
    0x17E0, 0x17E0, 0x17E0, 0x17E0, 0x17E0, 0x17E0, 0x17E0, 0x17E0, 0x17E0, 0x17E0, 0x17E0, 0x17E0,
    0x17E0, 0x17E0, 0x17E0, 0x17E0, 0x17E0, 0x17E0, 0x17E0, 0x17E0, 0x17E0, 0x17E0, 0x17E0, 0x17E0,
    0x17E0, 0x17E0, 0x17E0, 0x17E0, 0x17E0, 0x17E0, 0x17E0, 0x17E0, 0x17E0, 0x17E0, 0x17E0, 0x17E0,
    0x17E0, 0x17E0, 0x17E0, 0x17E0, 0x17E0, 0x17E0, 0x17E0, 0x17E0, 0x17E0, 0x17E0, 0x17E0, 0x17E0,
    0x17E0, 0x17E0, 0x17E0, 0x17E0, 0x17E0, 0x17E1, 0x17E0, 0x1FC0, 0x17E1, 0x17E0, 0x17E0, 0x17E0,
    0x17E0, 0x17E0, 0x17E0, 0x17E0, 0x17E0, 0x17E0, 0x17E0, 0x17E0, 0x17E0, 0x17E0, 0x17E0, 0x17E0,
    0x17E0, 0x17E0, 0x17E0, 0x17E0, 0x17E0, 0x0FE0, 0x17E1, 0x1FC1, 0x1342, 0x0020, 0x0020, 0x0000,
    0x0000, 0x0000, 0x0000, 0x0000, 0x0000, 0x0000, 0x0000, 0x0000, 0x0000, 0x0000, 0x0000, 0x0000,
    0x0000, 0x0000, 0x0000, 0x0000, 0x0000, 0x0000, 0x0000, 0x0000, 0x0000, 0x0000, 0x0000, 0x0000,
    0x0000, 0x0000, 0x0000, 0x0000, 0x0000, 0x0000, 0x0000, 0x0000, 0x0000, 0x0000, 0x0000, 0x0000,
    0x0000, 0x0000, 0x0000, 0x0000, 0x0000, 0x0000, 0x0000, 0x0000, 0x0000, 0x0000, 0x0000, 0x0000,
    0x0000, 0x0000, 0x0000, 0x0000, 0x0000, 0x0000, 0x0000, 0x0822, 0x0821, 0x00A0, 0x17C1, 0x0FC0,
    0x17E1, 0x17E0, 0x17E0, 0x17E0, 0x17E0, 0x17E0, 0x17E0, 0x17E0, 0x17E0, 0x17E0, 0x17E0, 0x17E0,
    0x17E0, 0x17E0, 0x17E0, 0x17E0, 0x17E0, 0x17E0, 0x17E0, 0x17E0, 0x17E0, 0x17C1, 0x17E0, 0x0FE0,
    0x17E0, 0x17E0, 0x17E0, 0x17E0, 0x17E0, 0x17E0, 0x17E0, 0x17E0, 0x17E0, 0x17E0, 0x17E0, 0x17E0,
    0x17E0, 0x17E0, 0x17E0, 0x17E0, 0x17E0, 0x17E0, 0x17E0, 0x17E0, 0x17E0, 0x17E0, 0x17E0, 0x17E0,
    0x17E0, 0x17E0, 0x17E0, 0x17E0, 0x17E0, 0x17E0, 0x17E0, 0x17E0, 0x17E0, 0x17E0, 0x17E0, 0x17E0,
    0x17E0, 0x17E0, 0x17E0, 0x17E0, 0x17E0, 0x17E0, 0x17E0, 0x17E0, 0x17E0, 0x17E0, 0x17E0, 0x17E0,
    0x17E0, 0x17E0, 0x17E0, 0x17E0, 0x17E0, 0x17E0, 0x17E0, 0x17E0, 0x17E0, 0x17E0, 0x17E0, 0x17E0,
    0x17E0, 0x17E0, 0x17E0, 0x17E0, 0x17E0, 0x17E0, 0x17E0, 0x17E0, 0x17E0, 0x17E0, 0x17E0, 0x17E0,
    0x17E0, 0x17E0, 0x17E0, 0x17E0, 0x17E0, 0x1FC1, 0x0FE0, 0x1FE0, 0x1FE0, 0x17E0, 0x17E0, 0x17E0,
    0x17E0, 0x17E0, 0x17E0, 0x17E0, 0x17E0, 0x17E0, 0x17E0, 0x17E0, 0x17E0, 0x17E0, 0x17E0, 0x17E0,
    0x17E0, 0x17E0, 0x17E0, 0x17E0, 0x17E1, 0x17E0, 0x17E1, 0x1FE1, 0x1C63, 0x0020, 0x0040, 0x0000,
    0x0000, 0x0000, 0x0000, 0x0000, 0x0000, 0x0000, 0x0000, 0x0000, 0x0000, 0x0000, 0x0000, 0x0000,
    0x0000, 0x0000, 0x0000, 0x0000, 0x0000, 0x0000, 0x0000, 0x0000, 0x0000, 0x0000, 0x0000, 0x0000,
    0x0000, 0x0000, 0x0000, 0x0000, 0x0000, 0x0000, 0x0000, 0x0000, 0x0000, 0x0000, 0x0000, 0x0000,
    0x0000, 0x0000, 0x0000, 0x0000, 0x0000, 0x0000, 0x0000, 0x0000, 0x0000, 0x0000, 0x0000, 0x0000,
    0x0000, 0x0000, 0x0000, 0x0000, 0x0000, 0x0000, 0x0001, 0x0020, 0x0001, 0x0A60, 0x17C0, 0x17E0,
    0x17C1, 0x17E0, 0x17E0, 0x17E0, 0x17E0, 0x17E0, 0x17E0, 0x17E0, 0x17E0, 0x17E0, 0x17E0, 0x17E0,
    0x17E0, 0x17E0, 0x17E0, 0x17E0, 0x17E0, 0x17E0, 0x17E0, 0x17E0, 0x17E0, 0x17E0, 0x2743, 0x2F63,
    0x1FC1, 0x17E0, 0x17E0, 0x17E0, 0x17E0, 0x17E0, 0x17E0, 0x17E0, 0x17E0, 0x17E0, 0x17E0, 0x17E0,
    0x17E0, 0x17E0, 0x17E0, 0x17E0, 0x17E0, 0x17E0, 0x17E0, 0x17E0, 0x17E0, 0x17E0, 0x17E0, 0x17E0,
    0x17E0, 0x17E0, 0x17E0, 0x17E0, 0x17E0, 0x17E0, 0x17E0, 0x17E0, 0x17E0, 0x17E0, 0x17E0, 0x17E0,
    0x17E0, 0x17E0, 0x17E0, 0x17E0, 0x17E0, 0x17E0, 0x17E0, 0x17E0, 0x17E0, 0x17E0, 0x17E0, 0x17E0,
    0x17E0, 0x17E0, 0x17E0, 0x17E0, 0x17E0, 0x17E0, 0x17E0, 0x17E0, 0x17E0, 0x17E0, 0x17E0, 0x17E0,
    0x17E0, 0x17E0, 0x17E0, 0x17E0, 0x17E0, 0x17E0, 0x17E0, 0x17E0, 0x17E0, 0x17E0, 0x17E0, 0x17E0,
    0x17E0, 0x17E0, 0x17E0, 0x17E0, 0x17E0, 0x17E0, 0x27E3, 0x2F43, 0x1FA1, 0x17E0, 0x17E0, 0x17E0,
    0x17E0, 0x17E0, 0x17E0, 0x17E0, 0x17E0, 0x17E0, 0x17E0, 0x17E0, 0x17E0, 0x17E0, 0x17E0, 0x17E0,
    0x17E0, 0x17E0, 0x17E0, 0x17E0, 0x17E1, 0x17E1, 0x17E0, 0x17E0, 0x2623, 0x0020, 0x0021, 0x0000,
    0x0000, 0x0000, 0x0000, 0x0000, 0x0000, 0x0000, 0x0000, 0x0000, 0x0000, 0x0000, 0x0000, 0x0000,
    0x0000, 0x0000, 0x0000, 0x0000, 0x0000, 0x0000, 0x0000, 0x0000, 0x0000, 0x0000, 0x0000, 0x0000,
    0x0000, 0x0000, 0x0000, 0x0000, 0x0000, 0x0000, 0x0000, 0x0000, 0x0000, 0x0000, 0x0000, 0x0000,
    0x0000, 0x0000, 0x0000, 0x0000, 0x0000, 0x0000, 0x0000, 0x0000, 0x0000, 0x0000, 0x0000, 0x0000,
    0x0000, 0x0000, 0x0000, 0x0000, 0x0000, 0x0000, 0x0001, 0x0000, 0x0801, 0x1B83, 0x17E1, 0x17C0,
    0x17E1, 0x17E0, 0x17E0, 0x17E0, 0x17E0, 0x17E0, 0x17E0, 0x17E0, 0x17E0, 0x17E0, 0x17E0, 0x17E0,
    0x17E0, 0x17E0, 0x17E0, 0x17E0, 0x17E0, 0x17E0, 0x17E0, 0x17E0, 0x17E0, 0x1FC2, 0x1CE2, 0x1481,
    0x2FA3, 0x17E0, 0x17E0, 0x17E0, 0x17E0, 0x17E0, 0x17E0, 0x17E0, 0x17E0, 0x17E0, 0x17E0, 0x17E0,
    0x17E0, 0x17E0, 0x17E0, 0x17E0, 0x17E0, 0x17E0, 0x17E0, 0x17E0, 0x17E0, 0x17E0, 0x17E0, 0x17E0,
    0x17E0, 0x17E0, 0x17E0, 0x17E0, 0x17E0, 0x17E0, 0x17E0, 0x17E0, 0x17E0, 0x17E0, 0x17E0, 0x17E0,
    0x17E0, 0x17E0, 0x17E0, 0x17E0, 0x17E0, 0x17E0, 0x17E0, 0x17E0, 0x17E0, 0x17E0, 0x17E0, 0x17E0,
    0x17E0, 0x17E0, 0x17E0, 0x17E0, 0x17E0, 0x17E0, 0x17E0, 0x17E0, 0x17E0, 0x17E0, 0x17E0, 0x17E0,
    0x17E0, 0x17E0, 0x17E0, 0x17E0, 0x17E0, 0x17E0, 0x17E0, 0x17E0, 0x17E0, 0x17E0, 0x17E0, 0x17E0,
    0x17E0, 0x17E0, 0x17E0, 0x17E0, 0x17E0, 0x2FE2, 0x2F05, 0x14C1, 0x2703, 0x17E0, 0x17E0, 0x17E0,
    0x17E0, 0x17E0, 0x17E0, 0x17E0, 0x17E0, 0x17E0, 0x17E0, 0x17E0, 0x17E0, 0x17E0, 0x17E0, 0x17E0,
    0x17E0, 0x17E0, 0x17E0, 0x17E0, 0x17E1, 0x17E1, 0x17E0, 0x17E0, 0x2EA4, 0x0040, 0x0822, 0x0000,
    0x0000, 0x0000, 0x0000, 0x0000, 0x0000, 0x0000, 0x0000, 0x0000, 0x0000, 0x0000, 0x0000, 0x0000,
    0x0000, 0x0000, 0x0000, 0x0000, 0x0000, 0x0000, 0x0000, 0x0000, 0x0000, 0x0000, 0x0000, 0x0000,
    0x0000, 0x0000, 0x0000, 0x0000, 0x0000, 0x0000, 0x0000, 0x0000, 0x0000, 0x0000, 0x0000, 0x0000,
    0x0000, 0x0000, 0x0000, 0x0000, 0x0000, 0x0000, 0x0000, 0x0000, 0x0000, 0x0000, 0x0000, 0x0000,
    0x0000, 0x0000, 0x0000, 0x0000, 0x0000, 0x0000, 0x0000, 0x0000, 0x00E0, 0x1D22, 0x17E0, 0x17E0,
    0x17E0, 0x17E0, 0x17E0, 0x17E0, 0x17E0, 0x17E0, 0x17E0, 0x17E0, 0x17E0, 0x17E0, 0x17E0, 0x17E0,
    0x17E0, 0x17E0, 0x17E0, 0x17E0, 0x17E0, 0x17C1, 0x17E0, 0x17E0, 0x27C3, 0x2D84, 0x1002, 0x0821,
    0x0B80, 0x2EA4, 0x0FE0, 0x1FE2, 0x1FE0, 0x17E0, 0x17E0, 0x17E0, 0x17E0, 0x17E0, 0x17E0, 0x17E0,
    0x17E0, 0x17E0, 0x17E0, 0x17E0, 0x17E0, 0x17E0, 0x17E0, 0x17E0, 0x17E0, 0x17E0, 0x17E0, 0x17E0,
    0x17E0, 0x17E0, 0x17E0, 0x17E0, 0x17E0, 0x17E0, 0x17E0, 0x17E0, 0x17E0, 0x17E0, 0x17E0, 0x17E0,
    0x17E0, 0x17E0, 0x17E0, 0x17E0, 0x17E0, 0x17E0, 0x17E0, 0x17E0, 0x17E0, 0x17E0, 0x17E0, 0x17E0,
    0x17E0, 0x17E0, 0x17E0, 0x17E0, 0x17E0, 0x17E0, 0x17E0, 0x17E0, 0x17E0, 0x17E0, 0x17E0, 0x17E0,
    0x17E0, 0x17E0, 0x17E0, 0x17E0, 0x17E0, 0x17E0, 0x17E0, 0x17E0, 0x17E0, 0x17E0, 0x17E0, 0x17E0,
    0x17E0, 0x1FE0, 0x0FC1, 0x17E0, 0x1FC0, 0x2DC3, 0x01C0, 0x1002, 0x01E0, 0x1FA2, 0x17C0, 0x0FE1,
    0x17C0, 0x17E0, 0x17E0, 0x17E0, 0x17E0, 0x17E0, 0x17E0, 0x17E0, 0x17E0, 0x17E0, 0x17E0, 0x17E0,
    0x17E0, 0x17E0, 0x17E0, 0x17E0, 0x17E0, 0x17E0, 0x17E0, 0x17E0, 0x2742, 0x0001, 0x0021, 0x0021,
    0x0000, 0x0000, 0x0000, 0x0000, 0x0000, 0x0000, 0x0000, 0x0000, 0x0000, 0x0000, 0x0000, 0x0000,
    0x0000, 0x0000, 0x0000, 0x0000, 0x0000, 0x0000, 0x0000, 0x0000, 0x0000, 0x0000, 0x0000, 0x0000,
    0x0000, 0x0000, 0x0000, 0x0000, 0x0000, 0x0000, 0x0000, 0x0000, 0x0000, 0x0000, 0x0000, 0x0000,
    0x0000, 0x0000, 0x0000, 0x0000, 0x0000, 0x0000, 0x0000, 0x0000, 0x0000, 0x0000, 0x0000, 0x0000,
    0x0000, 0x0000, 0x0000, 0x0000, 0x0000, 0x0000, 0x0000, 0x0000, 0x11C1, 0x3665, 0x17E0, 0x17E0,
    0x17E0, 0x17E0, 0x17E0, 0x17E0, 0x17E0, 0x17E0, 0x17E0, 0x17E0, 0x17E0, 0x17E0, 0x17E0, 0x17E0,
    0x17E0, 0x17E0, 0x17E0, 0x17E0, 0x17E0, 0x1FC1, 0x0FE0, 0x0FC0, 0x1CC2, 0x00A1, 0x0801, 0x0040,
    0x0802, 0x0101, 0x2F83, 0x0FC1, 0x17E0, 0x17E0, 0x17E0, 0x17E0, 0x17E0, 0x17E0, 0x17E0, 0x17E0,
    0x17E0, 0x17E0, 0x17E0, 0x17E0, 0x17E0, 0x17E0, 0x17E0, 0x17E0, 0x17E0, 0x17E0, 0x17E0, 0x17E0,
    0x17E0, 0x17E0, 0x17E0, 0x17E0, 0x17E0, 0x17E0, 0x17E0, 0x17E0, 0x17E0, 0x17E0, 0x17E0, 0x17E0,
    0x17E0, 0x17E0, 0x17E0, 0x17E0, 0x17E0, 0x17E0, 0x17E0, 0x17E0, 0x17E0, 0x17E0, 0x17E0, 0x17E0,
    0x17E0, 0x17E0, 0x17E0, 0x17E0, 0x17E0, 0x17E0, 0x17E0, 0x17E0, 0x17E0, 0x17E0, 0x17E0, 0x17E0,
    0x17E0, 0x17E0, 0x17E0, 0x17E0, 0x17E0, 0x17E0, 0x17E0, 0x17E0, 0x17E0, 0x17E0, 0x17E0, 0x17E0,
    0x17E0, 0x0FE0, 0x1FA0, 0x1FE3, 0x2643, 0x0000, 0x0820, 0x0800, 0x0841, 0x24E3, 0x2FA4, 0x17E0,
    0x17E0, 0x17E0, 0x17E0, 0x17E0, 0x17E0, 0x17E0, 0x17E0, 0x17E0, 0x17E0, 0x17E0, 0x17E0, 0x17E0,
    0x17E0, 0x17E0, 0x17E0, 0x17E0, 0x17E0, 0x17E0, 0x17E0, 0x17E0, 0x1FE3, 0x0020, 0x0020, 0x0000,
    0x0000, 0x0000, 0x0000, 0x0000, 0x0000, 0x0000, 0x0000, 0x0000, 0x0000, 0x0000, 0x0000, 0x0000,
    0x0000, 0x0000, 0x0000, 0x0000, 0x0000, 0x0000, 0x0000, 0x0000, 0x0000, 0x0000, 0x0000, 0x0000,
    0x0000, 0x0000, 0x0000, 0x0000, 0x0000, 0x0000, 0x0000, 0x0000, 0x0000, 0x0000, 0x0000, 0x0000,
    0x0000, 0x0000, 0x0000, 0x0000, 0x0000, 0x0000, 0x0000, 0x0000, 0x0000, 0x0000, 0x0000, 0x0000,
    0x0000, 0x0000, 0x0000, 0x0000, 0x0000, 0x0000, 0x0000, 0x0020, 0x1221, 0x36E5, 0x17E0, 0x17E0,
    0x17E0, 0x17E0, 0x17E0, 0x17E0, 0x17E0, 0x17E0, 0x17E0, 0x17E0, 0x17E0, 0x17E0, 0x17E0, 0x17E0,
    0x17E0, 0x17E0, 0x17E0, 0x17E0, 0x17E0, 0x1FE1, 0x0FE0, 0x1FC2, 0x0A20, 0x0841, 0x0000, 0x0040,
    0x1042, 0x0021, 0x2DA4, 0x27C3, 0x17E0, 0x17E0, 0x17E0, 0x17E0, 0x17E0, 0x17E0, 0x17E0, 0x17E0,
    0x17E0, 0x17E0, 0x17E0, 0x17E0, 0x17E0, 0x17E0, 0x17E0, 0x17E0, 0x17E0, 0x17E0, 0x17E0, 0x17E0,
    0x17E0, 0x17E0, 0x17E0, 0x17E0, 0x17E0, 0x17E0, 0x17E0, 0x17E0, 0x17E0, 0x17E0, 0x17E0, 0x17E0,
    0x17E0, 0x17E0, 0x17E0, 0x17E0, 0x17E0, 0x17E0, 0x17E0, 0x17E0, 0x17E0, 0x17E0, 0x17E0, 0x17E0,
    0x17E0, 0x17E0, 0x17E0, 0x17E0, 0x17E0, 0x17E0, 0x17E0, 0x17E0, 0x17E0, 0x17E0, 0x17E0, 0x17E0,
    0x17E0, 0x17E0, 0x17E0, 0x17E0, 0x17E0, 0x17E0, 0x17E0, 0x17E0, 0x17E0, 0x17E0, 0x17E0, 0x17E0,
    0x17E0, 0x17E1, 0x1FA1, 0x26C3, 0x13A2, 0x0000, 0x0000, 0x0020, 0x0821, 0x0A80, 0x2684, 0x17E0,
    0x1FE1, 0x17E0, 0x17E0, 0x17E0, 0x17E0, 0x17E0, 0x17E0, 0x17E0, 0x17E0, 0x17E0, 0x17E0, 0x17E0,
    0x17E0, 0x17E0, 0x17E0, 0x17E0, 0x17E0, 0x17E0, 0x17E0, 0x17E0, 0x1FE2, 0x0020, 0x0020, 0x0000,
    0x0000, 0x0000, 0x0000, 0x0000, 0x0000, 0x0000, 0x0000, 0x0000, 0x0000, 0x0000, 0x0000, 0x0000,
    0x0000, 0x0000, 0x0000, 0x0000, 0x0000, 0x0000, 0x0000, 0x0000, 0x0000, 0x0000, 0x0000, 0x0000,
    0x0000, 0x0000, 0x0000, 0x0000, 0x0000, 0x0000, 0x0000, 0x0000, 0x0000, 0x0000, 0x0000, 0x0000,
    0x0000, 0x0000, 0x0000, 0x0000, 0x0000, 0x0000, 0x0000, 0x0000, 0x0000, 0x0000, 0x0000, 0x0000,
    0x0000, 0x0000, 0x0000, 0x0000, 0x0000, 0x0000, 0x0020, 0x0020, 0x1A63, 0x3F07, 0x17C1, 0x17E1,
    0x17E0, 0x17E0, 0x17E0, 0x17E0, 0x17E0, 0x17E0, 0x17E0, 0x17E0, 0x17E0, 0x17E0, 0x17E0, 0x17E0,
    0x17E0, 0x17E0, 0x17E0, 0x17E0, 0x17E0, 0x17C1, 0x27C1, 0x2E64, 0x0802, 0x0000, 0x0000, 0x0000,
    0x0021, 0x0001, 0x1080, 0x2343, 0x17E1, 0x1FC1, 0x17C1, 0x0FE0, 0x1FE1, 0x17E0, 0x17E0, 0x17E0,
    0x17E0, 0x17E0, 0x17E0, 0x17E0, 0x17E0, 0x17E0, 0x17E0, 0x17E0, 0x17E0, 0x17E0, 0x17E0, 0x17E0,
    0x17E0, 0x17E0, 0x17E0, 0x17E0, 0x17E0, 0x17E0, 0x17E0, 0x17E0, 0x17E0, 0x17E0, 0x17E0, 0x17E0,
    0x17E0, 0x17E0, 0x17E0, 0x17E0, 0x17E0, 0x17E0, 0x17E0, 0x17E0, 0x17E0, 0x17E0, 0x17E0, 0x17E0,
    0x17E0, 0x17E0, 0x17E0, 0x17E0, 0x17E0, 0x17E0, 0x17E0, 0x17E0, 0x17E0, 0x17E0, 0x17E0, 0x17E0,
    0x17E0, 0x17E0, 0x17E0, 0x17E0, 0x17E0, 0x17E0, 0x17E0, 0x17E0, 0x17E0, 0x17E0, 0x1FC2, 0x0FE0,
    0x17E1, 0x1FC3, 0x3EC6, 0x0060, 0x0000, 0x0000, 0x0000, 0x0000, 0x0000, 0x0842, 0x0A20, 0x17E1,
    0x17E0, 0x17E0, 0x17E0, 0x17E0, 0x17E0, 0x17E0, 0x17E0, 0x17E0, 0x17E0, 0x17E0, 0x17E0, 0x17E0,
    0x17E0, 0x17E0, 0x17E0, 0x17E0, 0x17E0, 0x17E0, 0x17E0, 0x17E0, 0x17C1, 0x0801, 0x0020, 0x0020,
    0x0000, 0x0000, 0x0000, 0x0000, 0x0000, 0x0000, 0x0000, 0x0000, 0x0000, 0x0000, 0x0000, 0x0000,
    0x0000, 0x0000, 0x0000, 0x0000, 0x0000, 0x0000, 0x0000, 0x0000, 0x0000, 0x0000, 0x0000, 0x0000,
    0x0000, 0x0000, 0x0000, 0x0000, 0x0000, 0x0000, 0x0000, 0x0000, 0x0000, 0x0000, 0x0000, 0x0000,
    0x0000, 0x0000, 0x0000, 0x0000, 0x0000, 0x0000, 0x0000, 0x0000, 0x0000, 0x0000, 0x0000, 0x0000,
    0x0000, 0x0000, 0x0000, 0x0000, 0x0000, 0x0000, 0x0000, 0x0000, 0x1A62, 0x3EE6, 0x17C1, 0x17E1,
    0x17E0, 0x17E0, 0x17E0, 0x17E0, 0x17E0, 0x17E0, 0x17E0, 0x17E0, 0x17E0, 0x17E0, 0x17E0, 0x17E0,
    0x17E0, 0x17E0, 0x17E0, 0x17E0, 0x17E0, 0x17E0, 0x2F83, 0x1D02, 0x0802, 0x0000, 0x0000, 0x0000,
    0x0000, 0x0020, 0x0000, 0x0120, 0x2724, 0x17E2, 0x1FC0, 0x1FE1, 0x17E0, 0x17E0, 0x17E0, 0x17E0,
    0x17E0, 0x17E0, 0x17E0, 0x17E0, 0x17E0, 0x17E0, 0x17E0, 0x17E0, 0x17E0, 0x17E0, 0x17E0, 0x17E0,
    0x17E0, 0x17E0, 0x17E0, 0x17E0, 0x17E0, 0x17E0, 0x17E0, 0x17E0, 0x17E0, 0x17E0, 0x17E0, 0x17E0,
    0x17E0, 0x17E0, 0x17E0, 0x17E0, 0x17E0, 0x17E0, 0x17E0, 0x17E0, 0x17E0, 0x17E0, 0x17E0, 0x17E0,
    0x17E0, 0x17E0, 0x17E0, 0x17E0, 0x17E0, 0x17E0, 0x17E0, 0x17E0, 0x17E0, 0x17E0, 0x17E0, 0x17E0,
    0x17E0, 0x17E0, 0x17E0, 0x17E0, 0x17E0, 0x17E0, 0x17E0, 0x17E0, 0x17E0, 0x17E0, 0x1F80, 0x27A1,
    0x17E1, 0x2E65, 0x0BA1, 0x0000, 0x0021, 0x0000, 0x0000, 0x0000, 0x0000, 0x0000, 0x0120, 0x1F82,
    0x0FE0, 0x17E0, 0x17E0, 0x17E0, 0x17E0, 0x17E0, 0x17E0, 0x17E0, 0x17E0, 0x17E0, 0x17E0, 0x17E0,
    0x17E0, 0x17E0, 0x17E0, 0x17E0, 0x17E0, 0x17E0, 0x17E0, 0x17E0, 0x17C1, 0x0801, 0x0020, 0x0000,
    0x0000, 0x0000, 0x0000, 0x0000, 0x0000, 0x0000, 0x0000, 0x0000, 0x0000, 0x0000, 0x0000, 0x0000,
    0x0000, 0x0000, 0x0000, 0x0000, 0x0000, 0x0000, 0x0000, 0x0000, 0x0000, 0x0000, 0x0000, 0x0000,
    0x0000, 0x0000, 0x0000, 0x0000, 0x0000, 0x0000, 0x0000, 0x0000, 0x0000, 0x0000, 0x0000, 0x0000,
    0x0000, 0x0000, 0x0000, 0x0000, 0x0000, 0x0000, 0x0000, 0x0000, 0x0000, 0x0000, 0x0000, 0x0000,
    0x0000, 0x0000, 0x0000, 0x0000, 0x0000, 0x0000, 0x0000, 0x0020, 0x1A42, 0x3EE6, 0x17C1, 0x17E1,
    0x17E0, 0x17E0, 0x17E0, 0x17E0, 0x17E0, 0x17E0, 0x17E0, 0x17E0, 0x17E0, 0x17E0, 0x17E0, 0x17E0,
    0x17E0, 0x17E0, 0x17E0, 0x17E0, 0x17E0, 0x17E0, 0x3625, 0x0A21, 0x0000, 0x0000, 0x0000, 0x0000,
    0x0000, 0x0020, 0x0821, 0x1002, 0x09E0, 0x24C2, 0x17E2, 0x1FA2, 0x17E0, 0x17E0, 0x17E0, 0x17E0,
    0x17E0, 0x17E0, 0x17E0, 0x17E0, 0x17E0, 0x17E0, 0x17E0, 0x17E0, 0x17E0, 0x17E0, 0x17E0, 0x17E0,
    0x17E0, 0x17E0, 0x17E0, 0x17E0, 0x17E0, 0x17E0, 0x17E0, 0x17E0, 0x17E0, 0x17E0, 0x17E0, 0x17E0,
    0x17E0, 0x17E0, 0x17E0, 0x17E0, 0x17E0, 0x17E0, 0x17E0, 0x17E0, 0x17E0, 0x17E0, 0x17E0, 0x17E0,
    0x17E0, 0x17E0, 0x17E0, 0x17E0, 0x17E0, 0x17E0, 0x17E0, 0x17E0, 0x17E0, 0x17E0, 0x17E0, 0x17E0,
    0x17E0, 0x17E0, 0x17E0, 0x17E0, 0x17E0, 0x17E0, 0x17E0, 0x17E0, 0x17E0, 0x17E0, 0x0FE1, 0x17E1,
    0x2D64, 0x0000, 0x0001, 0x0801, 0x0000, 0x0000, 0x0000, 0x0000, 0x0000, 0x1041, 0x0800, 0x3DC7,
    0x1FA2, 0x17E0, 0x17E0, 0x17E0, 0x17E0, 0x17E0, 0x17E0, 0x17E0, 0x17E0, 0x17E0, 0x17E0, 0x17E0,
    0x17E0, 0x17E0, 0x17E0, 0x17E0, 0x17E0, 0x17E0, 0x17E0, 0x17E0, 0x17E1, 0x0000, 0x0040, 0x0000,
    0x0000, 0x0000, 0x0000, 0x0000, 0x0000, 0x0000, 0x0000, 0x0000, 0x0000, 0x0000, 0x0000, 0x0000,
    0x0000, 0x0000, 0x0000, 0x0000, 0x0000, 0x0000, 0x0000, 0x0000, 0x0000, 0x0000, 0x0000, 0x0000,
    0x0000, 0x0000, 0x0000, 0x0000, 0x0000, 0x0000, 0x0000, 0x0000, 0x0000, 0x0000, 0x0000, 0x0000,
    0x0000, 0x0000, 0x0000, 0x0000, 0x0000, 0x0000, 0x0000, 0x0000, 0x0000, 0x0000, 0x0000, 0x0000,
    0x0000, 0x0000, 0x0000, 0x0000, 0x0000, 0x0000, 0x0000, 0x0020, 0x1221, 0x36C6, 0x17C1, 0x17E1,
    0x17E0, 0x17E0, 0x17E0, 0x17E0, 0x17E0, 0x17E0, 0x17E0, 0x17E0, 0x17E0, 0x17E0, 0x17E0, 0x17E0,
    0x17E0, 0x17E0, 0x17E0, 0x17E0, 0x17E0, 0x17E0, 0x1C82, 0x00E1, 0x0020, 0x0000, 0x0000, 0x0000,
    0x0000, 0x0000, 0x0000, 0x0801, 0x0020, 0x0180, 0x2F45, 0x17A1, 0x1FE0, 0x17E0, 0x17E0, 0x17E0,
    0x17E0, 0x17E0, 0x17E0, 0x17E0, 0x17E0, 0x17E0, 0x17E0, 0x17E0, 0x17E0, 0x17E0, 0x17E0, 0x17E0,
    0x17E0, 0x17E0, 0x17E0, 0x17E0, 0x17E0, 0x17E0, 0x17E0, 0x17E0, 0x17E0, 0x17E0, 0x17E0, 0x17E0,
    0x17E0, 0x17E0, 0x17E0, 0x17E0, 0x17E0, 0x17E0, 0x17E0, 0x17E0, 0x17E0, 0x17E0, 0x17E0, 0x17E0,
    0x17E0, 0x17E0, 0x17E0, 0x17E0, 0x17E0, 0x17E0, 0x17E0, 0x17E0, 0x17E0, 0x17E0, 0x17E0, 0x17E0,
    0x17E0, 0x17E0, 0x17E0, 0x17E0, 0x17E0, 0x17E0, 0x17E0, 0x17E0, 0x17E0, 0x17E0, 0x2FA3, 0x36C5,
    0x0200, 0x0821, 0x0001, 0x0000, 0x0020, 0x0000, 0x0000, 0x0000, 0x0000, 0x0820, 0x0800, 0x1BC4,
    0x2F64, 0x17E0, 0x17E0, 0x17E0, 0x17E0, 0x17E0, 0x17E0, 0x17E0, 0x17E0, 0x17E0, 0x17E0, 0x17E0,
    0x17E0, 0x17E0, 0x17E0, 0x17E0, 0x17E0, 0x17E0, 0x17E0, 0x17E0, 0x17E1, 0x0000, 0x0040, 0x0000,
    0x0000, 0x0000, 0x0000, 0x0000, 0x0000, 0x0000, 0x0000, 0x0000, 0x0000, 0x0000, 0x0000, 0x0000,
    0x0000, 0x0000, 0x0000, 0x0000, 0x0000, 0x0000, 0x0000, 0x0000, 0x0000, 0x0000, 0x0000, 0x0000,
    0x0000, 0x0000, 0x0000, 0x0000, 0x0000, 0x0000, 0x0000, 0x0000, 0x0000, 0x0000, 0x0000, 0x0000,
    0x0000, 0x0000, 0x0000, 0x0000, 0x0000, 0x0000, 0x0000, 0x0000, 0x0000, 0x0000, 0x0000, 0x0000,
    0x0000, 0x0000, 0x0000, 0x0000, 0x0000, 0x0000, 0x0821, 0x0000, 0x1161, 0x4644, 0x17C0, 0x17C0,
    0x17E0, 0x17E0, 0x17E0, 0x17E0, 0x17E0, 0x17E0, 0x17E0, 0x17E0, 0x17E0, 0x17E0, 0x17E0, 0x17E0,
    0x17E0, 0x17E0, 0x17E0, 0x17E0, 0x17E0, 0x17E0, 0x08E1, 0x0822, 0x0000, 0x0000, 0x0000, 0x0000,
    0x0000, 0x0000, 0x0000, 0x0000, 0x0040, 0x0000, 0x08E1, 0x1B82, 0x2783, 0x17E0, 0x17C0, 0x17C0,
    0x07C0, 0x17C0, 0x0FE0, 0x1FA2, 0x17E0, 0x17E0, 0x17E0, 0x17E0, 0x17E0, 0x17E0, 0x17E0, 0x17E0,
    0x17E0, 0x17E0, 0x17E0, 0x17E0, 0x17E0, 0x17E0, 0x17E0, 0x17E0, 0x17E0, 0x1FE1, 0x17E1, 0x0FC0,
    0x17E1, 0x1FC1, 0x1FE2, 0x17C0, 0x17C0, 0x1FE1, 0x17E0, 0x17E0, 0x0FE0, 0x17E0, 0x1FE0, 0x17E0,
    0x17E0, 0x17E0, 0x17E0, 0x17E0, 0x17E0, 0x17E0, 0x17E0, 0x17E0, 0x17E0, 0x17E0, 0x17E0, 0x17E0,
    0x17E0, 0x17E0, 0x1FE0, 0x17E0, 0x17E0, 0x17E1, 0x17E0, 0x17E0, 0x1F82, 0x2F23, 0x0A80, 0x0060,
    0x0000, 0x0000, 0x0000, 0x0000, 0x0000, 0x0000, 0x0000, 0x0000, 0x0000, 0x0801, 0x0001, 0x0040,
    0x2583, 0x1FC1, 0x1FE1, 0x17E0, 0x17E0, 0x17E0, 0x17E0, 0x17E0, 0x17E0, 0x17E0, 0x17E0, 0x17E0,
    0x17E0, 0x17E0, 0x17E0, 0x17E0, 0x17E0, 0x17E0, 0x17E0, 0x17E0, 0x27C3, 0x0820, 0x0801, 0x0000,
    0x0000, 0x0000, 0x0000, 0x0000, 0x0000, 0x0000, 0x0000, 0x0000, 0x0000, 0x0000, 0x0000, 0x0000,
    0x0000, 0x0000, 0x0000, 0x0000, 0x0000, 0x0000, 0x0000, 0x0000, 0x0000, 0x0000, 0x0000, 0x0000,
    0x0000, 0x0000, 0x0000, 0x0000, 0x0000, 0x0000, 0x0000, 0x0000, 0x0000, 0x0000, 0x0000, 0x0000,
    0x0000, 0x0000, 0x0000, 0x0000, 0x0000, 0x0000, 0x0000, 0x0000, 0x0000, 0x0000, 0x0000, 0x0000,
    0x0000, 0x0000, 0x0000, 0x0000, 0x0000, 0x0000, 0x0821, 0x0000, 0x0100, 0x35A3, 0x17C0, 0x17C0,
    0x17E0, 0x17E0, 0x17E0, 0x17E0, 0x17E0, 0x17E0, 0x17E0, 0x17E0, 0x17E0, 0x17E0, 0x17E0, 0x17E0,
    0x17E0, 0x17E0, 0x17E0, 0x17E0, 0x17E0, 0x1FA1, 0x0060, 0x0002, 0x0000, 0x0000, 0x0000, 0x0000,
    0x0000, 0x0000, 0x0000, 0x0000, 0x0020, 0x0020, 0x0000, 0x00A0, 0x1443, 0x27A3, 0x0FE0, 0x27A1,
    0x1F81, 0x1FA2, 0x17A0, 0x0FE0, 0x17E0, 0x17E0, 0x17E0, 0x17E0, 0x17E0, 0x17E0, 0x17E0, 0x17E0,
    0x17E0, 0x17E0, 0x17E0, 0x17E0, 0x17E0, 0x17E0, 0x17E0, 0x17E0, 0x17C0, 0x17C0, 0x17E0, 0x2FA3,
    0x0FE0, 0x07E0, 0x27C2, 0x1FA4, 0x1F81, 0x1FE0, 0x17E0, 0x1FC0, 0x1FC1, 0x17E1, 0x0FE1, 0x17E0,
    0x17E0, 0x17E0, 0x17E0, 0x17E0, 0x17E0, 0x17E0, 0x17E0, 0x17E0, 0x17E0, 0x17E0, 0x17E0, 0x17E0,
    0x17E0, 0x17E0, 0x17E1, 0x17E1, 0x1FC0, 0x1FC0, 0x0FA0, 0x17C0, 0x25C5, 0x1362, 0x0040, 0x0801,
    0x0000, 0x0000, 0x0000, 0x0000, 0x0000, 0x0000, 0x0000, 0x0000, 0x0000, 0x0801, 0x0000, 0x0000,
    0x1481, 0x1FC1, 0x1FE1, 0x17E0, 0x17E0, 0x17E0, 0x17E0, 0x17E0, 0x17E0, 0x17E0, 0x17E0, 0x17E0,
    0x17E0, 0x17E0, 0x17E0, 0x17E0, 0x17E0, 0x17E0, 0x17E0, 0x17E0, 0x2783, 0x0020, 0x0801, 0x0000,
    0x0000, 0x0000, 0x0000, 0x0000, 0x0000, 0x0000, 0x0000, 0x0000, 0x0000, 0x0000, 0x0000, 0x0000,
    0x0000, 0x0000, 0x0000, 0x0000, 0x0000, 0x0000, 0x0000, 0x0000, 0x0000, 0x0000, 0x0000, 0x0000,
    0x0000, 0x0000, 0x0000, 0x0000, 0x0000, 0x0000, 0x0000, 0x0000, 0x0000, 0x0000, 0x0000, 0x0000,
    0x0000, 0x0000, 0x0000, 0x0000, 0x0000, 0x0000, 0x0000, 0x0000, 0x0000, 0x0000, 0x0000, 0x0000,
    0x0000, 0x0000, 0x0000, 0x0000, 0x0000, 0x0000, 0x0000, 0x0000, 0x0040, 0x1BE1, 0x17C0, 0x17C0,
    0x17E0, 0x17E0, 0x17E0, 0x17E0, 0x17E0, 0x17E0, 0x17E0, 0x17E0, 0x17E0, 0x17E0, 0x17E0, 0x17E0,
    0x17E0, 0x17E0, 0x17E0, 0x17E0, 0x17E0, 0x2F44, 0x0000, 0x0021, 0x0020, 0x0000, 0x0000, 0x0000,
    0x0000, 0x0000, 0x0000, 0x0000, 0x0000, 0x0000, 0x0040, 0x0020, 0x0820, 0x0862, 0x09E1, 0x3664,
    0x2FC3, 0x07E0, 0x1FE1, 0x17E0, 0x17E0, 0x17E0, 0x17E0, 0x17E0, 0x17E0, 0x17E0, 0x17E0, 0x17E0,
    0x17E0, 0x17E0, 0x17E0, 0x17E0, 0x17E0, 0x17E0, 0x17E0, 0x1FE0, 0x17E0, 0x17E1, 0x1FC0, 0x17E0,
    0x2744, 0x25A4, 0x08E1, 0x0801, 0x0B81, 0x1F23, 0x17C3, 0x17E1, 0x17E0, 0x17E0, 0x1FE1, 0x17E0,
    0x17E0, 0x17E0, 0x17E0, 0x17E0, 0x17E0, 0x17E0, 0x17E0, 0x17E0, 0x17E0, 0x17E0, 0x17E0, 0x17E0,
    0x17E0, 0x17E0, 0x17E0, 0x0FE0, 0x1FC2, 0x2783, 0x24A2, 0x1A62, 0x1022, 0x0801, 0x0040, 0x0040,
    0x0000, 0x0000, 0x0000, 0x0000, 0x0000, 0x0000, 0x0000, 0x0000, 0x0000, 0x0000, 0x0000, 0x1002,
    0x1322, 0x1FC1, 0x1FE1, 0x17E0, 0x17E0, 0x17E0, 0x17E0, 0x17E0, 0x17E0, 0x17E0, 0x17E0, 0x17E0,
    0x17E0, 0x17E0, 0x17E0, 0x17E0, 0x17E0, 0x17E0, 0x17E0, 0x17E0, 0x26C3, 0x0021, 0x0040, 0x0000,
    0x0000, 0x0000, 0x0000, 0x0000, 0x0000, 0x0000, 0x0000, 0x0000, 0x0000, 0x0000, 0x0000, 0x0000,
    0x0000, 0x0000, 0x0000, 0x0000, 0x0000, 0x0000, 0x0000, 0x0000, 0x0000, 0x0000, 0x0000, 0x0000,
    0x0000, 0x0000, 0x0000, 0x0000, 0x0000, 0x0000, 0x0000, 0x0000, 0x0000, 0x0000, 0x0000, 0x0000,
    0x0000, 0x0000, 0x0000, 0x0000, 0x0000, 0x0000, 0x0000, 0x0000, 0x0000, 0x0000, 0x0000, 0x0000,
    0x0000, 0x0000, 0x0000, 0x0000, 0x0000, 0x0000, 0x0000, 0x0000, 0x0000, 0x1300, 0x17C0, 0x17C0,
    0x17E0, 0x17E0, 0x17E0, 0x17E0, 0x17E0, 0x17E0, 0x17E0, 0x17E0, 0x17E0, 0x17E0, 0x17E0, 0x17E0,
    0x17E0, 0x17E0, 0x17E0, 0x17E0, 0x17E0, 0x2EE3, 0x0000, 0x0020, 0x0040, 0x0000, 0x0000, 0x0000,
    0x0000, 0x0000, 0x0000, 0x0000, 0x0820, 0x0000, 0x0020, 0x0841, 0x00A1, 0x0001, 0x0801, 0x1A01,
    0x2D86, 0x0FE0, 0x17C0, 0x17E0, 0x17E0, 0x17E0, 0x17E0, 0x17E0, 0x17E0, 0x17E0, 0x17E0, 0x17E0,
    0x17E0, 0x17E0, 0x17E0, 0x17E0, 0x17E0, 0x17E0, 0x17E0, 0x17E0, 0x17E0, 0x1FE1, 0x1F61, 0x2F05,
    0x1BC2, 0x0160, 0x1022, 0x0001, 0x1040, 0x1322, 0x3DC8, 0x2F64, 0x27E2, 0x17E0, 0x1FE1, 0x17E0,
    0x17E0, 0x17E0, 0x17E0, 0x17E0, 0x17E0, 0x17E0, 0x17E0, 0x17E0, 0x17E0, 0x17E0, 0x17E0, 0x17E0,
    0x17E0, 0x17E0, 0x17E0, 0x07E0, 0x36A4, 0x2483, 0x00C0, 0x0000, 0x0021, 0x0820, 0x0040, 0x0020,
    0x0000, 0x0000, 0x0000, 0x0000, 0x0000, 0x0000, 0x0000, 0x0000, 0x0000, 0x0000, 0x0000, 0x1803,
    0x0A61, 0x1FC1, 0x1FE1, 0x17E0, 0x17E0, 0x17E0, 0x17E0, 0x17E0, 0x17E0, 0x17E0, 0x17E0, 0x17E0,
    0x17E0, 0x17E0, 0x17E0, 0x17E0, 0x17E0, 0x17E0, 0x17E0, 0x17E0, 0x2662, 0x0022, 0x0040, 0x0000,
    0x0000, 0x0000, 0x0000, 0x0000, 0x0000, 0x0000, 0x0000, 0x0000, 0x0000, 0x0000, 0x0000, 0x0000,
    0x0000, 0x0000, 0x0000, 0x0000, 0x0000, 0x0000, 0x0000, 0x0000, 0x0000, 0x0000, 0x0000, 0x0000,
    0x0000, 0x0000, 0x0000, 0x0000, 0x0000, 0x0000, 0x0000, 0x0000, 0x0000, 0x0000, 0x0000, 0x0000,
    0x0000, 0x0000, 0x0000, 0x0000, 0x0000, 0x0000, 0x0000, 0x0000, 0x0000, 0x0000, 0x0000, 0x0000,
    0x0000, 0x0000, 0x0000, 0x0000, 0x0000, 0x0000, 0x0800, 0x0060, 0x0001, 0x0140, 0x1FC1, 0x1FC2,
    0x0FE0, 0x17E0, 0x17E0, 0x17E0, 0x17E0, 0x17E0, 0x17E0, 0x17E0, 0x17E0, 0x17E0, 0x17E0, 0x17E0,
    0x17E0, 0x17E0, 0x17C0, 0x17E1, 0x17E1, 0x2DC3, 0x0000, 0x0801, 0x0020, 0x0000, 0x0000, 0x0000,
    0x0000, 0x0000, 0x0000, 0x0000, 0x0000, 0x0000, 0x0000, 0x0000, 0x0000, 0x0000, 0x0000, 0x0020,
    0x0000, 0x2682, 0x1FE1, 0x17C0, 0x17E0, 0x17E0, 0x17E0, 0x17E0, 0x17E0, 0x17E0, 0x17E0, 0x17E0,
    0x1FE2, 0x1FA1, 0x17E0, 0x1FC1, 0x17E1, 0x17E1, 0x1FC2, 0x2763, 0x1DE3, 0x24A4, 0x09C1, 0x0080,
    0x0000, 0x0020, 0x0000, 0x0000, 0x0000, 0x0000, 0x0000, 0x0942, 0x1AC3, 0x25A3, 0x36A5, 0x1FA3,
    0x1FC1, 0x17E1, 0x17E1, 0x17E1, 0x17E0, 0x0FE0, 0x0FE0, 0x17E0, 0x17E0, 0x17E0, 0x17E0, 0x17E0,
    0x17E0, 0x17E0, 0x1FC0, 0x1FC0, 0x1360, 0x0042, 0x0000, 0x0000, 0x0000, 0x0000, 0x0000, 0x0000,
    0x0000, 0x0000, 0x0000, 0x0000, 0x0000, 0x0000, 0x0000, 0x0000, 0x0000, 0x0020, 0x0000, 0x0020,
    0x00E0, 0x1FC1, 0x0FE0, 0x0FE0, 0x17E0, 0x17E0, 0x17E0, 0x17E0, 0x17E0, 0x17E0, 0x17E0, 0x17E0,
    0x17E0, 0x17E0, 0x17E0, 0x17E0, 0x0FE0, 0x1FE1, 0x0FE0, 0x17E0, 0x2503, 0x0001, 0x0040, 0x0000,
    0x0000, 0x0000, 0x0000, 0x0000, 0x0000, 0x0000, 0x0000, 0x0000, 0x0000, 0x0000, 0x0000, 0x0000,
    0x0000, 0x0000, 0x0000, 0x0000, 0x0000, 0x0000, 0x0000, 0x0000, 0x0000, 0x0000, 0x0000, 0x0000,
    0x0000, 0x0000, 0x0000, 0x0000, 0x0000, 0x0000, 0x0000, 0x0000, 0x0000, 0x0000, 0x0000, 0x0000,
    0x0000, 0x0000, 0x0000, 0x0000, 0x0000, 0x0000, 0x0000, 0x0000, 0x0000, 0x0000, 0x0000, 0x0000,
    0x0000, 0x0000, 0x0000, 0x0000, 0x0000, 0x0000, 0x0000, 0x0060, 0x0802, 0x00A0, 0x1FA1, 0x17C0,
    0x17E0, 0x1FE0, 0x17E0, 0x17E0, 0x17E0, 0x17E0, 0x17E0, 0x17E0, 0x17E0, 0x17E0, 0x17E0, 0x17E0,
    0x17E0, 0x17E0, 0x17C0, 0x17E0, 0x17E1, 0x1CE2, 0x0000, 0x0800, 0x0020, 0x0000, 0x0000, 0x0000,
    0x0000, 0x0000, 0x0000, 0x0000, 0x0000, 0x0000, 0x0000, 0x0000, 0x0000, 0x0000, 0x0000, 0x0020,
    0x0800, 0x1BE3, 0x2F64, 0x1F82, 0x17E0, 0x17E0, 0x17E0, 0x17E0, 0x17E0, 0x17E0, 0x17E0, 0x17E0,
    0x17E0, 0x0FE0, 0x1FE2, 0x27C3, 0x2722, 0x2683, 0x24E3, 0x1382, 0x0100, 0x0040, 0x0801, 0x0020,
    0x0000, 0x0020, 0x0000, 0x0000, 0x0000, 0x0000, 0x0000, 0x0020, 0x0020, 0x0060, 0x00A0, 0x24E4,
    0x3666, 0x2783, 0x1FA2, 0x1FE1, 0x1FE0, 0x17C1, 0x17E1, 0x17E0, 0x17E0, 0x17E0, 0x17E0, 0x17E0,
    0x17E0, 0x17E0, 0x17A0, 0x17C0, 0x0AA0, 0x0021, 0x0000, 0x0000, 0x0000, 0x0000, 0x0000, 0x0000,
    0x0000, 0x0000, 0x0000, 0x0000, 0x0000, 0x0000, 0x0000, 0x0000, 0x0000, 0x0000, 0x0000, 0x0000,
    0x0040, 0x2782, 0x0FE0, 0x0FE0, 0x17E0, 0x17E0, 0x17E0, 0x17E0, 0x17E0, 0x17E0, 0x17E0, 0x17E0,
    0x17E0, 0x17E0, 0x17E0, 0x17E0, 0x17E0, 0x17C0, 0x0FE0, 0x17C0, 0x2404, 0x0842, 0x0020, 0x0000,
    0x0000, 0x0000, 0x0000, 0x0000, 0x0000, 0x0000, 0x0000, 0x0000, 0x0000, 0x0000, 0x0000, 0x0000,
    0x0000, 0x0000, 0x0000, 0x0000, 0x0000, 0x0000, 0x0000, 0x0000, 0x0000, 0x0000, 0x0000, 0x0000,
    0x0000, 0x0000, 0x0000, 0x0000, 0x0000, 0x0000, 0x0000, 0x0000, 0x0000, 0x0000, 0x0000, 0x0000,
    0x0000, 0x0000, 0x0000, 0x0000, 0x0000, 0x0000, 0x0000, 0x0000, 0x0000, 0x0000, 0x0000, 0x0000,
    0x0000, 0x0000, 0x0000, 0x0000, 0x0000, 0x0000, 0x0000, 0x0000, 0x0001, 0x0000, 0x2EE4, 0x17E0,
    0x1FC1, 0x1FE0, 0x17E0, 0x17E0, 0x17E0, 0x17E0, 0x17E0, 0x17E0, 0x17E0, 0x17E0, 0x17E0, 0x17E0,
    0x17E0, 0x17E0, 0x17E0, 0x1FE0, 0x1F82, 0x1342, 0x0000, 0x0020, 0x0020, 0x0000, 0x0000, 0x0000,
    0x0000, 0x0000, 0x0000, 0x0000, 0x0000, 0x0000, 0x0000, 0x0000, 0x0000, 0x0000, 0x0000, 0x0000,
    0x0020, 0x0841, 0x0C00, 0x17E0, 0x17E0, 0x17E0, 0x17E0, 0x17E0, 0x17E0, 0x17E0, 0x17E0, 0x17E0,
    0x1FA0, 0x25A2, 0x08A0, 0x0880, 0x0000, 0x0000, 0x0040, 0x0020, 0x0000, 0x0020, 0x0040, 0x0020,
    0x0000, 0x0000, 0x0000, 0x0000, 0x0000, 0x0000, 0x0000, 0x0020, 0x0020, 0x0020, 0x0020, 0x0822,
    0x0842, 0x0021, 0x0081, 0x01A0, 0x1381, 0x1FE2, 0x0FE0, 0x17E0, 0x17E0, 0x17E0, 0x17E0, 0x17E0,
    0x17E0, 0x17E0, 0x1FE0, 0x1FE2, 0x0920, 0x0821, 0x0000, 0x0000, 0x0000, 0x0000, 0x0000, 0x0000,
    0x0000, 0x0000, 0x0000, 0x0000, 0x0000, 0x0000, 0x0000, 0x0000, 0x0000, 0x0000, 0x0000, 0x0821,
    0x0001, 0x2F24, 0x17E0, 0x0FE0, 0x17E0, 0x17E0, 0x17E0, 0x17E0, 0x17E0, 0x17E0, 0x17E0, 0x17E0,
    0x17E0, 0x17E0, 0x17E0, 0x17E0, 0x17E0, 0x17E1, 0x17E0, 0x2783, 0x08E2, 0x0021, 0x0000, 0x0000,
    0x0000, 0x0000, 0x0000, 0x0000, 0x0000, 0x0000, 0x0000, 0x0000, 0x0000, 0x0000, 0x0000, 0x0000,
    0x0000, 0x0000, 0x0000, 0x0000, 0x0000, 0x0000, 0x0000, 0x0000, 0x0000, 0x0000, 0x0000, 0x0000,
    0x0000, 0x0000, 0x0000, 0x0000, 0x0000, 0x0000, 0x0000, 0x0000, 0x0000, 0x0000, 0x0000, 0x0000,
    0x0000, 0x0000, 0x0000, 0x0000, 0x0000, 0x0000, 0x0000, 0x0000, 0x0000, 0x0000, 0x0000, 0x0000,
    0x0000, 0x0000, 0x0000, 0x0000, 0x0000, 0x0000, 0x0000, 0x0000, 0x0020, 0x0020, 0x2E04, 0x1FE2,
    0x1FC2, 0x17E0, 0x17E0, 0x17E0, 0x17E0, 0x17E0, 0x17E0, 0x17E0, 0x17E0, 0x17E0, 0x17E0, 0x17E0,
    0x17E0, 0x17E0, 0x17E0, 0x1FE0, 0x1F62, 0x0A81, 0x0020, 0x0020, 0x0000, 0x0000, 0x0000, 0x0000,
    0x0000, 0x0000, 0x0000, 0x0000, 0x0000, 0x0000, 0x0000, 0x0000, 0x0000, 0x0000, 0x0000, 0x0000,
    0x0000, 0x0000, 0x0A41, 0x17E0, 0x17E0, 0x17E0, 0x17E0, 0x17E0, 0x17E0, 0x17E0, 0x17E0, 0x17E0,
    0x2783, 0x0BE1, 0x0801, 0x0820, 0x0000, 0x0000, 0x0020, 0x0020, 0x0000, 0x0000, 0x0000, 0x0000,
    0x0000, 0x0000, 0x0000, 0x0000, 0x0000, 0x0000, 0x0000, 0x0000, 0x0000, 0x0020, 0x0040, 0x0000,
    0x0001, 0x0021, 0x0862, 0x0801, 0x0100, 0x27C3, 0x0FE0, 0x17E0, 0x17E0, 0x17E0, 0x17E0, 0x17E0,
    0x17E0, 0x17E0, 0x1FE0, 0x1FC2, 0x0060, 0x0800, 0x0000, 0x0000, 0x0000, 0x0000, 0x0000, 0x0000,
    0x0000, 0x0000, 0x0000, 0x0000, 0x0000, 0x0000, 0x0000, 0x0000, 0x0000, 0x0020, 0x0000, 0x0020,
    0x0000, 0x3705, 0x1FE0, 0x0FE0, 0x17E0, 0x17E0, 0x17E0, 0x17E0, 0x17E0, 0x17E0, 0x17E0, 0x17E0,
    0x17E0, 0x17E0, 0x17E0, 0x17E0, 0x17E0, 0x17E1, 0x1FE1, 0x2743, 0x0000, 0x0020, 0x0801, 0x0000,
    0x0000, 0x0000, 0x0000, 0x0000, 0x0000, 0x0000, 0x0000, 0x0000, 0x0000, 0x0000, 0x0000, 0x0000,
    0x0000, 0x0000, 0x0000, 0x0000, 0x0000, 0x0000, 0x0000, 0x0000, 0x0000, 0x0000, 0x0000, 0x0000,
    0x0000, 0x0000, 0x0000, 0x0000, 0x0000, 0x0000, 0x0000, 0x0000, 0x0000, 0x0000, 0x0000, 0x0000,
    0x0000, 0x0000, 0x0000, 0x0000, 0x0000, 0x0000, 0x0000, 0x0000, 0x0000, 0x0000, 0x0000, 0x0000,
    0x0000, 0x0000, 0x0000, 0x0000, 0x0000, 0x0000, 0x0000, 0x0000, 0x0000, 0x0000, 0x1BA4, 0x2764,
    0x27E1, 0x17E0, 0x17E0, 0x17E0, 0x17E0, 0x17E0, 0x17E0, 0x17E0, 0x17E0, 0x17E0, 0x17E0, 0x17E0,
    0x17E0, 0x1FE0, 0x17E0, 0x17E1, 0x1F02, 0x0181, 0x0020, 0x0020, 0x0000, 0x0000, 0x0000, 0x0000,
    0x0000, 0x0000, 0x0000, 0x0000, 0x0000, 0x0000, 0x0000, 0x0000, 0x0000, 0x0000, 0x0000, 0x0000,
    0x0021, 0x0001, 0x00C0, 0x1FC2, 0x17E0, 0x17E0, 0x17E0, 0x17E0, 0x17E0, 0x17E0, 0x17E0, 0x17E0,
    0x2F65, 0x0A81, 0x0040, 0x0000, 0x0000, 0x0000, 0x0000, 0x0000, 0x0000, 0x0000, 0x0000, 0x0000,
    0x0000, 0x0000, 0x0000, 0x0000, 0x0000, 0x0000, 0x0000, 0x0000, 0x0000, 0x0000, 0x0000, 0x0000,
    0x0000, 0x0000, 0x0000, 0x0020, 0x0821, 0x4746, 0x0FE0, 0x17E0, 0x17E0, 0x17E0, 0x17E0, 0x17E0,
    0x17E0, 0x17E0, 0x17E0, 0x2F64, 0x0820, 0x0020, 0x0000, 0x0000, 0x0000, 0x0000, 0x0000, 0x0000,
    0x0000, 0x0000, 0x0000, 0x0000, 0x0000, 0x0000, 0x0000, 0x0000, 0x0000, 0x0000, 0x0000, 0x0060,
    0x0001, 0x3765, 0x07E0, 0x17C0, 0x17E0, 0x17E0, 0x17E0, 0x17E0, 0x17E0, 0x17E0, 0x17E0, 0x17E0,
    0x17E0, 0x17E0, 0x17E0, 0x17E0, 0x1FC0, 0x07E0, 0x1F80, 0x2602, 0x0000, 0x0000, 0x0000, 0x0000,
    0x0000, 0x0000, 0x0000, 0x0000, 0x0000, 0x0000, 0x0000, 0x0000, 0x0000, 0x0000, 0x0000, 0x0000,
    0x0000, 0x0000, 0x0000, 0x0000, 0x0000, 0x0000, 0x0000, 0x0000, 0x0000, 0x0000, 0x0000, 0x0000,
    0x0000, 0x0000, 0x0000, 0x0000, 0x0000, 0x0000, 0x0000, 0x0000, 0x0000, 0x0000, 0x0000, 0x0000,
    0x0000, 0x0000, 0x0000, 0x0000, 0x0000, 0x0000, 0x0000, 0x0000, 0x0000, 0x0000, 0x0000, 0x0000,
    0x0000, 0x0000, 0x0000, 0x0000, 0x0000, 0x0000, 0x0000, 0x0000, 0x0000, 0x0000, 0x01A0, 0x3685,
    0x1FE0, 0x1FC1, 0x17E0, 0x17E0, 0x17E0, 0x17E0, 0x17E0, 0x17E0, 0x17E0, 0x17E0, 0x17E0, 0x17E0,
    0x17E0, 0x17E0, 0x17E0, 0x17E1, 0x1F22, 0x01A1, 0x0822, 0x0020, 0x0020, 0x0000, 0x0000, 0x0000,
    0x0000, 0x0000, 0x0000, 0x0000, 0x0000, 0x0000, 0x0000, 0x0000, 0x0000, 0x0000, 0x0000, 0x0000,
    0x0820, 0x0801, 0x0080, 0x1FA1, 0x17E0, 0x17E0, 0x17E0, 0x17E0, 0x17E0, 0x17E0, 0x17E0, 0x17E0,
    0x2F44, 0x0A41, 0x0020, 0x0000, 0x0000, 0x0000, 0x0000, 0x0000, 0x0000, 0x0000, 0x0000, 0x0000,
    0x0000, 0x0000, 0x0000, 0x0000, 0x0000, 0x0000, 0x0000, 0x0000, 0x0000, 0x0000, 0x0000, 0x0000,
    0x0000, 0x0000, 0x0000, 0x0041, 0x0000, 0x3EE6, 0x17E0, 0x17E0, 0x17E0, 0x17E0, 0x17E0, 0x17E0,
    0x17E0, 0x17E0, 0x1FE1, 0x2EC4, 0x1022, 0x0001, 0x0000, 0x0000, 0x0000, 0x0000, 0x0000, 0x0000,
    0x0000, 0x0000, 0x0000, 0x0000, 0x0000, 0x0000, 0x0000, 0x0000, 0x0000, 0x0000, 0x0020, 0x1062,
    0x0001, 0x2F64, 0x07E0, 0x17C0, 0x17E0, 0x17E0, 0x17E0, 0x17E0, 0x17E0, 0x17E0, 0x17E0, 0x17E0,
    0x17E0, 0x17E0, 0x17E0, 0x17E0, 0x17C0, 0x1FE0, 0x1FC2, 0x14C2, 0x0000, 0x0000, 0x0000, 0x0000,
    0x0000, 0x0000, 0x0000, 0x0000, 0x0000, 0x0000, 0x0000, 0x0000, 0x0000, 0x0000, 0x0000, 0x0000,
    0x0000, 0x0000, 0x0000, 0x0000, 0x0000, 0x0000, 0x0000, 0x0000, 0x0000, 0x0000, 0x0000, 0x0000,
    0x0000, 0x0000, 0x0000, 0x0000, 0x0000, 0x0000, 0x0000, 0x0000, 0x0000, 0x0000, 0x0000, 0x0000,
    0x0000, 0x0000, 0x0000, 0x0000, 0x0000, 0x0000, 0x0000, 0x0000, 0x0000, 0x0000, 0x0000, 0x0000,
    0x0000, 0x0000, 0x0000, 0x0000, 0x0000, 0x0000, 0x0000, 0x0000, 0x0000, 0x0000, 0x0021, 0x1301,
    0x0FE0, 0x17E1, 0x17E0, 0x17E0, 0x17E0, 0x17E0, 0x17E0, 0x17E0, 0x17E0, 0x17E0, 0x17E0, 0x17E0,
    0x17E0, 0x17E0, 0x17E0, 0x17E1, 0x1FC1, 0x0BA3, 0x0001, 0x0001, 0x0040, 0x0000, 0x0000, 0x0000,
    0x0000, 0x0000, 0x0000, 0x0000, 0x0000, 0x0000, 0x0000, 0x0000, 0x0000, 0x0000, 0x0000, 0x0000,
    0x0000, 0x0801, 0x0020, 0x2EE3, 0x17E0, 0x17E0, 0x17E0, 0x17E0, 0x17E0, 0x17E0, 0x17E0, 0x17E0,
    0x26A3, 0x0181, 0x0020, 0x0000, 0x0000, 0x0000, 0x0000, 0x0000, 0x0000, 0x0000, 0x0000, 0x0000,
    0x0000, 0x0000, 0x0000, 0x0000, 0x0000, 0x0000, 0x0000, 0x0000, 0x0000, 0x0000, 0x0000, 0x0000,
    0x0000, 0x0000, 0x0000, 0x0020, 0x0801, 0x25A4, 0x1FE2, 0x17E0, 0x17E0, 0x17E0, 0x17E0, 0x17E0,
    0x17E0, 0x17E0, 0x2723, 0x2444, 0x1001, 0x0821, 0x0000, 0x0000, 0x0000, 0x0000, 0x0000, 0x0000,
    0x0000, 0x0000, 0x0000, 0x0000, 0x0000, 0x0000, 0x0000, 0x0000, 0x0000, 0x0020, 0x0040, 0x0802,
    0x0120, 0x17A1, 0x17E0, 0x0FE0, 0x17E0, 0x17E0, 0x17E0, 0x17E0, 0x17E0, 0x17E0, 0x17E0, 0x17E0,
    0x17E0, 0x17E0, 0x17E0, 0x17E0, 0x17E1, 0x1FC1, 0x1DC3, 0x01A1, 0x0000, 0x0000, 0x0000, 0x0000,
    0x0000, 0x0000, 0x0000, 0x0000, 0x0000, 0x0000, 0x0000, 0x0000, 0x0000, 0x0000, 0x0000, 0x0000,
    0x0000, 0x0000, 0x0000, 0x0000, 0x0000, 0x0000, 0x0000, 0x0000, 0x0000, 0x0000, 0x0000, 0x0000,
    0x0000, 0x0000, 0x0000, 0x0000, 0x0000, 0x0000, 0x0000, 0x0000, 0x0000, 0x0000, 0x0000, 0x0000,
    0x0000, 0x0000, 0x0000, 0x0000, 0x0000, 0x0000, 0x0000, 0x0000, 0x0000, 0x0000, 0x0000, 0x0000,
    0x0000, 0x0000, 0x0000, 0x0000, 0x0000, 0x0000, 0x0000, 0x0000, 0x0000, 0x0000, 0x0821, 0x0880,
    0x2F84, 0x17E2, 0x17E1, 0x17E0, 0x17E0, 0x17E0, 0x17E0, 0x17E0, 0x17E0, 0x17E0, 0x17E0, 0x17E0,
    0x17E0, 0x17E0, 0x17E0, 0x17E0, 0x17E1, 0x26E3, 0x0001, 0x0801, 0x0041, 0x0000, 0x0000, 0x0000,
    0x0000, 0x0000, 0x0000, 0x0000, 0x0000, 0x0000, 0x0000, 0x0000, 0x0000, 0x0000, 0x0000, 0x0000,
    0x0801, 0x0020, 0x0801, 0x3565, 0x0FE0, 0x1FE1, 0x17C0, 0x0FE0, 0x17E0, 0x17E0, 0x17E0, 0x17E0,
    0x2E24, 0x08E0, 0x0000, 0x0001, 0x0000, 0x0000, 0x0000, 0x0000, 0x0000, 0x0000, 0x0000, 0x0000,
    0x0000, 0x0000, 0x0000, 0x0000, 0x0000, 0x0000, 0x0000, 0x0000, 0x0000, 0x0000, 0x0000, 0x0000,
    0x0000, 0x0000, 0x0000, 0x0001, 0x0821, 0x1C63, 0x1FC3, 0x17E0, 0x17E0, 0x17E0, 0x17E0, 0x17E0,
    0x1FC1, 0x17E0, 0x3585, 0x0921, 0x0800, 0x0021, 0x0000, 0x0000, 0x0000, 0x0000, 0x0000, 0x0000,
    0x0000, 0x0000, 0x0000, 0x0000, 0x0000, 0x0000, 0x0000, 0x0000, 0x0000, 0x0020, 0x0040, 0x0820,
    0x13C2, 0x17E0, 0x17E0, 0x17E0, 0x17E0, 0x17E0, 0x17E0, 0x17E0, 0x17E0, 0x17E0, 0x17E0, 0x17E0,
    0x17E0, 0x17E0, 0x17E0, 0x17E0, 0x17C1, 0x0FC0, 0x12C1, 0x1043, 0x0000, 0x0000, 0x0000, 0x0000,
    0x0000, 0x0000, 0x0000, 0x0000, 0x0000, 0x0000, 0x0000, 0x0000, 0x0000, 0x0000, 0x0000, 0x0000,
    0x0000, 0x0000, 0x0000, 0x0000, 0x0000, 0x0000, 0x0000, 0x0000, 0x0000, 0x0000, 0x0000, 0x0000,
    0x0000, 0x0000, 0x0000, 0x0000, 0x0000, 0x0000, 0x0000, 0x0000, 0x0000, 0x0000, 0x0000, 0x0000,
    0x0000, 0x0000, 0x0000, 0x0000, 0x0000, 0x0000, 0x0000, 0x0000, 0x0000, 0x0000, 0x0000, 0x0000,
    0x0000, 0x0000, 0x0000, 0x0000, 0x0000, 0x0000, 0x0000, 0x0000, 0x0000, 0x0000, 0x0820, 0x0800,
    0x2EC3, 0x17E2, 0x17E1, 0x17E0, 0x17E0, 0x17E0, 0x17E0, 0x17E0, 0x17E0, 0x17E0, 0x17E0, 0x17E0,
    0x17E0, 0x17E0, 0x17E0, 0x17E0, 0x17E0, 0x27A3, 0x00E0, 0x0000, 0x0000, 0x0000, 0x0000, 0x0000,
    0x0000, 0x0000, 0x0000, 0x0000, 0x0000, 0x0000, 0x0000, 0x0000, 0x0000, 0x0000, 0x0000, 0x0000,
    0x0800, 0x0020, 0x0802, 0x2C24, 0x1FE1, 0x17E1, 0x17E0, 0x17E1, 0x17E0, 0x17E0, 0x17E0, 0x17E0,
    0x2E04, 0x0060, 0x0000, 0x0001, 0x0000, 0x0000, 0x0000, 0x0000, 0x0000, 0x0000, 0x0000, 0x0000,
    0x0000, 0x0000, 0x0000, 0x0000, 0x0000, 0x0000, 0x0000, 0x0000, 0x0000, 0x0000, 0x0000, 0x0000,
    0x0000, 0x0000, 0x0000, 0x0001, 0x0020, 0x1BE3, 0x1FA3, 0x17E0, 0x17E0, 0x17E0, 0x17E0, 0x17E0,
    0x1FC1, 0x0FC0, 0x1BA3, 0x0820, 0x0000, 0x0000, 0x0000, 0x0000, 0x0000, 0x0000, 0x0000, 0x0000,
    0x0000, 0x0000, 0x0000, 0x0000, 0x0000, 0x0000, 0x0000, 0x0000, 0x0000, 0x0040, 0x0001, 0x00A0,
    0x1D22, 0x17E0, 0x17E0, 0x17E0, 0x17E0, 0x17E0, 0x17E0, 0x17E0, 0x17E0, 0x17E0, 0x17E0, 0x17E0,
    0x17E1, 0x17E0, 0x17E0, 0x17E0, 0x17E1, 0x1FE1, 0x00E0, 0x0802, 0x0000, 0x0000, 0x0000, 0x0000,
    0x0000, 0x0000, 0x0000, 0x0000, 0x0000, 0x0000, 0x0000, 0x0000, 0x0000, 0x0000, 0x0000, 0x0000,
    0x0000, 0x0000, 0x0000, 0x0000, 0x0000, 0x0000, 0x0000, 0x0000, 0x0000, 0x0000, 0x0000, 0x0000,
    0x0000, 0x0000, 0x0000, 0x0000, 0x0000, 0x0000, 0x0000, 0x0000, 0x0000, 0x0000, 0x0000, 0x0000,
    0x0000, 0x0000, 0x0000, 0x0000, 0x0000, 0x0000, 0x0000, 0x0000, 0x0000, 0x0000, 0x0000, 0x0000,
    0x0000, 0x0000, 0x0000, 0x0000, 0x0000, 0x0000, 0x0000, 0x0000, 0x0000, 0x0000, 0x0020, 0x0001,
    0x0260, 0x17C1, 0x17C1, 0x17E0, 0x17E0, 0x17E0, 0x17E0, 0x17E0, 0x17E0, 0x17E0, 0x17E0, 0x17E0,
    0x17E0, 0x17E0, 0x17E0, 0x17E0, 0x17E0, 0x17E1, 0x2E83, 0x12A2, 0x0020, 0x0000, 0x0000, 0x0000,
    0x0000, 0x0000, 0x0000, 0x0000, 0x0000, 0x0000, 0x0000, 0x0000, 0x0000, 0x0000, 0x0000, 0x0000,
    0x0000, 0x0000, 0x0801, 0x0080, 0x2DE3, 0x0FE0, 0x17E0, 0x17E0, 0x17E0, 0x17E0, 0x17E0, 0x17E0,
    0x1D42, 0x0020, 0x0000, 0x0000, 0x0000, 0x0000, 0x0000, 0x0000, 0x0000, 0x0000, 0x0000, 0x0000,
    0x0000, 0x0000, 0x0000, 0x0000, 0x0000, 0x0000, 0x0000, 0x0000, 0x0000, 0x0000, 0x0000, 0x0000,
    0x0000, 0x0000, 0x0000, 0x0001, 0x0000, 0x02A1, 0x2723, 0x17E0, 0x17E0, 0x17E0, 0x17C0, 0x17E1,
    0x17E0, 0x2F83, 0x0040, 0x0801, 0x0821, 0x0000, 0x0000, 0x0000, 0x0000, 0x0000, 0x0000, 0x0000,
    0x0000, 0x0000, 0x0000, 0x0000, 0x0000, 0x0000, 0x0000, 0x0000, 0x0000, 0x0001, 0x0801, 0x2D64,
    0x2FC3, 0x17E0, 0x17E0, 0x17E0, 0x17E0, 0x17E0, 0x17E0, 0x17E0, 0x17E0, 0x17E0, 0x17E0, 0x17E0,
    0x17E0, 0x17C0, 0x17C0, 0x17C0, 0x1FA2, 0x2543, 0x0801, 0x0841, 0x0000, 0x0000, 0x0000, 0x0000,
    0x0000, 0x0000, 0x0000, 0x0000, 0x0000, 0x0000, 0x0000, 0x0000, 0x0000, 0x0000, 0x0000, 0x0000,
    0x0000, 0x0000, 0x0000, 0x0000, 0x0000, 0x0000, 0x0000, 0x0000, 0x0000, 0x0000, 0x0000, 0x0000,
    0x0000, 0x0000, 0x0000, 0x0000, 0x0000, 0x0000, 0x0000, 0x0000, 0x0000, 0x0000, 0x0000, 0x0000,
    0x0000, 0x0000, 0x0000, 0x0000, 0x0000, 0x0000, 0x0000, 0x0000, 0x0000, 0x0000, 0x0000, 0x0000,
    0x0000, 0x0000, 0x0000, 0x0000, 0x0000, 0x0000, 0x0000, 0x0000, 0x0000, 0x0000, 0x0000, 0x0001,
    0x0060, 0x27A3, 0x17C1, 0x17E0, 0x1FE0, 0x17E0, 0x17E0, 0x17E0, 0x17E0, 0x17E0, 0x17E0, 0x17E0,
    0x17E0, 0x17E0, 0x17E0, 0x17E0, 0x17E0, 0x17C1, 0x27C2, 0x1D22, 0x0000, 0x0000, 0x0000, 0x0000,
    0x0000, 0x0000, 0x0000, 0x0000, 0x0000, 0x0000, 0x0000, 0x0000, 0x0000, 0x0000, 0x0000, 0x0000,
    0x0000, 0x0000, 0x0000, 0x0000, 0x1B82, 0x0FE0, 0x17E0, 0x0FE0, 0x17E0, 0x17E0, 0x17E0, 0x17E0,
    0x1501, 0x0000, 0x0800, 0x0000, 0x0000, 0x0000, 0x0000, 0x0000, 0x0000, 0x0000, 0x0000, 0x0000,
    0x0000, 0x0000, 0x0000, 0x0000, 0x0000, 0x0000, 0x0000, 0x0000, 0x0000, 0x0000, 0x0000, 0x0000,
    0x0000, 0x0000, 0x0000, 0x0000, 0x0000, 0x0200, 0x26E4, 0x17E0, 0x17E0, 0x17E0, 0x17A0, 0x1FE2,
    0x1FE1, 0x36A4, 0x0001, 0x0821, 0x0802, 0x0001, 0x0000, 0x0000, 0x0000, 0x0000, 0x0000, 0x0000,
    0x0000, 0x0000, 0x0000, 0x0000, 0x0000, 0x0000, 0x0000, 0x0000, 0x0000, 0x0001, 0x08C1, 0x2F65,
    0x17E1, 0x17E0, 0x17E0, 0x17E0, 0x17E0, 0x17E0, 0x17E0, 0x17E0, 0x17E0, 0x17E0, 0x17E0, 0x17E0,
    0x17E0, 0x17E0, 0x17C0, 0x17E0, 0x2F24, 0x1B62, 0x0800, 0x0861, 0x0000, 0x0000, 0x0000, 0x0000,
    0x0000, 0x0000, 0x0000, 0x0000, 0x0000, 0x0000, 0x0000, 0x0000, 0x0000, 0x0000, 0x0000, 0x0000,
    0x0000, 0x0000, 0x0000, 0x0000, 0x0000, 0x0000, 0x0000, 0x0000, 0x0000, 0x0000, 0x0000, 0x0000,
    0x0000, 0x0000, 0x0000, 0x0000, 0x0000, 0x0000, 0x0000, 0x0000, 0x0000, 0x0000, 0x0000, 0x0000,
    0x0000, 0x0000, 0x0000, 0x0000, 0x0000, 0x0000, 0x0000, 0x0000, 0x0000, 0x0000, 0x0000, 0x0000,
    0x0000, 0x0000, 0x0000, 0x0000, 0x0000, 0x0000, 0x0000, 0x0000, 0x0000, 0x0000, 0x0000, 0x0000,
    0x0000, 0x1D44, 0x2743, 0x17E0, 0x0780, 0x17E0, 0x17E0, 0x17E0, 0x17E0, 0x17E0, 0x17E0, 0x17E0,
    0x17E0, 0x17E0, 0x17E0, 0x17E0, 0x17E0, 0x17E1, 0x07E0, 0x1FE2, 0x0300, 0x1022, 0x0060, 0x1022,
    0x0040, 0x0000, 0x0000, 0x0000, 0x0000, 0x0000, 0x0000, 0x0000, 0x0000, 0x0000, 0x0000, 0x0000,
    0x0000, 0x0000, 0x0000, 0x0820, 0x1082, 0x37C4, 0x0FC0, 0x17C1, 0x17E0, 0x17E0, 0x17E0, 0x17E0,
    0x1C03, 0x0000, 0x0800, 0x0000, 0x0000, 0x0000, 0x0000, 0x0000, 0x0000, 0x0000, 0x0000, 0x0000,
    0x0000, 0x0000, 0x0000, 0x0000, 0x0000, 0x0000, 0x0000, 0x0000, 0x0000, 0x0000, 0x0000, 0x0000,
    0x0000, 0x0000, 0x0000, 0x0000, 0x0020, 0x0140, 0x1E63, 0x17C1, 0x17E0, 0x17E0, 0x0FA1, 0x17E2,
    0x2724, 0x1B63, 0x0000, 0x0000, 0x0000, 0x0000, 0x0000, 0x0000, 0x0000, 0x0000, 0x0000, 0x0000,
    0x0000, 0x0000, 0x0000, 0x0000, 0x0000, 0x0000, 0x0000, 0x0040, 0x0040, 0x0100, 0x0501, 0x17C0,
    0x17E0, 0x17E0, 0x17E0, 0x17E0, 0x17E0, 0x17E0, 0x17E0, 0x17E0, 0x17E0, 0x17E0, 0x17E0, 0x17E0,
    0x17E0, 0x1FE1, 0x1FE0, 0x17A1, 0x2B65, 0x00A0, 0x0000, 0x0000, 0x0000, 0x0000, 0x0000, 0x0000,
    0x0000, 0x0000, 0x0000, 0x0000, 0x0000, 0x0000, 0x0000, 0x0000, 0x0000, 0x0000, 0x0000, 0x0000,
    0x0000, 0x0000, 0x0000, 0x0000, 0x0000, 0x0000, 0x0000, 0x0000, 0x0000, 0x0000, 0x0000, 0x0000,
    0x0000, 0x0000, 0x0000, 0x0000, 0x0000, 0x0000, 0x0000, 0x0000, 0x0000, 0x0000, 0x0000, 0x0000,
    0x0000, 0x0000, 0x0000, 0x0000, 0x0000, 0x0000, 0x0000, 0x0000, 0x0000, 0x0000, 0x0000, 0x0000,
    0x0000, 0x0000, 0x0000, 0x0000, 0x0000, 0x0000, 0x0000, 0x0000, 0x0000, 0x0000, 0x0000, 0x0000,
    0x0000, 0x0B41, 0x2E64, 0x0FE0, 0x17E1, 0x17E0, 0x17E0, 0x17E0, 0x17E0, 0x17E0, 0x17E0, 0x17E0,
    0x17E0, 0x17E0, 0x17E0, 0x17E0, 0x17E0, 0x17E1, 0x0FE0, 0x1FE2, 0x1D42, 0x0960, 0x0062, 0x0000,
    0x0020, 0x0000, 0x0000, 0x0000, 0x0000, 0x0000, 0x0000, 0x0000, 0x0000, 0x0000, 0x0000, 0x0000,
    0x0000, 0x0000, 0x0000, 0x0020, 0x1002, 0x2DE4, 0x27C3, 0x1FC2, 0x17E0, 0x17E0, 0x17E0, 0x17E0,
    0x13A3, 0x0000, 0x0800, 0x0000, 0x0000, 0x0000, 0x0000, 0x0000, 0x0000, 0x0000, 0x0000, 0x0000,
    0x0000, 0x0000, 0x0000, 0x0000, 0x0000, 0x0000, 0x0000, 0x0000, 0x0000, 0x0000, 0x0000, 0x0000,
    0x0000, 0x0000, 0x0000, 0x0000, 0x0020, 0x0120, 0x1E42, 0x17C1, 0x17E0, 0x17E0, 0x1FE1, 0x0FC0,
    0x2503, 0x0140, 0x0000, 0x0000, 0x0000, 0x0000, 0x0000, 0x0000, 0x0000, 0x0000, 0x0000, 0x0000,
    0x0000, 0x0000, 0x0000, 0x0000, 0x0000, 0x0000, 0x0001, 0x0000, 0x0020, 0x1321, 0x26C4, 0x17C0,
    0x17C0, 0x17E0, 0x17E0, 0x17E0, 0x17E0, 0x17E0, 0x17E0, 0x17E0, 0x17E0, 0x17E0, 0x17E0, 0x17E0,
    0x17E0, 0x1FC0, 0x0FC0, 0x2FC4, 0x19C3, 0x0020, 0x0000, 0x0000, 0x0000, 0x0000, 0x0000, 0x0000,
    0x0000, 0x0000, 0x0000, 0x0000, 0x0000, 0x0000, 0x0000, 0x0000, 0x0000, 0x0000, 0x0000, 0x0000,
    0x0000, 0x0000, 0x0000, 0x0000, 0x0000, 0x0000, 0x0000, 0x0000, 0x0000, 0x0000, 0x0000, 0x0000,
    0x0000, 0x0000, 0x0000, 0x0000, 0x0000, 0x0000, 0x0000, 0x0000, 0x0000, 0x0000, 0x0000, 0x0000,
    0x0000, 0x0000, 0x0000, 0x0000, 0x0000, 0x0000, 0x0000, 0x0000, 0x0000, 0x0000, 0x0000, 0x0000,
    0x0000, 0x0000, 0x0000, 0x0000, 0x0000, 0x0000, 0x0000, 0x0000, 0x0000, 0x0000, 0x0000, 0x0000,
    0x0020, 0x1000, 0x0100, 0x1FE3, 0x1FE0, 0x17E1, 0x17E0, 0x17E0, 0x17E0, 0x17E0, 0x17E0, 0x17E0,
    0x17E0, 0x17E0, 0x17E0, 0x17E0, 0x17E0, 0x17E0, 0x1FE1, 0x1FC0, 0x17E0, 0x1E42, 0x0801, 0x0060,
    0x0801, 0x0000, 0x0000, 0x0000, 0x0000, 0x0000, 0x0000, 0x0000, 0x0000, 0x0000, 0x0000, 0x0000,
    0x0000, 0x0000, 0x0000, 0x0000, 0x0080, 0x0060, 0x14C1, 0x0FA0, 0x17E0, 0x17E0, 0x17E0, 0x17E0,
    0x02C0, 0x0800, 0x0800, 0x0000, 0x0000, 0x0000, 0x0000, 0x0000, 0x0000, 0x0000, 0x0000, 0x0000,
    0x0000, 0x0000, 0x0000, 0x0000, 0x0000, 0x0000, 0x0000, 0x0000, 0x0000, 0x0000, 0x0000, 0x0000,
    0x0000, 0x0000, 0x0000, 0x0000, 0x0020, 0x00C0, 0x1E02, 0x17C1, 0x17E0, 0x17E0, 0x17E1, 0x2743,
    0x0001, 0x0821, 0x0000, 0x0000, 0x0000, 0x0000, 0x0000, 0x0000, 0x0000, 0x0000, 0x0000, 0x0000,
    0x0000, 0x0000, 0x0000, 0x0000, 0x0000, 0x0000, 0x0000, 0x0001, 0x0100, 0x2F83, 0x17C0, 0x1FE1,
    0x17C0, 0x17E0, 0x17E0, 0x17E0, 0x17E0, 0x17E0, 0x17E0, 0x17E0, 0x17E0, 0x17E0, 0x17E0, 0x17E0,
    0x0FE1, 0x1FC0, 0x2FC4, 0x1D23, 0x0000, 0x0000, 0x0000, 0x0020, 0x0000, 0x0000, 0x0000, 0x0000,
    0x0000, 0x0000, 0x0000, 0x0000, 0x0000, 0x0000, 0x0000, 0x0000, 0x0000, 0x0000, 0x0000, 0x0000,
    0x0000, 0x0000, 0x0000, 0x0000, 0x0000, 0x0000, 0x0000, 0x0000, 0x0000, 0x0000, 0x0000, 0x0000,
    0x0000, 0x0000, 0x0000, 0x0000, 0x0000, 0x0000, 0x0000, 0x0000, 0x0000, 0x0000, 0x0000, 0x0000,
    0x0000, 0x0000, 0x0000, 0x0000, 0x0000, 0x0000, 0x0000, 0x0000, 0x0000, 0x0000, 0x0000, 0x0000,
    0x0000, 0x0000, 0x0000, 0x0000, 0x0000, 0x0000, 0x0000, 0x0000, 0x0000, 0x0000, 0x0000, 0x0000,
    0x0020, 0x1022, 0x0020, 0x2F04, 0x17C0, 0x17E1, 0x17E0, 0x17E0, 0x17E0, 0x17E0, 0x17E0, 0x17E0,
    0x17E0, 0x17E0, 0x17E0, 0x17E0, 0x17E0, 0x17C0, 0x1FE1, 0x27E1, 0x0FE0, 0x1F82, 0x0920, 0x0040,
    0x0800, 0x0000, 0x0000, 0x0000, 0x0000, 0x0000, 0x0000, 0x0000, 0x0000, 0x0000, 0x0000, 0x0000,
    0x0000, 0x0000, 0x0000, 0x0000, 0x0020, 0x0020, 0x1261, 0x2782, 0x1FE0, 0x17E0, 0x17E0, 0x1FE0,
    0x0261, 0x0801, 0x0800, 0x0020, 0x0000, 0x0000, 0x0000, 0x0000, 0x0000, 0x0000, 0x0000, 0x0000,
    0x0000, 0x0000, 0x0000, 0x0000, 0x0000, 0x0000, 0x0000, 0x0000, 0x0000, 0x0000, 0x0000, 0x0000,
    0x0000, 0x0000, 0x0000, 0x0000, 0x0820, 0x00A0, 0x1DE2, 0x17C1, 0x17E0, 0x17E1, 0x3766, 0x1C83,
    0x0001, 0x0801, 0x0000, 0x0000, 0x0000, 0x0000, 0x0000, 0x0000, 0x0000, 0x0000, 0x0000, 0x0000,
    0x0000, 0x0000, 0x0000, 0x0000, 0x0000, 0x0000, 0x0020, 0x0080, 0x0BA0, 0x1FC1, 0x1FE0, 0x0FC1,
    0x17C0, 0x17E0, 0x17E0, 0x17E0, 0x17E0, 0x17E0, 0x17E0, 0x17E0, 0x17E0, 0x17E0, 0x17E0, 0x17E0,
    0x17C0, 0x17E0, 0x3EC5, 0x1B22, 0x0000, 0x0000, 0x0000, 0x0000, 0x0000, 0x0000, 0x0000, 0x0000,
    0x0000, 0x0000, 0x0000, 0x0000, 0x0000, 0x0000, 0x0000, 0x0000, 0x0000, 0x0000, 0x0000, 0x0000,
    0x0000, 0x0000, 0x0000, 0x0000, 0x0000, 0x0000, 0x0000, 0x0000, 0x0000, 0x0000, 0x0000, 0x0000,
    0x0000, 0x0000, 0x0000, 0x0000, 0x0000, 0x0000, 0x0000, 0x0000, 0x0000, 0x0000, 0x0000, 0x0000,
    0x0000, 0x0000, 0x0000, 0x0000, 0x0000, 0x0000, 0x0000, 0x0000, 0x0000, 0x0000, 0x0000, 0x0000,
    0x0000, 0x0000, 0x0000, 0x0000, 0x0000, 0x0000, 0x0000, 0x0000, 0x0000, 0x0000, 0x0000, 0x0000,
    0x0000, 0x0000, 0x1042, 0x12E2, 0x36C4, 0x0FE0, 0x17E1, 0x0FE0, 0x0FE0, 0x17E0, 0x17E0, 0x17E0,
    0x17E0, 0x17E0, 0x17E0, 0x17E0, 0x17E0, 0x17E0, 0x17E0, 0x17E0, 0x1FE1, 0x1FA2, 0x2683, 0x0222,
    0x0020, 0x0060, 0x0801, 0x0000, 0x0000, 0x0000, 0x0000, 0x0000, 0x0000, 0x0000, 0x0000, 0x0000,
    0x0000, 0x0000, 0x0000, 0x0000, 0x0000, 0x0020, 0x0000, 0x2144, 0x26A1, 0x1FC1, 0x0FC0, 0x17C0,
    0x0980, 0x0021, 0x0800, 0x0000, 0x0000, 0x0000, 0x0000, 0x0000, 0x0000, 0x0000, 0x0000, 0x0000,
    0x0000, 0x0000, 0x0000, 0x0000, 0x0000, 0x0000, 0x0000, 0x0000, 0x0000, 0x0000, 0x0000, 0x0000,
    0x0000, 0x0000, 0x0000, 0x0040, 0x0000, 0x00C0, 0x25C3, 0x1FE1, 0x1FC2, 0x27C3, 0x1121, 0x0000,
    0x0000, 0x0000, 0x0000, 0x0000, 0x0000, 0x0000, 0x0000, 0x0000, 0x0000, 0x0000, 0x0000, 0x0000,
    0x0000, 0x0000, 0x0000, 0x0000, 0x0000, 0x0040, 0x1041, 0x25C1, 0x0FC0, 0x17E0, 0x17E0, 0x17E0,
    0x17E0, 0x17E0, 0x17E0, 0x17E0, 0x17E0, 0x17E0, 0x17E0, 0x17E0, 0x1FC0, 0x17E1, 0x17E0, 0x17E0,
    0x0FE0, 0x27A2, 0x0962, 0x0802, 0x0000, 0x0000, 0x0000, 0x0000, 0x0000, 0x0000, 0x0000, 0x0000,
    0x0000, 0x0000, 0x0000, 0x0000, 0x0000, 0x0000, 0x0000, 0x0000, 0x0000, 0x0000, 0x0000, 0x0000,
    0x0000, 0x0000, 0x0000, 0x0000, 0x0000, 0x0000, 0x0000, 0x0000, 0x0000, 0x0000, 0x0000, 0x0000,
    0x0000, 0x0000, 0x0000, 0x0000, 0x0000, 0x0000, 0x0000, 0x0000, 0x0000, 0x0000, 0x0000, 0x0000,
    0x0000, 0x0000, 0x0000, 0x0000, 0x0000, 0x0000, 0x0000, 0x0000, 0x0000, 0x0000, 0x0000, 0x0000,
    0x0000, 0x0000, 0x0000, 0x0000, 0x0000, 0x0000, 0x0000, 0x0000, 0x0000, 0x0000, 0x0000, 0x0000,
    0x0000, 0x0000, 0x0000, 0x0120, 0x1422, 0x17E0, 0x1FE0, 0x1FE1, 0x17C0, 0x17E0, 0x17E0, 0x17E0,
    0x17E0, 0x17E0, 0x17E0, 0x17E0, 0x17E0, 0x17E0, 0x17E0, 0x17E0, 0x17E1, 0x17C1, 0x3785, 0x24A4,
    0x0801, 0x0841, 0x0000, 0x0000, 0x0000, 0x0000, 0x0000, 0x0000, 0x0000, 0x0000, 0x0000, 0x0000,
    0x0000, 0x0000, 0x0000, 0x0000, 0x0000, 0x0020, 0x0000, 0x0861, 0x0B21, 0x1F82, 0x0FC0, 0x1FE2,
    0x0180, 0x0022, 0x0000, 0x0000, 0x0000, 0x0000, 0x0000, 0x0000, 0x0000, 0x0000, 0x0000, 0x0000,
    0x0000, 0x0000, 0x0000, 0x0000, 0x0000, 0x0000, 0x0000, 0x0000, 0x0000, 0x0000, 0x0000, 0x0000,
    0x0000, 0x0000, 0x0000, 0x0040, 0x0000, 0x00C0, 0x2D64, 0x0FE0, 0x2F84, 0x2524, 0x0060, 0x0000,
    0x0000, 0x0000, 0x0000, 0x0000, 0x0000, 0x0000, 0x0000, 0x0000, 0x0000, 0x0000, 0x0000, 0x0000,
    0x0000, 0x0000, 0x0000, 0x0000, 0x0000, 0x0801, 0x0020, 0x26C3, 0x1FE2, 0x17E0, 0x17E0, 0x17E0,
    0x17E0, 0x17E0, 0x17E0, 0x17E0, 0x17E0, 0x17E0, 0x17E0, 0x17E0, 0x1FE0, 0x1FC0, 0x1FE0, 0x17E0,
    0x17C2, 0x3684, 0x0080, 0x0000, 0x0000, 0x0000, 0x0000, 0x0000, 0x0000, 0x0000, 0x0000, 0x0000,
    0x0000, 0x0000, 0x0000, 0x0000, 0x0000, 0x0000, 0x0000, 0x0000, 0x0000, 0x0000, 0x0000, 0x0000,
    0x0000, 0x0000, 0x0000, 0x0000, 0x0000, 0x0000, 0x0000, 0x0000, 0x0000, 0x0000, 0x0000, 0x0000,
    0x0000, 0x0000, 0x0000, 0x0000, 0x0000, 0x0000, 0x0000, 0x0000, 0x0000, 0x0000, 0x0000, 0x0000,
    0x0000, 0x0000, 0x0000, 0x0000, 0x0000, 0x0000, 0x0000, 0x0000, 0x0000, 0x0000, 0x0000, 0x0000,
    0x0000, 0x0000, 0x0000, 0x0000, 0x0000, 0x0000, 0x0000, 0x0000, 0x0000, 0x0000, 0x0000, 0x0000,
    0x0000, 0x0000, 0x0020, 0x1803, 0x0822, 0x26C3, 0x27C2, 0x17E1, 0x1FC1, 0x17E0, 0x17E0, 0x17E0,
    0x17E0, 0x17E0, 0x17E0, 0x17E0, 0x17E0, 0x17E0, 0x17E0, 0x17E0, 0x17E0, 0x17E0, 0x0FC0, 0x1FE2,
    0x09E0, 0x0001, 0x0020, 0x0020, 0x0000, 0x0000, 0x0000, 0x0000, 0x0000, 0x0000, 0x0000, 0x0000,
    0x0000, 0x0000, 0x0000, 0x0000, 0x0000, 0x0000, 0x0020, 0x0020, 0x1001, 0x0160, 0x24A3, 0x1F83,
    0x0100, 0x0002, 0x0000, 0x0000, 0x0000, 0x0000, 0x0000, 0x0000, 0x0000, 0x0000, 0x0000, 0x0000,
    0x0000, 0x0000, 0x0000, 0x0000, 0x0000, 0x0000, 0x0000, 0x0000, 0x0000, 0x0000, 0x0000, 0x0000,
    0x0000, 0x0000, 0x0000, 0x0020, 0x0000, 0x0060, 0x13C2, 0x46C7, 0x0200, 0x0001, 0x0842, 0x0001,
    0x0000, 0x0000, 0x0000, 0x0000, 0x0000, 0x0000, 0x0000, 0x0000, 0x0000, 0x0000, 0x0000, 0x0000,
    0x0000, 0x0000, 0x0000, 0x0000, 0x0000, 0x08C0, 0x3485, 0x1FC1, 0x1F81, 0x17E0, 0x17E0, 0x17E0,
    0x17E0, 0x17E0, 0x17E0, 0x17E0, 0x17E0, 0x17E0, 0x17E0, 0x17E0, 0x07E0, 0x17E1, 0x0FE0, 0x17C1,
    0x1CE4, 0x0140, 0x0021, 0x0020, 0x0000, 0x0000, 0x0000, 0x0000, 0x0000, 0x0000, 0x0000, 0x0000,
    0x0000, 0x0000, 0x0000, 0x0000, 0x0000, 0x0000, 0x0000, 0x0000, 0x0000, 0x0000, 0x0000, 0x0000,
    0x0000, 0x0000, 0x0000, 0x0000, 0x0000, 0x0000, 0x0000, 0x0000, 0x0000, 0x0000, 0x0000, 0x0000,
    0x0000, 0x0000, 0x0000, 0x0000, 0x0000, 0x0000, 0x0000, 0x0000, 0x0000, 0x0000, 0x0000, 0x0000,
    0x0000, 0x0000, 0x0000, 0x0000, 0x0000, 0x0000, 0x0000, 0x0000, 0x0000, 0x0000, 0x0000, 0x0000,
    0x0000, 0x0000, 0x0000, 0x0000, 0x0000, 0x0000, 0x0000, 0x0000, 0x0000, 0x0000, 0x0000, 0x0000,
    0x0000, 0x0000, 0x0020, 0x1001, 0x0000, 0x1C03, 0x2684, 0x0FE0, 0x1FE2, 0x17E0, 0x17E0, 0x17E0,
    0x17E0, 0x17E0, 0x17E0, 0x17E0, 0x17E0, 0x17E0, 0x17E0, 0x17E0, 0x17E0, 0x17C0, 0x17E0, 0x17E0,
    0x2502, 0x0900, 0x0821, 0x0820, 0x0000, 0x0000, 0x0000, 0x0000, 0x0000, 0x0000, 0x0000, 0x0000,
    0x0000, 0x0000, 0x0000, 0x0000, 0x0000, 0x0000, 0x0000, 0x0000, 0x0020, 0x1022, 0x0120, 0x1C82,
    0x0820, 0x0000, 0x0800, 0x0000, 0x0000, 0x0000, 0x0000, 0x0000, 0x0000, 0x0000, 0x0000, 0x0000,
    0x0000, 0x0000, 0x0000, 0x0000, 0x0000, 0x0000, 0x0000, 0x0000, 0x0000, 0x0000, 0x0000, 0x0000,
    0x0000, 0x0000, 0x0000, 0x0020, 0x0020, 0x0021, 0x0160, 0x1282, 0x0060, 0x0021, 0x0000, 0x0000,
    0x0000, 0x0000, 0x0000, 0x0000, 0x0000, 0x0000, 0x0000, 0x0000, 0x0000, 0x0000, 0x0000, 0x0000,
    0x0000, 0x0000, 0x0000, 0x0000, 0x0000, 0x1341, 0x3705, 0x1FE1, 0x17A0, 0x17E0, 0x17E0, 0x17E0,
    0x17E0, 0x17E0, 0x17E0, 0x17E0, 0x17E0, 0x17E0, 0x17E0, 0x17E0, 0x0FE1, 0x1FE2, 0x0FE0, 0x2764,
    0x0181, 0x0060, 0x0000, 0x0020, 0x0000, 0x0000, 0x0000, 0x0000, 0x0000, 0x0000, 0x0000, 0x0000,
    0x0000, 0x0000, 0x0000, 0x0000, 0x0000, 0x0000, 0x0000, 0x0000, 0x0000, 0x0000, 0x0000, 0x0000,
    0x0000, 0x0000, 0x0000, 0x0000, 0x0000, 0x0000, 0x0000, 0x0000, 0x0000, 0x0000, 0x0000, 0x0000,
    0x0000, 0x0000, 0x0000, 0x0000, 0x0000, 0x0000, 0x0000, 0x0000, 0x0000, 0x0000, 0x0000, 0x0000,
    0x0000, 0x0000, 0x0000, 0x0000, 0x0000, 0x0000, 0x0000, 0x0000, 0x0000, 0x0000, 0x0000, 0x0000,
    0x0000, 0x0000, 0x0000, 0x0000, 0x0000, 0x0000, 0x0000, 0x0000, 0x0000, 0x0000, 0x0000, 0x0000,
    0x0000, 0x0000, 0x0000, 0x0000, 0x0000, 0x0021, 0x11E2, 0x2F63, 0x17E0, 0x1FE0, 0x17E0, 0x17E0,
    0x1FC0, 0x17E0, 0x17E0, 0x17E0, 0x17E0, 0x17E0, 0x17E0, 0x17E0, 0x17E0, 0x17E0, 0x17E0, 0x17E0,
    0x1FE2, 0x25C3, 0x0801, 0x0040, 0x0801, 0x0000, 0x0000, 0x0000, 0x0000, 0x0000, 0x0000, 0x0000,
    0x0000, 0x0000, 0x0000, 0x0000, 0x0000, 0x0000, 0x0000, 0x0000, 0x0000, 0x0000, 0x0020, 0x0020,
    0x0020, 0x0000, 0x0000, 0x0000, 0x0000, 0x0000, 0x0000, 0x0000, 0x0000, 0x0000, 0x0000, 0x0000,
    0x0000, 0x0000, 0x0000, 0x0000, 0x0000, 0x0000, 0x0000, 0x0000, 0x0000, 0x0000, 0x0000, 0x0000,
    0x0000, 0x0000, 0x0000, 0x0000, 0x0000, 0x0000, 0x0000, 0x0020, 0x0000, 0x0000, 0x0000, 0x0000,
    0x0000, 0x0000, 0x0000, 0x0000, 0x0000, 0x0000, 0x0000, 0x0000, 0x0000, 0x0000, 0x0000, 0x0000,
    0x0000, 0x0000, 0x0020, 0x0822, 0x00C0, 0x2783, 0x1FA2, 0x0FE0, 0x17E0, 0x17E0, 0x17E0, 0x17E0,
    0x17E0, 0x17E0, 0x17E0, 0x17E0, 0x17E0, 0x0FE1, 0x17E0, 0x17E0, 0x2FC0, 0x17A0, 0x1E62, 0x0B20,
    0x0020, 0x0020, 0x0000, 0x0000, 0x0000, 0x0000, 0x0000, 0x0000, 0x0000, 0x0000, 0x0000, 0x0000,
    0x0000, 0x0000, 0x0000, 0x0000, 0x0000, 0x0000, 0x0000, 0x0000, 0x0000, 0x0000, 0x0000, 0x0000,
    0x0000, 0x0000, 0x0000, 0x0000, 0x0000, 0x0000, 0x0000, 0x0000, 0x0000, 0x0000, 0x0000, 0x0000,
    0x0000, 0x0000, 0x0000, 0x0000, 0x0000, 0x0000, 0x0000, 0x0000, 0x0000, 0x0000, 0x0000, 0x0000,
    0x0000, 0x0000, 0x0000, 0x0000, 0x0000, 0x0000, 0x0000, 0x0000, 0x0000, 0x0000, 0x0000, 0x0000,
    0x0000, 0x0000, 0x0000, 0x0000, 0x0000, 0x0000, 0x0000, 0x0000, 0x0000, 0x0000, 0x0000, 0x0000,
    0x0000, 0x0000, 0x0000, 0x0000, 0x0000, 0x0061, 0x0020, 0x25A4, 0x1F83, 0x27A2, 0x1FE2, 0x1FC0,
    0x17C0, 0x17E0, 0x17E0, 0x17E0, 0x17E0, 0x17E0, 0x17E0, 0x17E0, 0x17E0, 0x17E0, 0x17E0, 0x17E0,
    0x17E0, 0x2743, 0x00C0, 0x0841, 0x0020, 0x0000, 0x0000, 0x0000, 0x0000, 0x0000, 0x0000, 0x0000,
    0x0000, 0x0000, 0x0000, 0x0000, 0x0000, 0x0000, 0x0000, 0x0000, 0x0000, 0x0000, 0x0000, 0x0020,
    0x0000, 0x0000, 0x0000, 0x0000, 0x0000, 0x0000, 0x0000, 0x0000, 0x0000, 0x0000, 0x0000, 0x0000,
    0x0000, 0x0000, 0x0000, 0x0000, 0x0000, 0x0000, 0x0000, 0x0000, 0x0000, 0x0000, 0x0000, 0x0000,
    0x0000, 0x0000, 0x0000, 0x0000, 0x0000, 0x0000, 0x0000, 0x0020, 0x0000, 0x0000, 0x0000, 0x0000,
    0x0000, 0x0000, 0x0000, 0x0000, 0x0000, 0x0000, 0x0000, 0x0000, 0x0000, 0x0000, 0x0000, 0x0000,
    0x0000, 0x0000, 0x0000, 0x0021, 0x0AA0, 0x1FA1, 0x17C1, 0x17E0, 0x17E0, 0x17E0, 0x17E0, 0x17E0,
    0x17E0, 0x17E0, 0x17E0, 0x17E0, 0x17E0, 0x1FE1, 0x1FC1, 0x17C1, 0x1F81, 0x17C2, 0x0B00, 0x0880,
    0x0020, 0x0000, 0x0000, 0x0000, 0x0000, 0x0000, 0x0000, 0x0000, 0x0000, 0x0000, 0x0000, 0x0000,
    0x0000, 0x0000, 0x0000, 0x0000, 0x0000, 0x0000, 0x0000, 0x0000, 0x0000, 0x0000, 0x0000, 0x0000,
    0x0000, 0x0000, 0x0000, 0x0000, 0x0000, 0x0000, 0x0000, 0x0000, 0x0000, 0x0000, 0x0000, 0x0000,
    0x0000, 0x0000, 0x0000, 0x0000, 0x0000, 0x0000, 0x0000, 0x0000, 0x0000, 0x0000, 0x0000, 0x0000,
    0x0000, 0x0000, 0x0000, 0x0000, 0x0000, 0x0000, 0x0000, 0x0000, 0x0000, 0x0000, 0x0000, 0x0000,
    0x0000, 0x0000, 0x0000, 0x0000, 0x0000, 0x0000, 0x0000, 0x0000, 0x0000, 0x0000, 0x0000, 0x0000,
    0x0000, 0x0000, 0x0000, 0x0000, 0x0000, 0x1000, 0x0001, 0x1021, 0x0A60, 0x1FA1, 0x17E1, 0x17A0,
    0x1FE1, 0x17E0, 0x17E0, 0x17E0, 0x17E0, 0x17E0, 0x17E0, 0x17E0, 0x17E0, 0x17E0, 0x17E0, 0x17E0,
    0x17C0, 0x17E0, 0x2D65, 0x0962, 0x0000, 0x0000, 0x0000, 0x0000, 0x0000, 0x0000, 0x0000, 0x0000,
    0x0000, 0x0000, 0x0000, 0x0000, 0x0000, 0x0000, 0x0000, 0x0000, 0x0000, 0x0000, 0x0000, 0x0000,
    0x0000, 0x0000, 0x0000, 0x0000, 0x0000, 0x0000, 0x0000, 0x0000, 0x0000, 0x0000, 0x0000, 0x0000,
    0x0000, 0x0000, 0x0000, 0x0000, 0x0000, 0x0000, 0x0000, 0x0000, 0x0000, 0x0000, 0x0000, 0x0000,
    0x0000, 0x0000, 0x0000, 0x0000, 0x0000, 0x0000, 0x0000, 0x0000, 0x0000, 0x0000, 0x0000, 0x0000,
    0x0000, 0x0000, 0x0000, 0x0000, 0x0000, 0x0000, 0x0000, 0x0000, 0x0000, 0x0000, 0x0000, 0x0000,
    0x0000, 0x0020, 0x1001, 0x1BA1, 0x2702, 0x17E0, 0x17E0, 0x17E0, 0x17E0, 0x17E0, 0x17E0, 0x17E0,
    0x17E0, 0x17E0, 0x17E0, 0x17E0, 0x17E0, 0x17E2, 0x0FC0, 0x1FE0, 0x2E63, 0x1300, 0x0801, 0x0020,
    0x0000, 0x0000, 0x0000, 0x0000, 0x0000, 0x0000, 0x0000, 0x0000, 0x0000, 0x0000, 0x0000, 0x0000,
    0x0000, 0x0000, 0x0000, 0x0000, 0x0000, 0x0000, 0x0000, 0x0000, 0x0000, 0x0000, 0x0000, 0x0000,
    0x0000, 0x0000, 0x0000, 0x0000, 0x0000, 0x0000, 0x0000, 0x0000, 0x0000, 0x0000, 0x0000, 0x0000,
    0x0000, 0x0000, 0x0000, 0x0000, 0x0000, 0x0000, 0x0000, 0x0000, 0x0000, 0x0000, 0x0000, 0x0000,
    0x0000, 0x0000, 0x0000, 0x0000, 0x0000, 0x0000, 0x0000, 0x0000, 0x0000, 0x0000, 0x0000, 0x0000,
    0x0000, 0x0000, 0x0000, 0x0000, 0x0000, 0x0000, 0x0000, 0x0000, 0x0000, 0x0000, 0x0000, 0x0000,
    0x0000, 0x0000, 0x0000, 0x0000, 0x0000, 0x0020, 0x0020, 0x0020, 0x0000, 0x0860, 0x2444, 0x1FE2,
    0x17E0, 0x17E0, 0x17E0, 0x17E0, 0x17E0, 0x17E0, 0x17E0, 0x17E0, 0x17E0, 0x17E0, 0x17E0, 0x17E0,
    0x1FC1, 0x1780, 0x0FC0, 0x2643, 0x0000, 0x0000, 0x0000, 0x0000, 0x0000, 0x0000, 0x0000, 0x0000,
    0x0000, 0x0000, 0x0000, 0x0000, 0x0000, 0x0000, 0x0000, 0x0000, 0x0000, 0x0000, 0x0000, 0x0000,
    0x0000, 0x0000, 0x0000, 0x0000, 0x0000, 0x0000, 0x0000, 0x0000, 0x0000, 0x0000, 0x0000, 0x0000,
    0x0000, 0x0000, 0x0000, 0x0000, 0x0000, 0x0000, 0x0000, 0x0000, 0x0000, 0x0000, 0x0000, 0x0000,
    0x0000, 0x0000, 0x0000, 0x0000, 0x0000, 0x0000, 0x0000, 0x0000, 0x0000, 0x0000, 0x0000, 0x0000,
    0x0000, 0x0000, 0x0000, 0x0000, 0x0000, 0x0000, 0x0000, 0x0000, 0x0000, 0x0000, 0x0000, 0x0000,
    0x0000, 0x0001, 0x0040, 0x3745, 0x1FE1, 0x17C1, 0x17C1, 0x17E0, 0x17E0, 0x17E0, 0x17E0, 0x17E0,
    0x17E0, 0x17E0, 0x17E0, 0x17E0, 0x27C0, 0x1FE0, 0x2763, 0x2524, 0x1004, 0x0000, 0x0041, 0x0000,
    0x0000, 0x0000, 0x0000, 0x0000, 0x0000, 0x0000, 0x0000, 0x0000, 0x0000, 0x0000, 0x0000, 0x0000,
    0x0000, 0x0000, 0x0000, 0x0000, 0x0000, 0x0000, 0x0000, 0x0000, 0x0000, 0x0000, 0x0000, 0x0000,
    0x0000, 0x0000, 0x0000, 0x0000, 0x0000, 0x0000, 0x0000, 0x0000, 0x0000, 0x0000, 0x0000, 0x0000,
    0x0000, 0x0000, 0x0000, 0x0000, 0x0000, 0x0000, 0x0000, 0x0000, 0x0000, 0x0000, 0x0000, 0x0000,
    0x0000, 0x0000, 0x0000, 0x0000, 0x0000, 0x0000, 0x0000, 0x0000, 0x0000, 0x0000, 0x0000, 0x0000,
    0x0000, 0x0000, 0x0000, 0x0000, 0x0000, 0x0000, 0x0000, 0x0000, 0x0000, 0x0000, 0x0000, 0x0000,
    0x0000, 0x0000, 0x0000, 0x0000, 0x0000, 0x0000, 0x0000, 0x0000, 0x0000, 0x1800, 0x08A0, 0x1DC5,
    0x2724, 0x17C0, 0x17E1, 0x1FC1, 0x1FE1, 0x17E0, 0x17E0, 0x17E0, 0x17E0, 0x17E0, 0x17E0, 0x17E0,
    0x17E0, 0x17C0, 0x17C0, 0x2FC3, 0x0101, 0x0002, 0x0020, 0x0020, 0x0000, 0x0000, 0x0000, 0x0000,
    0x0000, 0x0000, 0x0000, 0x0000, 0x0000, 0x0000, 0x0000, 0x0000, 0x0000, 0x0000, 0x0000, 0x0000,
    0x0000, 0x0000, 0x0000, 0x0000, 0x0000, 0x0000, 0x0000, 0x0000, 0x0000, 0x0000, 0x0000, 0x0000,
    0x0000, 0x0000, 0x0000, 0x0000, 0x0000, 0x0000, 0x0000, 0x0000, 0x0000, 0x0000, 0x0000, 0x0000,
    0x0000, 0x0000, 0x0000, 0x0000, 0x0000, 0x0000, 0x0000, 0x0000, 0x0000, 0x0000, 0x0000, 0x0000,
    0x0000, 0x0000, 0x0000, 0x0000, 0x0000, 0x0000, 0x0000, 0x0000, 0x0000, 0x0000, 0x0800, 0x0800,
    0x0000, 0x0021, 0x1241, 0x17A1, 0x27C1, 0x17E0, 0x17E0, 0x17E0, 0x17E0, 0x17E0, 0x17E0, 0x17E0,
    0x17E0, 0x17E0, 0x17C0, 0x17C1, 0x0FE1, 0x27C2, 0x1C22, 0x0120, 0x0000, 0x0000, 0x0000, 0x0000,
    0x0000, 0x0000, 0x0000, 0x0000, 0x0000, 0x0000, 0x0000, 0x0000, 0x0000, 0x0000, 0x0000, 0x0000,
    0x0000, 0x0000, 0x0000, 0x0000, 0x0000, 0x0000, 0x0000, 0x0000, 0x0000, 0x0000, 0x0000, 0x0000,
    0x0000, 0x0000, 0x0000, 0x0000, 0x0000, 0x0000, 0x0000, 0x0000, 0x0000, 0x0000, 0x0000, 0x0000,
    0x0000, 0x0000, 0x0000, 0x0000, 0x0000, 0x0000, 0x0000, 0x0000, 0x0000, 0x0000, 0x0000, 0x0000,
    0x0000, 0x0000, 0x0000, 0x0000, 0x0000, 0x0000, 0x0000, 0x0000, 0x0000, 0x0000, 0x0000, 0x0000,
    0x0000, 0x0000, 0x0000, 0x0000, 0x0000, 0x0000, 0x0000, 0x0000, 0x0000, 0x0000, 0x0000, 0x0000,
    0x0000, 0x0000, 0x0000, 0x0000, 0x0000, 0x0000, 0x0000, 0x0000, 0x0000, 0x0001, 0x0802, 0x0821,
    0x0020, 0x2CC5, 0x2EA5, 0x0FE0, 0x1FA2, 0x17E0, 0x17E0, 0x17E0, 0x17E0, 0x17E0, 0x17E0, 0x17E0,
    0x17E0, 0x17C0, 0x0FE1, 0x0FE0, 0x2D44, 0x0140, 0x0801, 0x0000, 0x0000, 0x0000, 0x0000, 0x0000,
    0x0000, 0x0000, 0x0000, 0x0000, 0x0000, 0x0000, 0x0000, 0x0000, 0x0000, 0x0000, 0x0000, 0x0000,
    0x0000, 0x0000, 0x0000, 0x0000, 0x0000, 0x0000, 0x0000, 0x0000, 0x0000, 0x0000, 0x0000, 0x0000,
    0x0000, 0x0000, 0x0000, 0x0000, 0x0000, 0x0000, 0x0000, 0x0000, 0x0000, 0x0000, 0x0000, 0x0000,
    0x0000, 0x0000, 0x0000, 0x0000, 0x0000, 0x0000, 0x0000, 0x0000, 0x0000, 0x0000, 0x0000, 0x0000,
    0x0000, 0x0000, 0x0000, 0x0000, 0x0000, 0x0000, 0x0000, 0x0000, 0x0000, 0x0000, 0x0000, 0x0000,
    0x0801, 0x1302, 0x26E2, 0x1FC2, 0x1761, 0x17E0, 0x17E0, 0x17E0, 0x17E0, 0x17E0, 0x17E0, 0x17E0,
    0x17E0, 0x17C0, 0x27C3, 0x17C1, 0x2463, 0x01C0, 0x1804, 0x0802, 0x0000, 0x0000, 0x0000, 0x0000,
    0x0000, 0x0000, 0x0000, 0x0000, 0x0000, 0x0000, 0x0000, 0x0000, 0x0000, 0x0000, 0x0000, 0x0000,
    0x0000, 0x0000, 0x0000, 0x0000, 0x0000, 0x0000, 0x0000, 0x0000, 0x0000, 0x0000, 0x0000, 0x0000,
    0x0000, 0x0000, 0x0000, 0x0000, 0x0000, 0x0000, 0x0000, 0x0000, 0x0000, 0x0000, 0x0000, 0x0000,
    0x0000, 0x0000, 0x0000, 0x0000, 0x0000, 0x0000, 0x0000, 0x0000, 0x0000, 0x0000, 0x0000, 0x0000,
    0x0000, 0x0000, 0x0000, 0x0000, 0x0000, 0x0000, 0x0000, 0x0000, 0x0000, 0x0000, 0x0000, 0x0000,
    0x0000, 0x0000, 0x0000, 0x0000, 0x0000, 0x0000, 0x0000, 0x0000, 0x0000, 0x0000, 0x0000, 0x0000,
    0x0000, 0x0000, 0x0000, 0x0000, 0x0000, 0x0000, 0x0000, 0x0000, 0x0000, 0x0000, 0x0821, 0x0021,
    0x0821, 0x08C0, 0x1B22, 0x2F84, 0x0FE0, 0x17E0, 0x17E0, 0x17E0, 0x17E0, 0x17E0, 0x17E0, 0x17E0,
    0x17E0, 0x17E0, 0x17E1, 0x0FE0, 0x3705, 0x13A1, 0x0801, 0x0001, 0x0000, 0x0000, 0x0000, 0x0000,
    0x0000, 0x0000, 0x0000, 0x0000, 0x0000, 0x0000, 0x0000, 0x0000, 0x0000, 0x0000, 0x0000, 0x0000,
    0x0000, 0x0000, 0x0000, 0x0000, 0x0000, 0x0000, 0x0000, 0x0000, 0x0000, 0x0000, 0x0000, 0x0000,
    0x0000, 0x0000, 0x0000, 0x0000, 0x0000, 0x0000, 0x0000, 0x0000, 0x0000, 0x0000, 0x0000, 0x0000,
    0x0000, 0x0000, 0x0000, 0x0000, 0x0000, 0x0000, 0x0000, 0x0000, 0x0000, 0x0000, 0x0000, 0x0000,
    0x0000, 0x0000, 0x0000, 0x0000, 0x0000, 0x0000, 0x0000, 0x0000, 0x0000, 0x0000, 0x0000, 0x0000,
    0x0020, 0x2D84, 0x1FC2, 0x17C1, 0x17C1, 0x17E0, 0x17E0, 0x17E0, 0x17E0, 0x17E0, 0x17E0, 0x17E0,
    0x17E0, 0x17E0, 0x17E0, 0x25E3, 0x08A1, 0x0020, 0x0041, 0x0020, 0x0000, 0x0000, 0x0000, 0x0000,
    0x0000, 0x0000, 0x0000, 0x0000, 0x0000, 0x0000, 0x0000, 0x0000, 0x0000, 0x0000, 0x0000, 0x0000,
    0x0000, 0x0000, 0x0000, 0x0000, 0x0000, 0x0000, 0x0000, 0x0000, 0x0000, 0x0000, 0x0000, 0x0000,
    0x0000, 0x0000, 0x0000, 0x0000, 0x0000, 0x0000, 0x0000, 0x0000, 0x0000, 0x0000, 0x0000, 0x0000,
    0x0000, 0x0000, 0x0000, 0x0000, 0x0000, 0x0000, 0x0000, 0x0000, 0x0000, 0x0000, 0x0000, 0x0000,
    0x0000, 0x0000, 0x0000, 0x0000, 0x0000, 0x0000, 0x0000, 0x0000, 0x0000, 0x0000, 0x0000, 0x0000,
    0x0000, 0x0000, 0x0000, 0x0000, 0x0000, 0x0000, 0x0000, 0x0000, 0x0000, 0x0000, 0x0000, 0x0000,
    0x0000, 0x0000, 0x0000, 0x0000, 0x0000, 0x0000, 0x0000, 0x0000, 0x0000, 0x0800, 0x0800, 0x0020,
    0x0020, 0x0020, 0x0020, 0x1303, 0x0FC0, 0x17E0, 0x1FE0, 0x17E0, 0x17E0, 0x17E0, 0x17E0, 0x17E0,
    0x17E0, 0x17E0, 0x1FE0, 0x1FC1, 0x17E0, 0x37A5, 0x00E0, 0x1822, 0x0000, 0x0000, 0x0000, 0x0000,
    0x0000, 0x0000, 0x0000, 0x0000, 0x0000, 0x0000, 0x0000, 0x0000, 0x0000, 0x0000, 0x0000, 0x0000,
    0x0000, 0x0000, 0x0000, 0x0000, 0x0000, 0x0000, 0x0000, 0x0000, 0x0000, 0x0000, 0x0000, 0x0000,
    0x0000, 0x0000, 0x0000, 0x0000, 0x0000, 0x0000, 0x0000, 0x0000, 0x0000, 0x0000, 0x0000, 0x0000,
    0x0000, 0x0000, 0x0000, 0x0000, 0x0000, 0x0000, 0x0000, 0x0000, 0x0000, 0x0000, 0x0000, 0x0000,
    0x0000, 0x0000, 0x0000, 0x0000, 0x0000, 0x0000, 0x0000, 0x0000, 0x0000, 0x0000, 0x0020, 0x0801,
    0x0A40, 0x1FE0, 0x17E2, 0x17E0, 0x07E0, 0x17E0, 0x17E0, 0x17E0, 0x17E0, 0x17E0, 0x1FE0, 0x17E0,
    0x17E0, 0x2FE3, 0x2662, 0x1004, 0x0040, 0x0000, 0x0801, 0x0000, 0x0000, 0x0000, 0x0000, 0x0000,
    0x0000, 0x0000, 0x0000, 0x0000, 0x0000, 0x0000, 0x0000, 0x0000, 0x0000, 0x0000, 0x0000, 0x0000,
    0x0000, 0x0000, 0x0000, 0x0000, 0x0000, 0x0000, 0x0000, 0x0000, 0x0000, 0x0000, 0x0000, 0x0000,
    0x0000, 0x0000, 0x0000, 0x0000, 0x0000, 0x0000, 0x0000, 0x0000, 0x0000, 0x0000, 0x0000, 0x0000,
    0x0000, 0x0000, 0x0000, 0x0000, 0x0000, 0x0000, 0x0000, 0x0000, 0x0000, 0x0000, 0x0000, 0x0000,
    0x0000, 0x0000, 0x0000, 0x0000, 0x0000, 0x0000, 0x0000, 0x0000, 0x0000, 0x0000, 0x0000, 0x0000,
    0x0000, 0x0000, 0x0000, 0x0000, 0x0000, 0x0000, 0x0000, 0x0000, 0x0000, 0x0000, 0x0000, 0x0000,
    0x0000, 0x0000, 0x0000, 0x0000, 0x0000, 0x0000, 0x0000, 0x0000, 0x0000, 0x0000, 0x0000, 0x0000,
    0x0000, 0x0000, 0x0020, 0x08A0, 0x27C2, 0x0FE0, 0x1FC1, 0x17E0, 0x17C0, 0x17E0, 0x17E0, 0x17E0,
    0x17E0, 0x17E0, 0x17E0, 0x17E0, 0x17C0, 0x27E3, 0x0AA0, 0x1001, 0x0000, 0x0000, 0x0000, 0x0000,
    0x0000, 0x0000, 0x0000, 0x0000, 0x0000, 0x0000, 0x0000, 0x0000, 0x0000, 0x0000, 0x0000, 0x0000,
    0x0000, 0x0000, 0x0000, 0x0000, 0x0000, 0x0000, 0x0000, 0x0000, 0x0000, 0x0000, 0x0000, 0x0000,
    0x0000, 0x0000, 0x0000, 0x0000, 0x0000, 0x0000, 0x0000, 0x0000, 0x0000, 0x0000, 0x0000, 0x0000,
    0x0000, 0x0000, 0x0000, 0x0020, 0x0020, 0x0000, 0x0000, 0x0020, 0x0020, 0x0000, 0x0000, 0x0000,
    0x0000, 0x0000, 0x0000, 0x0000, 0x0000, 0x0000, 0x0000, 0x0000, 0x0000, 0x0000, 0x0800, 0x1802,
    0x1C63, 0x17E0, 0x17E0, 0x17E0, 0x17E0, 0x17E0, 0x17E0, 0x17E0, 0x17E0, 0x17E0, 0x1FE1, 0x17E1,
    0x17E1, 0x2FA4, 0x1422, 0x1003, 0x0020, 0x0000, 0x0000, 0x0000, 0x0000, 0x0000, 0x0000, 0x0000,
    0x0000, 0x0000, 0x0000, 0x0000, 0x0000, 0x0000, 0x0000, 0x0000, 0x0000, 0x0000, 0x0000, 0x0000,
    0x0000, 0x0000, 0x0000, 0x0000, 0x0000, 0x0000, 0x0000, 0x0000, 0x0000, 0x0000, 0x0000, 0x0000,
    0x0000, 0x0000, 0x0000, 0x0000, 0x0000, 0x0000, 0x0000, 0x0000, 0x0000, 0x0000, 0x0000, 0x0000,
    0x0000, 0x0000, 0x0000, 0x0000, 0x0000, 0x0000, 0x0000, 0x0000, 0x0000, 0x0000, 0x0000, 0x0000,
    0x0000, 0x0000, 0x0000, 0x0000, 0x0000, 0x0000, 0x0000, 0x0000, 0x0000, 0x0000, 0x0000, 0x0000,
    0x0000, 0x0000, 0x0000, 0x0000, 0x0000, 0x0000, 0x0000, 0x0000, 0x0000, 0x0000, 0x0000, 0x0000,
    0x0000, 0x0000, 0x0000, 0x0000, 0x0000, 0x0000, 0x0000, 0x0000, 0x0000, 0x0000, 0x0000, 0x0000,
    0x0000, 0x0000, 0x0020, 0x0801, 0x2444, 0x2783, 0x0FE0, 0x1FE1, 0x1FE1, 0x17E0, 0x17E0, 0x17E0,
    0x17E0, 0x17E0, 0x17E0, 0x17E0, 0x17E1, 0x0FE0, 0x2EE4, 0x02C0, 0x0000, 0x0000, 0x0000, 0x0000,
    0x0000, 0x0000, 0x0000, 0x0000, 0x0000, 0x0000, 0x0000, 0x0000, 0x0000, 0x0000, 0x0001, 0x0801,
    0x0000, 0x0000, 0x0000, 0x0000, 0x0000, 0x0000, 0x0000, 0x0000, 0x0000, 0x0000, 0x0000, 0x0000,
    0x0000, 0x0000, 0x0000, 0x0000, 0x0000, 0x0000, 0x0000, 0x0000, 0x0000, 0x0000, 0x0000, 0x0000,
    0x0000, 0x0000, 0x0000, 0x0000, 0x0000, 0x0000, 0x0800, 0x0001, 0x0000, 0x0000, 0x0000, 0x0000,
    0x0000, 0x0000, 0x0000, 0x0000, 0x0000, 0x0000, 0x0000, 0x0000, 0x0000, 0x0000, 0x0801, 0x0040,
    0x2F44, 0x17E0, 0x17E0, 0x17E0, 0x17E0, 0x17E0, 0x17E0, 0x17E0, 0x17E0, 0x17E0, 0x17C0, 0x0FE0,
    0x17C0, 0x0B60, 0x0021, 0x0040, 0x0001, 0x0000, 0x0000, 0x0000, 0x0000, 0x0000, 0x0000, 0x0000,
    0x0000, 0x0000, 0x0000, 0x0000, 0x0000, 0x0000, 0x0000, 0x0000, 0x0000, 0x0000, 0x0000, 0x0000,
    0x0000, 0x0000, 0x0000, 0x0000, 0x0000, 0x0000, 0x0000, 0x0000, 0x0000, 0x0000, 0x0000, 0x0000,
    0x0000, 0x0000, 0x0000, 0x0000, 0x0000, 0x0000, 0x0000, 0x0000, 0x0000, 0x0000, 0x0000, 0x0000,
    0x0000, 0x0000, 0x0000, 0x0000, 0x0000, 0x0000, 0x0000, 0x0000, 0x0000, 0x0000, 0x0000, 0x0000,
    0x0000, 0x0000, 0x0000, 0x0000, 0x0000, 0x0000, 0x0000, 0x0000, 0x0000, 0x0000, 0x0000, 0x0000,
    0x0000, 0x0000, 0x0000, 0x0000, 0x0000, 0x0000, 0x0000, 0x0000, 0x0000, 0x0000, 0x0000, 0x0000,
    0x0000, 0x0000, 0x0000, 0x0000, 0x0000, 0x0000, 0x0000, 0x0000, 0x0000, 0x0000, 0x0000, 0x0000,
    0x0000, 0x0000, 0x0021, 0x0801, 0x09A2, 0x36A5, 0x07E0, 0x1FE1, 0x17E1, 0x17E0, 0x17E0, 0x17E0,
    0x17E0, 0x17E0, 0x17E0, 0x17E0, 0x17E1, 0x1FC1, 0x2FA4, 0x2544, 0x0000, 0x0000, 0x0000, 0x0000,
    0x0000, 0x0000, 0x0000, 0x0000, 0x0000, 0x0000, 0x0000, 0x0000, 0x0000, 0x0021, 0x0021, 0x0020,
    0x0801, 0x0802, 0x0040, 0x0020, 0x0000, 0x0000, 0x0000, 0x0000, 0x0000, 0x0000, 0x0000, 0x0000,
    0x0000, 0x0000, 0x0000, 0x0000, 0x0000, 0x0000, 0x0000, 0x0000, 0x0000, 0x0000, 0x0000, 0x0000,
    0x0000, 0x0000, 0x0000, 0x0000, 0x0021, 0x0020, 0x0020, 0x0020, 0x0020, 0x0000, 0x0000, 0x0000,
    0x0000, 0x0000, 0x0000, 0x0000, 0x0000, 0x0000, 0x0000, 0x0000, 0x0000, 0x0000, 0x0000, 0x01C0,
    0x1FC3, 0x17E0, 0x17E0, 0x17E0, 0x17E0, 0x17E0, 0x17E0, 0x17E0, 0x17E0, 0x17E1, 0x1FE0, 0x17E1,
    0x27A2, 0x0180, 0x0801, 0x0020, 0x0000, 0x0000, 0x0000, 0x0000, 0x0000, 0x0000, 0x0000, 0x0000,
    0x0000, 0x0000, 0x0000, 0x0000, 0x0000, 0x0000, 0x0000, 0x0000, 0x0000, 0x0000, 0x0000, 0x0000,
    0x0000, 0x0000, 0x0000, 0x0000, 0x0000, 0x0000, 0x0000, 0x0000, 0x0000, 0x0000, 0x0000, 0x0000,
    0x0000, 0x0000, 0x0000, 0x0000, 0x0000, 0x0000, 0x0000, 0x0000, 0x0000, 0x0000, 0x0000, 0x0000,
    0x0000, 0x0000, 0x0000, 0x0000, 0x0000, 0x0000, 0x0000, 0x0000, 0x0000, 0x0000, 0x0000, 0x0000,
    0x0000, 0x0000, 0x0000, 0x0000, 0x0000, 0x0000, 0x0000, 0x0000, 0x0000, 0x0000, 0x0000, 0x0000,
    0x0000, 0x0000, 0x0000, 0x0000, 0x0000, 0x0000, 0x0000, 0x0000, 0x0000, 0x0000, 0x0000, 0x0000,
    0x0000, 0x0000, 0x0000, 0x0000, 0x0000, 0x0000, 0x0000, 0x0000, 0x0000, 0x0000, 0x0000, 0x0000,
    0x0000, 0x0000, 0x0000, 0x0020, 0x0000, 0x1322, 0x07E0, 0x1FE2, 0x17E0, 0x17E0, 0x17E0, 0x17E0,
    0x17E0, 0x17E0, 0x17E0, 0x17E0, 0x0FE0, 0x1FE0, 0x17E0, 0x27E4, 0x01A0, 0x0020, 0x0020, 0x0000,
    0x0000, 0x0000, 0x0000, 0x0000, 0x0000, 0x0000, 0x0000, 0x0000, 0x0040, 0x1003, 0x0160, 0x2E05,
    0x23E3, 0x00A0, 0x0801, 0x0000, 0x0000, 0x0000, 0x0000, 0x0000, 0x0000, 0x0000, 0x0000, 0x0000,
    0x0000, 0x0000, 0x0000, 0x0000, 0x0000, 0x0000, 0x0000, 0x0000, 0x0000, 0x0000, 0x0000, 0x0000,
    0x0000, 0x0000, 0x0000, 0x0020, 0x1002, 0x1C62, 0x2DC5, 0x0A80, 0x1002, 0x0821, 0x0020, 0x0020,
    0x0000, 0x0000, 0x0000, 0x0000, 0x0000, 0x0000, 0x0000, 0x0001, 0x0020, 0x0040, 0x0B21, 0x2EA4,
    0x17E0, 0x17E0, 0x17E0, 0x17E0, 0x17E0, 0x17E0, 0x17E0, 0x17E0, 0x17E0, 0x17E1, 0x17E2, 0x27C3,
    0x1D83, 0x0020, 0x0020, 0x0800, 0x0000, 0x0000, 0x0000, 0x0000, 0x0000, 0x0000, 0x0000, 0x0000,
    0x0000, 0x0000, 0x0000, 0x0000, 0x0000, 0x0000, 0x0000, 0x0000, 0x0000, 0x0000, 0x0000, 0x0000,
    0x0000, 0x0000, 0x0000, 0x0000, 0x0000, 0x0000, 0x0000, 0x0000, 0x0000, 0x0000, 0x0000, 0x0000,
    0x0000, 0x0000, 0x0000, 0x0000, 0x0000, 0x0000, 0x0000, 0x0000, 0x0000, 0x0000, 0x0000, 0x0000,
    0x0000, 0x0000, 0x0000, 0x0000, 0x0000, 0x0000, 0x0000, 0x0000, 0x0000, 0x0000, 0x0000, 0x0000,
    0x0000, 0x0000, 0x0000, 0x0000, 0x0000, 0x0000, 0x0000, 0x0000, 0x0000, 0x0000, 0x0000, 0x0000,
    0x0000, 0x0000, 0x0000, 0x0000, 0x0000, 0x0000, 0x0000, 0x0000, 0x0000, 0x0000, 0x0000, 0x0000,
    0x0000, 0x0000, 0x0000, 0x0000, 0x0000, 0x0000, 0x0000, 0x0000, 0x0000, 0x0000, 0x0000, 0x0000,
    0x0000, 0x0000, 0x0000, 0x0020, 0x0020, 0x0160, 0x1FA2, 0x17E0, 0x1FE1, 0x17E0, 0x17E0, 0x17E0,
    0x17E0, 0x17E0, 0x17E0, 0x17E0, 0x0FE0, 0x17C0, 0x17E1, 0x1FE3, 0x1301, 0x0000, 0x0020, 0x0000,
    0x0000, 0x0000, 0x0000, 0x0000, 0x0000, 0x0000, 0x0000, 0x0000, 0x0020, 0x08A2, 0x1BE2, 0x17A2,
    0x35C5, 0x0180, 0x0000, 0x0020, 0x0000, 0x0000, 0x0000, 0x0000, 0x0000, 0x0000, 0x0000, 0x0000,
    0x0000, 0x0000, 0x0000, 0x0000, 0x0000, 0x0000, 0x0000, 0x0000, 0x0000, 0x0000, 0x0000, 0x0000,
    0x0000, 0x0000, 0x0000, 0x0040, 0x1003, 0x2E83, 0x27A3, 0x2DA3, 0x0041, 0x0800, 0x0041, 0x0020,
    0x0000, 0x0000, 0x0000, 0x0000, 0x0000, 0x0000, 0x0001, 0x0001, 0x0020, 0x0041, 0x1D03, 0x1FA2,
    0x17E0, 0x17E0, 0x17E0, 0x17E0, 0x17E0, 0x17E0, 0x17E0, 0x17E0, 0x17E0, 0x17E0, 0x17C1, 0x26E3,
    0x1342, 0x0020, 0x0000, 0x0000, 0x0000, 0x0000, 0x0000, 0x0000, 0x0000, 0x0000, 0x0000, 0x0000,
    0x0000, 0x0000, 0x0000, 0x0000, 0x0000, 0x0000, 0x0000, 0x0000, 0x0000, 0x0000, 0x0000, 0x0000,
    0x0000, 0x0000, 0x0000, 0x0000, 0x0000, 0x0000, 0x0000, 0x0000, 0x0000, 0x0000, 0x0000, 0x0000,
    0x0000, 0x0000, 0x0000, 0x0000, 0x0000, 0x0000, 0x0000, 0x0000, 0x0000, 0x0000, 0x0000, 0x0000,
    0x0000, 0x0000, 0x0000, 0x0000, 0x0000, 0x0000, 0x0000, 0x0000, 0x0000, 0x0000, 0x0000, 0x0000,
    0x0000, 0x0000, 0x0000, 0x0000, 0x0000, 0x0000, 0x0000, 0x0000, 0x0000, 0x0000, 0x0000, 0x0000,
    0x0000, 0x0000, 0x0000, 0x0000, 0x0000, 0x0000, 0x0000, 0x0000, 0x0000, 0x0000, 0x0000, 0x0000,
    0x0000, 0x0000, 0x0000, 0x0000, 0x0000, 0x0000, 0x0000, 0x0000, 0x0000, 0x0000, 0x0000, 0x0000,
    0x0000, 0x0000, 0x0000, 0x0000, 0x0000, 0x0801, 0x2D03, 0x1FC3, 0x2781, 0x17E0, 0x17E0, 0x17E0,
    0x17E0, 0x17E0, 0x17E0, 0x17E0, 0x17E1, 0x17C0, 0x0FE0, 0x17E0, 0x36E5, 0x0061, 0x1002, 0x0020,
    0x0000, 0x0000, 0x0000, 0x0000, 0x0000, 0x0000, 0x0000, 0x0020, 0x1062, 0x26A3, 0x27C2, 0x17E1,
    0x2FA4, 0x1C42, 0x1022, 0x0000, 0x0000, 0x0000, 0x0000, 0x0000, 0x0000, 0x0000, 0x0000, 0x0000,
    0x0000, 0x0000, 0x0000, 0x0000, 0x0000, 0x0000, 0x0000, 0x0000, 0x0000, 0x0000, 0x0000, 0x0000,
    0x0000, 0x0000, 0x0000, 0x0020, 0x08E1, 0x27E2, 0x0FC0, 0x17E0, 0x1D63, 0x09A2, 0x0000, 0x0000,
    0x0000, 0x0000, 0x0000, 0x0000, 0x0000, 0x0000, 0x0020, 0x0020, 0x0001, 0x0061, 0x2F84, 0x0FE0,
    0x27E1, 0x17E0, 0x17E0, 0x17E0, 0x17E0, 0x17E0, 0x17E0, 0x17E0, 0x17E0, 0x0FE1, 0x1FE0, 0x0AC3,
    0x0801, 0x0020, 0x0000, 0x0000, 0x0000, 0x0000, 0x0000, 0x0000, 0x0000, 0x0000, 0x0000, 0x0000,
    0x0000, 0x0000, 0x0000, 0x0000, 0x0000, 0x0000, 0x0000, 0x0000, 0x0000, 0x0000, 0x0000, 0x0000,
    0x0000, 0x0000, 0x0000, 0x0000, 0x0000, 0x0000, 0x0000, 0x0000, 0x0000, 0x0000, 0x0000, 0x0000,
    0x0000, 0x0000, 0x0000, 0x0000, 0x0000, 0x0000, 0x0000, 0x0000, 0x0000, 0x0000, 0x0000, 0x0000,
    0x0000, 0x0000, 0x0000, 0x0000, 0x0000, 0x0000, 0x0000, 0x0000, 0x0000, 0x0000, 0x0000, 0x0000,
    0x0000, 0x0000, 0x0000, 0x0000, 0x0000, 0x0000, 0x0000, 0x0000, 0x0000, 0x0000, 0x0000, 0x0000,
    0x0000, 0x0000, 0x0000, 0x0000, 0x0000, 0x0000, 0x0000, 0x0000, 0x0000, 0x0000, 0x0000, 0x0000,
    0x0000, 0x0000, 0x0000, 0x0000, 0x0000, 0x0000, 0x0000, 0x0000, 0x0000, 0x0000, 0x0000, 0x0000,
    0x0000, 0x0000, 0x0000, 0x0000, 0x0000, 0x0821, 0x0A80, 0x1EA3, 0x1FE1, 0x17E0, 0x17E0, 0x17E0,
    0x17E0, 0x17E0, 0x17E0, 0x17E0, 0x17E1, 0x17C0, 0x17E0, 0x1FE1, 0x2FE3, 0x0160, 0x0801, 0x0000,
    0x0000, 0x0000, 0x0000, 0x0000, 0x0000, 0x0000, 0x0020, 0x0020, 0x1202, 0x27C2, 0x17C0, 0x1FE2,
    0x1FC1, 0x2523, 0x1002, 0x0000, 0x0000, 0x0000, 0x0000, 0x0000, 0x0000, 0x0000, 0x0000, 0x0000,
    0x0000, 0x0000, 0x0000, 0x0000, 0x0000, 0x0000, 0x0000, 0x0000, 0x0000, 0x0000, 0x0000, 0x0000,
    0x0000, 0x0000, 0x0000, 0x0020, 0x0160, 0x17E1, 0x17E0, 0x17C0, 0x2F45, 0x2424, 0x0000, 0x0020,
    0x0000, 0x0000, 0x0000, 0x0000, 0x0000, 0x0000, 0x0020, 0x0020, 0x0080, 0x0A61, 0x1FE1, 0x0FE0,
    0x1FE1, 0x17E0, 0x17E0, 0x17E0, 0x17E0, 0x17E0, 0x17E0, 0x17E0, 0x17E0, 0x07C0, 0x2FA2, 0x00E1,
    0x0001, 0x0020, 0x0000, 0x0000, 0x0000, 0x0000, 0x0000, 0x0000, 0x0000, 0x0000, 0x0000, 0x0000,
    0x0000, 0x0000, 0x0000, 0x0000, 0x0000, 0x0000, 0x0000, 0x0000, 0x0000, 0x0000, 0x0000, 0x0000,
    0x0000, 0x0000, 0x0000, 0x0000, 0x0000, 0x0000, 0x0000, 0x0000, 0x0000, 0x0000, 0x0000, 0x0000,
    0x0000, 0x0000, 0x0000, 0x0000, 0x0000, 0x0000, 0x0000, 0x0000, 0x0000, 0x0000, 0x0000, 0x0000,
    0x0000, 0x0000, 0x0000, 0x0000, 0x0000, 0x0000, 0x0000, 0x0000, 0x0000, 0x0000, 0x0000, 0x0000,
    0x0000, 0x0000, 0x0000, 0x0000, 0x0000, 0x0000, 0x0000, 0x0000, 0x0000, 0x0000, 0x0000, 0x0000,
    0x0000, 0x0000, 0x0000, 0x0000, 0x0000, 0x0000, 0x0000, 0x0000, 0x0000, 0x0000, 0x0000, 0x0000,
    0x0000, 0x0000, 0x0000, 0x0000, 0x0000, 0x0000, 0x0000, 0x0000, 0x0000, 0x0000, 0x0000, 0x0000,
    0x0000, 0x0000, 0x0000, 0x0000, 0x0000, 0x0021, 0x0800, 0x1260, 0x17E1, 0x17E1, 0x17E0, 0x17E2,
    0x1FE0, 0x17E0, 0x17E0, 0x17E0, 0x17E0, 0x17E0, 0x17E0, 0x17C0, 0x0FE0, 0x2543, 0x0160, 0x0020,
    0x0000, 0x0000, 0x0000, 0x0000, 0x0800, 0x0020, 0x1002, 0x1B42, 0x1F41, 0x17E1, 0x17E1, 0x17E1,
    0x07E0, 0x1EE3, 0x1002, 0x0020, 0x0000, 0x0000, 0x0000, 0x0000, 0x0000, 0x0000, 0x0000, 0x0000,
    0x0000, 0x0000, 0x0000, 0x0000, 0x0000, 0x0000, 0x0000, 0x0000, 0x0000, 0x0000, 0x0000, 0x0000,
    0x0000, 0x0000, 0x0000, 0x0801, 0x12C1, 0x17E0, 0x17E0, 0x1FC0, 0x17E0, 0x1FA1, 0x01C0, 0x0001,
    0x0020, 0x0020, 0x0000, 0x0000, 0x0000, 0x0000, 0x0020, 0x0040, 0x13C3, 0x2744, 0x17E0, 0x17E0,
    0x17E0, 0x17E0, 0x17E0, 0x17E0, 0x17E0, 0x17E0, 0x17E1, 0x1FC0, 0x17E1, 0x3724, 0x1362, 0x0820,
    0x0020, 0x0000, 0x0000, 0x0000, 0x0000, 0x0000, 0x0000, 0x0000, 0x0000, 0x0000, 0x0000, 0x0000,
    0x0000, 0x0000, 0x0000, 0x0000, 0x0000, 0x0000, 0x0000, 0x0000, 0x0000, 0x0000, 0x0000, 0x0000,
    0x0000, 0x0000, 0x0000, 0x0000, 0x0000, 0x0000, 0x0000, 0x0000, 0x0000, 0x0000, 0x0000, 0x0000,
    0x0000, 0x0000, 0x0000, 0x0000, 0x0000, 0x0000, 0x0000, 0x0000, 0x0000, 0x0000, 0x0000, 0x0000,
    0x0000, 0x0000, 0x0000, 0x0000, 0x0000, 0x0000, 0x0000, 0x0000, 0x0000, 0x0000, 0x0000, 0x0000,
    0x0000, 0x0000, 0x0000, 0x0000, 0x0000, 0x0000, 0x0000, 0x0000, 0x0000, 0x0000, 0x0000, 0x0000,
    0x0000, 0x0000, 0x0000, 0x0000, 0x0000, 0x0000, 0x0000, 0x0000, 0x0000, 0x0000, 0x0000, 0x0000,
    0x0000, 0x0000, 0x0000, 0x0000, 0x0000, 0x0000, 0x0000, 0x0000, 0x0000, 0x0000, 0x0000, 0x0000,
    0x0000, 0x0000, 0x0000, 0x0000, 0x0000, 0x0000, 0x0820, 0x00C0, 0x2783, 0x0FE0, 0x17E0, 0x0FC1,
    0x17C0, 0x17E0, 0x17E0, 0x17E0, 0x17E0, 0x17E0, 0x17E0, 0x17E0, 0x17E0, 0x2EC4, 0x12E1, 0x0001,
    0x0000, 0x0000, 0x0000, 0x0000, 0x0000, 0x0001, 0x0802, 0x2DC5, 0x17C1, 0x17E1, 0x17E1, 0x17E1,
    0x0FE0, 0x1F42, 0x1002, 0x0020, 0x0000, 0x0000, 0x0000, 0x0000, 0x0000, 0x0000, 0x0000, 0x0000,
    0x0000, 0x0000, 0x0000, 0x0000, 0x0000, 0x0000, 0x0000, 0x0000, 0x0000, 0x0000, 0x0000, 0x0000,
    0x0000, 0x0000, 0x0000, 0x0801, 0x1341, 0x17E0, 0x17E0, 0x17E0, 0x17C1, 0x17C1, 0x1401, 0x00A1,
    0x0020, 0x0000, 0x0000, 0x0000, 0x0000, 0x0000, 0x0000, 0x0000, 0x2D65, 0x1FC2, 0x17E0, 0x17E0,
    0x17E0, 0x17E0, 0x17E0, 0x17E0, 0x17E0, 0x1FE0, 0x17E1, 0x1FC0, 0x0FA0, 0x1D82, 0x0100, 0x0020,
    0x0020, 0x0000, 0x0000, 0x0000, 0x0000, 0x0000, 0x0000, 0x0000, 0x0000, 0x0000, 0x0000, 0x0000,
    0x0000, 0x0000, 0x0000, 0x0000, 0x0000, 0x0000, 0x0000, 0x0000, 0x0000, 0x0000, 0x0000, 0x0000,
    0x0000, 0x0000, 0x0000, 0x0000, 0x0000, 0x0000, 0x0000, 0x0000, 0x0000, 0x0000, 0x0000, 0x0000,
    0x0000, 0x0000, 0x0000, 0x0000, 0x0000, 0x0000, 0x0000, 0x0000, 0x0000, 0x0000, 0x0000, 0x0000,
    0x0000, 0x0000, 0x0000, 0x0000, 0x0000, 0x0000, 0x0000, 0x0000, 0x0000, 0x0000, 0x0000, 0x0000,
    0x0000, 0x0000, 0x0000, 0x0000, 0x0000, 0x0000, 0x0000, 0x0000, 0x0000, 0x0000, 0x0000, 0x0000,
    0x0000, 0x0000, 0x0000, 0x0000, 0x0000, 0x0000, 0x0000, 0x0000, 0x0000, 0x0000, 0x0000, 0x0000,
    0x0000, 0x0000, 0x0000, 0x0000, 0x0000, 0x0000, 0x0000, 0x0000, 0x0000, 0x0000, 0x0000, 0x0000,
    0x0000, 0x0000, 0x0000, 0x0000, 0x0000, 0x0000, 0x0001, 0x0002, 0x1B22, 0x26C3, 0x17A0, 0x1FE1,
    0x17E1, 0x17E0, 0x17E0, 0x17E0, 0x17E0, 0x17E0, 0x17E0, 0x17E0, 0x27A1, 0x0FE1, 0x36C3, 0x0002,
    0x0000, 0x0000, 0x0000, 0x0000, 0x0020, 0x0800, 0x1301, 0x0FE1, 0x17C0, 0x17E0, 0x17E0, 0x17E0,
    0x17E1, 0x1F82, 0x0000, 0x0000, 0x0000, 0x0000, 0x0000, 0x0000, 0x0000, 0x0000, 0x0000, 0x0000,
    0x0000, 0x0000, 0x0000, 0x0000, 0x0000, 0x0000, 0x0000, 0x0000, 0x0000, 0x0000, 0x0000, 0x0000,
    0x0000, 0x0000, 0x0020, 0x0021, 0x13A1, 0x17E0, 0x17E1, 0x17E0, 0x17E0, 0x0FE1, 0x27A2, 0x2D84,
    0x0001, 0x0842, 0x0000, 0x0000, 0x0000, 0x0000, 0x0802, 0x1183, 0x17A0, 0x1FC0, 0x17E0, 0x17E0,
    0x17E0, 0x17E0, 0x17E0, 0x17E0, 0x17E0, 0x1FA0, 0x17E0, 0x17E1, 0x2F44, 0x0100, 0x0801, 0x0020,
    0x0020, 0x0000, 0x0000, 0x0000, 0x0000, 0x0000, 0x0000, 0x0000, 0x0000, 0x0000, 0x0000, 0x0000,
    0x0000, 0x0000, 0x0000, 0x0000, 0x0000, 0x0000, 0x0000, 0x0000, 0x0000, 0x0000, 0x0000, 0x0000,
    0x0000, 0x0000, 0x0000, 0x0000, 0x0000, 0x0000, 0x0000, 0x0000, 0x0000, 0x0000, 0x0000, 0x0000,
    0x0000, 0x0000, 0x0000, 0x0000, 0x0000, 0x0000, 0x0000, 0x0000, 0x0000, 0x0000, 0x0000, 0x0000,
    0x0000, 0x0000, 0x0000, 0x0000, 0x0000, 0x0000, 0x0000, 0x0000, 0x0000, 0x0000, 0x0000, 0x0000,
    0x0000, 0x0000, 0x0000, 0x0000, 0x0000, 0x0000, 0x0000, 0x0000, 0x0000, 0x0000, 0x0000, 0x0000,
    0x0000, 0x0000, 0x0000, 0x0000, 0x0000, 0x0000, 0x0000, 0x0000, 0x0000, 0x0000, 0x0000, 0x0000,
    0x0000, 0x0000, 0x0000, 0x0000, 0x0000, 0x0000, 0x0000, 0x0000, 0x0000, 0x0000, 0x0000, 0x0000,
    0x0000, 0x0000, 0x0000, 0x0000, 0x0000, 0x0000, 0x0001, 0x0822, 0x08C0, 0x2C84, 0x17C0, 0x27E1,
    0x17E0, 0x17E0, 0x17E0, 0x17E0, 0x17E0, 0x17E0, 0x17E0, 0x17E0, 0x17A0, 0x17C0, 0x2FE4, 0x00E0,
    0x0000, 0x0000, 0x0000, 0x0000, 0x0040, 0x00E0, 0x2523, 0x17E0, 0x17C0, 0x17E0, 0x17E0, 0x17E0,
    0x1FE2, 0x1FA2, 0x0000, 0x0000, 0x0000, 0x0000, 0x0000, 0x0000, 0x0000, 0x0000, 0x0000, 0x0000,
    0x0000, 0x0000, 0x0000, 0x0000, 0x0000, 0x0000, 0x0000, 0x0000, 0x0000, 0x0000, 0x0000, 0x0000,
    0x0000, 0x0000, 0x0020, 0x0000, 0x13C1, 0x17E0, 0x17E1, 0x17E0, 0x17E0, 0x17E1, 0x17E0, 0x2F23,
    0x0040, 0x0821, 0x0000, 0x0000, 0x0000, 0x0000, 0x0060, 0x1BA2, 0x17E0, 0x1F80, 0x17E0, 0x17E0,
    0x17E0, 0x17E0, 0x17E0, 0x17E0, 0x17E0, 0x17C0, 0x1FE1, 0x27A3, 0x35A5, 0x0801, 0x0821, 0x0000,
    0x0000, 0x0000, 0x0000, 0x0000, 0x0000, 0x0000, 0x0000, 0x0000, 0x0000, 0x0000, 0x0000, 0x0000,
    0x0000, 0x0000, 0x0000, 0x0000, 0x0000, 0x0000, 0x0000, 0x0000, 0x0000, 0x0000, 0x0000, 0x0000,
    0x0000, 0x0000, 0x0000, 0x0000, 0x0000, 0x0000, 0x0000, 0x0000, 0x0000, 0x0000, 0x0000, 0x0000,
    0x0000, 0x0000, 0x0000, 0x0000, 0x0000, 0x0000, 0x0000, 0x0000, 0x0000, 0x0000, 0x0000, 0x0000,
    0x0000, 0x0000, 0x0000, 0x0000, 0x0000, 0x0000, 0x0000, 0x0000, 0x0000, 0x0000, 0x0000, 0x0000,
    0x0000, 0x0000, 0x0000, 0x0000, 0x0000, 0x0000, 0x0000, 0x0000, 0x0000, 0x0000, 0x0000, 0x0000,
    0x0000, 0x0000, 0x0000, 0x0000, 0x0000, 0x0000, 0x0000, 0x0000, 0x0000, 0x0000, 0x0000, 0x0000,
    0x0000, 0x0000, 0x0000, 0x0000, 0x0000, 0x0000, 0x0000, 0x0000, 0x0000, 0x0000, 0x0000, 0x0000,
    0x0000, 0x0000, 0x0000, 0x0000, 0x0000, 0x0000, 0x0000, 0x0000, 0x0801, 0x1021, 0x3665, 0x2FC2,
    0x0FC0, 0x1FE1, 0x1FE0, 0x1FE0, 0x17E1, 0x17E0, 0x17E0, 0x17E0, 0x17E0, 0x1FA1, 0x17E1, 0x14E2,
    0x0062, 0x0060, 0x0041, 0x0040, 0x2004, 0x2682, 0x1FE2, 0x17C0, 0x17E0, 0x17E0, 0x17E0, 0x17E0,
    0x17E1, 0x1FC2, 0x0000, 0x0000, 0x0000, 0x0000, 0x0000, 0x0000, 0x0000, 0x0000, 0x0000, 0x0000,
    0x0000, 0x0000, 0x0000, 0x0000, 0x0000, 0x0000, 0x0000, 0x0000, 0x0000, 0x0000, 0x0000, 0x0000,
    0x0000, 0x0000, 0x0000, 0x0021, 0x13E1, 0x17E0, 0x17E1, 0x17E0, 0x17E0, 0x17E0, 0x17C0, 0x17E0,
    0x24C3, 0x08A1, 0x0020, 0x0040, 0x0060, 0x0800, 0x1C61, 0x1F82, 0x27E1, 0x17E0, 0x17E0, 0x17E0,
    0x17E0, 0x17E0, 0x17E0, 0x17E0, 0x17E0, 0x1FC0, 0x0FE0, 0x2483, 0x00A0, 0x0000, 0x0000, 0x0000,
    0x0000, 0x0000, 0x0000, 0x0000, 0x0000, 0x0000, 0x0000, 0x0000, 0x0000, 0x0000, 0x0000, 0x0000,
    0x0000, 0x0000, 0x0000, 0x0000, 0x0000, 0x0000, 0x0000, 0x0000, 0x0000, 0x0000, 0x0000, 0x0000,
    0x0000, 0x0000, 0x0000, 0x0000, 0x0000, 0x0000, 0x0000, 0x0000, 0x0000, 0x0000, 0x0000, 0x0000,
    0x0000, 0x0000, 0x0000, 0x0000, 0x0000, 0x0000, 0x0000, 0x0000, 0x0000, 0x0000, 0x0000, 0x0000,
    0x0000, 0x0000, 0x0000, 0x0000, 0x0000, 0x0000, 0x0000, 0x0000, 0x0000, 0x0000, 0x0000, 0x0000,
    0x0000, 0x0000, 0x0000, 0x0000, 0x0000, 0x0000, 0x0000, 0x0000, 0x0000, 0x0000, 0x0000, 0x0000,
    0x0000, 0x0000, 0x0000, 0x0000, 0x0000, 0x0000, 0x0000, 0x0000, 0x0000, 0x0000, 0x0000, 0x0000,
    0x0000, 0x0000, 0x0000, 0x0000, 0x0000, 0x0000, 0x0000, 0x0000, 0x0000, 0x0000, 0x0000, 0x0000,
    0x0000, 0x0000, 0x0000, 0x0000, 0x0000, 0x0000, 0x0000, 0x0000, 0x0020, 0x0820, 0x0180, 0x0CE3,
    0x27E2, 0x0FE0, 0x17E1, 0x17E0, 0x1FE0, 0x17E0, 0x17E0, 0x17E0, 0x17E0, 0x1FE1, 0x0FE0, 0x2F63,
    0x1C63, 0x1024, 0x0020, 0x0802, 0x0A41, 0x27C2, 0x0FE0, 0x17E0, 0x17E0, 0x17E0, 0x17E0, 0x17E0,
    0x17E0, 0x1FC2, 0x0000, 0x0000, 0x0000, 0x0000, 0x0000, 0x0000, 0x0000, 0x0000, 0x0000, 0x0000,
    0x0000, 0x0000, 0x0000, 0x0000, 0x0000, 0x0000, 0x0000, 0x0000, 0x0000, 0x0000, 0x0000, 0x0000,
    0x0000, 0x0000, 0x0000, 0x0001, 0x13C1, 0x17E0, 0x17E1, 0x17E0, 0x17E0, 0x17E0, 0x1FE1, 0x0FC0,
    0x3745, 0x2CE4, 0x0801, 0x0821, 0x0802, 0x0020, 0x3725, 0x0FE1, 0x1FC1, 0x17E0, 0x17E0, 0x17E0,
    0x17E0, 0x1FE0, 0x17C0, 0x17E0, 0x17E1, 0x27E3, 0x3665, 0x0841, 0x0801, 0x0000, 0x0000, 0x0000,
    0x0000, 0x0000, 0x0000, 0x0000, 0x0000, 0x0000, 0x0000, 0x0000, 0x0000, 0x0000, 0x0000, 0x0000,
    0x0000, 0x0000, 0x0000, 0x0000, 0x0000, 0x0000, 0x0000, 0x0000, 0x0000, 0x0000, 0x0000, 0x0000,
    0x0000, 0x0000, 0x0000, 0x0000, 0x0000, 0x0000, 0x0000, 0x0000, 0x0000, 0x0000, 0x0000, 0x0000,
    0x0000, 0x0000, 0x0000, 0x0000, 0x0000, 0x0000, 0x0000, 0x0000, 0x0000, 0x0000, 0x0000, 0x0000,
    0x0000, 0x0000, 0x0000, 0x0000, 0x0000, 0x0000, 0x0000, 0x0000, 0x0000, 0x0000, 0x0000, 0x0000,
    0x0000, 0x0000, 0x0000, 0x0000, 0x0000, 0x0000, 0x0000, 0x0000, 0x0000, 0x0000, 0x0000, 0x0000,
    0x0000, 0x0000, 0x0000, 0x0000, 0x0000, 0x0000, 0x0000, 0x0000, 0x0000, 0x0000, 0x0000, 0x0000,
    0x0000, 0x0000, 0x0000, 0x0000, 0x0000, 0x0000, 0x0000, 0x0000, 0x0000, 0x0000, 0x0000, 0x0000,
    0x0000, 0x0000, 0x0000, 0x0000, 0x0000, 0x0000, 0x0000, 0x0000, 0x0000, 0x0820, 0x0802, 0x0160,
    0x2FC4, 0x17E0, 0x17E1, 0x1FE1, 0x1FE0, 0x17E0, 0x17E0, 0x17E0, 0x17E1, 0x17E1, 0x0FE0, 0x1FC2,
    0x26C3, 0x0803, 0x0041, 0x0001, 0x14C2, 0x17E1, 0x17E0, 0x1FE0, 0x17E0, 0x17E0, 0x17E0, 0x17E0,
    0x17E0, 0x1FC2, 0x0000, 0x0000, 0x0000, 0x0000, 0x0000, 0x0000, 0x0000, 0x0000, 0x0000, 0x0000,
    0x0000, 0x0000, 0x0000, 0x0000, 0x0000, 0x0000, 0x0000, 0x0000, 0x0000, 0x0000, 0x0000, 0x0000,
    0x0000, 0x0000, 0x0000, 0x0001, 0x13C1, 0x17E0, 0x17E0, 0x17E0, 0x17E0, 0x17E0, 0x1FE1, 0x17C0,
    0x1FA1, 0x36C4, 0x0001, 0x1042, 0x1023, 0x09C0, 0x2FE4, 0x07E0, 0x17A0, 0x1FE1, 0x17E0, 0x17E0,
    0x17E0, 0x17C0, 0x17E0, 0x17E0, 0x17E1, 0x2763, 0x0BA1, 0x1022, 0x0000, 0x0000, 0x0000, 0x0000,
    0x0000, 0x0000, 0x0000, 0x0000, 0x0000, 0x0000, 0x0000, 0x0000, 0x0000, 0x0000, 0x0000, 0x0000,
    0x0000, 0x0000, 0x0000, 0x0000, 0x0000, 0x0000, 0x0000, 0x0000, 0x0000, 0x0000, 0x0000, 0x0000,
    0x0000, 0x0000, 0x0000, 0x0000, 0x0000, 0x0000, 0x0000, 0x0000, 0x0000, 0x0000, 0x0000, 0x0000,
    0x0000, 0x0000, 0x0000, 0x0000, 0x0000, 0x0000, 0x0000, 0x0000, 0x0000, 0x0000, 0x0000, 0x0000,
    0x0000, 0x0000, 0x0000, 0x0000, 0x0000, 0x0000, 0x0000, 0x0000, 0x0000, 0x0000, 0x0000, 0x0000,
    0x0000, 0x0000, 0x0000, 0x0000, 0x0000, 0x0000, 0x0000, 0x0000, 0x0000, 0x0000, 0x0000, 0x0000,
    0x0000, 0x0000, 0x0000, 0x0000, 0x0000, 0x0000, 0x0000, 0x0000, 0x0000, 0x0000, 0x0000, 0x0000,
    0x0000, 0x0000, 0x0000, 0x0000, 0x0000, 0x0000, 0x0000, 0x0000, 0x0000, 0x0000, 0x0000, 0x0000,
    0x0000, 0x0000, 0x0000, 0x0000, 0x0000, 0x0000, 0x0000, 0x0000, 0x0000, 0x0001, 0x0020, 0x0001,
    0x0B40, 0x1E42, 0x1FE0, 0x17E1, 0x17E0, 0x17E0, 0x17E0, 0x17E0, 0x17E0, 0x17E1, 0x17A0, 0x17C1,
    0x0FA0, 0x09E0, 0x1023, 0x2D05, 0x2782, 0x0FE0, 0x17E1, 0x17E0, 0x17E0, 0x17E0, 0x17E0, 0x17E0,
    0x17E0, 0x1FC2, 0x0000, 0x0000, 0x0000, 0x0000, 0x0000, 0x0000, 0x0000, 0x0000, 0x0000, 0x0000,
    0x0000, 0x0000, 0x0000, 0x0000, 0x0000, 0x0000, 0x0000, 0x0000, 0x0000, 0x0000, 0x0000, 0x0000,
    0x0000, 0x0000, 0x0000, 0x0001, 0x13A2, 0x17E0, 0x17E0, 0x17E0, 0x17E0, 0x17E0, 0x1FE0, 0x1FC1,
    0x17E0, 0x17C1, 0x2B65, 0x0841, 0x11C2, 0x2663, 0x1FA2, 0x1FC2, 0x17E0, 0x17E1, 0x17E0, 0x17E0,
    0x17E0, 0x0FE1, 0x17E0, 0x27E1, 0x1F82, 0x1222, 0x0821, 0x0040, 0x0000, 0x0000, 0x0000, 0x0000,
    0x0000, 0x0000, 0x0000, 0x0000, 0x0000, 0x0000, 0x0000, 0x0000, 0x0000, 0x0000, 0x0000, 0x0000,
    0x0000, 0x0000, 0x0000, 0x0000, 0x0000, 0x0000, 0x0000, 0x0000, 0x0000, 0x0000, 0x0000, 0x0000,
    0x0000, 0x0000, 0x0000, 0x0000, 0x0000, 0x0000, 0x0000, 0x0000, 0x0000, 0x0000, 0x0000, 0x0000,
    0x0000, 0x0000, 0x0000, 0x0000, 0x0000, 0x0000, 0x0000, 0x0000, 0x0000, 0x0000, 0x0000, 0x0000,
    0x0000, 0x0000, 0x0000, 0x0000, 0x0000, 0x0000, 0x0000, 0x0000, 0x0000, 0x0000, 0x0000, 0x0000,
    0x0000, 0x0000, 0x0000, 0x0000, 0x0000, 0x0000, 0x0000, 0x0000, 0x0000, 0x0000, 0x0000, 0x0000,
    0x0000, 0x0000, 0x0000, 0x0000, 0x0000, 0x0000, 0x0000, 0x0000, 0x0000, 0x0000, 0x0000, 0x0000,
    0x0000, 0x0000, 0x0000, 0x0000, 0x0000, 0x0000, 0x0000, 0x0000, 0x0000, 0x0000, 0x0000, 0x0000,
    0x0000, 0x0000, 0x0000, 0x0000, 0x0000, 0x0000, 0x0000, 0x0000, 0x0000, 0x0000, 0x0000, 0x0000,
    0x0841, 0x12C1, 0x0FC0, 0x1782, 0x17E0, 0x17E0, 0x17E0, 0x17E0, 0x17E0, 0x17E0, 0x17E0, 0x17E0,
    0x17C1, 0x2C44, 0x0040, 0x2702, 0x17E0, 0x17E0, 0x17E0, 0x17E0, 0x17E0, 0x17E0, 0x17E0, 0x17E0,
    0x17E0, 0x1FA2, 0x0001, 0x0000, 0x0020, 0x0020, 0x0020, 0x0000, 0x0000, 0x0000, 0x0020, 0x0001,
    0x0001, 0x0001, 0x0001, 0x0000, 0x0000, 0x0000, 0x0000, 0x0001, 0x0001, 0x0800, 0x0800, 0x0000,
    0x0000, 0x0000, 0x0000, 0x0000, 0x0B81, 0x0FE0, 0x17E0, 0x17E0, 0x17E0, 0x17E0, 0x17E0, 0x17E0,
    0x17E0, 0x17E0, 0x3644, 0x1201, 0x2422, 0x2762, 0x17E0, 0x17E0, 0x17E0, 0x17E0, 0x17E0, 0x17E0,
    0x17E0, 0x1FC1, 0x1FC0, 0x1FE5, 0x3E27, 0x0000, 0x0000, 0x0000, 0x0000, 0x0000, 0x0000, 0x0000,
    0x0000, 0x0000, 0x0000, 0x0000, 0x0000, 0x0000, 0x0000, 0x0000, 0x0000, 0x0000, 0x0000, 0x0000,
    0x0000, 0x0000, 0x0000, 0x0000, 0x0000, 0x0000, 0x0000, 0x0000, 0x0000, 0x0000, 0x0000, 0x0000,
    0x0000, 0x0000, 0x0000, 0x0000, 0x0000, 0x0000, 0x0000, 0x0000, 0x0000, 0x0000, 0x0000, 0x0000,
    0x0000, 0x0000, 0x0000, 0x0000, 0x0000, 0x0000, 0x0000, 0x0000, 0x0000, 0x0000, 0x0000, 0x0000,
    0x0000, 0x0000, 0x0000, 0x0000, 0x0000, 0x0000, 0x0000, 0x0000, 0x0000, 0x0000, 0x0000, 0x0000,
    0x0000, 0x0000, 0x0000, 0x0000, 0x0000, 0x0000, 0x0000, 0x0000, 0x0000, 0x0000, 0x0000, 0x0000,
    0x0000, 0x0000, 0x0000, 0x0000, 0x0000, 0x0000, 0x0000, 0x0000, 0x0000, 0x0000, 0x0000, 0x0000,
    0x0000, 0x0000, 0x0000, 0x0000, 0x0000, 0x0000, 0x0000, 0x0000, 0x0000, 0x0000, 0x0000, 0x0000,
    0x0000, 0x0000, 0x0000, 0x0000, 0x0000, 0x0000, 0x0000, 0x0000, 0x0000, 0x0000, 0x0000, 0x0000,
    0x0020, 0x0821, 0x2E23, 0x17E0, 0x1FC1, 0x17E0, 0x17E0, 0x17E0, 0x17E0, 0x17E0, 0x17E0, 0x17E0,
    0x0FE0, 0x27A2, 0x1E81, 0x0FE0, 0x17E0, 0x17E0, 0x17E0, 0x17E0, 0x17E0, 0x17E0, 0x17E0, 0x17E0,
    0x17C1, 0x2782, 0x0800, 0x0800, 0x0020, 0x0020, 0x0020, 0x0000, 0x0000, 0x0000, 0x0000, 0x0000,
    0x0000, 0x0000, 0x0000, 0x0000, 0x0000, 0x0000, 0x0000, 0x0800, 0x0000, 0x0801, 0x0802, 0x0000,
    0x0000, 0x0001, 0x0001, 0x0000, 0x0B00, 0x17E1, 0x17E0, 0x17E0, 0x17E0, 0x17E0, 0x17E0, 0x17E0,
    0x17E0, 0x17E0, 0x1FC2, 0x26C3, 0x2F84, 0x0FE0, 0x17E0, 0x17E0, 0x17E0, 0x17E0, 0x17E0, 0x17E0,
    0x17E0, 0x17E1, 0x07E1, 0x2CC3, 0x0140, 0x0000, 0x0000, 0x0000, 0x0000, 0x0000, 0x0000, 0x0000,
    0x0000, 0x0000, 0x0000, 0x0000, 0x0000, 0x0000, 0x0000, 0x0000, 0x0000, 0x0000, 0x0000, 0x0000,
    0x0000, 0x0000, 0x0000, 0x0000, 0x0000, 0x0000, 0x0000, 0x0000, 0x0000, 0x0000, 0x0000, 0x0000,
    0x0000, 0x0000, 0x0000, 0x0000, 0x0000, 0x0000, 0x0000, 0x0000, 0x0000, 0x0000, 0x0000, 0x0000,
    0x0000, 0x0000, 0x0000, 0x0000, 0x0000, 0x0000, 0x0000, 0x0000, 0x0000, 0x0000, 0x0000, 0x0000,
    0x0000, 0x0000, 0x0000, 0x0000, 0x0000, 0x0000, 0x0000, 0x0000, 0x0000, 0x0000, 0x0000, 0x0000,
    0x0000, 0x0000, 0x0000, 0x0000, 0x0000, 0x0000, 0x0000, 0x0000, 0x0000, 0x0000, 0x0000, 0x0000,
    0x0000, 0x0000, 0x0000, 0x0000, 0x0000, 0x0000, 0x0000, 0x0000, 0x0000, 0x0000, 0x0000, 0x0000,
    0x0000, 0x0000, 0x0000, 0x0000, 0x0000, 0x0000, 0x0000, 0x0000, 0x0000, 0x0000, 0x0000, 0x0000,
    0x0000, 0x0000, 0x0000, 0x0000, 0x0000, 0x0000, 0x0000, 0x0000, 0x0000, 0x0000, 0x0000, 0x0000,
    0x0000, 0x1823, 0x24E3, 0x1FC1, 0x1FC1, 0x17E0, 0x17E0, 0x17E0, 0x17E0, 0x17E0, 0x17E0, 0x17E0,
    0x17C1, 0x1FE1, 0x27E2, 0x17E0, 0x17E0, 0x17E0, 0x17E0, 0x17E0, 0x17E0, 0x17E0, 0x17E0, 0x17E0,
    0x17C0, 0x1F62, 0x1002, 0x1002, 0x0000, 0x0020, 0x0080, 0x0100, 0x09C0, 0x0A60, 0x0B20, 0x0BA0,
    0x0BE1, 0x1402, 0x1C23, 0x1C42, 0x1C22, 0x1401, 0x1401, 0x0B61, 0x1301, 0x0A20, 0x09E0, 0x00C0,
    0x0060, 0x0802, 0x1002, 0x1001, 0x1301, 0x17E1, 0x0FE0, 0x17E0, 0x17E0, 0x17E0, 0x17E0, 0x17E0,
    0x17E0, 0x17E0, 0x1FE0, 0x1FC1, 0x1FC0, 0x17E0, 0x17E0, 0x17E0, 0x17E0, 0x17E0, 0x17E0, 0x17E0,
    0x17E0, 0x17E1, 0x0FE1, 0x0A00, 0x1001, 0x0000, 0x0000, 0x0000, 0x0000, 0x0000, 0x0000, 0x0000,
    0x0000, 0x0000, 0x0000, 0x0000, 0x0000, 0x0000, 0x0000, 0x0000, 0x0000, 0x0000, 0x0000, 0x0000,
    0x0000, 0x0000, 0x0000, 0x0000, 0x0000, 0x0000, 0x0000, 0x0000, 0x0000, 0x0000, 0x0000, 0x0000,
    0x0000, 0x0000, 0x0000, 0x0000, 0x0000, 0x0000, 0x0000, 0x0000, 0x0000, 0x0000, 0x0000, 0x0000,
    0x0000, 0x0000, 0x0000, 0x0000, 0x0000, 0x0000, 0x0000, 0x0000, 0x0000, 0x0000, 0x0000, 0x0000,
    0x0000, 0x0000, 0x0000, 0x0000, 0x0000, 0x0000, 0x0000, 0x0000, 0x0000, 0x0000, 0x0000, 0x0000,
    0x0000, 0x0000, 0x0000, 0x0000, 0x0000, 0x0000, 0x0000, 0x0000, 0x0000, 0x0000, 0x0000, 0x0000,
    0x0000, 0x0000, 0x0000, 0x0000, 0x0000, 0x0000, 0x0000, 0x0000, 0x0000, 0x0000, 0x0000, 0x0000,
    0x0000, 0x0000, 0x0000, 0x0000, 0x0000, 0x0000, 0x0000, 0x0000, 0x0000, 0x0000, 0x0000, 0x0000,
    0x0000, 0x0000, 0x0000, 0x0000, 0x0000, 0x0000, 0x0000, 0x0000, 0x0000, 0x0000, 0x0000, 0x0000,
    0x0020, 0x0000, 0x01E0, 0x3E46, 0x0FE0, 0x17E0, 0x17E0, 0x17E0, 0x17E0, 0x17E0, 0x17E0, 0x17E0,
    0x17E0, 0x1FC1, 0x17E0, 0x1FE2, 0x17E0, 0x17E0, 0x17E0, 0x17E0, 0x17E0, 0x17E0, 0x17E0, 0x1FE1,
    0x0F80, 0x0FE1, 0x3E67, 0x2E84, 0x2723, 0x27A3, 0x17C1, 0x17C1, 0x17E0, 0x17E0, 0x0FE0, 0x17C1,
    0x1FC1, 0x1FC1, 0x1FC1, 0x17C1, 0x1FC1, 0x1FE2, 0x1FE2, 0x1FE0, 0x17E1, 0x17E1, 0x0FE2, 0x17E1,
    0x27C2, 0x3F25, 0x3EE4, 0x3643, 0x1F42, 0x0FE0, 0x17C0, 0x17E0, 0x17E0, 0x17E0, 0x17E0, 0x17E0,
    0x17E0, 0x17E0, 0x0FA0, 0x1FE1, 0x1FE1, 0x17C1, 0x17E0, 0x17E0, 0x17E0, 0x17E0, 0x17E0, 0x17E0,
    0x17E0, 0x1FE0, 0x3723, 0x0022, 0x0842, 0x0000, 0x0000, 0x0000, 0x0000, 0x0000, 0x0000, 0x0000,
    0x0000, 0x0000, 0x0000, 0x0000, 0x0000, 0x0000, 0x0000, 0x0000, 0x0000, 0x0000, 0x0000, 0x0000,
    0x0000, 0x0000, 0x0000, 0x0000, 0x0000, 0x0000, 0x0000, 0x0000, 0x0000, 0x0000, 0x0000, 0x0000,
    0x0000, 0x0000, 0x0000, 0x0000, 0x0000, 0x0000, 0x0000, 0x0000, 0x0000, 0x0000, 0x0000, 0x0000,
    0x0000, 0x0000, 0x0000, 0x0000, 0x0000, 0x0000, 0x0000, 0x0000, 0x0000, 0x0000, 0x0000, 0x0000,
    0x0000, 0x0000, 0x0000, 0x0000, 0x0000, 0x0000, 0x0000, 0x0000, 0x0000, 0x0000, 0x0000, 0x0000,
    0x0000, 0x0000, 0x0000, 0x0000, 0x0000, 0x0000, 0x0000, 0x0000, 0x0000, 0x0000, 0x0000, 0x0000,
    0x0000, 0x0000, 0x0000, 0x0000, 0x0000, 0x0000, 0x0000, 0x0000, 0x0000, 0x0000, 0x0000, 0x0000,
    0x0000, 0x0000, 0x0000, 0x0000, 0x0000, 0x0000, 0x0000, 0x0000, 0x0000, 0x0000, 0x0000, 0x0000,
    0x0000, 0x0000, 0x0000, 0x0000, 0x0000, 0x0000, 0x0000, 0x0000, 0x0000, 0x0000, 0x0000, 0x0000,
    0x0000, 0x0020, 0x0901, 0x25C2, 0x17E0, 0x17E0, 0x17E0, 0x17E0, 0x17E0, 0x17E0, 0x17E0, 0x17E0,
    0x17E0, 0x17E0, 0x17E0, 0x17E0, 0x17E0, 0x17E0, 0x17E0, 0x17E0, 0x17E0, 0x17E0, 0x17E0, 0x17E0,
    0x17E0, 0x17E0, 0x17E0, 0x17E1, 0x17C1, 0x17C1, 0x17C1, 0x17E1, 0x17E0, 0x17E0, 0x17E0, 0x17E0,
    0x17E0, 0x17E0, 0x17E0, 0x17E0, 0x17E0, 0x17E0, 0x17E0, 0x17E0, 0x17E0, 0x17E0, 0x17E0, 0x17E0,
    0x17E0, 0x17E0, 0x17E0, 0x1FE1, 0x17E1, 0x17E1, 0x17E1, 0x17E0, 0x17E0, 0x17E0, 0x17E0, 0x17E0,
    0x17E0, 0x17E0, 0x17E0, 0x17E0, 0x17E0, 0x17E0, 0x17E0, 0x17E0, 0x17E0, 0x17E0, 0x17E0, 0x17E0,
    0x17E0, 0x17E1, 0x2F84, 0x1001, 0x0000, 0x0000, 0x0000, 0x0000, 0x0000, 0x0000, 0x0000, 0x0000,
    0x0000, 0x0000, 0x0000, 0x0000, 0x0000, 0x0000, 0x0000, 0x0000, 0x0000, 0x0000, 0x0000, 0x0000,
    0x0000, 0x0000, 0x0000, 0x0000, 0x0000, 0x0000, 0x0000, 0x0000, 0x0000, 0x0000, 0x0000, 0x0000,
    0x0000, 0x0000, 0x0000, 0x0000, 0x0000, 0x0000, 0x0000, 0x0000, 0x0000, 0x0000, 0x0000, 0x0000,
    0x0000, 0x0000, 0x0000, 0x0000, 0x0000, 0x0000, 0x0000, 0x0000, 0x0000, 0x0000, 0x0000, 0x0000,
    0x0000, 0x0000, 0x0000, 0x0000, 0x0000, 0x0000, 0x0000, 0x0000, 0x0000, 0x0000, 0x0000, 0x0000,
    0x0000, 0x0000, 0x0000, 0x0000, 0x0000, 0x0000, 0x0000, 0x0000, 0x0000, 0x0000, 0x0000, 0x0000,
    0x0000, 0x0000, 0x0000, 0x0000, 0x0000, 0x0000, 0x0000, 0x0000, 0x0000, 0x0000, 0x0000, 0x0000,
    0x0000, 0x0000, 0x0000, 0x0000, 0x0000, 0x0000, 0x0000, 0x0000, 0x0000, 0x0000, 0x0000, 0x0000,
    0x0000, 0x0000, 0x0000, 0x0000, 0x0000, 0x0000, 0x0000, 0x0000, 0x0000, 0x0000, 0x0000, 0x0000,
    0x0000, 0x0000, 0x0881, 0x1D42, 0x17C1, 0x17E0, 0x17E0, 0x17E0, 0x17E0, 0x17E0, 0x17E0, 0x17E0,
    0x17E0, 0x17E0, 0x17E0, 0x17E0, 0x17E0, 0x17E0, 0x17E0, 0x17E0, 0x17E0, 0x17E0, 0x17E0, 0x17E0,
    0x17E0, 0x17E0, 0x17E0, 0x17E0, 0x17E0, 0x17E0, 0x17E0, 0x17E0, 0x17E0, 0x17E0, 0x17E0, 0x17E0,
    0x17E0, 0x17E0, 0x17E0, 0x17E0, 0x17E0, 0x17E0, 0x17E0, 0x17E0, 0x17E0, 0x17E0, 0x17E0, 0x17E0,
    0x17E0, 0x17E0, 0x17E0, 0x17E0, 0x17E0, 0x17E0, 0x17E0, 0x17E0, 0x17E0, 0x17E0, 0x17E0, 0x17E0,
    0x17E0, 0x17E0, 0x17E0, 0x17E0, 0x17E0, 0x17E0, 0x17E0, 0x17E0, 0x17E0, 0x17E0, 0x17E0, 0x17E0,
    0x17E0, 0x1FC1, 0x27A3, 0x0000, 0x0020, 0x0000, 0x0000, 0x0000, 0x0000, 0x0000, 0x0000, 0x0000,
    0x0000, 0x0000, 0x0000, 0x0000, 0x0000, 0x0000, 0x0000, 0x0000, 0x0000, 0x0000, 0x0000, 0x0000,
    0x0000, 0x0000, 0x0000, 0x0000, 0x0000, 0x0000, 0x0000, 0x0000, 0x0000, 0x0000, 0x0000, 0x0000,
    0x0000, 0x0000, 0x0000, 0x0000, 0x0000, 0x0000, 0x0000, 0x0000, 0x0000, 0x0000, 0x0000, 0x0000,
    0x0000, 0x0000, 0x0000, 0x0000, 0x0000, 0x0000, 0x0000, 0x0000, 0x0000, 0x0000, 0x0000, 0x0000,
    0x0000, 0x0000, 0x0000, 0x0000, 0x0000, 0x0000, 0x0000, 0x0000, 0x0000, 0x0000, 0x0000, 0x0000,
    0x0000, 0x0000, 0x0000, 0x0000, 0x0000, 0x0000, 0x0000, 0x0000, 0x0000, 0x0000, 0x0000, 0x0000,
    0x0000, 0x0000, 0x0000, 0x0000, 0x0000, 0x0000, 0x0000, 0x0000, 0x0000, 0x0000, 0x0000, 0x0000,
    0x0000, 0x0000, 0x0000, 0x0000, 0x0000, 0x0000, 0x0000, 0x0000, 0x0000, 0x0000, 0x0000, 0x0000,
    0x0000, 0x0000, 0x0000, 0x0000, 0x0000, 0x0000, 0x0000, 0x0000, 0x0000, 0x0000, 0x0000, 0x0000,
    0x0000, 0x0000, 0x0100, 0x1DA3, 0x17C1, 0x17E0, 0x17E0, 0x17E0, 0x17E0, 0x17E0, 0x17E0, 0x17E0,
    0x17E0, 0x17E0, 0x17E0, 0x17E0, 0x17E0, 0x17E0, 0x17E0, 0x17E0, 0x17E0, 0x17E0, 0x17E0, 0x17E0,
    0x17E0, 0x17E0, 0x17E0, 0x17E0, 0x17E0, 0x17E0, 0x17E0, 0x17E0, 0x17E0, 0x17E0, 0x17E0, 0x17E0,
    0x17E0, 0x17E0, 0x17E0, 0x17E0, 0x17E0, 0x17E0, 0x17E0, 0x17E0, 0x17E0, 0x17E0, 0x17E0, 0x17E0,
    0x17E0, 0x17E0, 0x17E0, 0x17E0, 0x17E0, 0x17E0, 0x17E0, 0x17E0, 0x17E0, 0x17E0, 0x17E0, 0x17E0,
    0x17E0, 0x17E0, 0x17E0, 0x17E0, 0x17E0, 0x17E0, 0x17E0, 0x17E0, 0x17E0, 0x17E0, 0x17E0, 0x17E0,
    0x17E0, 0x1FC1, 0x1FC2, 0x0040, 0x0020, 0x0000, 0x0000, 0x0000, 0x0000, 0x0000, 0x0000, 0x0000,
    0x0000, 0x0000, 0x0000, 0x0000, 0x0000, 0x0000, 0x0000, 0x0000, 0x0000, 0x0000, 0x0000, 0x0000,
    0x0000, 0x0000, 0x0000, 0x0000, 0x0000, 0x0000, 0x0000, 0x0000, 0x0000, 0x0000, 0x0000, 0x0000,
    0x0000, 0x0000, 0x0000, 0x0000, 0x0000, 0x0000, 0x0000, 0x0000, 0x0000, 0x0000, 0x0000, 0x0000,
    0x0000, 0x0000, 0x0000, 0x0000, 0x0000, 0x0000, 0x0000, 0x0000, 0x0000, 0x0000, 0x0000, 0x0000,
    0x0000, 0x0000, 0x0000, 0x0000, 0x0000, 0x0000, 0x0000, 0x0000, 0x0000, 0x0000, 0x0000, 0x0000,
    0x0000, 0x0000, 0x0000, 0x0000, 0x0000, 0x0000, 0x0000, 0x0000, 0x0000, 0x0000, 0x0000, 0x0000,
    0x0000, 0x0000, 0x0000, 0x0000, 0x0000, 0x0000, 0x0000, 0x0000, 0x0000, 0x0000, 0x0000, 0x0000,
    0x0000, 0x0000, 0x0000, 0x0000, 0x0000, 0x0000, 0x0000, 0x0000, 0x0000, 0x0000, 0x0000, 0x0000,
    0x0000, 0x0000, 0x0000, 0x0000, 0x0000, 0x0000, 0x0000, 0x0000, 0x0000, 0x0000, 0x0000, 0x0000,
    0x0000, 0x0060, 0x1261, 0x3704, 0x17E0, 0x17E0, 0x17E0, 0x17E0, 0x17E0, 0x17E0, 0x17E0, 0x17E0,
    0x17E0, 0x17E0, 0x17E0, 0x17E0, 0x17E0, 0x17E0, 0x17E0, 0x17E0, 0x17E0, 0x17E0, 0x17E0, 0x17E0,
    0x17E0, 0x17E0, 0x17E0, 0x17E0, 0x17E1, 0x17E1, 0x17E1, 0x17E0, 0x17E0, 0x17E0, 0x17E0, 0x17E0,
    0x17E0, 0x17E0, 0x17E0, 0x17E0, 0x17E0, 0x17E0, 0x17E0, 0x17E0, 0x17E0, 0x17E0, 0x17E0, 0x17E0,
    0x17E0, 0x17E0, 0x17E0, 0x17E0, 0x17E0, 0x17E0, 0x17E0, 0x17E0, 0x17E0, 0x17E0, 0x17E0, 0x17E0,
    0x17E0, 0x17E0, 0x17E0, 0x17E0, 0x17E0, 0x17E0, 0x17E0, 0x17E0, 0x17E0, 0x17E0, 0x17E0, 0x17E0,
    0x17E0, 0x17E0, 0x0FE0, 0x09E1, 0x0040, 0x0000, 0x0000, 0x0000, 0x0000, 0x0000, 0x0000, 0x0000,
    0x0000, 0x0000, 0x0000, 0x0000, 0x0000, 0x0000, 0x0000, 0x0000, 0x0000, 0x0000, 0x0000, 0x0000,
    0x0000, 0x0000, 0x0000, 0x0000, 0x0000, 0x0000, 0x0000, 0x0000, 0x0000, 0x0000, 0x0000, 0x0000,
    0x0000, 0x0000, 0x0000, 0x0000, 0x0000, 0x0000, 0x0000, 0x0000, 0x0000, 0x0000, 0x0000, 0x0000,
    0x0000, 0x0000, 0x0000, 0x0000, 0x0000, 0x0000, 0x0000, 0x0000, 0x0000, 0x0000, 0x0000, 0x0000,
    0x0000, 0x0000, 0x0000, 0x0000, 0x0000, 0x0000, 0x0000, 0x0000, 0x0000, 0x0000, 0x0000, 0x0000,
    0x0000, 0x0000, 0x0000, 0x0000, 0x0000, 0x0000, 0x0000, 0x0000, 0x0000, 0x0000, 0x0000, 0x0000,
    0x0000, 0x0000, 0x0000, 0x0000, 0x0000, 0x0000, 0x0000, 0x0000, 0x0000, 0x0000, 0x0000, 0x0000,
    0x0000, 0x0000, 0x0000, 0x0000, 0x0000, 0x0000, 0x0000, 0x0000, 0x0000, 0x0000, 0x0000, 0x0000,
    0x0000, 0x0000, 0x0000, 0x0000, 0x0000, 0x0000, 0x0000, 0x0000, 0x0000, 0x0000, 0x0000, 0x0000,
    0x0000, 0x0001, 0x2BE2, 0x27A3, 0x1FC0, 0x17E0, 0x17E0, 0x17E0, 0x17E0, 0x17E0, 0x17E0, 0x17E0,
    0x17E0, 0x17E0, 0x17E0, 0x17E0, 0x17E0, 0x17E0, 0x17E0, 0x17E0, 0x17E0, 0x17E0, 0x17E0, 0x17E0,
    0x17E0, 0x17E0, 0x17E0, 0x17E0, 0x17E0, 0x17E0, 0x17E0, 0x17E0, 0x17E0, 0x17E0, 0x17E0, 0x17E0,
    0x17E0, 0x17E0, 0x17E0, 0x17E0, 0x17E0, 0x17E0, 0x17E0, 0x17E0, 0x17E0, 0x17E0, 0x17E0, 0x17E0,
    0x17E0, 0x17E0, 0x17E0, 0x17E0, 0x17E0, 0x17E0, 0x17E0, 0x17E0, 0x17E0, 0x17E0, 0x17E0, 0x17E0,
    0x17E0, 0x17E0, 0x17E0, 0x17E0, 0x17E0, 0x17E0, 0x17E0, 0x17E0, 0x17E0, 0x17E0, 0x17E0, 0x17E0,
    0x17E0, 0x1FE0, 0x17E1, 0x23A3, 0x0801, 0x0000, 0x0000, 0x0000, 0x0000, 0x0000, 0x0000, 0x0000,
    0x0000, 0x0000, 0x0000, 0x0000, 0x0000, 0x0000, 0x0000, 0x0000, 0x0000, 0x0000, 0x0000, 0x0000,
    0x0000, 0x0000, 0x0000, 0x0000, 0x0000, 0x0000, 0x0000, 0x0000, 0x0000, 0x0000, 0x0000, 0x0000,
    0x0000, 0x0000, 0x0000, 0x0000, 0x0000, 0x0000, 0x0000, 0x0000, 0x0000, 0x0000, 0x0000, 0x0000,
    0x0000, 0x0000, 0x0000, 0x0000, 0x0000, 0x0000, 0x0000, 0x0000, 0x0000, 0x0000, 0x0000, 0x0000,
    0x0000, 0x0000, 0x0000, 0x0000, 0x0000, 0x0000, 0x0000, 0x0000, 0x0000, 0x0000, 0x0000, 0x0000,
    0x0000, 0x0000, 0x0000, 0x0000, 0x0000, 0x0000, 0x0000, 0x0000, 0x0000, 0x0000, 0x0000, 0x0000,
    0x0000, 0x0000, 0x0000, 0x0000, 0x0000, 0x0000, 0x0000, 0x0000, 0x0000, 0x0000, 0x0000, 0x0000,
    0x0000, 0x0000, 0x0000, 0x0000, 0x0000, 0x0000, 0x0000, 0x0000, 0x0000, 0x0000, 0x0000, 0x0000,
    0x0000, 0x0000, 0x0000, 0x0000, 0x0000, 0x0000, 0x0000, 0x0000, 0x0000, 0x0000, 0x0000, 0x0000,
    0x0020, 0x0020, 0x35E5, 0x1FC1, 0x17C1, 0x17E0, 0x17E0, 0x17E0, 0x17E0, 0x17E0, 0x17E0, 0x17E0,
    0x17E0, 0x17E0, 0x17E0, 0x17E0, 0x17E0, 0x17E0, 0x17E0, 0x17E0, 0x17E0, 0x17E0, 0x17E0, 0x17E0,
    0x17E0, 0x17E0, 0x17E0, 0x17E0, 0x17E0, 0x17E0, 0x17E0, 0x17E0, 0x17E0, 0x17E0, 0x17E0, 0x17E0,
    0x17E0, 0x17E0, 0x17E0, 0x17E0, 0x17E0, 0x17E0, 0x17E0, 0x17E0, 0x17E0, 0x17E0, 0x17E0, 0x17E0,
    0x17E0, 0x17E0, 0x17E0, 0x17E0, 0x17E0, 0x17E0, 0x17E0, 0x17E0, 0x17E0, 0x17E0, 0x17E0, 0x17E0,
    0x17E0, 0x17E0, 0x17E0, 0x17E0, 0x17E0, 0x17E0, 0x17E0, 0x17E0, 0x17E0, 0x17E0, 0x17E0, 0x17E0,
    0x17E0, 0x17E0, 0x17E1, 0x2CE4, 0x08A1, 0x0000, 0x0000, 0x0000, 0x0000, 0x0000, 0x0000, 0x0000,
    0x0000, 0x0000, 0x0000, 0x0000, 0x0000, 0x0000, 0x0000, 0x0000, 0x0000, 0x0000, 0x0000, 0x0000,
    0x0000, 0x0000, 0x0000, 0x0000, 0x0000, 0x0000, 0x0000, 0x0000, 0x0000, 0x0000, 0x0000, 0x0000,
    0x0000, 0x0000, 0x0000, 0x0000, 0x0000, 0x0000, 0x0000, 0x0000, 0x0000, 0x0000, 0x0000, 0x0000,
    0x0000, 0x0000, 0x0000, 0x0000, 0x0000, 0x0000, 0x0000, 0x0000, 0x0000, 0x0000, 0x0000, 0x0000,
    0x0000, 0x0000, 0x0000, 0x0000, 0x0000, 0x0000, 0x0000, 0x0000, 0x0000, 0x0000, 0x0000, 0x0000,
    0x0000, 0x0000, 0x0000, 0x0000, 0x0000, 0x0000, 0x0000, 0x0000, 0x0000, 0x0000, 0x0000, 0x0000,
    0x0000, 0x0000, 0x0000, 0x0000, 0x0000, 0x0000, 0x0000, 0x0000, 0x0000, 0x0000, 0x0000, 0x0000,
    0x0000, 0x0000, 0x0000, 0x0000, 0x0000, 0x0000, 0x0000, 0x0000, 0x0000, 0x0000, 0x0000, 0x0000,
    0x0000, 0x0000, 0x0000, 0x0000, 0x0000, 0x0000, 0x0000, 0x0000, 0x0000, 0x0000, 0x0000, 0x0000,
    0x0020, 0x0820, 0x2EA5, 0x0FE0, 0x17C1, 0x17E0, 0x17E0, 0x17E0, 0x17E0, 0x17E0, 0x17E0, 0x17E0,
    0x17E0, 0x17E0, 0x17E0, 0x17E0, 0x17E0, 0x17E0, 0x17E0, 0x17E0, 0x17E0, 0x17E0, 0x17E0, 0x17E0,
    0x17E0, 0x17E0, 0x17E0, 0x17E0, 0x17E0, 0x17E0, 0x17E0, 0x17E0, 0x17E0, 0x17E0, 0x17E0, 0x17E0,
    0x17E0, 0x17E0, 0x17E0, 0x17E0, 0x17E0, 0x17E0, 0x17E0, 0x17E0, 0x17E0, 0x17E0, 0x17E0, 0x17E0,
    0x17E0, 0x17E0, 0x17E0, 0x17E0, 0x17E0, 0x17E0, 0x17E0, 0x17E0, 0x17E0, 0x17E0, 0x17E0, 0x17E0,
    0x17E0, 0x17E0, 0x17E0, 0x17E0, 0x17E0, 0x17E0, 0x17E0, 0x17E0, 0x17E0, 0x17E0, 0x17E0, 0x17E0,
    0x17E0, 0x17E0, 0x17E2, 0x2D84, 0x0901, 0x0000, 0x0000, 0x0000, 0x0000, 0x0000, 0x0000, 0x0000,
    0x0000, 0x0000, 0x0000, 0x0000, 0x0000, 0x0000, 0x0000, 0x0000, 0x0000, 0x0000, 0x0000, 0x0000,
    0x0000, 0x0000, 0x0000, 0x0000, 0x0000, 0x0000, 0x0000, 0x0000, 0x0000, 0x0000, 0x0000, 0x0000,
    0x0000, 0x0000, 0x0000, 0x0000, 0x0000, 0x0000, 0x0000, 0x0000, 0x0000, 0x0000, 0x0000, 0x0000,
    0x0000, 0x0000, 0x0000, 0x0000, 0x0000, 0x0000, 0x0000, 0x0000, 0x0000, 0x0000, 0x0000, 0x0000,
    0x0000, 0x0000, 0x0000, 0x0000, 0x0000, 0x0000, 0x0000, 0x0000, 0x0000, 0x0000, 0x0000, 0x0000,
    0x0000, 0x0000, 0x0000, 0x0000, 0x0000, 0x0000, 0x0000, 0x0000, 0x0000, 0x0000, 0x0000, 0x0000,
    0x0000, 0x0000, 0x0000, 0x0000, 0x0000, 0x0000, 0x0000, 0x0000, 0x0000, 0x0000, 0x0000, 0x0000,
    0x0000, 0x0000, 0x0000, 0x0000, 0x0000, 0x0000, 0x0000, 0x0000, 0x0000, 0x0000, 0x0000, 0x0000,
    0x0000, 0x0000, 0x0000, 0x0000, 0x0000, 0x0000, 0x0000, 0x0000, 0x0000, 0x0000, 0x0000, 0x0000,
    0x0020, 0x0800, 0x2F45, 0x0FE0, 0x17E2, 0x17E0, 0x17E0, 0x17E0, 0x17E0, 0x17E0, 0x17E0, 0x17E0,
    0x17E0, 0x17E0, 0x17E0, 0x17E0, 0x17E0, 0x17E0, 0x17E0, 0x17E0, 0x17E0, 0x17E0, 0x17E0, 0x17E0,
    0x17E0, 0x17E0, 0x17E0, 0x17E0, 0x17E0, 0x17E0, 0x17E0, 0x17E0, 0x17E0, 0x17E0, 0x17E0, 0x17E0,
    0x17E0, 0x17E0, 0x17E0, 0x17E0, 0x17E0, 0x17E0, 0x17E0, 0x17E0, 0x17E0, 0x17E0, 0x17E0, 0x17E0,
    0x17E0, 0x17E0, 0x17E0, 0x17E0, 0x17E0, 0x17E0, 0x17E0, 0x17E0, 0x17E0, 0x17E0, 0x17E0, 0x17E0,
    0x17E0, 0x17E0, 0x17E0, 0x17E0, 0x17E0, 0x17E0, 0x17E0, 0x17E0, 0x17E0, 0x17E0, 0x17E0, 0x17E0,
    0x17E0, 0x17E1, 0x1FE2, 0x25E2, 0x0160, 0x0000, 0x0000, 0x0000, 0x0000, 0x0000, 0x0000, 0x0000,
    0x0000, 0x0000, 0x0000, 0x0000, 0x0000, 0x0000, 0x0000, 0x0000, 0x0000, 0x0000, 0x0000, 0x0000,
    0x0000, 0x0000, 0x0000, 0x0000, 0x0000, 0x0000, 0x0000, 0x0000, 0x0000, 0x0000, 0x0000, 0x0000,
    0x0000, 0x0000, 0x0000, 0x0000, 0x0000, 0x0000, 0x0000, 0x0000, 0x0000, 0x0000, 0x0000, 0x0000,
    0x0000, 0x0000, 0x0000, 0x0000, 0x0000, 0x0000, 0x0000, 0x0000, 0x0000, 0x0000, 0x0000, 0x0000,
    0x0000, 0x0000, 0x0000, 0x0000, 0x0000, 0x0000, 0x0000, 0x0000, 0x0000, 0x0000, 0x0000, 0x0000,
    0x0000, 0x0000, 0x0000, 0x0000, 0x0000, 0x0000, 0x0000, 0x0000, 0x0000, 0x0000, 0x0000, 0x0000,
    0x0000, 0x0000, 0x0000, 0x0000, 0x0000, 0x0000, 0x0000, 0x0000, 0x0000, 0x0000, 0x0000, 0x0000,
    0x0000, 0x0000, 0x0000, 0x0000, 0x0000, 0x0000, 0x0000, 0x0000, 0x0000, 0x0000, 0x0000, 0x0000,
    0x0000, 0x0000, 0x0000, 0x0000, 0x0000, 0x0000, 0x0000, 0x0000, 0x0000, 0x0000, 0x0000, 0x0000,
    0x0020, 0x0000, 0x2F24, 0x17E2, 0x17E0, 0x17E0, 0x17E0, 0x17E0, 0x17E0, 0x17E0, 0x17E0, 0x17E0,
    0x17E0, 0x17E0, 0x17E0, 0x17E0, 0x17E0, 0x17E0, 0x17E0, 0x17E0, 0x17E0, 0x17E0, 0x17E0, 0x17E0,
    0x17E0, 0x17E0, 0x17E0, 0x17E0, 0x17E0, 0x17E0, 0x17E0, 0x17E0, 0x17E0, 0x17E0, 0x17E0, 0x17E0,
    0x17E0, 0x17E0, 0x17E0, 0x17E0, 0x17E0, 0x17E0, 0x17E0, 0x17E0, 0x17E0, 0x17E0, 0x17E0, 0x17E0,
    0x17E0, 0x17E0, 0x17E0, 0x17E0, 0x17E0, 0x17E0, 0x17E0, 0x17E0, 0x17E0, 0x17E0, 0x17E0, 0x17E0,
    0x17E0, 0x17E0, 0x17E0, 0x17E0, 0x17E0, 0x17E0, 0x17E0, 0x17E0, 0x17E0, 0x17E0, 0x17E0, 0x17E0,
    0x17E0, 0x17E0, 0x0FC1, 0x2582, 0x0120, 0x0000, 0x0000, 0x0000, 0x0000, 0x0000, 0x0000, 0x0000,
    0x0000, 0x0000, 0x0000, 0x0000, 0x0000, 0x0000, 0x0000, 0x0000, 0x0000, 0x0000, 0x0000, 0x0000,
    0x0000, 0x0000, 0x0000, 0x0000, 0x0000, 0x0000, 0x0000, 0x0000, 0x0000, 0x0000, 0x0000, 0x0000,
    0x0000, 0x0000, 0x0000, 0x0000, 0x0000, 0x0000, 0x0000, 0x0000, 0x0000, 0x0000, 0x0000, 0x0000,
    0x0000, 0x0000, 0x0000, 0x0000, 0x0000, 0x0000, 0x0000, 0x0000, 0x0000, 0x0000, 0x0000, 0x0000,
    0x0000, 0x0000, 0x0000, 0x0000, 0x0000, 0x0000, 0x0000, 0x0000, 0x0000, 0x0000, 0x0000, 0x0000,
    0x0000, 0x0000, 0x0000, 0x0000, 0x0000, 0x0000, 0x0000, 0x0000, 0x0000, 0x0000, 0x0000, 0x0000,
    0x0000, 0x0000, 0x0000, 0x0000, 0x0000, 0x0000, 0x0000, 0x0000, 0x0000, 0x0000, 0x0000, 0x0000,
    0x0000, 0x0000, 0x0000, 0x0000, 0x0000, 0x0000, 0x0000, 0x0000, 0x0000, 0x0000, 0x0000, 0x0000,
    0x0000, 0x0000, 0x0000, 0x0000, 0x0000, 0x0000, 0x0000, 0x0000, 0x0000, 0x0000, 0x0000, 0x0000,
    0x0020, 0x0000, 0x26C3, 0x1FE2, 0x17E0, 0x17E0, 0x17E0, 0x17E0, 0x17E0, 0x17E0, 0x17E0, 0x17E0,
    0x17E0, 0x17E0, 0x17E0, 0x17E0, 0x17E0, 0x17E0, 0x17E0, 0x17E0, 0x17E0, 0x17E0, 0x17E0, 0x17E0,
    0x17E0, 0x17E0, 0x17E0, 0x17E0, 0x17E0, 0x17E0, 0x17E0, 0x17E0, 0x17E0, 0x17E0, 0x17E0, 0x17E0,
    0x17E0, 0x17E0, 0x17E0, 0x17E0, 0x17E0, 0x17E0, 0x17E0, 0x17E0, 0x17E0, 0x17E0, 0x17E0, 0x17E0,
    0x17E0, 0x17E0, 0x17E0, 0x17E0, 0x17E0, 0x17E0, 0x17E0, 0x17E0, 0x17E0, 0x17E0, 0x17E0, 0x17E0,
    0x17E0, 0x17E0, 0x17E0, 0x17E0, 0x17E0, 0x17E0, 0x17E0, 0x17E0, 0x17E0, 0x17E0, 0x17E0, 0x17E0,
    0x17E0, 0x17E0, 0x0FA0, 0x2503, 0x00C1, 0x0000, 0x0000, 0x0000, 0x0000, 0x0000, 0x0000, 0x0000,
    0x0000, 0x0000, 0x0000, 0x0000, 0x0000, 0x0000, 0x0000, 0x0000, 0x0000, 0x0000, 0x0000, 0x0000,
    0x0000, 0x0000, 0x0000, 0x0000, 0x0000, 0x0000, 0x0000, 0x0000, 0x0000, 0x0000, 0x0000, 0x0000,
    0x0000, 0x0000, 0x0000, 0x0000, 0x0000, 0x0000, 0x0000, 0x0000, 0x0000, 0x0000, 0x0000, 0x0000,
    0x0000, 0x0000, 0x0000, 0x0000, 0x0000, 0x0000, 0x0000, 0x0000, 0x0000, 0x0000, 0x0000, 0x0000,
    0x0000, 0x0000, 0x0000, 0x0000, 0x0000, 0x0000, 0x0000, 0x0000, 0x0000, 0x0000, 0x0000, 0x0000,
    0x0000, 0x0000, 0x0000, 0x0000, 0x0000, 0x0000, 0x0000, 0x0000, 0x0000, 0x0000, 0x0000, 0x0000,
    0x0000, 0x0000, 0x0000, 0x0000, 0x0000, 0x0000, 0x0000, 0x0000, 0x0000, 0x0000, 0x0000, 0x0000,
    0x0000, 0x0000, 0x0000, 0x0000, 0x0000, 0x0000, 0x0000, 0x0000, 0x0000, 0x0000, 0x0000, 0x0000,
    0x0000, 0x0000, 0x0000, 0x0000, 0x0000, 0x0000, 0x0000, 0x0000, 0x0000, 0x0000, 0x0000, 0x0000,
    0x0020, 0x1803, 0x25A2, 0x1FC2, 0x1FE0, 0x17E0, 0x17E0, 0x17E0, 0x17E0, 0x17E0, 0x17E0, 0x17E0,
    0x17E0, 0x17E0, 0x17E0, 0x17E0, 0x17E0, 0x17E0, 0x17E0, 0x17E0, 0x17E0, 0x17E0, 0x17E0, 0x17E0,
    0x17E0, 0x17E0, 0x17E0, 0x17E0, 0x17E0, 0x17E0, 0x17E0, 0x17E0, 0x17E0, 0x17E0, 0x17E0, 0x17E0,
    0x17E0, 0x17E0, 0x17E0, 0x17E0, 0x17E0, 0x17E0, 0x17E0, 0x17E0, 0x17E0, 0x17E0, 0x17E0, 0x17E0,
    0x17E0, 0x17E0, 0x17E0, 0x17E0, 0x17E0, 0x17E0, 0x17E0, 0x17E0, 0x17E0, 0x17E0, 0x17E0, 0x17E0,
    0x17E0, 0x17E0, 0x17E0, 0x17E0, 0x17E0, 0x17E0, 0x17E0, 0x17E0, 0x17E0, 0x17E0, 0x17E0, 0x17E0,
    0x17E0, 0x17C0, 0x17E1, 0x1341, 0x1002, 0x0000, 0x0000, 0x0000, 0x0000, 0x0000, 0x0000, 0x0000,
    0x0000, 0x0000, 0x0000, 0x0000, 0x0000, 0x0000, 0x0000, 0x0000, 0x0000, 0x0000, 0x0000, 0x0000,
    0x0000, 0x0000, 0x0000, 0x0000, 0x0000, 0x0000, 0x0000, 0x0000, 0x0000, 0x0000, 0x0000, 0x0000,
    0x0000, 0x0000, 0x0000, 0x0000, 0x0000, 0x0000, 0x0000, 0x0000, 0x0000, 0x0000, 0x0000, 0x0000,
    0x0000, 0x0000, 0x0000, 0x0000, 0x0000, 0x0000, 0x0000, 0x0000, 0x0000, 0x0000, 0x0000, 0x0000,
    0x0000, 0x0000, 0x0000, 0x0000, 0x0000, 0x0000, 0x0000, 0x0000, 0x0000, 0x0000, 0x0000, 0x0000,
    0x0000, 0x0000, 0x0000, 0x0000, 0x0000, 0x0000, 0x0000, 0x0000, 0x0000, 0x0000, 0x0000, 0x0000,
    0x0000, 0x0000, 0x0000, 0x0000, 0x0000, 0x0000, 0x0000, 0x0000, 0x0000, 0x0000, 0x0000, 0x0000,
    0x0000, 0x0000, 0x0000, 0x0000, 0x0000, 0x0000, 0x0000, 0x0000, 0x0000, 0x0000, 0x0000, 0x0000,
    0x0000, 0x0000, 0x0000, 0x0000, 0x0000, 0x0000, 0x0000, 0x0000, 0x0000, 0x0000, 0x0000, 0x0000,
    0x0020, 0x1843, 0x1C82, 0x1F82, 0x1FE2, 0x17E1, 0x17E0, 0x17E0, 0x17E0, 0x17E0, 0x17E0, 0x17E0,
    0x17E0, 0x17E0, 0x17E0, 0x17E0, 0x17E0, 0x17E0, 0x17E0, 0x17E0, 0x17E0, 0x17E0, 0x17E0, 0x17E0,
    0x17E0, 0x17E0, 0x17E0, 0x17E0, 0x17E0, 0x17E0, 0x17E0, 0x17E0, 0x17E0, 0x17E0, 0x17E0, 0x17E0,
    0x17E0, 0x17E0, 0x17E0, 0x17E0, 0x17E0, 0x17E0, 0x17E0, 0x17E0, 0x17E0, 0x17E0, 0x17E0, 0x17E0,
    0x17E0, 0x17E0, 0x17E0, 0x17E0, 0x17E0, 0x17E0, 0x17E0, 0x17E0, 0x17E0, 0x17E0, 0x17E0, 0x17E0,
    0x17E0, 0x17E0, 0x17E0, 0x17E0, 0x17E0, 0x17E0, 0x17E0, 0x17E0, 0x17E0, 0x17E0, 0x17E0, 0x17E0,
    0x17E0, 0x17C0, 0x1FA1, 0x0200, 0x1002, 0x0000, 0x0000, 0x0000, 0x0000, 0x0000, 0x0000, 0x0000,
    0x0000, 0x0000, 0x0000, 0x0000, 0x0000, 0x0000, 0x0000, 0x0000, 0x0000, 0x0000, 0x0000, 0x0000,
    0x0000, 0x0000, 0x0000, 0x0000, 0x0000, 0x0000, 0x0000, 0x0000, 0x0000, 0x0000, 0x0000, 0x0000,
    0x0000, 0x0000, 0x0000, 0x0000, 0x0000, 0x0000, 0x0000, 0x0000, 0x0000, 0x0000, 0x0000, 0x0000,
    0x0000, 0x0000, 0x0000, 0x0000, 0x0000, 0x0000, 0x0000, 0x0000, 0x0000, 0x0000, 0x0000, 0x0000,
    0x0000, 0x0000, 0x0000, 0x0000, 0x0000, 0x0000, 0x0000, 0x0000, 0x0000, 0x0000, 0x0000, 0x0000,
    0x0000, 0x0000, 0x0000, 0x0000, 0x0000, 0x0000, 0x0000, 0x0000, 0x0000, 0x0000, 0x0000, 0x0000,
    0x0000, 0x0000, 0x0000, 0x0000, 0x0000, 0x0000, 0x0000, 0x0000, 0x0000, 0x0000, 0x0000, 0x0000,
    0x0000, 0x0000, 0x0000, 0x0000, 0x0000, 0x0000, 0x0000, 0x0000, 0x0000, 0x0000, 0x0000, 0x0000,
    0x0000, 0x0000, 0x0000, 0x0000, 0x0000, 0x0000, 0x0000, 0x0000, 0x0000, 0x0000, 0x0000, 0x0000,
    0x0000, 0x0000, 0x0100, 0x24A4, 0x0FE0, 0x17E0, 0x17E1, 0x17E0, 0x17E0, 0x17E0, 0x17E0, 0x17E0,
    0x17E0, 0x17E0, 0x17E0, 0x17E0, 0x17E0, 0x17E0, 0x17E0, 0x17E0, 0x17E0, 0x17E0, 0x17E0, 0x17E0,
    0x17E0, 0x17E0, 0x17E0, 0x17E0, 0x17E0, 0x17E0, 0x17E0, 0x17E0, 0x17E0, 0x17E0, 0x17E0, 0x17E0,
    0x17E0, 0x17E0, 0x17E0, 0x17E0, 0x17E0, 0x17E0, 0x17E0, 0x17E0, 0x17E0, 0x17E0, 0x17E0, 0x17E0,
    0x17E0, 0x17E0, 0x17E0, 0x17E0, 0x17E0, 0x17E0, 0x17E0, 0x17E0, 0x17E0, 0x17E0, 0x17E0, 0x17E0,
    0x17E0, 0x17E0, 0x17E0, 0x17E0, 0x17E0, 0x17E0, 0x17E0, 0x17E0, 0x17E0, 0x17E0, 0x17E0, 0x17E0,
    0x17E0, 0x17E1, 0x2EC4, 0x0020, 0x0821, 0x0000, 0x0000, 0x0000, 0x0000, 0x0000, 0x0000, 0x0000,
    0x0000, 0x0000, 0x0000, 0x0000, 0x0000, 0x0000, 0x0000, 0x0000, 0x0000, 0x0000, 0x0000, 0x0000,
    0x0000, 0x0000, 0x0000, 0x0000, 0x0000, 0x0000, 0x0000, 0x0000, 0x0000, 0x0000, 0x0000, 0x0000,
    0x0000, 0x0000, 0x0000, 0x0000, 0x0000, 0x0000, 0x0000, 0x0000, 0x0000, 0x0000, 0x0000, 0x0000,
    0x0000, 0x0000, 0x0000, 0x0000, 0x0000, 0x0000, 0x0000, 0x0000, 0x0000, 0x0000, 0x0000, 0x0000,
    0x0000, 0x0000, 0x0000, 0x0000, 0x0000, 0x0000, 0x0000, 0x0000, 0x0000, 0x0000, 0x0000, 0x0000,
    0x0000, 0x0000, 0x0000, 0x0000, 0x0000, 0x0000, 0x0000, 0x0000, 0x0000, 0x0000, 0x0000, 0x0000,
    0x0000, 0x0000, 0x0000, 0x0000, 0x0000, 0x0000, 0x0000, 0x0000, 0x0000, 0x0000, 0x0000, 0x0000,
    0x0000, 0x0000, 0x0000, 0x0000, 0x0000, 0x0000, 0x0000, 0x0000, 0x0000, 0x0000, 0x0000, 0x0000,
    0x0000, 0x0000, 0x0000, 0x0000, 0x0000, 0x0000, 0x0000, 0x0000, 0x0000, 0x0000, 0x0000, 0x0000,
    0x0001, 0x0020, 0x0000, 0x0A22, 0x1FE1, 0x17E0, 0x0FE1, 0x17E1, 0x17E0, 0x17E0, 0x17E0, 0x17E0,
    0x17E0, 0x17E0, 0x17E0, 0x17E0, 0x17E0, 0x17E0, 0x17E0, 0x17E0, 0x17E0, 0x17E0, 0x17E0, 0x17E0,
    0x17E0, 0x17E0, 0x17E0, 0x17E0, 0x17E0, 0x17E0, 0x17E0, 0x17E0, 0x17E0, 0x17E0, 0x17E0, 0x17E0,
    0x17E0, 0x17E0, 0x17E0, 0x17E0, 0x17E0, 0x17E0, 0x17E0, 0x17E0, 0x17E0, 0x17E0, 0x17E0, 0x17E0,
    0x17E0, 0x17E0, 0x17E0, 0x17E0, 0x17E0, 0x17E0, 0x17E0, 0x17E0, 0x17E0, 0x17E0, 0x17E0, 0x17E0,
    0x17E0, 0x17E0, 0x17E0, 0x17E0, 0x17E0, 0x17E0, 0x17E0, 0x17E0, 0x17E0, 0x17E0, 0x17E0, 0x17E0,
    0x17E1, 0x2783, 0x2523, 0x1022, 0x0820, 0x0000, 0x0000, 0x0000, 0x0000, 0x0000, 0x0000, 0x0000,
    0x0000, 0x0000, 0x0000, 0x0000, 0x0000, 0x0000, 0x0000, 0x0000, 0x0000, 0x0000, 0x0000, 0x0000,
    0x0000, 0x0000, 0x0000, 0x0000, 0x0000, 0x0000, 0x0000, 0x0000, 0x0000, 0x0000, 0x0000, 0x0000,
    0x0000, 0x0000, 0x0000, 0x0000, 0x0000, 0x0000, 0x0000, 0x0000, 0x0000, 0x0000, 0x0000, 0x0000,
    0x0000, 0x0000, 0x0000, 0x0000, 0x0000, 0x0000, 0x0000, 0x0000, 0x0000, 0x0000, 0x0000, 0x0000,
    0x0000, 0x0000, 0x0000, 0x0000, 0x0000, 0x0000, 0x0000, 0x0000, 0x0000, 0x0000, 0x0000, 0x0000,
    0x0000, 0x0000, 0x0000, 0x0000, 0x0000, 0x0000, 0x0000, 0x0000, 0x0000, 0x0000, 0x0000, 0x0000,
    0x0000, 0x0000, 0x0000, 0x0000, 0x0000, 0x0000, 0x0000, 0x0000, 0x0000, 0x0000, 0x0000, 0x0000,
    0x0000, 0x0000, 0x0000, 0x0000, 0x0000, 0x0000, 0x0000, 0x0000, 0x0000, 0x0000, 0x0000, 0x0000,
    0x0000, 0x0000, 0x0000, 0x0000, 0x0000, 0x0000, 0x0000, 0x0000, 0x0000, 0x0000, 0x0000, 0x0000,
    0x0020, 0x0020, 0x0801, 0x0000, 0x1D62, 0x2743, 0x0FE0, 0x0FE0, 0x17E0, 0x17E0, 0x17E0, 0x17E0,
    0x17E0, 0x17E0, 0x17E0, 0x17E0, 0x17E0, 0x17E0, 0x17E0, 0x17E0, 0x17E0, 0x17E0, 0x17E0, 0x17E0,
    0x17E0, 0x17E0, 0x17E0, 0x17E0, 0x17E0, 0x17E0, 0x17E0, 0x17E0, 0x17E0, 0x17E0, 0x17E0, 0x17E0,
    0x17E0, 0x17E0, 0x17E0, 0x17E0, 0x17E0, 0x17E0, 0x17E0, 0x17E0, 0x17E0, 0x17E0, 0x17E0, 0x17E0,
    0x17E0, 0x17E0, 0x17E0, 0x17E0, 0x17E0, 0x17E0, 0x17E0, 0x17E0, 0x17E0, 0x17E0, 0x17E0, 0x17E0,
    0x17E0, 0x17E0, 0x17E0, 0x17E0, 0x17E0, 0x17E0, 0x17E0, 0x17E0, 0x17E0, 0x17E0, 0x0FE0, 0x17E1,
    0x1FC2, 0x2403, 0x0100, 0x0001, 0x0020, 0x0000, 0x0000, 0x0000, 0x0000, 0x0000, 0x0000, 0x0000,
    0x0000, 0x0000, 0x0000, 0x0000, 0x0000, 0x0000, 0x0000, 0x0000, 0x0000, 0x0000, 0x0000, 0x0000,
    0x0000, 0x0000, 0x0000, 0x0000, 0x0000, 0x0000, 0x0000, 0x0000, 0x0000, 0x0000, 0x0000, 0x0000,
    0x0000, 0x0000, 0x0000, 0x0000, 0x0000, 0x0000, 0x0000, 0x0000, 0x0000, 0x0000, 0x0000, 0x0000,
    0x0000, 0x0000, 0x0000, 0x0000, 0x0000, 0x0000, 0x0000, 0x0000, 0x0000, 0x0000, 0x0000, 0x0000,
    0x0000, 0x0000, 0x0000, 0x0000, 0x0000, 0x0000, 0x0000, 0x0000, 0x0000, 0x0000, 0x0000, 0x0000,
    0x0000, 0x0000, 0x0000, 0x0000, 0x0000, 0x0000, 0x0000, 0x0000, 0x0000, 0x0000, 0x0000, 0x0000,
    0x0000, 0x0000, 0x0000, 0x0000, 0x0000, 0x0000, 0x0000, 0x0000, 0x0000, 0x0000, 0x0000, 0x0000,
    0x0000, 0x0000, 0x0000, 0x0000, 0x0000, 0x0000, 0x0000, 0x0000, 0x0000, 0x0000, 0x0000, 0x0000,
    0x0000, 0x0000, 0x0000, 0x0000, 0x0000, 0x0000, 0x0000, 0x0000, 0x0000, 0x0000, 0x0000, 0x0000,
    0x0000, 0x0020, 0x0000, 0x0020, 0x0AE2, 0x2D85, 0x0FC0, 0x17E0, 0x17E0, 0x17E0, 0x17E0, 0x17C1,
    0x17E0, 0x17E0, 0x17E0, 0x17E0, 0x17E0, 0x17E0, 0x17E0, 0x17E0, 0x17E0, 0x17E0, 0x17E0, 0x17E0,
    0x17E0, 0x17E0, 0x17E0, 0x17E0, 0x17E0, 0x17E0, 0x17E0, 0x17E0, 0x17E0, 0x17E0, 0x17E0, 0x17E1,
    0x17E0, 0x17E0, 0x17E0, 0x0FE0, 0x17E1, 0x17E1, 0x17E0, 0x17E0, 0x17E0, 0x17E0, 0x17E0, 0x17E0,
    0x17E0, 0x17E0, 0x17E0, 0x17E0, 0x17E0, 0x17E0, 0x17E0, 0x17E0, 0x17E0, 0x17E0, 0x17E0, 0x17E0,
    0x17E0, 0x17E0, 0x17E0, 0x17E0, 0x17E0, 0x17E0, 0x17E1, 0x17E0, 0x0FE0, 0x17E0, 0x17E0, 0x0FE0,
    0x2F24, 0x0960, 0x0020, 0x0020, 0x0020, 0x0000, 0x0000, 0x0000, 0x0000, 0x0000, 0x0000, 0x0000,
    0x0000, 0x0000, 0x0000, 0x0000, 0x0000, 0x0000, 0x0000, 0x0000, 0x0000, 0x0000, 0x0000, 0x0000,
    0x0000, 0x0000, 0x0000, 0x0000, 0x0000, 0x0000, 0x0000, 0x0000, 0x0000, 0x0000, 0x0000, 0x0000,
    0x0000, 0x0000, 0x0000, 0x0000, 0x0000, 0x0000, 0x0000, 0x0000, 0x0000, 0x0000, 0x0000, 0x0000,
    0x0000, 0x0000, 0x0000, 0x0000, 0x0000, 0x0000, 0x0000, 0x0000, 0x0000, 0x0000, 0x0000, 0x0000,
    0x0000, 0x0000, 0x0000, 0x0000, 0x0000, 0x0000, 0x0000, 0x0000, 0x0000, 0x0000, 0x0000, 0x0000,
    0x0000, 0x0000, 0x0000, 0x0000, 0x0000, 0x0000, 0x0000, 0x0000, 0x0000, 0x0000, 0x0000, 0x0000,
    0x0000, 0x0000, 0x0000, 0x0000, 0x0000, 0x0000, 0x0000, 0x0000, 0x0000, 0x0000, 0x0000, 0x0000,
    0x0000, 0x0000, 0x0000, 0x0000, 0x0000, 0x0000, 0x0000, 0x0000, 0x0000, 0x0000, 0x0000, 0x0000,
    0x0000, 0x0000, 0x0000, 0x0000, 0x0000, 0x0000, 0x0000, 0x0000, 0x0000, 0x0000, 0x0000, 0x0000,
    0x0000, 0x0000, 0x0000, 0x0000, 0x0020, 0x0020, 0x1E23, 0x27C2, 0x17C1, 0x1FC2, 0x1FC1, 0x17E0,
    0x17E0, 0x17E0, 0x17E0, 0x17E0, 0x17E0, 0x17E0, 0x17E0, 0x17E0, 0x17E0, 0x17E0, 0x17E0, 0x17E0,
    0x17E0, 0x17E0, 0x17E0, 0x17E0, 0x17E0, 0x17E0, 0x17E0, 0x17E0, 0x17E0, 0x17E0, 0x17E0, 0x17E0,
    0x17E0, 0x17E0, 0x17E0, 0x1FC2, 0x1FC1, 0x17E0, 0x0FE0, 0x17E0, 0x17E0, 0x17E0, 0x17E0, 0x17E0,
    0x17E0, 0x17E0, 0x17E0, 0x17E0, 0x17E0, 0x17E0, 0x17E0, 0x17E0, 0x17E0, 0x17E0, 0x17E0, 0x17E0,
    0x17E0, 0x17E0, 0x17E0, 0x17E0, 0x17E0, 0x17E0, 0x17E0, 0x1FE2, 0x1FC2, 0x1FE1, 0x17A1, 0x2F64,
    0x0220, 0x0020, 0x0000, 0x0000, 0x0000, 0x0000, 0x0000, 0x0000, 0x0000, 0x0000, 0x0000, 0x0000,
    0x0000, 0x0000, 0x0000, 0x0000, 0x0000, 0x0000, 0x0000, 0x0000, 0x0000, 0x0000, 0x0000, 0x0000,
    0x0000, 0x0000, 0x0000, 0x0000, 0x0000, 0x0000, 0x0000, 0x0000, 0x0000, 0x0000, 0x0000, 0x0000,
    0x0000, 0x0000, 0x0000, 0x0000, 0x0000, 0x0000, 0x0000, 0x0000, 0x0000, 0x0000, 0x0000, 0x0000,
    0x0000, 0x0000, 0x0000, 0x0000, 0x0000, 0x0000, 0x0000, 0x0000, 0x0000, 0x0000, 0x0000, 0x0000,
    0x0000, 0x0000, 0x0000, 0x0000, 0x0000, 0x0000, 0x0000, 0x0000, 0x0000, 0x0000, 0x0000, 0x0000,
    0x0000, 0x0000, 0x0000, 0x0000, 0x0000, 0x0000, 0x0000, 0x0000, 0x0000, 0x0000, 0x0000, 0x0000,
    0x0000, 0x0000, 0x0000, 0x0000, 0x0000, 0x0000, 0x0000, 0x0000, 0x0000, 0x0000, 0x0000, 0x0000,
    0x0000, 0x0000, 0x0000, 0x0000, 0x0000, 0x0000, 0x0000, 0x0000, 0x0000, 0x0000, 0x0000, 0x0000,
    0x0000, 0x0000, 0x0000, 0x0000, 0x0000, 0x0000, 0x0000, 0x0000, 0x0000, 0x0000, 0x0000, 0x0000,
    0x0000, 0x0000, 0x0000, 0x0000, 0x0001, 0x0001, 0x1260, 0x2D24, 0x0FE1, 0x0FE0, 0x17E1, 0x17E0,
    0x17E0, 0x17E0, 0x17E0, 0x17E0, 0x17E0, 0x17E0, 0x17E0, 0x17E0, 0x17E0, 0x17E0, 0x17E0, 0x17E0,
    0x17E0, 0x17E0, 0x17E0, 0x17E0, 0x17E0, 0x17E0, 0x17E0, 0x17E0, 0x17E0, 0x17E0, 0x17E0, 0x17E0,
    0x0FE0, 0x0FE0, 0x17E0, 0x0FE0, 0x17E0, 0x17E0, 0x17E1, 0x17E0, 0x17E0, 0x17E0, 0x17E0, 0x17E0,
    0x17E0, 0x17E0, 0x17E0, 0x17E0, 0x17E0, 0x17E0, 0x17E0, 0x17E0, 0x17E0, 0x17E0, 0x17E0, 0x17E0,
    0x17E0, 0x17E0, 0x17E0, 0x17E0, 0x17E0, 0x17E0, 0x17E1, 0x1FE1, 0x0FE0, 0x07E0, 0x36E5, 0x2445,
    0x0021, 0x0020, 0x0000, 0x0000, 0x0000, 0x0000, 0x0000, 0x0000, 0x0000, 0x0000, 0x0000, 0x0000,
    0x0000, 0x0000, 0x0000, 0x0000, 0x0000, 0x0000, 0x0000, 0x0000, 0x0000, 0x0000, 0x0000, 0x0000,
    0x0000, 0x0000, 0x0000, 0x0000, 0x0000, 0x0000, 0x0000, 0x0000, 0x0000, 0x0000, 0x0000, 0x0000,
    0x0000, 0x0000, 0x0000, 0x0000, 0x0000, 0x0000, 0x0000, 0x0000, 0x0000, 0x0000, 0x0000, 0x0000,
    0x0000, 0x0000, 0x0000, 0x0000, 0x0000, 0x0000, 0x0000, 0x0000, 0x0000, 0x0000, 0x0000, 0x0000,
    0x0000, 0x0000, 0x0000, 0x0000, 0x0000, 0x0000, 0x0000, 0x0000, 0x0000, 0x0000, 0x0000, 0x0000,
    0x0000, 0x0000, 0x0000, 0x0000, 0x0000, 0x0000, 0x0000, 0x0000, 0x0000, 0x0000, 0x0000, 0x0000,
    0x0000, 0x0000, 0x0000, 0x0000, 0x0000, 0x0000, 0x0000, 0x0000, 0x0000, 0x0000, 0x0000, 0x0000,
    0x0000, 0x0000, 0x0000, 0x0000, 0x0000, 0x0000, 0x0000, 0x0000, 0x0000, 0x0000, 0x0000, 0x0000,
    0x0000, 0x0000, 0x0000, 0x0000, 0x0000, 0x0000, 0x0000, 0x0000, 0x0000, 0x0000, 0x0000, 0x0000,
    0x0000, 0x0000, 0x0000, 0x0000, 0x0040, 0x0000, 0x0021, 0x0040, 0x1BA2, 0x2F63, 0x17E0, 0x17C2,
    0x17E0, 0x17E0, 0x17E0, 0x17E0, 0x17E0, 0x17E0, 0x17E0, 0x17E0, 0x17E0, 0x17E0, 0x17E0, 0x17E0,
    0x17E0, 0x17E0, 0x17E0, 0x17E0, 0x17E0, 0x17E0, 0x17E0, 0x17E0, 0x17E0, 0x17E0, 0x17E0, 0x1FE0,
    0x17E1, 0x1FE2, 0x1F21, 0x1D83, 0x2703, 0x17E0, 0x0FE0, 0x17E0, 0x17E0, 0x17E0, 0x17E0, 0x17E0,
    0x17E0, 0x17E0, 0x17E0, 0x17E0, 0x17E0, 0x17E0, 0x17E0, 0x17E0, 0x17E0, 0x17E0, 0x17E0, 0x17E0,
    0x17E0, 0x17E0, 0x17E0, 0x17E0, 0x17E0, 0x17E0, 0x17C0, 0x17E0, 0x2664, 0x1D03, 0x08A0, 0x0820,
    0x0040, 0x0000, 0x0000, 0x0000, 0x0000, 0x0000, 0x0000, 0x0000, 0x0000, 0x0000, 0x0000, 0x0000,
    0x0000, 0x0000, 0x0000, 0x0000, 0x0000, 0x0000, 0x0000, 0x0000, 0x0000, 0x0000, 0x0000, 0x0000,
    0x0000, 0x0000, 0x0000, 0x0000, 0x0000, 0x0000, 0x0000, 0x0000, 0x0000, 0x0000, 0x0000, 0x0000,
    0x0000, 0x0000, 0x0000, 0x0000, 0x0000, 0x0000, 0x0000, 0x0000, 0x0000, 0x0000, 0x0000, 0x0000,
    0x0000, 0x0000, 0x0000, 0x0000, 0x0000, 0x0000, 0x0000, 0x0000, 0x0000, 0x0000, 0x0000, 0x0000,
    0x0000, 0x0000, 0x0000, 0x0000, 0x0000, 0x0000, 0x0000, 0x0000, 0x0000, 0x0000, 0x0000, 0x0000,
    0x0000, 0x0000, 0x0000, 0x0000, 0x0000, 0x0000, 0x0000, 0x0000, 0x0000, 0x0000, 0x0000, 0x0000,
    0x0000, 0x0000, 0x0000, 0x0000, 0x0000, 0x0000, 0x0000, 0x0000, 0x0000, 0x0000, 0x0000, 0x0000,
    0x0000, 0x0000, 0x0000, 0x0000, 0x0000, 0x0000, 0x0000, 0x0000, 0x0000, 0x0000, 0x0000, 0x0000,
    0x0000, 0x0000, 0x0000, 0x0000, 0x0000, 0x0000, 0x0000, 0x0000, 0x0000, 0x0000, 0x0000, 0x0000,
    0x0000, 0x0000, 0x0000, 0x0000, 0x0000, 0x0000, 0x0000, 0x0000, 0x0080, 0x2C05, 0x4647, 0x0FE1,
    0x1FA3, 0x0FE0, 0x0FE0, 0x17A0, 0x0FE0, 0x17E0, 0x17E0, 0x1FE0, 0x1FE1, 0x1FE0, 0x1FE0, 0x1FC1,
    0x17C0, 0x17C1, 0x17C0, 0x17C0, 0x17E1, 0x17E1, 0x1FE0, 0x27C1, 0x17C1, 0x0FC0, 0x0FE1, 0x2764,
    0x1FE0, 0x2FE2, 0x0B60, 0x0160, 0x2C03, 0x2FE3, 0x07E0, 0x17E0, 0x17E0, 0x17E0, 0x0FE0, 0x0FE0,
    0x0FE0, 0x0FE0, 0x0FE0, 0x17C1, 0x17C1, 0x1FC2, 0x1FC1, 0x17E1, 0x17E1, 0x17E1, 0x1FE1, 0x17E1,
    0x0FC0, 0x0FE1, 0x17E0, 0x0FE0, 0x27E2, 0x27A2, 0x27E2, 0x3F06, 0x12C1, 0x0140, 0x0000, 0x0000,
    0x0000, 0x0000, 0x0000, 0x0000, 0x0000, 0x0000, 0x0000, 0x0000, 0x0000, 0x0000, 0x0000, 0x0000,
    0x0000, 0x0000, 0x0000, 0x0000, 0x0000, 0x0000, 0x0000, 0x0000, 0x0000, 0x0000, 0x0000, 0x0000,
    0x0000, 0x0000, 0x0000, 0x0000, 0x0000, 0x0000, 0x0000, 0x0000, 0x0000, 0x0000, 0x0000, 0x0000,
    0x0000, 0x0000, 0x0000, 0x0000, 0x0000, 0x0000, 0x0000, 0x0000, 0x0000, 0x0000, 0x0000, 0x0000,
    0x0000, 0x0000, 0x0000, 0x0000, 0x0000, 0x0000, 0x0000, 0x0000, 0x0000, 0x0000, 0x0000, 0x0000,
    0x0000, 0x0000, 0x0000, 0x0000, 0x0000, 0x0000, 0x0000, 0x0000, 0x0000, 0x0000, 0x0000, 0x0000,
    0x0000, 0x0000, 0x0000, 0x0000, 0x0000, 0x0000, 0x0000, 0x0000, 0x0000, 0x0000, 0x0000, 0x0000,
    0x0000, 0x0000, 0x0000, 0x0000, 0x0000, 0x0000, 0x0000, 0x0000, 0x0000, 0x0000, 0x0000, 0x0000,
    0x0000, 0x0000, 0x0000, 0x0000, 0x0000, 0x0000, 0x0000, 0x0000, 0x0000, 0x0000, 0x0000, 0x0000,
    0x0000, 0x0000, 0x0000, 0x0000, 0x0000, 0x0000, 0x0000, 0x0000, 0x0000, 0x0000, 0x0000, 0x0000,
    0x0000, 0x0000, 0x0000, 0x0000, 0x0000, 0x0000, 0x0000, 0x0000, 0x0800, 0x0801, 0x0020, 0x1282,
    0x1481, 0x2EA4, 0x2FA3, 0x1FC1, 0x0FE0, 0x17E0, 0x17C0, 0x1FC2, 0x1FE2, 0x1FE1, 0x1FE1, 0x1FE1,
    0x1FE1, 0x1FE1, 0x17C1, 0x17C0, 0x17E0, 0x17E0, 0x0FE0, 0x0FE0, 0x27E2, 0x3784, 0x2E22, 0x1D21,
    0x01A0, 0x0822, 0x0041, 0x0801, 0x0000, 0x09E0, 0x1AE2, 0x2523, 0x2DE4, 0x2EE3, 0x2F23, 0x1FC1,
    0x1FC1, 0x17C1, 0x17C1, 0x17C1, 0x17C1, 0x17C0, 0x17C0, 0x1FC1, 0x1FC1, 0x1FC1, 0x1FC0, 0x17C0,
    0x17E0, 0x17E0, 0x1FC1, 0x2762, 0x2DA3, 0x1480, 0x0960, 0x0040, 0x1002, 0x0801, 0x0000, 0x0000,
    0x0000, 0x0000, 0x0000, 0x0000, 0x0000, 0x0000, 0x0000, 0x0000, 0x0000, 0x0000, 0x0000, 0x0000,
    0x0000, 0x0000, 0x0000, 0x0000, 0x0000, 0x0000, 0x0000, 0x0000, 0x0000, 0x0000, 0x0000, 0x0000,
    0x0000, 0x0000, 0x0000, 0x0000, 0x0000, 0x0000, 0x0000, 0x0000, 0x0000, 0x0000, 0x0000, 0x0000,
    0x0000, 0x0000, 0x0000, 0x0000, 0x0000, 0x0000, 0x0000, 0x0000, 0x0000, 0x0000, 0x0000, 0x0000,
    0x0000, 0x0000, 0x0000, 0x0000, 0x0000, 0x0000, 0x0000, 0x0000, 0x0000, 0x0000, 0x0000, 0x0000,
    0x0000, 0x0000, 0x0000, 0x0000, 0x0000, 0x0000, 0x0000, 0x0000, 0x0000, 0x0000, 0x0000, 0x0000,
    0x0000, 0x0000, 0x0000, 0x0000, 0x0000, 0x0000, 0x0000, 0x0000, 0x0000, 0x0000, 0x0000, 0x0000,
    0x0000, 0x0000, 0x0000, 0x0000, 0x0000, 0x0000, 0x0000, 0x0000, 0x0000, 0x0000, 0x0000, 0x0000,
    0x0000, 0x0000, 0x0000, 0x0000, 0x0000, 0x0000, 0x0000, 0x0000, 0x0000, 0x0000, 0x0000, 0x0000,
    0x0000, 0x0000, 0x0000, 0x0000, 0x0000, 0x0000, 0x0000, 0x0000, 0x0000, 0x0000, 0x0000, 0x0000,
    0x0000, 0x0000, 0x0000, 0x0000, 0x0000, 0x0000, 0x0000, 0x0000, 0x0000, 0x0821, 0x0801, 0x0000,
    0x0801, 0x1241, 0x13E1, 0x36A5, 0x27A4, 0x27E3, 0x1FE1, 0x17C0, 0x17C1, 0x17E0, 0x0FE0, 0x0FE0,
    0x17E0, 0x17E0, 0x0FC0, 0x0FC0, 0x07E0, 0x17E0, 0x37C3, 0x3F83, 0x3DE4, 0x3485, 0x0120, 0x0842,
    0x0802, 0x0001, 0x0040, 0x0020, 0x0001, 0x0001, 0x0001, 0x0060, 0x00E0, 0x0280, 0x1342, 0x3665,
    0x3724, 0x17C0, 0x17C0, 0x1FC1, 0x17E0, 0x0FE0, 0x0FE0, 0x0FE0, 0x17E1, 0x17E1, 0x1FE0, 0x1FE1,
    0x27C4, 0x2764, 0x25C3, 0x13E1, 0x08E1, 0x0821, 0x0800, 0x1021, 0x0020, 0x0000, 0x0000, 0x0000,
    0x0000, 0x0000, 0x0000, 0x0000, 0x0000, 0x0000, 0x0000, 0x0000, 0x0000, 0x0000, 0x0000, 0x0000,
    0x0000, 0x0000, 0x0000, 0x0000, 0x0000, 0x0000, 0x0000, 0x0000, 0x0000, 0x0000, 0x0000, 0x0000,
    0x0000, 0x0000, 0x0000, 0x0000, 0x0000, 0x0000, 0x0000, 0x0000, 0x0000, 0x0000, 0x0000, 0x0000,
    0x0000, 0x0000, 0x0000, 0x0000, 0x0000, 0x0000, 0x0000, 0x0000, 0x0000, 0x0000, 0x0000, 0x0000,
    0x0000, 0x0000, 0x0000, 0x0000, 0x0000, 0x0000, 0x0000, 0x0000, 0x0000, 0x0000, 0x0000, 0x0000,
    0x0000, 0x0000, 0x0000, 0x0000, 0x0000, 0x0000, 0x0000, 0x0000, 0x0000, 0x0000, 0x0000, 0x0000,
    0x0000, 0x0000, 0x0000, 0x0000, 0x0000, 0x0000, 0x0000, 0x0000, 0x0000, 0x0000, 0x0000, 0x0000,
    0x0000, 0x0000, 0x0000, 0x0000, 0x0000, 0x0000, 0x0000, 0x0000, 0x0000, 0x0000, 0x0000, 0x0000,
    0x0000, 0x0000, 0x0000, 0x0000, 0x0000, 0x0000, 0x0000, 0x0000, 0x0000, 0x0000, 0x0000, 0x0000,
    0x0000, 0x0000, 0x0000, 0x0000, 0x0000, 0x0000, 0x0000, 0x0000, 0x0000, 0x0000, 0x0000, 0x0000,
    0x0000, 0x0000, 0x0000, 0x0000, 0x0000, 0x0000, 0x0000, 0x0000, 0x0800, 0x0000, 0x0000, 0x0020,
    0x0020, 0x0000, 0x0000, 0x0020, 0x0002, 0x00E1, 0x0181, 0x1282, 0x0B22, 0x23E3, 0x2404, 0x2404,
    0x2C24, 0x2424, 0x2403, 0x23A3, 0x12A2, 0x1222, 0x00A1, 0x0022, 0x0801, 0x0800, 0x0021, 0x0040,
    0x0001, 0x0001, 0x0040, 0x0000, 0x0000, 0x0020, 0x0020, 0x0020, 0x0000, 0x0000, 0x0801, 0x0801,
    0x0000, 0x0020, 0x08E1, 0x0A21, 0x0A61, 0x1301, 0x1341, 0x1B62, 0x1301, 0x0AC1, 0x0A21, 0x09C1,
    0x0061, 0x0001, 0x0000, 0x0801, 0x0001, 0x0000, 0x0000, 0x0000, 0x0000, 0x0801, 0x0000, 0x0000,
    0x0000, 0x0000, 0x0000, 0x0000, 0x0000, 0x0000, 0x0000, 0x0000, 0x0000, 0x0000, 0x0000, 0x0000,
    0x0000, 0x0000, 0x0000, 0x0000, 0x0000, 0x0000, 0x0000, 0x0000, 0x0000, 0x0000, 0x0000, 0x0000,
    0x0000, 0x0000, 0x0000, 0x0000, 0x0000, 0x0000, 0x0000, 0x0000, 0x0000, 0x0000, 0x0000, 0x0000,
    0x0000, 0x0000, 0x0000, 0x0000, 0x0000, 0x0000, 0x0000, 0x0000, 0x0000, 0x0000, 0x0000, 0x0000,
    0x0000, 0x0000, 0x0000, 0x0000, 0x0000, 0x0000, 0x0000, 0x0000, 0x0000, 0x0000, 0x0000, 0x0000,
    0x0000, 0x0000, 0x0000, 0x0000, 0x0000, 0x0000, 0x0000, 0x0000, 0x0000, 0x0000, 0x0000, 0x0000,
    0x0000, 0x0000, 0x0000, 0x0000, 0x0000, 0x0000, 0x0000, 0x0000, 0x0000, 0x0000, 0x0000, 0x0000,
    0x0000, 0x0000, 0x0000, 0x0000, 0x0000, 0x0000, 0x0000, 0x0000, 0x0000, 0x0000, 0x0000, 0x0000,
    0x0000, 0x0000, 0x0000, 0x0000, 0x0000, 0x0000, 0x0000, 0x0000, 0x0000, 0x0000, 0x0000, 0x0000,
    0x0000, 0x0000, 0x0000, 0x0000, 0x0000, 0x0000, 0x0000, 0x0000, 0x0000, 0x0000, 0x0000, 0x0000,
    0x0000, 0x0000, 0x0000, 0x0000, 0x0000, 0x0000, 0x0000, 0x0000, 0x0000, 0x0000, 0x0000, 0x0000,
    0x0000, 0x0000, 0x0000, 0x0000, 0x0000, 0x0000, 0x0000, 0x0000, 0x0000, 0x0000, 0x0000, 0x0000,
    0x0000, 0x0000, 0x0001, 0x0000, 0x0000, 0x0000, 0x0000, 0x0000, 0x0000, 0x0000, 0x0000, 0x0000,
    0x0000, 0x0000, 0x0000, 0x0000, 0x0000, 0x0000, 0x0000, 0x0000, 0x0000, 0x0000, 0x0000, 0x0000,
    0x0000, 0x0000, 0x0000, 0x0000, 0x0000, 0x0020, 0x0020, 0x0020, 0x0021, 0x0001, 0x0800, 0x0000,
    0x0000, 0x0000, 0x0000, 0x0000, 0x0000, 0x0000, 0x0000, 0x0000, 0x0000, 0x0000, 0x0000, 0x0000,
    0x0000, 0x0000, 0x0000, 0x0000, 0x0000, 0x0000, 0x0000, 0x0000, 0x0000, 0x0000, 0x0000, 0x0000,
    0x0000, 0x0000, 0x0000, 0x0000, 0x0000, 0x0000, 0x0000, 0x0000, 0x0000, 0x0000, 0x0000, 0x0000,
    0x0000, 0x0000, 0x0000, 0x0000, 0x0000, 0x0000, 0x0000, 0x0000, 0x0000, 0x0000, 0x0000, 0x0000,
    0x0000, 0x0000, 0x0000, 0x0000, 0x0000, 0x0000, 0x0000, 0x0000, 0x0000, 0x0000, 0x0000, 0x0000,
    0x0000, 0x0000, 0x0000, 0x0000, 0x0000, 0x0000, 0x0000, 0x0000, 0x0000, 0x0000, 0x0000, 0x0000,
    0x0000, 0x0000, 0x0000, 0x0000, 0x0000, 0x0000, 0x0000, 0x0000, 0x0000, 0x0000, 0x0000, 0x0000,
    0x0000, 0x0000, 0x0000, 0x0000, 0x0000, 0x0000, 0x0000, 0x0000, 0x0000, 0x0000, 0x0000, 0x0000,
    0x0000, 0x0000, 0x0000, 0x0000, 0x0000, 0x0000, 0x0000, 0x0000, 0x0000, 0x0000, 0x0000, 0x0000,
    0x0000, 0x0000, 0x0000, 0x0000, 0x0000, 0x0000, 0x0000, 0x0000, 0x0000, 0x0000, 0x0000, 0x0000,
    0x0000, 0x0000, 0x0000, 0x0000, 0x0000, 0x0000, 0x0000, 0x0000, 0x0000, 0x0000, 0x0000, 0x0000,
    0x0000, 0x0000, 0x0000, 0x0000, 0x0000, 0x0000, 0x0000, 0x0000, 0x0000, 0x0000, 0x0000, 0x0000,
    0x0000, 0x0000, 0x0000, 0x0000, 0x0000, 0x0000, 0x0000, 0x0000, 0x0000, 0x0000, 0x0000, 0x0000,
    0x0001, 0x0001, 0x0001, 0x0001, 0x0000, 0x0000, 0x0000, 0x0000, 0x0000, 0x0000, 0x0000, 0x0000,
    0x0000, 0x0000, 0x0000, 0x0000, 0x0000, 0x0000, 0x0000, 0x0000, 0x0000, 0x0000, 0x0000, 0x0000,
    0x0000, 0x0000, 0x0000, 0x0000, 0x0000, 0x0000, 0x0000, 0x0801, 0x0800, 0x0000, 0x0000, 0x0000,
    0x0000, 0x0000, 0x0000, 0x0000, 0x0000, 0x0000, 0x0000, 0x0000, 0x0000, 0x0000, 0x0000, 0x0000,
    0x0000, 0x0000, 0x0000, 0x0000, 0x0000, 0x0000, 0x0000, 0x0000, 0x0000, 0x0000, 0x0000, 0x0000,
    0x0000, 0x0000, 0x0000, 0x0000, 0x0000, 0x0000, 0x0000, 0x0000, 0x0000, 0x0000, 0x0000, 0x0000,
    0x0000, 0x0000, 0x0000, 0x0000, 0x0000, 0x0000, 0x0000, 0x0000, 0x0000, 0x0000, 0x0000, 0x0000,
    0x0000, 0x0000, 0x0000, 0x0000, 0x0000, 0x0000, 0x0000, 0x0000, 0x0000, 0x0000, 0x0000, 0x0000,
    0x0000, 0x0000, 0x0000, 0x0000, 0x0000, 0x0000, 0x0000, 0x0000, 0x0000, 0x0000, 0x0000, 0x0000,
    0x0000, 0x0000, 0x0000, 0x0000, 0x0000, 0x0000, 0x0000, 0x0000, 0x0000, 0x0000, 0x0000, 0x0000,
    0x0000, 0x0000, 0x0000, 0x0000, 0x0000, 0x0000, 0x0000, 0x0000, 0x0000, 0x0000, 0x0000, 0x0000,
    0x0000, 0x0000, 0x0000, 0x0000, 0x0000, 0x0000, 0x0000, 0x0000, 0x0000, 0x0000, 0x0000, 0x0000,
    0x0000, 0x0000, 0x0000, 0x0000, 0x0000, 0x0000, 0x0000, 0x0000, 0x0000, 0x0000, 0x0000, 0x0000,
    0x0000, 0x0000, 0x0000, 0x0000, 0x0000, 0x0000, 0x0000, 0x0000, 0x0000, 0x0000, 0x0000, 0x0000,
    0x0000, 0x0000, 0x0000, 0x0000, 0x0000, 0x0000, 0x0000, 0x0000, 0x0000, 0x0000, 0x0000, 0x0000,
    0x0000, 0x0000, 0x0000, 0x0000, 0x0000, 0x0000, 0x0000, 0x0000, 0x0000, 0x0000, 0x0000, 0x0000,
    0x0000, 0x0000, 0x0000, 0x0000, 0x0000, 0x0000, 0x0000, 0x0000, 0x0000, 0x0000, 0x0000, 0x0000,
    0x0000, 0x0000, 0x0000, 0x0000, 0x0000, 0x0000, 0x0000, 0x0000, 0x0000, 0x0000, 0x0000, 0x0000,
    0x0000, 0x0000, 0x0000, 0x0000, 0x0000, 0x0000, 0x0000, 0x0000, 0x0000, 0x0000, 0x0000, 0x0000,
    0x0000, 0x0000, 0x0000, 0x0000, 0x0000, 0x0000, 0x0000, 0x0000, 0x0000, 0x0000, 0x0000, 0x0000,
    0x0000, 0x0000, 0x0000, 0x0000, 0x0000, 0x0000, 0x0000, 0x0000, 0x0000, 0x0000, 0x0000, 0x0000,
    0x0000, 0x0000, 0x0000, 0x0000, 0x0000, 0x0000, 0x0000, 0x0000, 0x0000, 0x0000, 0x0000, 0x0000,
    0x0000, 0x0000, 0x0000, 0x0000, 0x0000, 0x0000, 0x0000, 0x0000, 0x0000, 0x0000, 0x0000, 0x0000,
    0x0000, 0x0000, 0x0000, 0x0000, 0x0000, 0x0000, 0x0000, 0x0000, 0x0000, 0x0000, 0x0000, 0x0000,
    0x0000, 0x0000, 0x0000, 0x0000, 0x0000, 0x0000, 0x0000, 0x0000, 0x0000, 0x0000, 0x0000, 0x0000,
    0x0000, 0x0000, 0x0000, 0x0000, 0x0000, 0x0000, 0x0000, 0x0000, 0x0000, 0x0000, 0x0000, 0x0000,
    0x0000, 0x0000, 0x0000, 0x0000, 0x0000, 0x0000, 0x0000, 0x0000, 0x0000, 0x0000, 0x0000, 0x0000,
    0x0000, 0x0000, 0x0000, 0x0000, 0x0000, 0x0000, 0x0000, 0x0000, 0x0000, 0x0000, 0x0000, 0x0000,
    0x0000, 0x0000, 0x0000, 0x0000, 0x0000, 0x0000, 0x0000, 0x0000, 0x0000, 0x0000, 0x0000, 0x0000,
    0x0000, 0x0000, 0x0000, 0x0000, 0x0000, 0x0000, 0x0000, 0x0000, 0x0000, 0x0000, 0x0000, 0x0000,
    0x0000, 0x0000, 0x0000, 0x0000, 0x0000, 0x0000, 0x0000, 0x0000, 0x0000, 0x0000, 0x0000, 0x0000,
    0x0000, 0x0000, 0x0000, 0x0000, 0x0000, 0x0000, 0x0000, 0x0000, 0x0000, 0x0000, 0x0000, 0x0000,
    0x0000, 0x0000, 0x0000, 0x0000, 0x0000, 0x0000, 0x0000, 0x0000, 0x0000, 0x0000, 0x0000, 0x0000,
    0x0000, 0x0000, 0x0000, 0x0000, 0x0000, 0x0000, 0x0000, 0x0000, 0x0000, 0x0000, 0x0000, 0x0000,
    0x0000, 0x0000, 0x0000, 0x0000, 0x0000, 0x0000, 0x0000, 0x0000, 0x0000, 0x0000, 0x0000, 0x0000,
    0x0000, 0x0000, 0x0000, 0x0000, 0x0000, 0x0000, 0x0000, 0x0000, 0x0000, 0x0000, 0x0000, 0x0000,
    0x0000, 0x0000, 0x0000, 0x0000, 0x0000, 0x0000, 0x0000, 0x0000, 0x0000, 0x0000, 0x0000, 0x0000,
    0x0000, 0x0000, 0x0000, 0x0000, 0x0000, 0x0000, 0x0000, 0x0000, 0x0000, 0x0000, 0x0000, 0x0000,
    0x0000, 0x0000, 0x0000, 0x0000, 0x0000, 0x0000, 0x0000, 0x0000, 0x0000, 0x0000, 0x0000, 0x0000,
    0x0000, 0x0000, 0x0000, 0x0000, 0x0000, 0x0000, 0x0000, 0x0000, 0x0000, 0x0000, 0x0000, 0x0000,
    0x0000, 0x0000, 0x0000, 0x0000, 0x0000, 0x0000, 0x0000, 0x0000, 0x0000, 0x0000, 0x0000, 0x0000,
    0x0000, 0x0000, 0x0000, 0x0000, 0x0000, 0x0000, 0x0000, 0x0000, 0x0000, 0x0000, 0x0000, 0x0000,
    0x0000, 0x0000, 0x0000, 0x0000, 0x0000, 0x0000, 0x0000, 0x0000, 0x0000, 0x0000, 0x0000, 0x0000,
    0x0000, 0x0000, 0x0000, 0x0000, 0x0000, 0x0000, 0x0000, 0x0000, 0x0000, 0x0000, 0x0000, 0x0000,
    0x0000, 0x0000, 0x0000, 0x0000, 0x0000, 0x0000, 0x0000, 0x0000, 0x0000, 0x0000, 0x0000, 0x0000,
    0x0000, 0x0000, 0x0000, 0x0000, 0x0000, 0x0000, 0x0000, 0x0000, 0x0000, 0x0000, 0x0000, 0x0000,
    0x0000, 0x0000, 0x0000, 0x0000, 0x0000, 0x0000, 0x0000, 0x0000, 0x0000, 0x0000, 0x0000, 0x0000,
    0x0000, 0x0000, 0x0000, 0x0000, 0x0000, 0x0000, 0x0000, 0x0000, 0x0000, 0x0000, 0x0000, 0x0000,
    0x0000, 0x0000, 0x0000, 0x0000, 0x0000, 0x0000, 0x0000, 0x0000, 0x0000, 0x0000, 0x0000, 0x0000,
    0x0000, 0x0000, 0x0000, 0x0000, 0x0000, 0x0000, 0x0000, 0x0000, 0x0000, 0x0000, 0x0000, 0x0000,
    0x0000, 0x0000, 0x0000, 0x0000, 0x0000, 0x0000, 0x0000, 0x0000, 0x0000, 0x0000, 0x0000, 0x0000,
    0x0000, 0x0000, 0x0000, 0x0000, 0x0000, 0x0000, 0x0000, 0x0000, 0x0000, 0x0000, 0x0000, 0x0000,
    0x0000, 0x0000, 0x0000, 0x0000, 0x0000, 0x0000, 0x0000, 0x0000, 0x0000, 0x0000, 0x0000, 0x0000,
    0x0000, 0x0000, 0x0000, 0x0000, 0x0000, 0x0000, 0x0000, 0x0000, 0x0000, 0x0000, 0x0000, 0x0000,
    0x0000, 0x0000, 0x0000, 0x0000, 0x0000, 0x0000, 0x0000, 0x0000, 0x0000, 0x0000, 0x0000, 0x0000,
    0x0000, 0x0000, 0x0000, 0x0000, 0x0000, 0x0000, 0x0000, 0x0000, 0x0000, 0x0000, 0x0000, 0x0000,
    0x0000, 0x0000, 0x0000, 0x0000, 0x0000, 0x0000, 0x0000, 0x0000, 0x0000, 0x0000, 0x0000, 0x0000,
    0x0000, 0x0000, 0x0000, 0x0000, 0x0000, 0x0000, 0x0000, 0x0000, 0x0000, 0x0000, 0x0000, 0x0000,
    0x0000, 0x0000, 0x0000, 0x0000, 0x0000, 0x0000, 0x0000, 0x0000, 0x0000, 0x0000, 0x0000, 0x0000,
    0x0000, 0x0000, 0x0000, 0x0000, 0x0000, 0x0000, 0x0000, 0x0000, 0x0000, 0x0000, 0x0000, 0x0000,
    0x0000, 0x0000, 0x0000, 0x0000, 0x0000, 0x0000, 0x0000, 0x0000, 0x0000, 0x0000, 0x0000, 0x0000,
    0x0000, 0x0000, 0x0000, 0x0000, 0x0000, 0x0000, 0x0000, 0x0000, 0x0000, 0x0000, 0x0000, 0x0000,
    0x0000, 0x0000, 0x0000, 0x0000, 0x0000, 0x0000, 0x0000, 0x0000, 0x0000, 0x0000, 0x0000, 0x0000,
    0x0000, 0x0000, 0x0000, 0x0000, 0x0000, 0x0000, 0x0000, 0x0000, 0x0000, 0x0000, 0x0000, 0x0000,
    0x0000, 0x0000, 0x0000, 0x0000, 0x0000, 0x0000, 0x0000, 0x0000, 0x0000, 0x0000, 0x0000, 0x0000,
    0x0000, 0x0000, 0x0000, 0x0000, 0x0000, 0x0000, 0x0000, 0x0000, 0x0000, 0x0000, 0x0000, 0x0000,
    0x0000, 0x0000, 0x0000, 0x0000, 0x0000, 0x0000, 0x0000, 0x0000, 0x0000, 0x0000, 0x0000, 0x0000,
    0x0000, 0x0000, 0x0000, 0x0000, 0x0000, 0x0000, 0x0000, 0x0000, 0x0000, 0x0000, 0x0000, 0x0000,
    0x0000, 0x0000, 0x0000, 0x0000, 0x0000, 0x0000, 0x0000, 0x0000, 0x0000, 0x0000, 0x0000, 0x0000,
    0x0000, 0x0000, 0x0000, 0x0000, 0x0000, 0x0000, 0x0000, 0x0000, 0x0000, 0x0000, 0x0000, 0x0000,
    0x0000, 0x0000, 0x0000, 0x0000, 0x0000, 0x0000, 0x0000, 0x0000, 0x0000, 0x0000, 0x0000, 0x0000,
    0x0000, 0x0000, 0x0000, 0x0000, 0x0000, 0x0000, 0x0000, 0x0000, 0x0000, 0x0000, 0x0000, 0x0000,
    0x0000, 0x0000, 0x0000, 0x0000, 0x0000, 0x0000, 0x0000, 0x0000, 0x0000, 0x0000, 0x0000, 0x0000,
    0x0000, 0x0000, 0x0000, 0x0000, 0x0000, 0x0000, 0x0000, 0x0000, 0x0000, 0x0000, 0x0000, 0x0000,
    0x0000, 0x0000, 0x0000, 0x0000, 0x0000, 0x0000, 0x0000, 0x0000, 0x0000, 0x0000, 0x0000, 0x0000,
    0x0000, 0x0000, 0x0000, 0x0000, 0x0000, 0x0000, 0x0000, 0x0000, 0x0000, 0x0000, 0x0000, 0x0000,
    0x0000, 0x0000, 0x0000, 0x0000, 0x0000, 0x0000, 0x0000, 0x0000, 0x0000, 0x0000, 0x0000, 0x0000,
    0x0000, 0x0000, 0x0000, 0x0000, 0x0000, 0x0000, 0x0000, 0x0000, 0x0000, 0x0000, 0x0000, 0x0000,
    0x0000, 0x0000, 0x0000, 0x0000, 0x0000, 0x0000, 0x0000, 0x0000, 0x0000, 0x0000, 0x0000, 0x0000,
    0x0000, 0x0000, 0x0000, 0x0000, 0x0000, 0x0000, 0x0000, 0x0000, 0x0000, 0x0000, 0x0000, 0x0000,
    0x0000, 0x0000, 0x0000, 0x0000, 0x0000, 0x0000, 0x0000, 0x0000, 0x0000, 0x0000, 0x0000, 0x0000,
    0x0000, 0x0000, 0x0000, 0x0000, 0x0000, 0x0000, 0x0000, 0x0000, 0x0000, 0x0000, 0x0000, 0x0000,
    0x0000, 0x0000, 0x0000, 0x0000, 0x0000, 0x0000, 0x0000, 0x0000, 0x0000, 0x0000, 0x0000, 0x0000,
    0x0000, 0x0000, 0x0000, 0x0000, 0x0000, 0x0000, 0x0000, 0x0000, 0x0000, 0x0000, 0x0000, 0x0000,
    0x0000, 0x0000, 0x0000, 0x0000, 0x0000, 0x0000, 0x0000, 0x0000, 0x0000, 0x0000, 0x0000, 0x0000,
    0x0000, 0x0000, 0x0000, 0x0000, 0x0000, 0x0000, 0x0000, 0x0000, 0x0000, 0x0000, 0x0000, 0x0000,
    0x0000, 0x0000, 0x0000, 0x0000, 0x0000, 0x0000, 0x0000, 0x0000, 0x0000, 0x0000, 0x0000, 0x0000,
    0x0000, 0x0000, 0x0000, 0x0000, 0x0000, 0x0000, 0x0000, 0x0000, 0x0000, 0x0000, 0x0000, 0x0000,
    0x0000, 0x0000, 0x0000, 0x0000, 0x0000, 0x0000, 0x0000, 0x0000, 0x0000, 0x0000, 0x0000, 0x0000,
    0x0000, 0x0000, 0x0000, 0x0000, 0x0000, 0x0000, 0x0000, 0x0000, 0x0000, 0x0000, 0x0000, 0x0000,
    0x0000, 0x0000, 0x0000, 0x0000, 0x0000, 0x0000, 0x0000, 0x0000, 0x0000, 0x0000, 0x0000, 0x0000,
    0x0000, 0x0000, 0x0000, 0x0000, 0x0000, 0x0000, 0x0000, 0x0000, 0x0000, 0x0000, 0x0000, 0x0000,
    0x0000, 0x0000, 0x0000, 0x0000, 0x0000, 0x0000, 0x0000, 0x0000, 0x0000, 0x0000, 0x0000, 0x0000,
    0x0000, 0x0000, 0x0000, 0x0000, 0x0000, 0x0000, 0x0000, 0x0000, 0x0000, 0x0000, 0x0000, 0x0000,
    0x0000, 0x0000, 0x0000, 0x0000, 0x0000, 0x0000, 0x0000, 0x0000, 0x0000, 0x0000, 0x0000, 0x0000,
    0x0000, 0x0000, 0x0000, 0x0000, 0x0000, 0x0000, 0x0000, 0x0000, 0x0000, 0x0000, 0x0000, 0x0000,
    0x0000, 0x0000, 0x0000, 0x0000, 0x0000, 0x0000, 0x0000, 0x0000, 0x0000, 0x0000, 0x0000, 0x0000,
    0x0000, 0x0000, 0x0000, 0x0000, 0x0000, 0x0000, 0x0000, 0x0000, 0x0000, 0x0000, 0x0000, 0x0000,
    0x0000, 0x0000, 0x0000, 0x0000, 0x0000, 0x0000, 0x0000, 0x0000, 0x0000, 0x0000, 0x0000, 0x0000,
    0x0000, 0x0000, 0x0000, 0x0000, 0x0000, 0x0000, 0x0000, 0x0000, 0x0000, 0x0000, 0x0000, 0x0000,
    0x0000, 0x0000, 0x0000, 0x0000, 0x0000, 0x0000, 0x0000, 0x0000, 0x0000, 0x0000, 0x0000, 0x0000,
    0x0000, 0x0000, 0x0000, 0x0000, 0x0000, 0x0000, 0x0000, 0x0000, 0x0000, 0x0000, 0x0000, 0x0000,
    0x0000, 0x0000, 0x0000, 0x0000, 0x0000, 0x0000, 0x0000, 0x0000, 0x0000, 0x0000, 0x0000, 0x0000,
    0x0000, 0x0000, 0x0000, 0x0000, 0x0000, 0x0000, 0x0000, 0x0000, 0x0000, 0x0000, 0x0000, 0x0000,
    0x0000, 0x0000, 0x0000, 0x0000, 0x0000, 0x0000, 0x0000, 0x0000, 0x0000, 0x0000, 0x0000, 0x0000,
    0x0000, 0x0000, 0x0000, 0x0000, 0x0000, 0x0000, 0x0000, 0x0000, 0x0000, 0x0000, 0x0000, 0x0000,
    0x0000, 0x0000, 0x0000, 0x0000, 0x0000, 0x0000, 0x0000, 0x0000, 0x0000, 0x0000, 0x0000, 0x0000,
    0x0000, 0x0000, 0x0000, 0x0000, 0x0000, 0x0000, 0x0000, 0x0000, 0x0000, 0x0000, 0x0000, 0x0000,
    0x0000, 0x0000, 0x0000, 0x0000, 0x0000, 0x0000, 0x0000, 0x0000, 0x0000, 0x0000, 0x0000, 0x0000,
    0x0000, 0x0000, 0x0000, 0x0000, 0x0000, 0x0000, 0x0000, 0x0000, 0x0000, 0x0000, 0x0000, 0x0000,
    0x0000, 0x0000, 0x0000, 0x0000, 0x0000, 0x0000, 0x0000, 0x0000, 0x0000, 0x0000, 0x0000, 0x0000,
    0x0000, 0x0000, 0x0000, 0x0000, 0x0000, 0x0000, 0x0000, 0x0000, 0x0000, 0x0000, 0x0000, 0x0000,
    0x0000, 0x0000, 0x0000, 0x0000, 0x0000, 0x0000, 0x0000, 0x0000, 0x0000, 0x0000, 0x0000, 0x0000,
    0x0000, 0x0000, 0x0000, 0x0000, 0x0000, 0x0000, 0x0000, 0x0000, 0x0000, 0x0000, 0x0000, 0x0000,
    0x0000, 0x0000, 0x0000, 0x0000, 0x0000, 0x0000, 0x0000, 0x0000, 0x0000, 0x0000, 0x0000, 0x0000,
    0x0000, 0x0000, 0x0000, 0x0000, 0x0000, 0x0000, 0x0000, 0x0000, 0x0000, 0x0000, 0x0000, 0x0000,
    0x0000, 0x0000, 0x0000, 0x0000, 0x0000, 0x0000, 0x0000, 0x0000, 0x0000, 0x0000, 0x0000, 0x0000,
    0x0000, 0x0000, 0x0000, 0x0000, 0x0000, 0x0000, 0x0000, 0x0000, 0x0000, 0x0000, 0x0000, 0x0000,
    0x0000, 0x0000, 0x0000, 0x0000, 0x0000, 0x0000, 0x0000, 0x0000, 0x0000, 0x0000, 0x0000, 0x0000,
    0x0000, 0x0000, 0x0000, 0x0000, 0x0000, 0x0000, 0x0000, 0x0000, 0x0000, 0x0000, 0x0000, 0x0000,
    0x0000, 0x0000, 0x0000, 0x0000, 0x0000, 0x0000, 0x0000, 0x0000, 0x0000, 0x0000, 0x0000, 0x0000,
    0x0000, 0x0000, 0x0000, 0x0000, 0x0000, 0x0000, 0x0000, 0x0000, 0x0000, 0x0000, 0x0000, 0x0000,
  },
};
